<gpx xmlns:ns3="http://www.garmin.com/xmlschemas/TrackPointExtension/v1" xmlns="http://www.topografix.com/GPX/1/1" xmlns:xsi="http://www.w3.org/2001/XMLSchema-instance" xmlns:ns2="http://www.garmin.com/xmlschemas/GpxExtensions/v3" creator="Garmin Connect" version="1.1" xsi:schemaLocation="http://www.topografix.com/GPX/1/1 http://www.topografix.com/GPX/11.xsd">
  <extensions>
<distance>6123.24</distance>
<average_hr>149.0</average_hr>
<average_speed>2.822000026702881</average_speed>
<start_time>2026-07-29T20:03:21+00:00</start_time>
<end_time>2026-07-29T20:39:30.789000+00:00</end_time>
<moving_time>2164.116</moving_time>
<elapsed_time>2169.789</elapsed_time>
</extensions>
<metadata>
    <link href="connect.garmin.com">
      <text>Garmin Connect</text>
    </link>
    <time>2026-07-29T20:03:21.000Z</time>
  </metadata>
  <trk>
    <name>Metz - Base</name>
    <type>running</type>
    <trkseg>
      <trkpt lat="49.12950544618070125579833984375" lon="6.15721053443849086761474609375">
        <ele>168</ele>
        <time>2026-07-29T20:03:21.000Z</time>
        <extensions>
          <ns3:TrackPointExtension>
            <ns3:atemp>31.0</ns3:atemp>
            <ns3:hr>92</ns3:hr>
            <ns3:cad>57</ns3:cad>
          </ns3:TrackPointExtension>
        </extensions>
      </trkpt>
      <trkpt lat="49.12951047532260417938232421875" lon="6.1572347581386566162109375">
        <ele>168.1999969482421875</ele>
        <time>2026-07-29T20:03:22.000Z</time>
        <extensions>
          <ns3:TrackPointExtension>
            <ns3:atemp>31.0</ns3:atemp>
            <ns3:hr>93</ns3:hr>
            <ns3:cad>56</ns3:cad>
          </ns3:TrackPointExtension>
        </extensions>
      </trkpt>
      <trkpt lat="49.129520952701568603515625" lon="6.157253198325634002685546875">
        <ele>168.1999969482421875</ele>
        <time>2026-07-29T20:03:23.000Z</time>
        <extensions>
          <ns3:TrackPointExtension>
            <ns3:atemp>31.0</ns3:atemp>
            <ns3:hr>92</ns3:hr>
            <ns3:cad>56</ns3:cad>
          </ns3:TrackPointExtension>
        </extensions>
      </trkpt>
      <trkpt lat="49.12953562103211879730224609375" lon="6.1572751589119434356689453125">
        <ele>168.1999969482421875</ele>
        <time>2026-07-29T20:03:24.000Z</time>
        <extensions>
          <ns3:TrackPointExtension>
            <ns3:atemp>31.0</ns3:atemp>
            <ns3:hr>91</ns3:hr>
            <ns3:cad>56</ns3:cad>
          </ns3:TrackPointExtension>
        </extensions>
      </trkpt>
      <trkpt lat="49.12955322302877902984619140625" lon="6.15729569457471370697021484375">
        <ele>168.1999969482421875</ele>
        <time>2026-07-29T20:03:25.000Z</time>
        <extensions>
          <ns3:TrackPointExtension>
            <ns3:atemp>31.0</ns3:atemp>
            <ns3:hr>90</ns3:hr>
            <ns3:cad>56</ns3:cad>
          </ns3:TrackPointExtension>
        </extensions>
      </trkpt>
      <trkpt lat="49.1295719146728515625" lon="6.1573200859129428863525390625">
        <ele>168</ele>
        <time>2026-07-29T20:03:26.000Z</time>
        <extensions>
          <ns3:TrackPointExtension>
            <ns3:atemp>31.0</ns3:atemp>
            <ns3:hr>90</ns3:hr>
            <ns3:cad>0</ns3:cad>
          </ns3:TrackPointExtension>
        </extensions>
      </trkpt>
      <trkpt lat="49.129591695964336395263671875" lon="6.1573398672044277191162109375">
        <ele>168</ele>
        <time>2026-07-29T20:03:27.000Z</time>
        <extensions>
          <ns3:TrackPointExtension>
            <ns3:atemp>32.0</ns3:atemp>
            <ns3:hr>90</ns3:hr>
            <ns3:cad>0</ns3:cad>
          </ns3:TrackPointExtension>
        </extensions>
      </trkpt>
      <trkpt lat="49.12961223162710666656494140625" lon="6.15734682418406009674072265625">
        <ele>168</ele>
        <time>2026-07-29T20:03:28.000Z</time>
        <extensions>
          <ns3:TrackPointExtension>
            <ns3:atemp>31.0</ns3:atemp>
            <ns3:hr>91</ns3:hr>
            <ns3:cad>85</ns3:cad>
          </ns3:TrackPointExtension>
        </extensions>
      </trkpt>
      <trkpt lat="49.12963829934597015380859375" lon="6.1573422141373157501220703125">
        <ele>168</ele>
        <time>2026-07-29T20:03:29.000Z</time>
        <extensions>
          <ns3:TrackPointExtension>
            <ns3:atemp>31.0</ns3:atemp>
            <ns3:hr>92</ns3:hr>
            <ns3:cad>85</ns3:cad>
          </ns3:TrackPointExtension>
        </extensions>
      </trkpt>
      <trkpt lat="49.12965430878102779388427734375" lon="6.15733735263347625732421875">
        <ele>168</ele>
        <time>2026-07-29T20:03:30.000Z</time>
        <extensions>
          <ns3:TrackPointExtension>
            <ns3:atemp>31.0</ns3:atemp>
            <ns3:hr>92</ns3:hr>
            <ns3:cad>85</ns3:cad>
          </ns3:TrackPointExtension>
        </extensions>
      </trkpt>
      <trkpt lat="49.12966989912092685699462890625" lon="6.15729284472763538360595703125">
        <ele>168</ele>
        <time>2026-07-29T20:03:31.000Z</time>
        <extensions>
          <ns3:TrackPointExtension>
            <ns3:atemp>31.0</ns3:atemp>
            <ns3:hr>93</ns3:hr>
            <ns3:cad>85</ns3:cad>
          </ns3:TrackPointExtension>
        </extensions>
      </trkpt>
      <trkpt lat="49.12967911921441555023193359375" lon="6.15726635791361331939697265625">
        <ele>168</ele>
        <time>2026-07-29T20:03:32.000Z</time>
        <extensions>
          <ns3:TrackPointExtension>
            <ns3:atemp>31.0</ns3:atemp>
            <ns3:hr>94</ns3:hr>
            <ns3:cad>85</ns3:cad>
          </ns3:TrackPointExtension>
        </extensions>
      </trkpt>
      <trkpt lat="49.129690937697887420654296875" lon="6.1572402901947498321533203125">
        <ele>168</ele>
        <time>2026-07-29T20:03:33.000Z</time>
        <extensions>
          <ns3:TrackPointExtension>
            <ns3:atemp>31.0</ns3:atemp>
            <ns3:hr>94</ns3:hr>
            <ns3:cad>85</ns3:cad>
          </ns3:TrackPointExtension>
        </extensions>
      </trkpt>
      <trkpt lat="49.1297008283436298370361328125" lon="6.1572138033807277679443359375">
        <ele>168</ele>
        <time>2026-07-29T20:03:34.000Z</time>
        <extensions>
          <ns3:TrackPointExtension>
            <ns3:atemp>31.0</ns3:atemp>
            <ns3:hr>95</ns3:hr>
            <ns3:cad>85</ns3:cad>
          </ns3:TrackPointExtension>
        </extensions>
      </trkpt>
      <trkpt lat="49.12970778532326221466064453125" lon="6.157184801995754241943359375">
        <ele>168</ele>
        <time>2026-07-29T20:03:35.000Z</time>
        <extensions>
          <ns3:TrackPointExtension>
            <ns3:atemp>31.0</ns3:atemp>
            <ns3:hr>96</ns3:hr>
            <ns3:cad>85</ns3:cad>
          </ns3:TrackPointExtension>
        </extensions>
      </trkpt>
      <trkpt lat="49.1297189332544803619384765625" lon="6.15714750252664089202880859375">
        <ele>168</ele>
        <time>2026-07-29T20:03:36.000Z</time>
        <extensions>
          <ns3:TrackPointExtension>
            <ns3:atemp>31.0</ns3:atemp>
            <ns3:hr>97</ns3:hr>
            <ns3:cad>85</ns3:cad>
          </ns3:TrackPointExtension>
        </extensions>
      </trkpt>
      <trkpt lat="49.12972421385347843170166015625" lon="6.1571236141026020050048828125">
        <ele>168</ele>
        <time>2026-07-29T20:03:37.000Z</time>
        <extensions>
          <ns3:TrackPointExtension>
            <ns3:atemp>31.0</ns3:atemp>
            <ns3:hr>98</ns3:hr>
            <ns3:cad>85</ns3:cad>
          </ns3:TrackPointExtension>
        </extensions>
      </trkpt>
      <trkpt lat="49.129735864698886871337890625" lon="6.15708899684250354766845703125">
        <ele>168</ele>
        <time>2026-07-29T20:03:38.000Z</time>
        <extensions>
          <ns3:TrackPointExtension>
            <ns3:atemp>31.0</ns3:atemp>
            <ns3:hr>98</ns3:hr>
            <ns3:cad>85</ns3:cad>
          </ns3:TrackPointExtension>
        </extensions>
      </trkpt>
      <trkpt lat="49.12974826991558074951171875" lon="6.15705681033432483673095703125">
        <ele>168</ele>
        <time>2026-07-29T20:03:39.000Z</time>
        <extensions>
          <ns3:TrackPointExtension>
            <ns3:atemp>31.0</ns3:atemp>
            <ns3:hr>99</ns3:hr>
            <ns3:cad>85</ns3:cad>
          </ns3:TrackPointExtension>
        </extensions>
      </trkpt>
      <trkpt lat="49.12975874729454517364501953125" lon="6.157028563320636749267578125">
        <ele>168</ele>
        <time>2026-07-29T20:03:40.000Z</time>
        <extensions>
          <ns3:TrackPointExtension>
            <ns3:atemp>31.0</ns3:atemp>
            <ns3:hr>100</ns3:hr>
            <ns3:cad>85</ns3:cad>
          </ns3:TrackPointExtension>
        </extensions>
      </trkpt>
      <trkpt lat="49.12977366708219051361083984375" lon="6.156997047364711761474609375">
        <ele>168</ele>
        <time>2026-07-29T20:03:41.000Z</time>
        <extensions>
          <ns3:TrackPointExtension>
            <ns3:atemp>31.0</ns3:atemp>
            <ns3:hr>101</ns3:hr>
            <ns3:cad>85</ns3:cad>
          </ns3:TrackPointExtension>
        </extensions>
      </trkpt>
      <trkpt lat="49.12978154607117176055908203125" lon="6.15696913562715053558349609375">
        <ele>167.8000030517578125</ele>
        <time>2026-07-29T20:03:42.000Z</time>
        <extensions>
          <ns3:TrackPointExtension>
            <ns3:atemp>31.0</ns3:atemp>
            <ns3:hr>102</ns3:hr>
            <ns3:cad>85</ns3:cad>
          </ns3:TrackPointExtension>
        </extensions>
      </trkpt>
      <trkpt lat="49.12979847751557826995849609375" lon="6.15693275816738605499267578125">
        <ele>167.8000030517578125</ele>
        <time>2026-07-29T20:03:43.000Z</time>
        <extensions>
          <ns3:TrackPointExtension>
            <ns3:atemp>31.0</ns3:atemp>
            <ns3:hr>104</ns3:hr>
            <ns3:cad>84</ns3:cad>
          </ns3:TrackPointExtension>
        </extensions>
      </trkpt>
      <trkpt lat="49.12981071509420871734619140625" lon="6.15690191276371479034423828125">
        <ele>167.8000030517578125</ele>
        <time>2026-07-29T20:03:44.000Z</time>
        <extensions>
          <ns3:TrackPointExtension>
            <ns3:atemp>31.0</ns3:atemp>
            <ns3:hr>106</ns3:hr>
            <ns3:cad>84</ns3:cad>
          </ns3:TrackPointExtension>
        </extensions>
      </trkpt>
      <trkpt lat="49.12982479669153690338134765625" lon="6.15687106736004352569580078125">
        <ele>167.8000030517578125</ele>
        <time>2026-07-29T20:03:45.000Z</time>
        <extensions>
          <ns3:TrackPointExtension>
            <ns3:atemp>31.0</ns3:atemp>
            <ns3:hr>108</ns3:hr>
            <ns3:cad>84</ns3:cad>
          </ns3:TrackPointExtension>
        </extensions>
      </trkpt>
      <trkpt lat="49.12984156049787998199462890625" lon="6.15684022195637226104736328125">
        <ele>167.8000030517578125</ele>
        <time>2026-07-29T20:03:46.000Z</time>
        <extensions>
          <ns3:TrackPointExtension>
            <ns3:atemp>31.0</ns3:atemp>
            <ns3:hr>111</ns3:hr>
            <ns3:cad>84</ns3:cad>
          </ns3:TrackPointExtension>
        </extensions>
      </trkpt>
      <trkpt lat="49.12985379807651042938232421875" lon="6.15681021474301815032958984375">
        <ele>167.8000030517578125</ele>
        <time>2026-07-29T20:03:47.000Z</time>
        <extensions>
          <ns3:TrackPointExtension>
            <ns3:atemp>31.0</ns3:atemp>
            <ns3:hr>115</ns3:hr>
            <ns3:cad>84</ns3:cad>
          </ns3:TrackPointExtension>
        </extensions>
      </trkpt>
      <trkpt lat="49.12987307645380496978759765625" lon="6.15677769295871257781982421875">
        <ele>167.8000030517578125</ele>
        <time>2026-07-29T20:03:48.000Z</time>
        <extensions>
          <ns3:TrackPointExtension>
            <ns3:atemp>31.0</ns3:atemp>
            <ns3:hr>117</ns3:hr>
            <ns3:cad>84</ns3:cad>
          </ns3:TrackPointExtension>
        </extensions>
      </trkpt>
      <trkpt lat="49.1298852302134037017822265625" lon="6.1567558161914348602294921875">
        <ele>167.8000030517578125</ele>
        <time>2026-07-29T20:03:49.000Z</time>
        <extensions>
          <ns3:TrackPointExtension>
            <ns3:atemp>31.0</ns3:atemp>
            <ns3:hr>118</ns3:hr>
            <ns3:cad>84</ns3:cad>
          </ns3:TrackPointExtension>
        </extensions>
      </trkpt>
      <trkpt lat="49.12990442477166652679443359375" lon="6.1567266471683979034423828125">
        <ele>167.8000030517578125</ele>
        <time>2026-07-29T20:03:50.000Z</time>
        <extensions>
          <ns3:TrackPointExtension>
            <ns3:atemp>31.0</ns3:atemp>
            <ns3:hr>119</ns3:hr>
            <ns3:cad>85</ns3:cad>
          </ns3:TrackPointExtension>
        </extensions>
      </trkpt>
      <trkpt lat="49.129920937120914459228515625" lon="6.15670309402048587799072265625">
        <ele>167.8000030517578125</ele>
        <time>2026-07-29T20:03:51.000Z</time>
        <extensions>
          <ns3:TrackPointExtension>
            <ns3:atemp>31.0</ns3:atemp>
            <ns3:hr>120</ns3:hr>
            <ns3:cad>85</ns3:cad>
          </ns3:TrackPointExtension>
        </extensions>
      </trkpt>
      <trkpt lat="49.1299345158040523529052734375" lon="6.1566760204732418060302734375">
        <ele>167.8000030517578125</ele>
        <time>2026-07-29T20:03:52.000Z</time>
        <extensions>
          <ns3:TrackPointExtension>
            <ns3:atemp>31.0</ns3:atemp>
            <ns3:hr>120</ns3:hr>
            <ns3:cad>85</ns3:cad>
          </ns3:TrackPointExtension>
        </extensions>
      </trkpt>
      <trkpt lat="49.129957146942615509033203125" lon="6.15664727054536342620849609375">
        <ele>167.8000030517578125</ele>
        <time>2026-07-29T20:03:53.000Z</time>
        <extensions>
          <ns3:TrackPointExtension>
            <ns3:atemp>31.0</ns3:atemp>
            <ns3:hr>121</ns3:hr>
            <ns3:cad>85</ns3:cad>
          </ns3:TrackPointExtension>
        </extensions>
      </trkpt>
      <trkpt lat="49.1299713961780071258544921875" lon="6.15662598051130771636962890625">
        <ele>168</ele>
        <time>2026-07-29T20:03:54.000Z</time>
        <extensions>
          <ns3:TrackPointExtension>
            <ns3:atemp>31.0</ns3:atemp>
            <ns3:hr>122</ns3:hr>
            <ns3:cad>84</ns3:cad>
          </ns3:TrackPointExtension>
        </extensions>
      </trkpt>
      <trkpt lat="49.12999277003109455108642578125" lon="6.156604774296283721923828125">
        <ele>168</ele>
        <time>2026-07-29T20:03:55.000Z</time>
        <extensions>
          <ns3:TrackPointExtension>
            <ns3:atemp>31.0</ns3:atemp>
            <ns3:hr>122</ns3:hr>
            <ns3:cad>84</ns3:cad>
          </ns3:TrackPointExtension>
        </extensions>
      </trkpt>
      <trkpt lat="49.130012132227420806884765625" lon="6.15658231079578399658203125">
        <ele>168</ele>
        <time>2026-07-29T20:03:56.000Z</time>
        <extensions>
          <ns3:TrackPointExtension>
            <ns3:atemp>31.0</ns3:atemp>
            <ns3:hr>123</ns3:hr>
            <ns3:cad>84</ns3:cad>
          </ns3:TrackPointExtension>
        </extensions>
      </trkpt>
      <trkpt lat="49.13002830930054187774658203125" lon="6.15656244568526744842529296875">
        <ele>168</ele>
        <time>2026-07-29T20:03:57.000Z</time>
        <extensions>
          <ns3:TrackPointExtension>
            <ns3:atemp>31.0</ns3:atemp>
            <ns3:hr>124</ns3:hr>
            <ns3:cad>84</ns3:cad>
          </ns3:TrackPointExtension>
        </extensions>
      </trkpt>
      <trkpt lat="49.13005135953426361083984375" lon="6.15653696469962596893310546875">
        <ele>168</ele>
        <time>2026-07-29T20:03:58.000Z</time>
        <extensions>
          <ns3:TrackPointExtension>
            <ns3:atemp>31.0</ns3:atemp>
            <ns3:hr>124</ns3:hr>
            <ns3:cad>84</ns3:cad>
          </ns3:TrackPointExtension>
        </extensions>
      </trkpt>
      <trkpt lat="49.130066446959972381591796875" lon="6.156514249742031097412109375">
        <ele>168</ele>
        <time>2026-07-29T20:03:59.000Z</time>
        <extensions>
          <ns3:TrackPointExtension>
            <ns3:atemp>31.0</ns3:atemp>
            <ns3:hr>125</ns3:hr>
            <ns3:cad>84</ns3:cad>
          </ns3:TrackPointExtension>
        </extensions>
      </trkpt>
      <trkpt lat="49.13008731789886951446533203125" lon="6.15648918785154819488525390625">
        <ele>168</ele>
        <time>2026-07-29T20:04:00.000Z</time>
        <extensions>
          <ns3:TrackPointExtension>
            <ns3:atemp>31.0</ns3:atemp>
            <ns3:hr>126</ns3:hr>
            <ns3:cad>84</ns3:cad>
          </ns3:TrackPointExtension>
        </extensions>
      </trkpt>
      <trkpt lat="49.1301031596958637237548828125" lon="6.1564647965133190155029296875">
        <ele>167.8000030517578125</ele>
        <time>2026-07-29T20:04:01.000Z</time>
        <extensions>
          <ns3:TrackPointExtension>
            <ns3:atemp>31.0</ns3:atemp>
            <ns3:hr>126</ns3:hr>
            <ns3:cad>84</ns3:cad>
          </ns3:TrackPointExtension>
        </extensions>
      </trkpt>
      <trkpt lat="49.130114056169986724853515625" lon="6.15643923170864582061767578125">
        <ele>167.8000030517578125</ele>
        <time>2026-07-29T20:04:02.000Z</time>
        <extensions>
          <ns3:TrackPointExtension>
            <ns3:atemp>31.0</ns3:atemp>
            <ns3:hr>126</ns3:hr>
            <ns3:cad>84</ns3:cad>
          </ns3:TrackPointExtension>
        </extensions>
      </trkpt>
      <trkpt lat="49.13013040088117122650146484375" lon="6.156406961381435394287109375">
        <ele>167.8000030517578125</ele>
        <time>2026-07-29T20:04:03.000Z</time>
        <extensions>
          <ns3:TrackPointExtension>
            <ns3:atemp>31.0</ns3:atemp>
            <ns3:hr>127</ns3:hr>
            <ns3:cad>84</ns3:cad>
          </ns3:TrackPointExtension>
        </extensions>
      </trkpt>
      <trkpt lat="49.1301323287189006805419921875" lon="6.15638441406190395355224609375">
        <ele>167.8000030517578125</ele>
        <time>2026-07-29T20:04:04.000Z</time>
        <extensions>
          <ns3:TrackPointExtension>
            <ns3:atemp>31.0</ns3:atemp>
            <ns3:hr>127</ns3:hr>
            <ns3:cad>84</ns3:cad>
          </ns3:TrackPointExtension>
        </extensions>
      </trkpt>
      <trkpt lat="49.13014163263142108917236328125" lon="6.156342588365077972412109375">
        <ele>167.8000030517578125</ele>
        <time>2026-07-29T20:04:05.000Z</time>
        <extensions>
          <ns3:TrackPointExtension>
            <ns3:atemp>31.0</ns3:atemp>
            <ns3:hr>127</ns3:hr>
            <ns3:cad>84</ns3:cad>
          </ns3:TrackPointExtension>
        </extensions>
      </trkpt>
      <trkpt lat="49.13014582358300685882568359375" lon="6.1563098989427089691162109375">
        <ele>167.8000030517578125</ele>
        <time>2026-07-29T20:04:06.000Z</time>
        <extensions>
          <ns3:TrackPointExtension>
            <ns3:atemp>31.0</ns3:atemp>
            <ns3:hr>128</ns3:hr>
            <ns3:cad>84</ns3:cad>
          </ns3:TrackPointExtension>
        </extensions>
      </trkpt>
      <trkpt lat="49.130141548812389373779296875" lon="6.15627679042518138885498046875">
        <ele>167.8000030517578125</ele>
        <time>2026-07-29T20:04:07.000Z</time>
        <extensions>
          <ns3:TrackPointExtension>
            <ns3:atemp>31.0</ns3:atemp>
            <ns3:hr>127</ns3:hr>
            <ns3:cad>84</ns3:cad>
          </ns3:TrackPointExtension>
        </extensions>
      </trkpt>
      <trkpt lat="49.13013316690921783447265625" lon="6.1562364734709262847900390625">
        <ele>167.8000030517578125</ele>
        <time>2026-07-29T20:04:08.000Z</time>
        <extensions>
          <ns3:TrackPointExtension>
            <ns3:atemp>31.0</ns3:atemp>
            <ns3:hr>127</ns3:hr>
            <ns3:cad>84</ns3:cad>
          </ns3:TrackPointExtension>
        </extensions>
      </trkpt>
      <trkpt lat="49.13012377917766571044921875" lon="6.1562170274555683135986328125">
        <ele>167.8000030517578125</ele>
        <time>2026-07-29T20:04:09.000Z</time>
        <extensions>
          <ns3:TrackPointExtension>
            <ns3:atemp>31.0</ns3:atemp>
            <ns3:hr>127</ns3:hr>
            <ns3:cad>84</ns3:cad>
          </ns3:TrackPointExtension>
        </extensions>
      </trkpt>
      <trkpt lat="49.1301068477332592010498046875" lon="6.1561771295964717864990234375">
        <ele>167.8000030517578125</ele>
        <time>2026-07-29T20:04:10.000Z</time>
        <extensions>
          <ns3:TrackPointExtension>
            <ns3:atemp>31.0</ns3:atemp>
            <ns3:hr>127</ns3:hr>
            <ns3:cad>84</ns3:cad>
          </ns3:TrackPointExtension>
        </extensions>
      </trkpt>
      <trkpt lat="49.1300909221172332763671875" lon="6.156152151525020599365234375">
        <ele>167.8000030517578125</ele>
        <time>2026-07-29T20:04:11.000Z</time>
        <extensions>
          <ns3:TrackPointExtension>
            <ns3:atemp>31.0</ns3:atemp>
            <ns3:hr>127</ns3:hr>
            <ns3:cad>84</ns3:cad>
          </ns3:TrackPointExtension>
        </extensions>
      </trkpt>
      <trkpt lat="49.13007080554962158203125" lon="6.1561218090355396270751953125">
        <ele>167.8000030517578125</ele>
        <time>2026-07-29T20:04:12.000Z</time>
        <extensions>
          <ns3:TrackPointExtension>
            <ns3:atemp>31.0</ns3:atemp>
            <ns3:hr>127</ns3:hr>
            <ns3:cad>85</ns3:cad>
          </ns3:TrackPointExtension>
        </extensions>
      </trkpt>
      <trkpt lat="49.13005379028618335723876953125" lon="6.1560943163931369781494140625">
        <ele>167.8000030517578125</ele>
        <time>2026-07-29T20:04:13.000Z</time>
        <extensions>
          <ns3:TrackPointExtension>
            <ns3:atemp>31.0</ns3:atemp>
            <ns3:hr>127</ns3:hr>
            <ns3:cad>85</ns3:cad>
          </ns3:TrackPointExtension>
        </extensions>
      </trkpt>
      <trkpt lat="49.13003660738468170166015625" lon="6.1560745351016521453857421875">
        <ele>167.8000030517578125</ele>
        <time>2026-07-29T20:04:14.000Z</time>
        <extensions>
          <ns3:TrackPointExtension>
            <ns3:atemp>31.0</ns3:atemp>
            <ns3:hr>127</ns3:hr>
            <ns3:cad>85</ns3:cad>
          </ns3:TrackPointExtension>
        </extensions>
      </trkpt>
      <trkpt lat="49.1300179995596408843994140625" lon="6.1560433544218540191650390625">
        <ele>167.8000030517578125</ele>
        <time>2026-07-29T20:04:15.000Z</time>
        <extensions>
          <ns3:TrackPointExtension>
            <ns3:atemp>31.0</ns3:atemp>
            <ns3:hr>127</ns3:hr>
            <ns3:cad>85</ns3:cad>
          </ns3:TrackPointExtension>
        </extensions>
      </trkpt>
      <trkpt lat="49.129998385906219482421875" lon="6.15602902136743068695068359375">
        <ele>167.600006103515625</ele>
        <time>2026-07-29T20:04:16.000Z</time>
        <extensions>
          <ns3:TrackPointExtension>
            <ns3:atemp>31.0</ns3:atemp>
            <ns3:hr>127</ns3:hr>
            <ns3:cad>85</ns3:cad>
          </ns3:TrackPointExtension>
        </extensions>
      </trkpt>
      <trkpt lat="49.1299740783870220184326171875" lon="6.15600085817277431488037109375">
        <ele>167.600006103515625</ele>
        <time>2026-07-29T20:04:17.000Z</time>
        <extensions>
          <ns3:TrackPointExtension>
            <ns3:atemp>31.0</ns3:atemp>
            <ns3:hr>128</ns3:hr>
            <ns3:cad>85</ns3:cad>
          </ns3:TrackPointExtension>
        </extensions>
      </trkpt>
      <trkpt lat="49.12995706312358379364013671875" lon="6.15597671829164028167724609375">
        <ele>167.8000030517578125</ele>
        <time>2026-07-29T20:04:18.000Z</time>
        <extensions>
          <ns3:TrackPointExtension>
            <ns3:atemp>31.0</ns3:atemp>
            <ns3:hr>128</ns3:hr>
            <ns3:cad>85</ns3:cad>
          </ns3:TrackPointExtension>
        </extensions>
      </trkpt>
      <trkpt lat="49.12993862293660640716552734375" lon="6.15595601499080657958984375">
        <ele>167.600006103515625</ele>
        <time>2026-07-29T20:04:19.000Z</time>
        <extensions>
          <ns3:TrackPointExtension>
            <ns3:atemp>31.0</ns3:atemp>
            <ns3:hr>128</ns3:hr>
            <ns3:cad>84</ns3:cad>
          </ns3:TrackPointExtension>
        </extensions>
      </trkpt>
      <trkpt lat="49.12991967983543872833251953125" lon="6.15592860616743564605712890625">
        <ele>167.600006103515625</ele>
        <time>2026-07-29T20:04:20.000Z</time>
        <extensions>
          <ns3:TrackPointExtension>
            <ns3:atemp>31.0</ns3:atemp>
            <ns3:hr>128</ns3:hr>
            <ns3:cad>84</ns3:cad>
          </ns3:TrackPointExtension>
        </extensions>
      </trkpt>
      <trkpt lat="49.12990392185747623443603515625" lon="6.15591687150299549102783203125">
        <ele>167.600006103515625</ele>
        <time>2026-07-29T20:04:21.000Z</time>
        <extensions>
          <ns3:TrackPointExtension>
            <ns3:atemp>31.0</ns3:atemp>
            <ns3:hr>129</ns3:hr>
            <ns3:cad>84</ns3:cad>
          </ns3:TrackPointExtension>
        </extensions>
      </trkpt>
      <trkpt lat="49.129882045090198516845703125" lon="6.155885942280292510986328125">
        <ele>167.600006103515625</ele>
        <time>2026-07-29T20:04:22.000Z</time>
        <extensions>
          <ns3:TrackPointExtension>
            <ns3:atemp>31.0</ns3:atemp>
            <ns3:hr>129</ns3:hr>
            <ns3:cad>84</ns3:cad>
          </ns3:TrackPointExtension>
        </extensions>
      </trkpt>
      <trkpt lat="49.12986603565514087677001953125" lon="6.1558628082275390625">
        <ele>167.600006103515625</ele>
        <time>2026-07-29T20:04:23.000Z</time>
        <extensions>
          <ns3:TrackPointExtension>
            <ns3:atemp>31.0</ns3:atemp>
            <ns3:hr>130</ns3:hr>
            <ns3:cad>85</ns3:cad>
          </ns3:TrackPointExtension>
        </extensions>
      </trkpt>
      <trkpt lat="49.12985027767717838287353515625" lon="6.15582852624356746673583984375">
        <ele>167.600006103515625</ele>
        <time>2026-07-29T20:04:24.000Z</time>
        <extensions>
          <ns3:TrackPointExtension>
            <ns3:atemp>31.0</ns3:atemp>
            <ns3:hr>130</ns3:hr>
            <ns3:cad>85</ns3:cad>
          </ns3:TrackPointExtension>
        </extensions>
      </trkpt>
      <trkpt lat="49.1298382915556430816650390625" lon="6.15579885430634021759033203125">
        <ele>167.600006103515625</ele>
        <time>2026-07-29T20:04:25.000Z</time>
        <extensions>
          <ns3:TrackPointExtension>
            <ns3:atemp>31.0</ns3:atemp>
            <ns3:hr>130</ns3:hr>
            <ns3:cad>85</ns3:cad>
          </ns3:TrackPointExtension>
        </extensions>
      </trkpt>
      <trkpt lat="49.1298232041299343109130859375" lon="6.15577739663422107696533203125">
        <ele>167.600006103515625</ele>
        <time>2026-07-29T20:04:26.000Z</time>
        <extensions>
          <ns3:TrackPointExtension>
            <ns3:atemp>31.0</ns3:atemp>
            <ns3:hr>130</ns3:hr>
            <ns3:cad>85</ns3:cad>
          </ns3:TrackPointExtension>
        </extensions>
      </trkpt>
      <trkpt lat="49.1298091225326061248779296875" lon="6.15573473274707794189453125">
        <ele>167.600006103515625</ele>
        <time>2026-07-29T20:04:27.000Z</time>
        <extensions>
          <ns3:TrackPointExtension>
            <ns3:atemp>31.0</ns3:atemp>
            <ns3:hr>130</ns3:hr>
            <ns3:cad>85</ns3:cad>
          </ns3:TrackPointExtension>
        </extensions>
      </trkpt>
      <trkpt lat="49.129796884953975677490234375" lon="6.15570765919983386993408203125">
        <ele>167.600006103515625</ele>
        <time>2026-07-29T20:04:28.000Z</time>
        <extensions>
          <ns3:TrackPointExtension>
            <ns3:atemp>31.0</ns3:atemp>
            <ns3:hr>130</ns3:hr>
            <ns3:cad>85</ns3:cad>
          </ns3:TrackPointExtension>
        </extensions>
      </trkpt>
      <trkpt lat="49.1297809593379497528076171875" lon="6.15567061118781566619873046875">
        <ele>167.600006103515625</ele>
        <time>2026-07-29T20:04:29.000Z</time>
        <extensions>
          <ns3:TrackPointExtension>
            <ns3:atemp>31.0</ns3:atemp>
            <ns3:hr>130</ns3:hr>
            <ns3:cad>85</ns3:cad>
          </ns3:TrackPointExtension>
        </extensions>
      </trkpt>
      <trkpt lat="49.12976494990289211273193359375" lon="6.15563808940351009368896484375">
        <ele>167.8000030517578125</ele>
        <time>2026-07-29T20:04:30.000Z</time>
        <extensions>
          <ns3:TrackPointExtension>
            <ns3:atemp>31.0</ns3:atemp>
            <ns3:hr>131</ns3:hr>
            <ns3:cad>85</ns3:cad>
          </ns3:TrackPointExtension>
        </extensions>
      </trkpt>
      <trkpt lat="49.12974852137267589569091796875" lon="6.15560464560985565185546875">
        <ele>167.600006103515625</ele>
        <time>2026-07-29T20:04:31.000Z</time>
        <extensions>
          <ns3:TrackPointExtension>
            <ns3:atemp>31.0</ns3:atemp>
            <ns3:hr>131</ns3:hr>
            <ns3:cad>85</ns3:cad>
          </ns3:TrackPointExtension>
        </extensions>
      </trkpt>
      <trkpt lat="49.12973578087985515594482421875" lon="6.15556701086461544036865234375">
        <ele>167.600006103515625</ele>
        <time>2026-07-29T20:04:32.000Z</time>
        <extensions>
          <ns3:TrackPointExtension>
            <ns3:atemp>31.0</ns3:atemp>
            <ns3:hr>131</ns3:hr>
            <ns3:cad>85</ns3:cad>
          </ns3:TrackPointExtension>
        </extensions>
      </trkpt>
      <trkpt lat="49.12972270511090755462646484375" lon="6.15553951822221279144287109375">
        <ele>167.600006103515625</ele>
        <time>2026-07-29T20:04:33.000Z</time>
        <extensions>
          <ns3:TrackPointExtension>
            <ns3:atemp>31.0</ns3:atemp>
            <ns3:hr>132</ns3:hr>
            <ns3:cad>85</ns3:cad>
          </ns3:TrackPointExtension>
        </extensions>
      </trkpt>
      <trkpt lat="49.1297092102468013763427734375" lon="6.15549492649734020233154296875">
        <ele>167.600006103515625</ele>
        <time>2026-07-29T20:04:34.000Z</time>
        <extensions>
          <ns3:TrackPointExtension>
            <ns3:atemp>31.0</ns3:atemp>
            <ns3:hr>132</ns3:hr>
            <ns3:cad>85</ns3:cad>
          </ns3:TrackPointExtension>
        </extensions>
      </trkpt>
      <trkpt lat="49.12969655357301235198974609375" lon="6.15547229535877704620361328125">
        <ele>167.600006103515625</ele>
        <time>2026-07-29T20:04:35.000Z</time>
        <extensions>
          <ns3:TrackPointExtension>
            <ns3:atemp>31.0</ns3:atemp>
            <ns3:hr>132</ns3:hr>
            <ns3:cad>86</ns3:cad>
          </ns3:TrackPointExtension>
        </extensions>
      </trkpt>
      <trkpt lat="49.12967853248119354248046875" lon="6.15543432533740997314453125">
        <ele>167.8000030517578125</ele>
        <time>2026-07-29T20:04:36.000Z</time>
        <extensions>
          <ns3:TrackPointExtension>
            <ns3:atemp>31.0</ns3:atemp>
            <ns3:hr>132</ns3:hr>
            <ns3:cad>86</ns3:cad>
          </ns3:TrackPointExtension>
        </extensions>
      </trkpt>
      <trkpt lat="49.12967040203511714935302734375" lon="6.1554013006389141082763671875">
        <ele>168</ele>
        <time>2026-07-29T20:04:37.000Z</time>
        <extensions>
          <ns3:TrackPointExtension>
            <ns3:atemp>31.0</ns3:atemp>
            <ns3:hr>133</ns3:hr>
            <ns3:cad>86</ns3:cad>
          </ns3:TrackPointExtension>
        </extensions>
      </trkpt>
      <trkpt lat="49.129663445055484771728515625" lon="6.155371628701686859130859375">
        <ele>168.1999969482421875</ele>
        <time>2026-07-29T20:04:38.000Z</time>
        <extensions>
          <ns3:TrackPointExtension>
            <ns3:atemp>31.0</ns3:atemp>
            <ns3:hr>133</ns3:hr>
            <ns3:cad>86</ns3:cad>
          </ns3:TrackPointExtension>
        </extensions>
      </trkpt>
      <trkpt lat="49.129668138921260833740234375" lon="6.15532393567264080047607421875">
        <ele>168.1999969482421875</ele>
        <time>2026-07-29T20:04:39.000Z</time>
        <extensions>
          <ns3:TrackPointExtension>
            <ns3:atemp>31.0</ns3:atemp>
            <ns3:hr>133</ns3:hr>
            <ns3:cad>84</ns3:cad>
          </ns3:TrackPointExtension>
        </extensions>
      </trkpt>
      <trkpt lat="49.129672832787036895751953125" lon="6.15529627539217472076416015625">
        <ele>168.1999969482421875</ele>
        <time>2026-07-29T20:04:40.000Z</time>
        <extensions>
          <ns3:TrackPointExtension>
            <ns3:atemp>31.0</ns3:atemp>
            <ns3:hr>133</ns3:hr>
            <ns3:cad>84</ns3:cad>
          </ns3:TrackPointExtension>
        </extensions>
      </trkpt>
      <trkpt lat="49.129681549966335296630859375" lon="6.15525889210402965545654296875">
        <ele>168.1999969482421875</ele>
        <time>2026-07-29T20:04:41.000Z</time>
        <extensions>
          <ns3:TrackPointExtension>
            <ns3:atemp>31.0</ns3:atemp>
            <ns3:hr>134</ns3:hr>
            <ns3:cad>83</ns3:cad>
          </ns3:TrackPointExtension>
        </extensions>
      </trkpt>
      <trkpt lat="49.1296914406120777130126953125" lon="6.15522871725261211395263671875">
        <ele>168.1999969482421875</ele>
        <time>2026-07-29T20:04:42.000Z</time>
        <extensions>
          <ns3:TrackPointExtension>
            <ns3:atemp>31.0</ns3:atemp>
            <ns3:hr>134</ns3:hr>
            <ns3:cad>83</ns3:cad>
          </ns3:TrackPointExtension>
        </extensions>
      </trkpt>
      <trkpt lat="49.1297018341720104217529296875" lon="6.15519451908767223358154296875">
        <ele>168.1999969482421875</ele>
        <time>2026-07-29T20:04:43.000Z</time>
        <extensions>
          <ns3:TrackPointExtension>
            <ns3:atemp>31.0</ns3:atemp>
            <ns3:hr>134</ns3:hr>
            <ns3:cad>83</ns3:cad>
          </ns3:TrackPointExtension>
        </extensions>
      </trkpt>
      <trkpt lat="49.129714407026767730712890625" lon="6.15515747107565402984619140625">
        <ele>168</ele>
        <time>2026-07-29T20:04:44.000Z</time>
        <extensions>
          <ns3:TrackPointExtension>
            <ns3:atemp>31.0</ns3:atemp>
            <ns3:hr>135</ns3:hr>
            <ns3:cad>83</ns3:cad>
          </ns3:TrackPointExtension>
        </extensions>
      </trkpt>
      <trkpt lat="49.12972471676766872406005859375" lon="6.15512511692941188812255859375">
        <ele>168.1999969482421875</ele>
        <time>2026-07-29T20:04:45.000Z</time>
        <extensions>
          <ns3:TrackPointExtension>
            <ns3:atemp>31.0</ns3:atemp>
            <ns3:hr>135</ns3:hr>
            <ns3:cad>84</ns3:cad>
          </ns3:TrackPointExtension>
        </extensions>
      </trkpt>
      <trkpt lat="49.129738546907901763916015625" lon="6.15508697926998138427734375">
        <ele>168.1999969482421875</ele>
        <time>2026-07-29T20:04:46.000Z</time>
        <extensions>
          <ns3:TrackPointExtension>
            <ns3:atemp>31.0</ns3:atemp>
            <ns3:hr>135</ns3:hr>
            <ns3:cad>85</ns3:cad>
          </ns3:TrackPointExtension>
        </extensions>
      </trkpt>
      <trkpt lat="49.129746258258819580078125" lon="6.15505437366664409637451171875">
        <ele>168.1999969482421875</ele>
        <time>2026-07-29T20:04:47.000Z</time>
        <extensions>
          <ns3:TrackPointExtension>
            <ns3:atemp>31.0</ns3:atemp>
            <ns3:hr>136</ns3:hr>
            <ns3:cad>85</ns3:cad>
          </ns3:TrackPointExtension>
        </extensions>
      </trkpt>
      <trkpt lat="49.1297551430761814117431640625" lon="6.1550192534923553466796875">
        <ele>168.1999969482421875</ele>
        <time>2026-07-29T20:04:48.000Z</time>
        <extensions>
          <ns3:TrackPointExtension>
            <ns3:atemp>31.0</ns3:atemp>
            <ns3:hr>136</ns3:hr>
            <ns3:cad>85</ns3:cad>
          </ns3:TrackPointExtension>
        </extensions>
      </trkpt>
      <trkpt lat="49.12976578809320926666259765625" lon="6.15498681552708148956298828125">
        <ele>168.1999969482421875</ele>
        <time>2026-07-29T20:04:49.000Z</time>
        <extensions>
          <ns3:TrackPointExtension>
            <ns3:atemp>31.0</ns3:atemp>
            <ns3:hr>136</ns3:hr>
            <ns3:cad>85</ns3:cad>
          </ns3:TrackPointExtension>
        </extensions>
      </trkpt>
      <trkpt lat="49.129768051207065582275390625" lon="6.154954545199871063232421875">
        <ele>168.1999969482421875</ele>
        <time>2026-07-29T20:04:50.000Z</time>
        <extensions>
          <ns3:TrackPointExtension>
            <ns3:atemp>31.0</ns3:atemp>
            <ns3:hr>137</ns3:hr>
            <ns3:cad>85</ns3:cad>
          </ns3:TrackPointExtension>
        </extensions>
      </trkpt>
      <trkpt lat="49.1297802887856960296630859375" lon="6.15491590462625026702880859375">
        <ele>168.1999969482421875</ele>
        <time>2026-07-29T20:04:51.000Z</time>
        <extensions>
          <ns3:TrackPointExtension>
            <ns3:atemp>31.0</ns3:atemp>
            <ns3:hr>137</ns3:hr>
            <ns3:cad>85</ns3:cad>
          </ns3:TrackPointExtension>
        </extensions>
      </trkpt>
      <trkpt lat="49.12978204898536205291748046875" lon="6.15488422103226184844970703125">
        <ele>168.1999969482421875</ele>
        <time>2026-07-29T20:04:52.000Z</time>
        <extensions>
          <ns3:TrackPointExtension>
            <ns3:atemp>31.0</ns3:atemp>
            <ns3:hr>137</ns3:hr>
            <ns3:cad>85</ns3:cad>
          </ns3:TrackPointExtension>
        </extensions>
      </trkpt>
      <trkpt lat="49.12978850305080413818359375" lon="6.154841221868991851806640625">
        <ele>168.1999969482421875</ele>
        <time>2026-07-29T20:04:53.000Z</time>
        <extensions>
          <ns3:TrackPointExtension>
            <ns3:atemp>31.0</ns3:atemp>
            <ns3:hr>137</ns3:hr>
            <ns3:cad>84</ns3:cad>
          </ns3:TrackPointExtension>
        </extensions>
      </trkpt>
      <trkpt lat="49.1297936998307704925537109375" lon="6.15480601787567138671875">
        <ele>168.1999969482421875</ele>
        <time>2026-07-29T20:04:54.000Z</time>
        <extensions>
          <ns3:TrackPointExtension>
            <ns3:atemp>31.0</ns3:atemp>
            <ns3:hr>137</ns3:hr>
            <ns3:cad>84</ns3:cad>
          </ns3:TrackPointExtension>
        </extensions>
      </trkpt>
      <trkpt lat="49.129796214401721954345703125" lon="6.15477240644395351409912109375">
        <ele>168.1999969482421875</ele>
        <time>2026-07-29T20:04:55.000Z</time>
        <extensions>
          <ns3:TrackPointExtension>
            <ns3:atemp>31.0</ns3:atemp>
            <ns3:hr>138</ns3:hr>
            <ns3:cad>85</ns3:cad>
          </ns3:TrackPointExtension>
        </extensions>
      </trkpt>
      <trkpt lat="49.12980384193360805511474609375" lon="6.1547337658703327178955078125">
        <ele>168.1999969482421875</ele>
        <time>2026-07-29T20:04:56.000Z</time>
        <extensions>
          <ns3:TrackPointExtension>
            <ns3:atemp>31.0</ns3:atemp>
            <ns3:hr>138</ns3:hr>
            <ns3:cad>85</ns3:cad>
          </ns3:TrackPointExtension>
        </extensions>
      </trkpt>
      <trkpt lat="49.12980325520038604736328125" lon="6.1547027528285980224609375">
        <ele>168.1999969482421875</ele>
        <time>2026-07-29T20:04:57.000Z</time>
        <extensions>
          <ns3:TrackPointExtension>
            <ns3:atemp>31.0</ns3:atemp>
            <ns3:hr>137</ns3:hr>
            <ns3:cad>85</ns3:cad>
          </ns3:TrackPointExtension>
        </extensions>
      </trkpt>
      <trkpt lat="49.12980887107551097869873046875" lon="6.154661513864994049072265625">
        <ele>168.1999969482421875</ele>
        <time>2026-07-29T20:04:58.000Z</time>
        <extensions>
          <ns3:TrackPointExtension>
            <ns3:atemp>31.0</ns3:atemp>
            <ns3:hr>137</ns3:hr>
            <ns3:cad>85</ns3:cad>
          </ns3:TrackPointExtension>
        </extensions>
      </trkpt>
      <trkpt lat="49.1298131458461284637451171875" lon="6.15463041700422763824462890625">
        <ele>168.1999969482421875</ele>
        <time>2026-07-29T20:04:59.000Z</time>
        <extensions>
          <ns3:TrackPointExtension>
            <ns3:atemp>31.0</ns3:atemp>
            <ns3:hr>137</ns3:hr>
            <ns3:cad>85</ns3:cad>
          </ns3:TrackPointExtension>
        </extensions>
      </trkpt>
      <trkpt lat="49.12981607951223850250244140625" lon="6.15459286607801914215087890625">
        <ele>168.1999969482421875</ele>
        <time>2026-07-29T20:05:00.000Z</time>
        <extensions>
          <ns3:TrackPointExtension>
            <ns3:atemp>31.0</ns3:atemp>
            <ns3:hr>137</ns3:hr>
            <ns3:cad>85</ns3:cad>
          </ns3:TrackPointExtension>
        </extensions>
      </trkpt>
      <trkpt lat="49.1298232041299343109130859375" lon="6.15455858409404754638671875">
        <ele>168.1999969482421875</ele>
        <time>2026-07-29T20:05:01.000Z</time>
        <extensions>
          <ns3:TrackPointExtension>
            <ns3:atemp>31.0</ns3:atemp>
            <ns3:hr>137</ns3:hr>
            <ns3:cad>85</ns3:cad>
          </ns3:TrackPointExtension>
        </extensions>
      </trkpt>
      <trkpt lat="49.1298238746821880340576171875" lon="6.15452681668102741241455078125">
        <ele>168.1999969482421875</ele>
        <time>2026-07-29T20:05:02.000Z</time>
        <extensions>
          <ns3:TrackPointExtension>
            <ns3:atemp>31.0</ns3:atemp>
            <ns3:hr>137</ns3:hr>
            <ns3:cad>85</ns3:cad>
          </ns3:TrackPointExtension>
        </extensions>
      </trkpt>
      <trkpt lat="49.12982814945280551910400390625" lon="6.15448775701224803924560546875">
        <ele>168.1999969482421875</ele>
        <time>2026-07-29T20:05:03.000Z</time>
        <extensions>
          <ns3:TrackPointExtension>
            <ns3:atemp>31.0</ns3:atemp>
            <ns3:hr>137</ns3:hr>
            <ns3:cad>85</ns3:cad>
          </ns3:TrackPointExtension>
        </extensions>
      </trkpt>
      <trkpt lat="49.129829742014408111572265625" lon="6.15445523522794246673583984375">
        <ele>168.1999969482421875</ele>
        <time>2026-07-29T20:05:04.000Z</time>
        <extensions>
          <ns3:TrackPointExtension>
            <ns3:atemp>31.0</ns3:atemp>
            <ns3:hr>137</ns3:hr>
            <ns3:cad>85</ns3:cad>
          </ns3:TrackPointExtension>
        </extensions>
      </trkpt>
      <trkpt lat="49.1298349387943744659423828125" lon="6.154410056769847869873046875">
        <ele>168.1999969482421875</ele>
        <time>2026-07-29T20:05:05.000Z</time>
        <extensions>
          <ns3:TrackPointExtension>
            <ns3:atemp>31.0</ns3:atemp>
            <ns3:hr>138</ns3:hr>
            <ns3:cad>85</ns3:cad>
          </ns3:TrackPointExtension>
        </extensions>
      </trkpt>
      <trkpt lat="49.129837788641452789306640625" lon="6.1543728411197662353515625">
        <ele>168.399993896484375</ele>
        <time>2026-07-29T20:05:06.000Z</time>
        <extensions>
          <ns3:TrackPointExtension>
            <ns3:atemp>31.0</ns3:atemp>
            <ns3:hr>138</ns3:hr>
            <ns3:cad>85</ns3:cad>
          </ns3:TrackPointExtension>
        </extensions>
      </trkpt>
      <trkpt lat="49.12983804009854793548583984375" lon="6.1543378047645092010498046875">
        <ele>168.399993896484375</ele>
        <time>2026-07-29T20:05:07.000Z</time>
        <extensions>
          <ns3:TrackPointExtension>
            <ns3:atemp>31.0</ns3:atemp>
            <ns3:hr>138</ns3:hr>
            <ns3:cad>85</ns3:cad>
          </ns3:TrackPointExtension>
        </extensions>
      </trkpt>
      <trkpt lat="49.129839800298213958740234375" lon="6.154295392334461212158203125">
        <ele>168.1999969482421875</ele>
        <time>2026-07-29T20:05:08.000Z</time>
        <extensions>
          <ns3:TrackPointExtension>
            <ns3:atemp>31.0</ns3:atemp>
            <ns3:hr>138</ns3:hr>
            <ns3:cad>85</ns3:cad>
          </ns3:TrackPointExtension>
        </extensions>
      </trkpt>
      <trkpt lat="49.12983988411724567413330078125" lon="6.15426094271242618560791015625">
        <ele>168.399993896484375</ele>
        <time>2026-07-29T20:05:09.000Z</time>
        <extensions>
          <ns3:TrackPointExtension>
            <ns3:atemp>31.0</ns3:atemp>
            <ns3:hr>139</ns3:hr>
            <ns3:cad>85</ns3:cad>
          </ns3:TrackPointExtension>
        </extensions>
      </trkpt>
      <trkpt lat="49.12984742783010005950927734375" lon="6.1542119085788726806640625">
        <ele>168.399993896484375</ele>
        <time>2026-07-29T20:05:10.000Z</time>
        <extensions>
          <ns3:TrackPointExtension>
            <ns3:atemp>31.0</ns3:atemp>
            <ns3:hr>139</ns3:hr>
            <ns3:cad>85</ns3:cad>
          </ns3:TrackPointExtension>
        </extensions>
      </trkpt>
      <trkpt lat="49.1298547200858592987060546875" lon="6.1541748605668544769287109375">
        <ele>168.399993896484375</ele>
        <time>2026-07-29T20:05:11.000Z</time>
        <extensions>
          <ns3:TrackPointExtension>
            <ns3:atemp>31.0</ns3:atemp>
            <ns3:hr>139</ns3:hr>
            <ns3:cad>85</ns3:cad>
          </ns3:TrackPointExtension>
        </extensions>
      </trkpt>
      <trkpt lat="49.1298617608845233917236328125" lon="6.1541336216032505035400390625">
        <ele>168.399993896484375</ele>
        <time>2026-07-29T20:05:12.000Z</time>
        <extensions>
          <ns3:TrackPointExtension>
            <ns3:atemp>31.0</ns3:atemp>
            <ns3:hr>139</ns3:hr>
            <ns3:cad>85</ns3:cad>
          </ns3:TrackPointExtension>
        </extensions>
      </trkpt>
      <trkpt lat="49.1298708133399486541748046875" lon="6.154096238315105438232421875">
        <ele>168.399993896484375</ele>
        <time>2026-07-29T20:05:13.000Z</time>
        <extensions>
          <ns3:TrackPointExtension>
            <ns3:atemp>31.0</ns3:atemp>
            <ns3:hr>139</ns3:hr>
            <ns3:cad>85</ns3:cad>
          </ns3:TrackPointExtension>
        </extensions>
      </trkpt>
      <trkpt lat="49.1298731602728366851806640625" lon="6.15406447090208530426025390625">
        <ele>168.399993896484375</ele>
        <time>2026-07-29T20:05:14.000Z</time>
        <extensions>
          <ns3:TrackPointExtension>
            <ns3:atemp>31.0</ns3:atemp>
            <ns3:hr>139</ns3:hr>
            <ns3:cad>85</ns3:cad>
          </ns3:TrackPointExtension>
        </extensions>
      </trkpt>
      <trkpt lat="49.12988246418535709381103515625" lon="6.15402482450008392333984375">
        <ele>168.399993896484375</ele>
        <time>2026-07-29T20:05:15.000Z</time>
        <extensions>
          <ns3:TrackPointExtension>
            <ns3:atemp>31.0</ns3:atemp>
            <ns3:hr>139</ns3:hr>
            <ns3:cad>85</ns3:cad>
          </ns3:TrackPointExtension>
        </extensions>
      </trkpt>
      <trkpt lat="49.12988648749887943267822265625" lon="6.15398920141160488128662109375">
        <ele>168.399993896484375</ele>
        <time>2026-07-29T20:05:16.000Z</time>
        <extensions>
          <ns3:TrackPointExtension>
            <ns3:atemp>31.0</ns3:atemp>
            <ns3:hr>139</ns3:hr>
            <ns3:cad>86</ns3:cad>
          </ns3:TrackPointExtension>
        </extensions>
      </trkpt>
      <trkpt lat="49.1299003176391124725341796875" lon="6.153948716819286346435546875">
        <ele>168.399993896484375</ele>
        <time>2026-07-29T20:05:17.000Z</time>
        <extensions>
          <ns3:TrackPointExtension>
            <ns3:atemp>31.0</ns3:atemp>
            <ns3:hr>139</ns3:hr>
            <ns3:cad>86</ns3:cad>
          </ns3:TrackPointExtension>
        </extensions>
      </trkpt>
      <trkpt lat="49.1299137286841869354248046875" lon="6.15391912870109081268310546875">
        <ele>168.399993896484375</ele>
        <time>2026-07-29T20:05:18.000Z</time>
        <extensions>
          <ns3:TrackPointExtension>
            <ns3:atemp>31.0</ns3:atemp>
            <ns3:hr>139</ns3:hr>
            <ns3:cad>86</ns3:cad>
          </ns3:TrackPointExtension>
        </extensions>
      </trkpt>
      <trkpt lat="49.12992705591022968292236328125" lon="6.15389096550643444061279296875">
        <ele>168.399993896484375</ele>
        <time>2026-07-29T20:05:19.000Z</time>
        <extensions>
          <ns3:TrackPointExtension>
            <ns3:atemp>31.0</ns3:atemp>
            <ns3:hr>139</ns3:hr>
            <ns3:cad>85</ns3:cad>
          </ns3:TrackPointExtension>
        </extensions>
      </trkpt>
      <trkpt lat="49.12994717247784137725830078125" lon="6.15386657416820526123046875">
        <ele>168.399993896484375</ele>
        <time>2026-07-29T20:05:20.000Z</time>
        <extensions>
          <ns3:TrackPointExtension>
            <ns3:atemp>31.0</ns3:atemp>
            <ns3:hr>139</ns3:hr>
            <ns3:cad>85</ns3:cad>
          </ns3:TrackPointExtension>
        </extensions>
      </trkpt>
      <trkpt lat="49.129955470561981201171875" lon="6.153842769563198089599609375">
        <ele>168.399993896484375</ele>
        <time>2026-07-29T20:05:21.000Z</time>
        <extensions>
          <ns3:TrackPointExtension>
            <ns3:atemp>31.0</ns3:atemp>
            <ns3:hr>139</ns3:hr>
            <ns3:cad>85</ns3:cad>
          </ns3:TrackPointExtension>
        </extensions>
      </trkpt>
      <trkpt lat="49.12997617386281490325927734375" lon="6.15381150506436824798583984375">
        <ele>168.399993896484375</ele>
        <time>2026-07-29T20:05:22.000Z</time>
        <extensions>
          <ns3:TrackPointExtension>
            <ns3:atemp>31.0</ns3:atemp>
            <ns3:hr>139</ns3:hr>
            <ns3:cad>85</ns3:cad>
          </ns3:TrackPointExtension>
        </extensions>
      </trkpt>
      <trkpt lat="49.1299878247082233428955078125" lon="6.1537859402596950531005859375">
        <ele>168.399993896484375</ele>
        <time>2026-07-29T20:05:23.000Z</time>
        <extensions>
          <ns3:TrackPointExtension>
            <ns3:atemp>31.0</ns3:atemp>
            <ns3:hr>139</ns3:hr>
            <ns3:cad>85</ns3:cad>
          </ns3:TrackPointExtension>
        </extensions>
      </trkpt>
      <trkpt lat="49.1300042532384395599365234375" lon="6.153752245008945465087890625">
        <ele>168.399993896484375</ele>
        <time>2026-07-29T20:05:24.000Z</time>
        <extensions>
          <ns3:TrackPointExtension>
            <ns3:atemp>31.0</ns3:atemp>
            <ns3:hr>140</ns3:hr>
            <ns3:cad>85</ns3:cad>
          </ns3:TrackPointExtension>
        </extensions>
      </trkpt>
      <trkpt lat="49.13001808337867259979248046875" lon="6.15372383035719394683837890625">
        <ele>168.399993896484375</ele>
        <time>2026-07-29T20:05:25.000Z</time>
        <extensions>
          <ns3:TrackPointExtension>
            <ns3:atemp>31.0</ns3:atemp>
            <ns3:hr>140</ns3:hr>
            <ns3:cad>85</ns3:cad>
          </ns3:TrackPointExtension>
        </extensions>
      </trkpt>
      <trkpt lat="49.1300304047763347625732421875" lon="6.1536964215338230133056640625">
        <ele>168.399993896484375</ele>
        <time>2026-07-29T20:05:26.000Z</time>
        <extensions>
          <ns3:TrackPointExtension>
            <ns3:atemp>31.0</ns3:atemp>
            <ns3:hr>140</ns3:hr>
            <ns3:cad>85</ns3:cad>
          </ns3:TrackPointExtension>
        </extensions>
      </trkpt>
      <trkpt lat="49.1300491802394390106201171875" lon="6.1536685936152935028076171875">
        <ele>168.399993896484375</ele>
        <time>2026-07-29T20:05:27.000Z</time>
        <extensions>
          <ns3:TrackPointExtension>
            <ns3:atemp>31.0</ns3:atemp>
            <ns3:hr>140</ns3:hr>
            <ns3:cad>85</ns3:cad>
          </ns3:TrackPointExtension>
        </extensions>
      </trkpt>
      <trkpt lat="49.13006049580872058868408203125" lon="6.15364219062030315399169921875">
        <ele>168.399993896484375</ele>
        <time>2026-07-29T20:05:28.000Z</time>
        <extensions>
          <ns3:TrackPointExtension>
            <ns3:atemp>31.0</ns3:atemp>
            <ns3:hr>140</ns3:hr>
            <ns3:cad>85</ns3:cad>
          </ns3:TrackPointExtension>
        </extensions>
      </trkpt>
      <trkpt lat="49.1300806961953639984130859375" lon="6.1536062322556972503662109375">
        <ele>168.399993896484375</ele>
        <time>2026-07-29T20:05:29.000Z</time>
        <extensions>
          <ns3:TrackPointExtension>
            <ns3:atemp>31.0</ns3:atemp>
            <ns3:hr>141</ns3:hr>
            <ns3:cad>85</ns3:cad>
          </ns3:TrackPointExtension>
        </extensions>
      </trkpt>
      <trkpt lat="49.13009201176464557647705078125" lon="6.15357899107038974761962890625">
        <ele>168.399993896484375</ele>
        <time>2026-07-29T20:05:30.000Z</time>
        <extensions>
          <ns3:TrackPointExtension>
            <ns3:atemp>31.0</ns3:atemp>
            <ns3:hr>141</ns3:hr>
            <ns3:cad>85</ns3:cad>
          </ns3:TrackPointExtension>
        </extensions>
      </trkpt>
      <trkpt lat="49.13010592572391033172607421875" lon="6.15354579873383045196533203125">
        <ele>168.399993896484375</ele>
        <time>2026-07-29T20:05:31.000Z</time>
        <extensions>
          <ns3:TrackPointExtension>
            <ns3:atemp>31.0</ns3:atemp>
            <ns3:hr>141</ns3:hr>
            <ns3:cad>85</ns3:cad>
          </ns3:TrackPointExtension>
        </extensions>
      </trkpt>
      <trkpt lat="49.1301231086254119873046875" lon="6.153516881167888641357421875">
        <ele>168.399993896484375</ele>
        <time>2026-07-29T20:05:32.000Z</time>
        <extensions>
          <ns3:TrackPointExtension>
            <ns3:atemp>31.0</ns3:atemp>
            <ns3:hr>141</ns3:hr>
            <ns3:cad>86</ns3:cad>
          </ns3:TrackPointExtension>
        </extensions>
      </trkpt>
      <trkpt lat="49.13013576529920101165771484375" lon="6.1534903943538665771484375">
        <ele>168.399993896484375</ele>
        <time>2026-07-29T20:05:33.000Z</time>
        <extensions>
          <ns3:TrackPointExtension>
            <ns3:atemp>31.0</ns3:atemp>
            <ns3:hr>141</ns3:hr>
            <ns3:cad>86</ns3:cad>
          </ns3:TrackPointExtension>
        </extensions>
      </trkpt>
      <trkpt lat="49.13015571422874927520751953125" lon="6.15345862694084644317626953125">
        <ele>168.600006103515625</ele>
        <time>2026-07-29T20:05:34.000Z</time>
        <extensions>
          <ns3:TrackPointExtension>
            <ns3:atemp>31.0</ns3:atemp>
            <ns3:hr>142</ns3:hr>
            <ns3:cad>86</ns3:cad>
          </ns3:TrackPointExtension>
        </extensions>
      </trkpt>
      <trkpt lat="49.13016677834093570709228515625" lon="6.1534318886697292327880859375">
        <ele>168.399993896484375</ele>
        <time>2026-07-29T20:05:35.000Z</time>
        <extensions>
          <ns3:TrackPointExtension>
            <ns3:atemp>31.0</ns3:atemp>
            <ns3:hr>142</ns3:hr>
            <ns3:cad>86</ns3:cad>
          </ns3:TrackPointExtension>
        </extensions>
      </trkpt>
      <trkpt lat="49.13018387742340564727783203125" lon="6.15339810959994792938232421875">
        <ele>168.399993896484375</ele>
        <time>2026-07-29T20:05:36.000Z</time>
        <extensions>
          <ns3:TrackPointExtension>
            <ns3:atemp>31.0</ns3:atemp>
            <ns3:hr>142</ns3:hr>
            <ns3:cad>85</ns3:cad>
          </ns3:TrackPointExtension>
        </extensions>
      </trkpt>
      <trkpt lat="49.13019728846848011016845703125" lon="6.15336810238659381866455078125">
        <ele>168.600006103515625</ele>
        <time>2026-07-29T20:05:37.000Z</time>
        <extensions>
          <ns3:TrackPointExtension>
            <ns3:atemp>31.0</ns3:atemp>
            <ns3:hr>142</ns3:hr>
            <ns3:cad>85</ns3:cad>
          </ns3:TrackPointExtension>
        </extensions>
      </trkpt>
      <trkpt lat="49.13020784966647624969482421875" lon="6.1533370055258274078369140625">
        <ele>168.600006103515625</ele>
        <time>2026-07-29T20:05:38.000Z</time>
        <extensions>
          <ns3:TrackPointExtension>
            <ns3:atemp>31.0</ns3:atemp>
            <ns3:hr>142</ns3:hr>
            <ns3:cad>85</ns3:cad>
          </ns3:TrackPointExtension>
        </extensions>
      </trkpt>
      <trkpt lat="49.1302265413105487823486328125" lon="6.15330523811280727386474609375">
        <ele>168.399993896484375</ele>
        <time>2026-07-29T20:05:39.000Z</time>
        <extensions>
          <ns3:TrackPointExtension>
            <ns3:atemp>31.0</ns3:atemp>
            <ns3:hr>143</ns3:hr>
            <ns3:cad>84</ns3:cad>
          </ns3:TrackPointExtension>
        </extensions>
      </trkpt>
      <trkpt lat="49.1302345879375934600830078125" lon="6.15327556617558002471923828125">
        <ele>168.399993896484375</ele>
        <time>2026-07-29T20:05:40.000Z</time>
        <extensions>
          <ns3:TrackPointExtension>
            <ns3:atemp>31.0</ns3:atemp>
            <ns3:hr>142</ns3:hr>
            <ns3:cad>84</ns3:cad>
          </ns3:TrackPointExtension>
        </extensions>
      </trkpt>
      <trkpt lat="49.1302533634006977081298828125" lon="6.1532414518296718597412109375">
        <ele>168.399993896484375</ele>
        <time>2026-07-29T20:05:41.000Z</time>
        <extensions>
          <ns3:TrackPointExtension>
            <ns3:atemp>31.0</ns3:atemp>
            <ns3:hr>142</ns3:hr>
            <ns3:cad>84</ns3:cad>
          </ns3:TrackPointExtension>
        </extensions>
      </trkpt>
      <trkpt lat="49.130266606807708740234375" lon="6.1532119475305080413818359375">
        <ele>168.600006103515625</ele>
        <time>2026-07-29T20:05:42.000Z</time>
        <extensions>
          <ns3:TrackPointExtension>
            <ns3:atemp>31.0</ns3:atemp>
            <ns3:hr>142</ns3:hr>
            <ns3:cad>84</ns3:cad>
          </ns3:TrackPointExtension>
        </extensions>
      </trkpt>
      <trkpt lat="49.1302786767482757568359375" lon="6.153178252279758453369140625">
        <ele>168.600006103515625</ele>
        <time>2026-07-29T20:05:43.000Z</time>
        <extensions>
          <ns3:TrackPointExtension>
            <ns3:atemp>31.0</ns3:atemp>
            <ns3:hr>142</ns3:hr>
            <ns3:cad>84</ns3:cad>
          </ns3:TrackPointExtension>
        </extensions>
      </trkpt>
      <trkpt lat="49.130299799144268035888671875" lon="6.15314849652349948883056640625">
        <ele>168.600006103515625</ele>
        <time>2026-07-29T20:05:44.000Z</time>
        <extensions>
          <ns3:TrackPointExtension>
            <ns3:atemp>31.0</ns3:atemp>
            <ns3:hr>142</ns3:hr>
            <ns3:cad>85</ns3:cad>
          </ns3:TrackPointExtension>
        </extensions>
      </trkpt>
      <trkpt lat="49.130307175219058990478515625" lon="6.15312184207141399383544921875">
        <ele>168.600006103515625</ele>
        <time>2026-07-29T20:05:45.000Z</time>
        <extensions>
          <ns3:TrackPointExtension>
            <ns3:atemp>31.0</ns3:atemp>
            <ns3:hr>142</ns3:hr>
            <ns3:cad>85</ns3:cad>
          </ns3:TrackPointExtension>
        </extensions>
      </trkpt>
      <trkpt lat="49.13032821379601955413818359375" lon="6.15308328531682491302490234375">
        <ele>168.600006103515625</ele>
        <time>2026-07-29T20:05:46.000Z</time>
        <extensions>
          <ns3:TrackPointExtension>
            <ns3:atemp>31.0</ns3:atemp>
            <ns3:hr>141</ns3:hr>
            <ns3:cad>84</ns3:cad>
          </ns3:TrackPointExtension>
        </extensions>
      </trkpt>
      <trkpt lat="49.13034103810787200927734375" lon="6.15305461920797824859619140625">
        <ele>168.600006103515625</ele>
        <time>2026-07-29T20:05:47.000Z</time>
        <extensions>
          <ns3:TrackPointExtension>
            <ns3:atemp>31.0</ns3:atemp>
            <ns3:hr>141</ns3:hr>
            <ns3:cad>84</ns3:cad>
          </ns3:TrackPointExtension>
        </extensions>
      </trkpt>
      <trkpt lat="49.13035620935261249542236328125" lon="6.15301773883402347564697265625">
        <ele>168.600006103515625</ele>
        <time>2026-07-29T20:05:48.000Z</time>
        <extensions>
          <ns3:TrackPointExtension>
            <ns3:atemp>31.0</ns3:atemp>
            <ns3:hr>141</ns3:hr>
            <ns3:cad>84</ns3:cad>
          </ns3:TrackPointExtension>
        </extensions>
      </trkpt>
      <trkpt lat="49.13037498481571674346923828125" lon="6.15298655815422534942626953125">
        <ele>168.600006103515625</ele>
        <time>2026-07-29T20:05:49.000Z</time>
        <extensions>
          <ns3:TrackPointExtension>
            <ns3:atemp>31.0</ns3:atemp>
            <ns3:hr>141</ns3:hr>
            <ns3:cad>85</ns3:cad>
          </ns3:TrackPointExtension>
        </extensions>
      </trkpt>
      <trkpt lat="49.13038906641304492950439453125" lon="6.1529611609876155853271484375">
        <ele>168.600006103515625</ele>
        <time>2026-07-29T20:05:50.000Z</time>
        <extensions>
          <ns3:TrackPointExtension>
            <ns3:atemp>31.0</ns3:atemp>
            <ns3:hr>142</ns3:hr>
            <ns3:cad>85</ns3:cad>
          </ns3:TrackPointExtension>
        </extensions>
      </trkpt>
      <trkpt lat="49.130422174930572509765625" lon="6.152958311140537261962890625">
        <ele>168.8000030517578125</ele>
        <time>2026-07-29T20:05:51.000Z</time>
        <extensions>
          <ns3:TrackPointExtension>
            <ns3:atemp>31.0</ns3:atemp>
            <ns3:hr>142</ns3:hr>
            <ns3:cad>85</ns3:cad>
          </ns3:TrackPointExtension>
        </extensions>
      </trkpt>
      <trkpt lat="49.13044371642172336578369140625" lon="6.15295839495956897735595703125">
        <ele>168.8000030517578125</ele>
        <time>2026-07-29T20:05:52.000Z</time>
        <extensions>
          <ns3:TrackPointExtension>
            <ns3:atemp>31.0</ns3:atemp>
            <ns3:hr>142</ns3:hr>
            <ns3:cad>85</ns3:cad>
          </ns3:TrackPointExtension>
        </extensions>
      </trkpt>
      <trkpt lat="49.1304664313793182373046875" lon="6.15298437885940074920654296875">
        <ele>168.8000030517578125</ele>
        <time>2026-07-29T20:05:53.000Z</time>
        <extensions>
          <ns3:TrackPointExtension>
            <ns3:atemp>31.0</ns3:atemp>
            <ns3:hr>142</ns3:hr>
            <ns3:cad>85</ns3:cad>
          </ns3:TrackPointExtension>
        </extensions>
      </trkpt>
      <trkpt lat="49.13048009388148784637451171875" lon="6.15301488898694515228271484375">
        <ele>168.8000030517578125</ele>
        <time>2026-07-29T20:05:54.000Z</time>
        <extensions>
          <ns3:TrackPointExtension>
            <ns3:atemp>31.0</ns3:atemp>
            <ns3:hr>142</ns3:hr>
            <ns3:cad>85</ns3:cad>
          </ns3:TrackPointExtension>
        </extensions>
      </trkpt>
      <trkpt lat="49.130497612059116363525390625" lon="6.15303508937358856201171875">
        <ele>168.8000030517578125</ele>
        <time>2026-07-29T20:05:55.000Z</time>
        <extensions>
          <ns3:TrackPointExtension>
            <ns3:atemp>31.0</ns3:atemp>
            <ns3:hr>142</ns3:hr>
            <ns3:cad>85</ns3:cad>
          </ns3:TrackPointExtension>
        </extensions>
      </trkpt>
      <trkpt lat="49.130515046417713165283203125" lon="6.153070963919162750244140625">
        <ele>168.8000030517578125</ele>
        <time>2026-07-29T20:05:56.000Z</time>
        <extensions>
          <ns3:TrackPointExtension>
            <ns3:atemp>31.0</ns3:atemp>
            <ns3:hr>141</ns3:hr>
            <ns3:cad>84</ns3:cad>
          </ns3:TrackPointExtension>
        </extensions>
      </trkpt>
      <trkpt lat="49.13053055293858051300048828125" lon="6.15309233777225017547607421875">
        <ele>168.8000030517578125</ele>
        <time>2026-07-29T20:05:57.000Z</time>
        <extensions>
          <ns3:TrackPointExtension>
            <ns3:atemp>31.0</ns3:atemp>
            <ns3:hr>141</ns3:hr>
            <ns3:cad>84</ns3:cad>
          </ns3:TrackPointExtension>
        </extensions>
      </trkpt>
      <trkpt lat="49.1305495798587799072265625" lon="6.15312636829912662506103515625">
        <ele>168.8000030517578125</ele>
        <time>2026-07-29T20:05:58.000Z</time>
        <extensions>
          <ns3:TrackPointExtension>
            <ns3:atemp>31.0</ns3:atemp>
            <ns3:hr>141</ns3:hr>
            <ns3:cad>84</ns3:cad>
          </ns3:TrackPointExtension>
        </extensions>
      </trkpt>
      <trkpt lat="49.1305628232657909393310546875" lon="6.1531586386263370513916015625">
        <ele>168.8000030517578125</ele>
        <time>2026-07-29T20:05:59.000Z</time>
        <extensions>
          <ns3:TrackPointExtension>
            <ns3:atemp>31.0</ns3:atemp>
            <ns3:hr>141</ns3:hr>
            <ns3:cad>84</ns3:cad>
          </ns3:TrackPointExtension>
        </extensions>
      </trkpt>
      <trkpt lat="49.13057832978665828704833984375" lon="6.15318663418292999267578125">
        <ele>169</ele>
        <time>2026-07-29T20:06:00.000Z</time>
        <extensions>
          <ns3:TrackPointExtension>
            <ns3:atemp>31.0</ns3:atemp>
            <ns3:hr>141</ns3:hr>
            <ns3:cad>84</ns3:cad>
          </ns3:TrackPointExtension>
        </extensions>
      </trkpt>
      <trkpt lat="49.13059459067881107330322265625" lon="6.1532220058143138885498046875">
        <ele>169</ele>
        <time>2026-07-29T20:06:01.000Z</time>
        <extensions>
          <ns3:TrackPointExtension>
            <ns3:atemp>31.0</ns3:atemp>
            <ns3:hr>141</ns3:hr>
            <ns3:cad>83</ns3:cad>
          </ns3:TrackPointExtension>
        </extensions>
      </trkpt>
      <trkpt lat="49.1306117735803127288818359375" lon="6.15324555896222591400146484375">
        <ele>169</ele>
        <time>2026-07-29T20:06:02.000Z</time>
        <extensions>
          <ns3:TrackPointExtension>
            <ns3:atemp>31.0</ns3:atemp>
            <ns3:hr>141</ns3:hr>
            <ns3:cad>83</ns3:cad>
          </ns3:TrackPointExtension>
        </extensions>
      </trkpt>
      <trkpt lat="49.1306282021105289459228515625" lon="6.15328109823167324066162109375">
        <ele>169</ele>
        <time>2026-07-29T20:06:03.000Z</time>
        <extensions>
          <ns3:TrackPointExtension>
            <ns3:atemp>31.0</ns3:atemp>
            <ns3:hr>141</ns3:hr>
            <ns3:cad>84</ns3:cad>
          </ns3:TrackPointExtension>
        </extensions>
      </trkpt>
      <trkpt lat="49.13063935004174709320068359375" lon="6.15331244654953479766845703125">
        <ele>169</ele>
        <time>2026-07-29T20:06:04.000Z</time>
        <extensions>
          <ns3:TrackPointExtension>
            <ns3:atemp>31.0</ns3:atemp>
            <ns3:hr>141</ns3:hr>
            <ns3:cad>84</ns3:cad>
          </ns3:TrackPointExtension>
        </extensions>
      </trkpt>
      <trkpt lat="49.130653850734233856201171875" lon="6.15334060974419116973876953125">
        <ele>169</ele>
        <time>2026-07-29T20:06:05.000Z</time>
        <extensions>
          <ns3:TrackPointExtension>
            <ns3:atemp>31.0</ns3:atemp>
            <ns3:hr>140</ns3:hr>
            <ns3:cad>84</ns3:cad>
          </ns3:TrackPointExtension>
        </extensions>
      </trkpt>
      <trkpt lat="49.1306622326374053955078125" lon="6.1533792503178119659423828125">
        <ele>169</ele>
        <time>2026-07-29T20:06:06.000Z</time>
        <extensions>
          <ns3:TrackPointExtension>
            <ns3:atemp>31.0</ns3:atemp>
            <ns3:hr>140</ns3:hr>
            <ns3:cad>84</ns3:cad>
          </ns3:TrackPointExtension>
        </extensions>
      </trkpt>
      <trkpt lat="49.130674302577972412109375" lon="6.15340447984635829925537109375">
        <ele>169</ele>
        <time>2026-07-29T20:06:07.000Z</time>
        <extensions>
          <ns3:TrackPointExtension>
            <ns3:atemp>31.0</ns3:atemp>
            <ns3:hr>139</ns3:hr>
            <ns3:cad>84</ns3:cad>
          </ns3:TrackPointExtension>
        </extensions>
      </trkpt>
      <trkpt lat="49.13068813271820545196533203125" lon="6.15344571880996227264404296875">
        <ele>169</ele>
        <time>2026-07-29T20:06:08.000Z</time>
        <extensions>
          <ns3:TrackPointExtension>
            <ns3:atemp>31.0</ns3:atemp>
            <ns3:hr>139</ns3:hr>
            <ns3:cad>84</ns3:cad>
          </ns3:TrackPointExtension>
        </extensions>
      </trkpt>
      <trkpt lat="49.13069643080234527587890625" lon="6.15347497165203094482421875">
        <ele>169</ele>
        <time>2026-07-29T20:06:09.000Z</time>
        <extensions>
          <ns3:TrackPointExtension>
            <ns3:atemp>31.0</ns3:atemp>
            <ns3:hr>138</ns3:hr>
            <ns3:cad>84</ns3:cad>
          </ns3:TrackPointExtension>
        </extensions>
      </trkpt>
      <trkpt lat="49.130707494914531707763671875" lon="6.1535043083131313323974609375">
        <ele>169</ele>
        <time>2026-07-29T20:06:10.000Z</time>
        <extensions>
          <ns3:TrackPointExtension>
            <ns3:atemp>31.0</ns3:atemp>
            <ns3:hr>138</ns3:hr>
            <ns3:cad>84</ns3:cad>
          </ns3:TrackPointExtension>
        </extensions>
      </trkpt>
      <trkpt lat="49.13071646355092525482177734375" lon="6.15354177542030811309814453125">
        <ele>169</ele>
        <time>2026-07-29T20:06:11.000Z</time>
        <extensions>
          <ns3:TrackPointExtension>
            <ns3:atemp>31.0</ns3:atemp>
            <ns3:hr>138</ns3:hr>
            <ns3:cad>84</ns3:cad>
          </ns3:TrackPointExtension>
        </extensions>
      </trkpt>
      <trkpt lat="49.13072987459599971771240234375" lon="6.15356474183499813079833984375">
        <ele>169</ele>
        <time>2026-07-29T20:06:12.000Z</time>
        <extensions>
          <ns3:TrackPointExtension>
            <ns3:atemp>31.0</ns3:atemp>
            <ns3:hr>138</ns3:hr>
            <ns3:cad>85</ns3:cad>
          </ns3:TrackPointExtension>
        </extensions>
      </trkpt>
      <trkpt lat="49.1307421959936618804931640625" lon="6.153605394065380096435546875">
        <ele>168.8000030517578125</ele>
        <time>2026-07-29T20:06:13.000Z</time>
        <extensions>
          <ns3:TrackPointExtension>
            <ns3:atemp>31.0</ns3:atemp>
            <ns3:hr>138</ns3:hr>
            <ns3:cad>85</ns3:cad>
          </ns3:TrackPointExtension>
        </extensions>
      </trkpt>
      <trkpt lat="49.13075166754424571990966796875" lon="6.15363867022097110748291015625">
        <ele>168.8000030517578125</ele>
        <time>2026-07-29T20:06:14.000Z</time>
        <extensions>
          <ns3:TrackPointExtension>
            <ns3:atemp>31.0</ns3:atemp>
            <ns3:hr>138</ns3:hr>
            <ns3:cad>84</ns3:cad>
          </ns3:TrackPointExtension>
        </extensions>
      </trkpt>
      <trkpt lat="49.13076876662671566009521484375" lon="6.15366934798657894134521484375">
        <ele>168.8000030517578125</ele>
        <time>2026-07-29T20:06:15.000Z</time>
        <extensions>
          <ns3:TrackPointExtension>
            <ns3:atemp>31.0</ns3:atemp>
            <ns3:hr>138</ns3:hr>
            <ns3:cad>84</ns3:cad>
          </ns3:TrackPointExtension>
        </extensions>
      </trkpt>
      <trkpt lat="49.13078251294791698455810546875" lon="6.15370388142764568328857421875">
        <ele>168.8000030517578125</ele>
        <time>2026-07-29T20:06:16.000Z</time>
        <extensions>
          <ns3:TrackPointExtension>
            <ns3:atemp>31.0</ns3:atemp>
            <ns3:hr>138</ns3:hr>
            <ns3:cad>84</ns3:cad>
          </ns3:TrackPointExtension>
        </extensions>
      </trkpt>
      <trkpt lat="49.13079625926911830902099609375" lon="6.15372835658490657806396484375">
        <ele>168.8000030517578125</ele>
        <time>2026-07-29T20:06:17.000Z</time>
        <extensions>
          <ns3:TrackPointExtension>
            <ns3:atemp>31.0</ns3:atemp>
            <ns3:hr>138</ns3:hr>
            <ns3:cad>84</ns3:cad>
          </ns3:TrackPointExtension>
        </extensions>
      </trkpt>
      <trkpt lat="49.1308124363422393798828125" lon="6.15376506932079792022705078125">
        <ele>169</ele>
        <time>2026-07-29T20:06:18.000Z</time>
        <extensions>
          <ns3:TrackPointExtension>
            <ns3:atemp>31.0</ns3:atemp>
            <ns3:hr>138</ns3:hr>
            <ns3:cad>84</ns3:cad>
          </ns3:TrackPointExtension>
        </extensions>
      </trkpt>
      <trkpt lat="49.130826853215694427490234375" lon="6.15378971211612224578857421875">
        <ele>169</ele>
        <time>2026-07-29T20:06:19.000Z</time>
        <extensions>
          <ns3:TrackPointExtension>
            <ns3:atemp>31.0</ns3:atemp>
            <ns3:hr>138</ns3:hr>
            <ns3:cad>84</ns3:cad>
          </ns3:TrackPointExtension>
        </extensions>
      </trkpt>
      <trkpt lat="49.1308431141078472137451171875" lon="6.1538204737007617950439453125">
        <ele>169</ele>
        <time>2026-07-29T20:06:20.000Z</time>
        <extensions>
          <ns3:TrackPointExtension>
            <ns3:atemp>31.0</ns3:atemp>
            <ns3:hr>138</ns3:hr>
            <ns3:cad>85</ns3:cad>
          </ns3:TrackPointExtension>
        </extensions>
      </trkpt>
      <trkpt lat="49.13085577078163623809814453125" lon="6.15385643206536769866943359375">
        <ele>169</ele>
        <time>2026-07-29T20:06:21.000Z</time>
        <extensions>
          <ns3:TrackPointExtension>
            <ns3:atemp>31.0</ns3:atemp>
            <ns3:hr>138</ns3:hr>
            <ns3:cad>85</ns3:cad>
          </ns3:TrackPointExtension>
        </extensions>
      </trkpt>
      <trkpt lat="49.1308687627315521240234375" lon="6.15388258360326290130615234375">
        <ele>169</ele>
        <time>2026-07-29T20:06:22.000Z</time>
        <extensions>
          <ns3:TrackPointExtension>
            <ns3:atemp>31.0</ns3:atemp>
            <ns3:hr>138</ns3:hr>
            <ns3:cad>85</ns3:cad>
          </ns3:TrackPointExtension>
        </extensions>
      </trkpt>
      <trkpt lat="49.1308846883475780487060546875" lon="6.1539220623672008514404296875">
        <ele>169</ele>
        <time>2026-07-29T20:06:23.000Z</time>
        <extensions>
          <ns3:TrackPointExtension>
            <ns3:atemp>31.0</ns3:atemp>
            <ns3:hr>138</ns3:hr>
            <ns3:cad>85</ns3:cad>
          </ns3:TrackPointExtension>
        </extensions>
      </trkpt>
      <trkpt lat="49.13089835084974765777587890625" lon="6.1539485491812229156494140625">
        <ele>168.8000030517578125</ele>
        <time>2026-07-29T20:06:24.000Z</time>
        <extensions>
          <ns3:TrackPointExtension>
            <ns3:atemp>31.0</ns3:atemp>
            <ns3:hr>138</ns3:hr>
            <ns3:cad>84</ns3:cad>
          </ns3:TrackPointExtension>
        </extensions>
      </trkpt>
      <trkpt lat="49.13091628812253475189208984375" lon="6.15398333407938480377197265625">
        <ele>168.8000030517578125</ele>
        <time>2026-07-29T20:06:25.000Z</time>
        <extensions>
          <ns3:TrackPointExtension>
            <ns3:atemp>31.0</ns3:atemp>
            <ns3:hr>138</ns3:hr>
            <ns3:cad>83</ns3:cad>
          </ns3:TrackPointExtension>
        </extensions>
      </trkpt>
      <trkpt lat="49.1309299506247043609619140625" lon="6.15401518531143665313720703125">
        <ele>168.8000030517578125</ele>
        <time>2026-07-29T20:06:26.000Z</time>
        <extensions>
          <ns3:TrackPointExtension>
            <ns3:atemp>31.0</ns3:atemp>
            <ns3:hr>139</ns3:hr>
            <ns3:cad>83</ns3:cad>
          </ns3:TrackPointExtension>
        </extensions>
      </trkpt>
      <trkpt lat="49.13094612769782543182373046875" lon="6.154042594134807586669921875">
        <ele>168.8000030517578125</ele>
        <time>2026-07-29T20:06:27.000Z</time>
        <extensions>
          <ns3:TrackPointExtension>
            <ns3:atemp>31.0</ns3:atemp>
            <ns3:hr>139</ns3:hr>
            <ns3:cad>84</ns3:cad>
          </ns3:TrackPointExtension>
        </extensions>
      </trkpt>
      <trkpt lat="49.13095886819064617156982421875" lon="6.15407771430909633636474609375">
        <ele>168.8000030517578125</ele>
        <time>2026-07-29T20:06:28.000Z</time>
        <extensions>
          <ns3:TrackPointExtension>
            <ns3:atemp>31.0</ns3:atemp>
            <ns3:hr>139</ns3:hr>
            <ns3:cad>84</ns3:cad>
          </ns3:TrackPointExtension>
        </extensions>
      </trkpt>
      <trkpt lat="49.13097395561635494232177734375" lon="6.1541010998189449310302734375">
        <ele>168.8000030517578125</ele>
        <time>2026-07-29T20:06:29.000Z</time>
        <extensions>
          <ns3:TrackPointExtension>
            <ns3:atemp>31.0</ns3:atemp>
            <ns3:hr>139</ns3:hr>
            <ns3:cad>84</ns3:cad>
          </ns3:TrackPointExtension>
        </extensions>
      </trkpt>
      <trkpt lat="49.13099172525107860565185546875" lon="6.15413689054548740386962890625">
        <ele>168.8000030517578125</ele>
        <time>2026-07-29T20:06:30.000Z</time>
        <extensions>
          <ns3:TrackPointExtension>
            <ns3:atemp>31.0</ns3:atemp>
            <ns3:hr>139</ns3:hr>
            <ns3:cad>84</ns3:cad>
          </ns3:TrackPointExtension>
        </extensions>
      </trkpt>
      <trkpt lat="49.13100530393421649932861328125" lon="6.15416555665433406829833984375">
        <ele>168.8000030517578125</ele>
        <time>2026-07-29T20:06:31.000Z</time>
        <extensions>
          <ns3:TrackPointExtension>
            <ns3:atemp>31.0</ns3:atemp>
            <ns3:hr>140</ns3:hr>
            <ns3:cad>85</ns3:cad>
          </ns3:TrackPointExtension>
        </extensions>
      </trkpt>
      <trkpt lat="49.1310189664363861083984375" lon="6.15419371984899044036865234375">
        <ele>168.8000030517578125</ele>
        <time>2026-07-29T20:06:32.000Z</time>
        <extensions>
          <ns3:TrackPointExtension>
            <ns3:atemp>31.0</ns3:atemp>
            <ns3:hr>140</ns3:hr>
            <ns3:cad>85</ns3:cad>
          </ns3:TrackPointExtension>
        </extensions>
      </trkpt>
      <trkpt lat="49.131031036376953125" lon="6.15422959439456462860107421875">
        <ele>168.8000030517578125</ele>
        <time>2026-07-29T20:06:33.000Z</time>
        <extensions>
          <ns3:TrackPointExtension>
            <ns3:atemp>31.0</ns3:atemp>
            <ns3:hr>140</ns3:hr>
            <ns3:cad>85</ns3:cad>
          </ns3:TrackPointExtension>
        </extensions>
      </trkpt>
      <trkpt lat="49.131044782698154449462890625" lon="6.15425507538020610809326171875">
        <ele>168.8000030517578125</ele>
        <time>2026-07-29T20:06:34.000Z</time>
        <extensions>
          <ns3:TrackPointExtension>
            <ns3:atemp>31.0</ns3:atemp>
            <ns3:hr>141</ns3:hr>
            <ns3:cad>85</ns3:cad>
          </ns3:TrackPointExtension>
        </extensions>
      </trkpt>
      <trkpt lat="49.13106330670416355133056640625" lon="6.1542958952486515045166015625">
        <ele>168.8000030517578125</ele>
        <time>2026-07-29T20:06:35.000Z</time>
        <extensions>
          <ns3:TrackPointExtension>
            <ns3:atemp>31.0</ns3:atemp>
            <ns3:hr>141</ns3:hr>
            <ns3:cad>85</ns3:cad>
          </ns3:TrackPointExtension>
        </extensions>
      </trkpt>
      <trkpt lat="49.1310752928256988525390625" lon="6.154322214424610137939453125">
        <ele>168.8000030517578125</ele>
        <time>2026-07-29T20:06:36.000Z</time>
        <extensions>
          <ns3:TrackPointExtension>
            <ns3:atemp>31.0</ns3:atemp>
            <ns3:hr>141</ns3:hr>
            <ns3:cad>85</ns3:cad>
          </ns3:TrackPointExtension>
        </extensions>
      </trkpt>
      <trkpt lat="49.13109071552753448486328125" lon="6.154361106455326080322265625">
        <ele>168.8000030517578125</ele>
        <time>2026-07-29T20:06:37.000Z</time>
        <extensions>
          <ns3:TrackPointExtension>
            <ns3:atemp>31.0</ns3:atemp>
            <ns3:hr>142</ns3:hr>
            <ns3:cad>85</ns3:cad>
          </ns3:TrackPointExtension>
        </extensions>
      </trkpt>
      <trkpt lat="49.13110353983938694000244140625" lon="6.15439304150640964508056640625">
        <ele>168.8000030517578125</ele>
        <time>2026-07-29T20:06:38.000Z</time>
        <extensions>
          <ns3:TrackPointExtension>
            <ns3:atemp>31.0</ns3:atemp>
            <ns3:hr>142</ns3:hr>
            <ns3:cad>85</ns3:cad>
          </ns3:TrackPointExtension>
        </extensions>
      </trkpt>
      <trkpt lat="49.13111913017928600311279296875" lon="6.15442003123462200164794921875">
        <ele>168.8000030517578125</ele>
        <time>2026-07-29T20:06:39.000Z</time>
        <extensions>
          <ns3:TrackPointExtension>
            <ns3:atemp>31.0</ns3:atemp>
            <ns3:hr>142</ns3:hr>
            <ns3:cad>85</ns3:cad>
          </ns3:TrackPointExtension>
        </extensions>
      </trkpt>
      <trkpt lat="49.13113622926175594329833984375" lon="6.1544588394463062286376953125">
        <ele>168.8000030517578125</ele>
        <time>2026-07-29T20:06:40.000Z</time>
        <extensions>
          <ns3:TrackPointExtension>
            <ns3:atemp>31.0</ns3:atemp>
            <ns3:hr>142</ns3:hr>
            <ns3:cad>85</ns3:cad>
          </ns3:TrackPointExtension>
        </extensions>
      </trkpt>
      <trkpt lat="49.13115064613521099090576171875" lon="6.1544819734990596771240234375">
        <ele>168.8000030517578125</ele>
        <time>2026-07-29T20:06:41.000Z</time>
        <extensions>
          <ns3:TrackPointExtension>
            <ns3:atemp>30.0</ns3:atemp>
            <ns3:hr>142</ns3:hr>
            <ns3:cad>85</ns3:cad>
          </ns3:TrackPointExtension>
        </extensions>
      </trkpt>
      <trkpt lat="49.13116757757961750030517578125" lon="6.154520027339458465576171875">
        <ele>168.8000030517578125</ele>
        <time>2026-07-29T20:06:42.000Z</time>
        <extensions>
          <ns3:TrackPointExtension>
            <ns3:atemp>31.0</ns3:atemp>
            <ns3:hr>142</ns3:hr>
            <ns3:cad>84</ns3:cad>
          </ns3:TrackPointExtension>
        </extensions>
      </trkpt>
      <trkpt lat="49.1311800666153430938720703125" lon="6.15455028600990772247314453125">
        <ele>168.8000030517578125</ele>
        <time>2026-07-29T20:06:43.000Z</time>
        <extensions>
          <ns3:TrackPointExtension>
            <ns3:atemp>31.0</ns3:atemp>
            <ns3:hr>142</ns3:hr>
            <ns3:cad>84</ns3:cad>
          </ns3:TrackPointExtension>
        </extensions>
      </trkpt>
      <trkpt lat="49.131196998059749603271484375" lon="6.1545793712139129638671875">
        <ele>168.8000030517578125</ele>
        <time>2026-07-29T20:06:44.000Z</time>
        <extensions>
          <ns3:TrackPointExtension>
            <ns3:atemp>31.0</ns3:atemp>
            <ns3:hr>142</ns3:hr>
            <ns3:cad>84</ns3:cad>
          </ns3:TrackPointExtension>
        </extensions>
      </trkpt>
      <trkpt lat="49.1312125883996486663818359375" lon="6.1546147428452968597412109375">
        <ele>168.8000030517578125</ele>
        <time>2026-07-29T20:06:45.000Z</time>
        <extensions>
          <ns3:TrackPointExtension>
            <ns3:atemp>31.0</ns3:atemp>
            <ns3:hr>141</ns3:hr>
            <ns3:cad>84</ns3:cad>
          </ns3:TrackPointExtension>
        </extensions>
      </trkpt>
      <trkpt lat="49.1312310285866260528564453125" lon="6.15463636815547943115234375">
        <ele>168.8000030517578125</ele>
        <time>2026-07-29T20:06:46.000Z</time>
        <extensions>
          <ns3:TrackPointExtension>
            <ns3:atemp>30.0</ns3:atemp>
            <ns3:hr>141</ns3:hr>
            <ns3:cad>84</ns3:cad>
          </ns3:TrackPointExtension>
        </extensions>
      </trkpt>
      <trkpt lat="49.13125039078295230865478515625" lon="6.15467618219554424285888671875">
        <ele>168.8000030517578125</ele>
        <time>2026-07-29T20:06:47.000Z</time>
        <extensions>
          <ns3:TrackPointExtension>
            <ns3:atemp>31.0</ns3:atemp>
            <ns3:hr>141</ns3:hr>
            <ns3:cad>84</ns3:cad>
          </ns3:TrackPointExtension>
        </extensions>
      </trkpt>
      <trkpt lat="49.131267070770263671875" lon="6.1547039262950420379638671875">
        <ele>168.8000030517578125</ele>
        <time>2026-07-29T20:06:48.000Z</time>
        <extensions>
          <ns3:TrackPointExtension>
            <ns3:atemp>31.0</ns3:atemp>
            <ns3:hr>141</ns3:hr>
            <ns3:cad>84</ns3:cad>
          </ns3:TrackPointExtension>
        </extensions>
      </trkpt>
      <trkpt lat="49.13128274492919445037841796875" lon="6.1547349393367767333984375">
        <ele>168.8000030517578125</ele>
        <time>2026-07-29T20:06:49.000Z</time>
        <extensions>
          <ns3:TrackPointExtension>
            <ns3:atemp>30.0</ns3:atemp>
            <ns3:hr>141</ns3:hr>
            <ns3:cad>84</ns3:cad>
          </ns3:TrackPointExtension>
        </extensions>
      </trkpt>
      <trkpt lat="49.131295569241046905517578125" lon="6.15477173589169979095458984375">
        <ele>168.8000030517578125</ele>
        <time>2026-07-29T20:06:50.000Z</time>
        <extensions>
          <ns3:TrackPointExtension>
            <ns3:atemp>30.0</ns3:atemp>
            <ns3:hr>141</ns3:hr>
            <ns3:cad>84</ns3:cad>
          </ns3:TrackPointExtension>
        </extensions>
      </trkpt>
      <trkpt lat="49.13130931556224822998046875" lon="6.15480174310505390167236328125">
        <ele>168.8000030517578125</ele>
        <time>2026-07-29T20:06:51.000Z</time>
        <extensions>
          <ns3:TrackPointExtension>
            <ns3:atemp>31.0</ns3:atemp>
            <ns3:hr>141</ns3:hr>
            <ns3:cad>85</ns3:cad>
          </ns3:TrackPointExtension>
        </extensions>
      </trkpt>
      <trkpt lat="49.1313262470066547393798828125" lon="6.15484667010605335235595703125">
        <ele>168.8000030517578125</ele>
        <time>2026-07-29T20:06:52.000Z</time>
        <extensions>
          <ns3:TrackPointExtension>
            <ns3:atemp>30.0</ns3:atemp>
            <ns3:hr>141</ns3:hr>
            <ns3:cad>85</ns3:cad>
          </ns3:TrackPointExtension>
        </extensions>
      </trkpt>
      <trkpt lat="49.13134208880364894866943359375" lon="6.1548762582242488861083984375">
        <ele>168.8000030517578125</ele>
        <time>2026-07-29T20:06:53.000Z</time>
        <extensions>
          <ns3:TrackPointExtension>
            <ns3:atemp>31.0</ns3:atemp>
            <ns3:hr>141</ns3:hr>
            <ns3:cad>84</ns3:cad>
          </ns3:TrackPointExtension>
        </extensions>
      </trkpt>
      <trkpt lat="49.1313651390373706817626953125" lon="6.1549079418182373046875">
        <ele>168.8000030517578125</ele>
        <time>2026-07-29T20:06:54.000Z</time>
        <extensions>
          <ns3:TrackPointExtension>
            <ns3:atemp>30.0</ns3:atemp>
            <ns3:hr>141</ns3:hr>
            <ns3:cad>84</ns3:cad>
          </ns3:TrackPointExtension>
        </extensions>
      </trkpt>
      <trkpt lat="49.1313810646533966064453125" lon="6.1549416370689868927001953125">
        <ele>168.8000030517578125</ele>
        <time>2026-07-29T20:06:55.000Z</time>
        <extensions>
          <ns3:TrackPointExtension>
            <ns3:atemp>31.0</ns3:atemp>
            <ns3:hr>141</ns3:hr>
            <ns3:cad>84</ns3:cad>
          </ns3:TrackPointExtension>
        </extensions>
      </trkpt>
      <trkpt lat="49.1313986666500568389892578125" lon="6.154968626797199249267578125">
        <ele>168.8000030517578125</ele>
        <time>2026-07-29T20:06:56.000Z</time>
        <extensions>
          <ns3:TrackPointExtension>
            <ns3:atemp>31.0</ns3:atemp>
            <ns3:hr>141</ns3:hr>
            <ns3:cad>84</ns3:cad>
          </ns3:TrackPointExtension>
        </extensions>
      </trkpt>
      <trkpt lat="49.13141165859997272491455078125" lon="6.1550100333988666534423828125">
        <ele>168.8000030517578125</ele>
        <time>2026-07-29T20:06:57.000Z</time>
        <extensions>
          <ns3:TrackPointExtension>
            <ns3:atemp>31.0</ns3:atemp>
            <ns3:hr>141</ns3:hr>
            <ns3:cad>84</ns3:cad>
          </ns3:TrackPointExtension>
        </extensions>
      </trkpt>
      <trkpt lat="49.13142372854053974151611328125" lon="6.155041046440601348876953125">
        <ele>168.8000030517578125</ele>
        <time>2026-07-29T20:06:58.000Z</time>
        <extensions>
          <ns3:TrackPointExtension>
            <ns3:atemp>30.0</ns3:atemp>
            <ns3:hr>141</ns3:hr>
            <ns3:cad>85</ns3:cad>
          </ns3:TrackPointExtension>
        </extensions>
      </trkpt>
      <trkpt lat="49.13143613375723361968994140625" lon="6.1550740711390972137451171875">
        <ele>168.600006103515625</ele>
        <time>2026-07-29T20:06:59.000Z</time>
        <extensions>
          <ns3:TrackPointExtension>
            <ns3:atemp>30.0</ns3:atemp>
            <ns3:hr>141</ns3:hr>
            <ns3:cad>85</ns3:cad>
          </ns3:TrackPointExtension>
        </extensions>
      </trkpt>
      <trkpt lat="49.13144988007843494415283203125" lon="6.1551052518188953399658203125">
        <ele>168.8000030517578125</ele>
        <time>2026-07-29T20:07:00.000Z</time>
        <extensions>
          <ns3:TrackPointExtension>
            <ns3:atemp>31.0</ns3:atemp>
            <ns3:hr>141</ns3:hr>
            <ns3:cad>84</ns3:cad>
          </ns3:TrackPointExtension>
        </extensions>
      </trkpt>
      <trkpt lat="49.1314653865993022918701171875" lon="6.1551401205360889434814453125">
        <ele>168.8000030517578125</ele>
        <time>2026-07-29T20:07:01.000Z</time>
        <extensions>
          <ns3:TrackPointExtension>
            <ns3:atemp>30.0</ns3:atemp>
            <ns3:hr>141</ns3:hr>
            <ns3:cad>84</ns3:cad>
          </ns3:TrackPointExtension>
        </extensions>
      </trkpt>
      <trkpt lat="49.13147938437759876251220703125" lon="6.15517876110970973968505859375">
        <ele>168.8000030517578125</ele>
        <time>2026-07-29T20:07:02.000Z</time>
        <extensions>
          <ns3:TrackPointExtension>
            <ns3:atemp>30.0</ns3:atemp>
            <ns3:hr>141</ns3:hr>
            <ns3:cad>85</ns3:cad>
          </ns3:TrackPointExtension>
        </extensions>
      </trkpt>
      <trkpt lat="49.131494723260402679443359375" lon="6.15520474500954151153564453125">
        <ele>168.8000030517578125</ele>
        <time>2026-07-29T20:07:03.000Z</time>
        <extensions>
          <ns3:TrackPointExtension>
            <ns3:atemp>30.0</ns3:atemp>
            <ns3:hr>141</ns3:hr>
            <ns3:cad>85</ns3:cad>
          </ns3:TrackPointExtension>
        </extensions>
      </trkpt>
      <trkpt lat="49.13151056505739688873291015625" lon="6.1552500911056995391845703125">
        <ele>168.8000030517578125</ele>
        <time>2026-07-29T20:07:04.000Z</time>
        <extensions>
          <ns3:TrackPointExtension>
            <ns3:atemp>30.0</ns3:atemp>
            <ns3:hr>142</ns3:hr>
            <ns3:cad>85</ns3:cad>
          </ns3:TrackPointExtension>
        </extensions>
      </trkpt>
      <trkpt lat="49.13152146153151988983154296875" lon="6.15528437308967113494873046875">
        <ele>168.8000030517578125</ele>
        <time>2026-07-29T20:07:05.000Z</time>
        <extensions>
          <ns3:TrackPointExtension>
            <ns3:atemp>31.0</ns3:atemp>
            <ns3:hr>142</ns3:hr>
            <ns3:cad>85</ns3:cad>
          </ns3:TrackPointExtension>
        </extensions>
      </trkpt>
      <trkpt lat="49.1315374709665775299072265625" lon="6.1553169786930084228515625">
        <ele>168.8000030517578125</ele>
        <time>2026-07-29T20:07:06.000Z</time>
        <extensions>
          <ns3:TrackPointExtension>
            <ns3:atemp>30.0</ns3:atemp>
            <ns3:hr>142</ns3:hr>
            <ns3:cad>85</ns3:cad>
          </ns3:TrackPointExtension>
        </extensions>
      </trkpt>
      <trkpt lat="49.13155205547809600830078125" lon="6.155356205999851226806640625">
        <ele>168.8000030517578125</ele>
        <time>2026-07-29T20:07:07.000Z</time>
        <extensions>
          <ns3:TrackPointExtension>
            <ns3:atemp>31.0</ns3:atemp>
            <ns3:hr>142</ns3:hr>
            <ns3:cad>85</ns3:cad>
          </ns3:TrackPointExtension>
        </extensions>
      </trkpt>
      <trkpt lat="49.13156873546540737152099609375" lon="6.15537875331938266754150390625">
        <ele>168.8000030517578125</ele>
        <time>2026-07-29T20:07:08.000Z</time>
        <extensions>
          <ns3:TrackPointExtension>
            <ns3:atemp>30.0</ns3:atemp>
            <ns3:hr>142</ns3:hr>
            <ns3:cad>85</ns3:cad>
          </ns3:TrackPointExtension>
        </extensions>
      </trkpt>
      <trkpt lat="49.1315837390720844268798828125" lon="6.1554187349975109100341796875">
        <ele>168.8000030517578125</ele>
        <time>2026-07-29T20:07:09.000Z</time>
        <extensions>
          <ns3:TrackPointExtension>
            <ns3:atemp>30.0</ns3:atemp>
            <ns3:hr>142</ns3:hr>
            <ns3:cad>84</ns3:cad>
          </ns3:TrackPointExtension>
        </extensions>
      </trkpt>
      <trkpt lat="49.13159740157425403594970703125" lon="6.15544647909700870513916015625">
        <ele>168.8000030517578125</ele>
        <time>2026-07-29T20:07:10.000Z</time>
        <extensions>
          <ns3:TrackPointExtension>
            <ns3:atemp>30.0</ns3:atemp>
            <ns3:hr>142</ns3:hr>
            <ns3:cad>84</ns3:cad>
          </ns3:TrackPointExtension>
        </extensions>
      </trkpt>
      <trkpt lat="49.13161282427608966827392578125" lon="6.1554861254990100860595703125">
        <ele>168.8000030517578125</ele>
        <time>2026-07-29T20:07:11.000Z</time>
        <extensions>
          <ns3:TrackPointExtension>
            <ns3:atemp>30.0</ns3:atemp>
            <ns3:hr>142</ns3:hr>
            <ns3:cad>84</ns3:cad>
          </ns3:TrackPointExtension>
        </extensions>
      </trkpt>
      <trkpt lat="49.13162648677825927734375" lon="6.15552057512104511260986328125">
        <ele>168.8000030517578125</ele>
        <time>2026-07-29T20:07:12.000Z</time>
        <extensions>
          <ns3:TrackPointExtension>
            <ns3:atemp>30.0</ns3:atemp>
            <ns3:hr>143</ns3:hr>
            <ns3:cad>84</ns3:cad>
          </ns3:TrackPointExtension>
        </extensions>
      </trkpt>
      <trkpt lat="49.131642244756221771240234375" lon="6.155549325048923492431640625">
        <ele>168.8000030517578125</ele>
        <time>2026-07-29T20:07:13.000Z</time>
        <extensions>
          <ns3:TrackPointExtension>
            <ns3:atemp>30.0</ns3:atemp>
            <ns3:hr>143</ns3:hr>
            <ns3:cad>84</ns3:cad>
          </ns3:TrackPointExtension>
        </extensions>
      </trkpt>
      <trkpt lat="49.13165858946740627288818359375" lon="6.15558628924190998077392578125">
        <ele>168.8000030517578125</ele>
        <time>2026-07-29T20:07:14.000Z</time>
        <extensions>
          <ns3:TrackPointExtension>
            <ns3:atemp>30.0</ns3:atemp>
            <ns3:hr>144</ns3:hr>
            <ns3:cad>84</ns3:cad>
          </ns3:TrackPointExtension>
        </extensions>
      </trkpt>
      <trkpt lat="49.1316742636263370513916015625" lon="6.15561135113239288330078125">
        <ele>168.8000030517578125</ele>
        <time>2026-07-29T20:07:15.000Z</time>
        <extensions>
          <ns3:TrackPointExtension>
            <ns3:atemp>30.0</ns3:atemp>
            <ns3:hr>144</ns3:hr>
            <ns3:cad>85</ns3:cad>
          </ns3:TrackPointExtension>
        </extensions>
      </trkpt>
      <trkpt lat="49.131692536175251007080078125" lon="6.155651248991489410400390625">
        <ele>168.8000030517578125</ele>
        <time>2026-07-29T20:07:16.000Z</time>
        <extensions>
          <ns3:TrackPointExtension>
            <ns3:atemp>30.0</ns3:atemp>
            <ns3:hr>144</ns3:hr>
            <ns3:cad>85</ns3:cad>
          </ns3:TrackPointExtension>
        </extensions>
      </trkpt>
      <trkpt lat="49.131713323295116424560546875" lon="6.15567614324390888214111328125">
        <ele>168.8000030517578125</ele>
        <time>2026-07-29T20:07:17.000Z</time>
        <extensions>
          <ns3:TrackPointExtension>
            <ns3:atemp>30.0</ns3:atemp>
            <ns3:hr>144</ns3:hr>
            <ns3:cad>85</ns3:cad>
          </ns3:TrackPointExtension>
        </extensions>
      </trkpt>
      <trkpt lat="49.13173721171915531158447265625" lon="6.15569056011736392974853515625">
        <ele>168.600006103515625</ele>
        <time>2026-07-29T20:07:18.000Z</time>
        <extensions>
          <ns3:TrackPointExtension>
            <ns3:atemp>30.0</ns3:atemp>
            <ns3:hr>144</ns3:hr>
            <ns3:cad>85</ns3:cad>
          </ns3:TrackPointExtension>
        </extensions>
      </trkpt>
      <trkpt lat="49.13176788948476314544677734375" lon="6.15569609217345714569091796875">
        <ele>168.600006103515625</ele>
        <time>2026-07-29T20:07:19.000Z</time>
        <extensions>
          <ns3:TrackPointExtension>
            <ns3:atemp>30.0</ns3:atemp>
            <ns3:hr>144</ns3:hr>
            <ns3:cad>85</ns3:cad>
          </ns3:TrackPointExtension>
        </extensions>
      </trkpt>
      <trkpt lat="49.13178674876689910888671875" lon="6.1556817591190338134765625">
        <ele>168.600006103515625</ele>
        <time>2026-07-29T20:07:20.000Z</time>
        <extensions>
          <ns3:TrackPointExtension>
            <ns3:atemp>30.0</ns3:atemp>
            <ns3:hr>144</ns3:hr>
            <ns3:cad>84</ns3:cad>
          </ns3:TrackPointExtension>
        </extensions>
      </trkpt>
      <trkpt lat="49.13181147538125514984130859375" lon="6.15565954707562923431396484375">
        <ele>168.399993896484375</ele>
        <time>2026-07-29T20:07:21.000Z</time>
        <extensions>
          <ns3:TrackPointExtension>
            <ns3:atemp>30.0</ns3:atemp>
            <ns3:hr>144</ns3:hr>
            <ns3:cad>84</ns3:cad>
          </ns3:TrackPointExtension>
        </extensions>
      </trkpt>
      <trkpt lat="49.13182807154953479766845703125" lon="6.15563574247062206268310546875">
        <ele>168.399993896484375</ele>
        <time>2026-07-29T20:07:22.000Z</time>
        <extensions>
          <ns3:TrackPointExtension>
            <ns3:atemp>30.0</ns3:atemp>
            <ns3:hr>145</ns3:hr>
            <ns3:cad>84</ns3:cad>
          </ns3:TrackPointExtension>
        </extensions>
      </trkpt>
      <trkpt lat="49.13184198550879955291748046875" lon="6.1556074954569339752197265625">
        <ele>168.399993896484375</ele>
        <time>2026-07-29T20:07:23.000Z</time>
        <extensions>
          <ns3:TrackPointExtension>
            <ns3:atemp>30.0</ns3:atemp>
            <ns3:hr>145</ns3:hr>
            <ns3:cad>84</ns3:cad>
          </ns3:TrackPointExtension>
        </extensions>
      </trkpt>
      <trkpt lat="49.1318620182573795318603515625" lon="6.15557790733873844146728515625">
        <ele>168.399993896484375</ele>
        <time>2026-07-29T20:07:24.000Z</time>
        <extensions>
          <ns3:TrackPointExtension>
            <ns3:atemp>30.0</ns3:atemp>
            <ns3:hr>145</ns3:hr>
            <ns3:cad>83</ns3:cad>
          </ns3:TrackPointExtension>
        </extensions>
      </trkpt>
      <trkpt lat="49.13187392055988311767578125" lon="6.15555192343890666961669921875">
        <ele>168.399993896484375</ele>
        <time>2026-07-29T20:07:25.000Z</time>
        <extensions>
          <ns3:TrackPointExtension>
            <ns3:atemp>30.0</ns3:atemp>
            <ns3:hr>145</ns3:hr>
            <ns3:cad>83</ns3:cad>
          </ns3:TrackPointExtension>
        </extensions>
      </trkpt>
      <trkpt lat="49.13189403712749481201171875" lon="6.15551881492137908935546875">
        <ele>168.600006103515625</ele>
        <time>2026-07-29T20:07:26.000Z</time>
        <extensions>
          <ns3:TrackPointExtension>
            <ns3:atemp>30.0</ns3:atemp>
            <ns3:hr>145</ns3:hr>
            <ns3:cad>83</ns3:cad>
          </ns3:TrackPointExtension>
        </extensions>
      </trkpt>
      <trkpt lat="49.13190744817256927490234375" lon="6.15549291484057903289794921875">
        <ele>168.600006103515625</ele>
        <time>2026-07-29T20:07:27.000Z</time>
        <extensions>
          <ns3:TrackPointExtension>
            <ns3:atemp>30.0</ns3:atemp>
            <ns3:hr>145</ns3:hr>
            <ns3:cad>84</ns3:cad>
          </ns3:TrackPointExtension>
        </extensions>
      </trkpt>
      <trkpt lat="49.13192245177924633026123046875" lon="6.1554591357707977294921875">
        <ele>168.600006103515625</ele>
        <time>2026-07-29T20:07:28.000Z</time>
        <extensions>
          <ns3:TrackPointExtension>
            <ns3:atemp>30.0</ns3:atemp>
            <ns3:hr>145</ns3:hr>
            <ns3:cad>84</ns3:cad>
          </ns3:TrackPointExtension>
        </extensions>
      </trkpt>
      <trkpt lat="49.13194055669009685516357421875" lon="6.1554261110723018646240234375">
        <ele>168.600006103515625</ele>
        <time>2026-07-29T20:07:29.000Z</time>
        <extensions>
          <ns3:TrackPointExtension>
            <ns3:atemp>30.0</ns3:atemp>
            <ns3:hr>146</ns3:hr>
            <ns3:cad>84</ns3:cad>
          </ns3:TrackPointExtension>
        </extensions>
      </trkpt>
      <trkpt lat="49.1319495253264904022216796875" lon="6.15539568476378917694091796875">
        <ele>168.600006103515625</ele>
        <time>2026-07-29T20:07:30.000Z</time>
        <extensions>
          <ns3:TrackPointExtension>
            <ns3:atemp>30.0</ns3:atemp>
            <ns3:hr>146</ns3:hr>
            <ns3:cad>84</ns3:cad>
          </ns3:TrackPointExtension>
        </extensions>
      </trkpt>
      <trkpt lat="49.1319689713418483734130859375" lon="6.15535796619951725006103515625">
        <ele>168.600006103515625</ele>
        <time>2026-07-29T20:07:31.000Z</time>
        <extensions>
          <ns3:TrackPointExtension>
            <ns3:atemp>30.0</ns3:atemp>
            <ns3:hr>147</ns3:hr>
            <ns3:cad>84</ns3:cad>
          </ns3:TrackPointExtension>
        </extensions>
      </trkpt>
      <trkpt lat="49.13198078982532024383544921875" lon="6.15532846190035343170166015625">
        <ele>168.600006103515625</ele>
        <time>2026-07-29T20:07:32.000Z</time>
        <extensions>
          <ns3:TrackPointExtension>
            <ns3:atemp>30.0</ns3:atemp>
            <ns3:hr>147</ns3:hr>
            <ns3:cad>85</ns3:cad>
          </ns3:TrackPointExtension>
        </extensions>
      </trkpt>
      <trkpt lat="49.131999313831329345703125" lon="6.15529510192573070526123046875">
        <ele>168.600006103515625</ele>
        <time>2026-07-29T20:07:33.000Z</time>
        <extensions>
          <ns3:TrackPointExtension>
            <ns3:atemp>30.0</ns3:atemp>
            <ns3:hr>148</ns3:hr>
            <ns3:cad>85</ns3:cad>
          </ns3:TrackPointExtension>
        </extensions>
      </trkpt>
      <trkpt lat="49.1320206038653850555419921875" lon="6.155270375311374664306640625">
        <ele>168.600006103515625</ele>
        <time>2026-07-29T20:07:34.000Z</time>
        <extensions>
          <ns3:TrackPointExtension>
            <ns3:atemp>30.0</ns3:atemp>
            <ns3:hr>148</ns3:hr>
            <ns3:cad>85</ns3:cad>
          </ns3:TrackPointExtension>
        </extensions>
      </trkpt>
      <trkpt lat="49.1320413909852504730224609375" lon="6.15524657070636749267578125">
        <ele>168.600006103515625</ele>
        <time>2026-07-29T20:07:35.000Z</time>
        <extensions>
          <ns3:TrackPointExtension>
            <ns3:atemp>30.0</ns3:atemp>
            <ns3:hr>148</ns3:hr>
            <ns3:cad>85</ns3:cad>
          </ns3:TrackPointExtension>
        </extensions>
      </trkpt>
      <trkpt lat="49.13206846453249454498291015625" lon="6.15522737614810466766357421875">
        <ele>168.600006103515625</ele>
        <time>2026-07-29T20:07:36.000Z</time>
        <extensions>
          <ns3:TrackPointExtension>
            <ns3:atemp>30.0</ns3:atemp>
            <ns3:hr>149</ns3:hr>
            <ns3:cad>85</ns3:cad>
          </ns3:TrackPointExtension>
        </extensions>
      </trkpt>
      <trkpt lat="49.132081456482410430908203125" lon="6.1552004702389240264892578125">
        <ele>168.600006103515625</ele>
        <time>2026-07-29T20:07:37.000Z</time>
        <extensions>
          <ns3:TrackPointExtension>
            <ns3:atemp>30.0</ns3:atemp>
            <ns3:hr>149</ns3:hr>
            <ns3:cad>85</ns3:cad>
          </ns3:TrackPointExtension>
        </extensions>
      </trkpt>
      <trkpt lat="49.13210014812648296356201171875" lon="6.155161075294017791748046875">
        <ele>168.600006103515625</ele>
        <time>2026-07-29T20:07:38.000Z</time>
        <extensions>
          <ns3:TrackPointExtension>
            <ns3:atemp>30.0</ns3:atemp>
            <ns3:hr>149</ns3:hr>
            <ns3:cad>85</ns3:cad>
          </ns3:TrackPointExtension>
        </extensions>
      </trkpt>
      <trkpt lat="49.1321107931435108184814453125" lon="6.1551265418529510498046875">
        <ele>168.600006103515625</ele>
        <time>2026-07-29T20:07:39.000Z</time>
        <extensions>
          <ns3:TrackPointExtension>
            <ns3:atemp>30.0</ns3:atemp>
            <ns3:hr>149</ns3:hr>
            <ns3:cad>85</ns3:cad>
          </ns3:TrackPointExtension>
        </extensions>
      </trkpt>
      <trkpt lat="49.13213032297790050506591796875" lon="6.15508689545094966888427734375">
        <ele>168.399993896484375</ele>
        <time>2026-07-29T20:07:40.000Z</time>
        <extensions>
          <ns3:TrackPointExtension>
            <ns3:atemp>30.0</ns3:atemp>
            <ns3:hr>149</ns3:hr>
            <ns3:cad>86</ns3:cad>
          </ns3:TrackPointExtension>
        </extensions>
      </trkpt>
      <trkpt lat="49.13214608095586299896240234375" lon="6.155055798590183258056640625">
        <ele>168.600006103515625</ele>
        <time>2026-07-29T20:07:41.000Z</time>
        <extensions>
          <ns3:TrackPointExtension>
            <ns3:atemp>30.0</ns3:atemp>
            <ns3:hr>149</ns3:hr>
            <ns3:cad>86</ns3:cad>
          </ns3:TrackPointExtension>
        </extensions>
      </trkpt>
      <trkpt lat="49.13216301240026950836181640625" lon="6.155022941529750823974609375">
        <ele>168.600006103515625</ele>
        <time>2026-07-29T20:07:42.000Z</time>
        <extensions>
          <ns3:TrackPointExtension>
            <ns3:atemp>30.0</ns3:atemp>
            <ns3:hr>149</ns3:hr>
            <ns3:cad>86</ns3:cad>
          </ns3:TrackPointExtension>
        </extensions>
      </trkpt>
      <trkpt lat="49.13218237459659576416015625" lon="6.15499846637248992919921875">
        <ele>168.399993896484375</ele>
        <time>2026-07-29T20:07:43.000Z</time>
        <extensions>
          <ns3:TrackPointExtension>
            <ns3:atemp>30.0</ns3:atemp>
            <ns3:hr>148</ns3:hr>
            <ns3:cad>87</ns3:cad>
          </ns3:TrackPointExtension>
        </extensions>
      </trkpt>
      <trkpt lat="49.1321962885558605194091796875" lon="6.15497457794845104217529296875">
        <ele>168.600006103515625</ele>
        <time>2026-07-29T20:07:44.000Z</time>
        <extensions>
          <ns3:TrackPointExtension>
            <ns3:atemp>30.0</ns3:atemp>
            <ns3:hr>148</ns3:hr>
            <ns3:cad>87</ns3:cad>
          </ns3:TrackPointExtension>
        </extensions>
      </trkpt>
      <trkpt lat="49.1322190873324871063232421875" lon="6.15494507364928722381591796875">
        <ele>168.600006103515625</ele>
        <time>2026-07-29T20:07:45.000Z</time>
        <extensions>
          <ns3:TrackPointExtension>
            <ns3:atemp>30.0</ns3:atemp>
            <ns3:hr>148</ns3:hr>
            <ns3:cad>87</ns3:cad>
          </ns3:TrackPointExtension>
        </extensions>
      </trkpt>
      <trkpt lat="49.1322366893291473388671875" lon="6.15492462180554866790771484375">
        <ele>168.600006103515625</ele>
        <time>2026-07-29T20:07:46.000Z</time>
        <extensions>
          <ns3:TrackPointExtension>
            <ns3:atemp>30.0</ns3:atemp>
            <ns3:hr>147</ns3:hr>
            <ns3:cad>86</ns3:cad>
          </ns3:TrackPointExtension>
        </extensions>
      </trkpt>
      <trkpt lat="49.1322542913258075714111328125" lon="6.15489712916314601898193359375">
        <ele>168.600006103515625</ele>
        <time>2026-07-29T20:07:47.000Z</time>
        <extensions>
          <ns3:TrackPointExtension>
            <ns3:atemp>30.0</ns3:atemp>
            <ns3:hr>147</ns3:hr>
            <ns3:cad>86</ns3:cad>
          </ns3:TrackPointExtension>
        </extensions>
      </trkpt>
      <trkpt lat="49.1322633437812328338623046875" lon="6.15486343391239643096923828125">
        <ele>168.600006103515625</ele>
        <time>2026-07-29T20:07:48.000Z</time>
        <extensions>
          <ns3:TrackPointExtension>
            <ns3:atemp>30.0</ns3:atemp>
            <ns3:hr>147</ns3:hr>
            <ns3:cad>85</ns3:cad>
          </ns3:TrackPointExtension>
        </extensions>
      </trkpt>
      <trkpt lat="49.13225856609642505645751953125" lon="6.1548343487083911895751953125">
        <ele>168.600006103515625</ele>
        <time>2026-07-29T20:07:49.000Z</time>
        <extensions>
          <ns3:TrackPointExtension>
            <ns3:atemp>30.0</ns3:atemp>
            <ns3:hr>146</ns3:hr>
            <ns3:cad>85</ns3:cad>
          </ns3:TrackPointExtension>
        </extensions>
      </trkpt>
      <trkpt lat="49.132249094545841217041015625" lon="6.15478917025029659271240234375">
        <ele>168.600006103515625</ele>
        <time>2026-07-29T20:07:50.000Z</time>
        <extensions>
          <ns3:TrackPointExtension>
            <ns3:atemp>30.0</ns3:atemp>
            <ns3:hr>146</ns3:hr>
            <ns3:cad>84</ns3:cad>
          </ns3:TrackPointExtension>
        </extensions>
      </trkpt>
      <trkpt lat="49.13224138319492340087890625" lon="6.1547579057514667510986328125">
        <ele>168.600006103515625</ele>
        <time>2026-07-29T20:07:51.000Z</time>
        <extensions>
          <ns3:TrackPointExtension>
            <ns3:atemp>30.0</ns3:atemp>
            <ns3:hr>146</ns3:hr>
            <ns3:cad>84</ns3:cad>
          </ns3:TrackPointExtension>
        </extensions>
      </trkpt>
      <trkpt lat="49.132229983806610107421875" lon="6.15472328849136829376220703125">
        <ele>168.8000030517578125</ele>
        <time>2026-07-29T20:07:52.000Z</time>
        <extensions>
          <ns3:TrackPointExtension>
            <ns3:atemp>30.0</ns3:atemp>
            <ns3:hr>145</ns3:hr>
            <ns3:cad>84</ns3:cad>
          </ns3:TrackPointExtension>
        </extensions>
      </trkpt>
      <trkpt lat="49.13221967406570911407470703125" lon="6.15469009615480899810791015625">
        <ele>168.8000030517578125</ele>
        <time>2026-07-29T20:07:53.000Z</time>
        <extensions>
          <ns3:TrackPointExtension>
            <ns3:atemp>30.0</ns3:atemp>
            <ns3:hr>145</ns3:hr>
            <ns3:cad>84</ns3:cad>
          </ns3:TrackPointExtension>
        </extensions>
      </trkpt>
      <trkpt lat="49.13220693357288837432861328125" lon="6.154666207730770111083984375">
        <ele>168.8000030517578125</ele>
        <time>2026-07-29T20:07:54.000Z</time>
        <extensions>
          <ns3:TrackPointExtension>
            <ns3:atemp>30.0</ns3:atemp>
            <ns3:hr>144</ns3:hr>
            <ns3:cad>84</ns3:cad>
          </ns3:TrackPointExtension>
        </extensions>
      </trkpt>
      <trkpt lat="49.13218765519559383392333984375" lon="6.15463024936616420745849609375">
        <ele>168.8000030517578125</ele>
        <time>2026-07-29T20:07:55.000Z</time>
        <extensions>
          <ns3:TrackPointExtension>
            <ns3:atemp>30.0</ns3:atemp>
            <ns3:hr>144</ns3:hr>
            <ns3:cad>84</ns3:cad>
          </ns3:TrackPointExtension>
        </extensions>
      </trkpt>
      <trkpt lat="49.1321718133985996246337890625" lon="6.15460552275180816650390625">
        <ele>168.8000030517578125</ele>
        <time>2026-07-29T20:07:56.000Z</time>
        <extensions>
          <ns3:TrackPointExtension>
            <ns3:atemp>30.0</ns3:atemp>
            <ns3:hr>143</ns3:hr>
            <ns3:cad>84</ns3:cad>
          </ns3:TrackPointExtension>
        </extensions>
      </trkpt>
      <trkpt lat="49.1321537084877490997314453125" lon="6.15457333624362945556640625">
        <ele>168.8000030517578125</ele>
        <time>2026-07-29T20:07:57.000Z</time>
        <extensions>
          <ns3:TrackPointExtension>
            <ns3:atemp>30.0</ns3:atemp>
            <ns3:hr>143</ns3:hr>
            <ns3:cad>84</ns3:cad>
          </ns3:TrackPointExtension>
        </extensions>
      </trkpt>
      <trkpt lat="49.132138788700103759765625" lon="6.15453980863094329833984375">
        <ele>168.600006103515625</ele>
        <time>2026-07-29T20:07:58.000Z</time>
        <extensions>
          <ns3:TrackPointExtension>
            <ns3:atemp>30.0</ns3:atemp>
            <ns3:hr>143</ns3:hr>
            <ns3:cad>84</ns3:cad>
          </ns3:TrackPointExtension>
        </extensions>
      </trkpt>
      <trkpt lat="49.13212495855987071990966796875" lon="6.15451742894947528839111328125">
        <ele>168.600006103515625</ele>
        <time>2026-07-29T20:07:59.000Z</time>
        <extensions>
          <ns3:TrackPointExtension>
            <ns3:atemp>30.0</ns3:atemp>
            <ns3:hr>143</ns3:hr>
            <ns3:cad>85</ns3:cad>
          </ns3:TrackPointExtension>
        </extensions>
      </trkpt>
      <trkpt lat="49.1321027465164661407470703125" lon="6.15448591299355030059814453125">
        <ele>168.600006103515625</ele>
        <time>2026-07-29T20:08:00.000Z</time>
        <extensions>
          <ns3:TrackPointExtension>
            <ns3:atemp>30.0</ns3:atemp>
            <ns3:hr>144</ns3:hr>
            <ns3:cad>85</ns3:cad>
          </ns3:TrackPointExtension>
        </extensions>
      </trkpt>
      <trkpt lat="49.13208506070077419281005859375" lon="6.15446462295949459075927734375">
        <ele>168.600006103515625</ele>
        <time>2026-07-29T20:08:01.000Z</time>
        <extensions>
          <ns3:TrackPointExtension>
            <ns3:atemp>30.0</ns3:atemp>
            <ns3:hr>144</ns3:hr>
            <ns3:cad>84</ns3:cad>
          </ns3:TrackPointExtension>
        </extensions>
      </trkpt>
      <trkpt lat="49.1320651955902576446533203125" lon="6.1544420756399631500244140625">
        <ele>168.600006103515625</ele>
        <time>2026-07-29T20:08:02.000Z</time>
        <extensions>
          <ns3:TrackPointExtension>
            <ns3:atemp>30.0</ns3:atemp>
            <ns3:hr>144</ns3:hr>
            <ns3:cad>84</ns3:cad>
          </ns3:TrackPointExtension>
        </extensions>
      </trkpt>
      <trkpt lat="49.13204600103199481964111328125" lon="6.15441240370273590087890625">
        <ele>168.600006103515625</ele>
        <time>2026-07-29T20:08:03.000Z</time>
        <extensions>
          <ns3:TrackPointExtension>
            <ns3:atemp>30.0</ns3:atemp>
            <ns3:hr>145</ns3:hr>
            <ns3:cad>83</ns3:cad>
          </ns3:TrackPointExtension>
        </extensions>
      </trkpt>
      <trkpt lat="49.1320256330072879791259765625" lon="6.1543917842209339141845703125">
        <ele>168.8000030517578125</ele>
        <time>2026-07-29T20:08:04.000Z</time>
        <extensions>
          <ns3:TrackPointExtension>
            <ns3:atemp>30.0</ns3:atemp>
            <ns3:hr>145</ns3:hr>
            <ns3:cad>83</ns3:cad>
          </ns3:TrackPointExtension>
        </extensions>
      </trkpt>
      <trkpt lat="49.132004342973232269287109375" lon="6.15436253137886524200439453125">
        <ele>168.8000030517578125</ele>
        <time>2026-07-29T20:08:05.000Z</time>
        <extensions>
          <ns3:TrackPointExtension>
            <ns3:atemp>30.0</ns3:atemp>
            <ns3:hr>145</ns3:hr>
            <ns3:cad>83</ns3:cad>
          </ns3:TrackPointExtension>
        </extensions>
      </trkpt>
      <trkpt lat="49.13198716007173061370849609375" lon="6.15434492938220500946044921875">
        <ele>169</ele>
        <time>2026-07-29T20:08:06.000Z</time>
        <extensions>
          <ns3:TrackPointExtension>
            <ns3:atemp>30.0</ns3:atemp>
            <ns3:hr>144</ns3:hr>
            <ns3:cad>83</ns3:cad>
          </ns3:TrackPointExtension>
        </extensions>
      </trkpt>
      <trkpt lat="49.13197140209376811981201171875" lon="6.15432531572878360748291015625">
        <ele>169</ele>
        <time>2026-07-29T20:08:07.000Z</time>
        <extensions>
          <ns3:TrackPointExtension>
            <ns3:atemp>30.0</ns3:atemp>
            <ns3:hr>144</ns3:hr>
            <ns3:cad>84</ns3:cad>
          </ns3:TrackPointExtension>
        </extensions>
      </trkpt>
      <trkpt lat="49.13196754641830921173095703125" lon="6.154293715953826904296875">
        <ele>169</ele>
        <time>2026-07-29T20:08:08.000Z</time>
        <extensions>
          <ns3:TrackPointExtension>
            <ns3:atemp>30.0</ns3:atemp>
            <ns3:hr>144</ns3:hr>
            <ns3:cad>84</ns3:cad>
          </ns3:TrackPointExtension>
        </extensions>
      </trkpt>
      <trkpt lat="49.13195908069610595703125" lon="6.1542720906436443328857421875">
        <ele>169</ele>
        <time>2026-07-29T20:08:09.000Z</time>
        <extensions>
          <ns3:TrackPointExtension>
            <ns3:atemp>30.0</ns3:atemp>
            <ns3:hr>145</ns3:hr>
            <ns3:cad>84</ns3:cad>
          </ns3:TrackPointExtension>
        </extensions>
      </trkpt>
      <trkpt lat="49.13195128552615642547607421875" lon="6.1542338691651821136474609375">
        <ele>169</ele>
        <time>2026-07-29T20:08:10.000Z</time>
        <extensions>
          <ns3:TrackPointExtension>
            <ns3:atemp>30.0</ns3:atemp>
            <ns3:hr>145</ns3:hr>
            <ns3:cad>84</ns3:cad>
          </ns3:TrackPointExtension>
        </extensions>
      </trkpt>
      <trkpt lat="49.1319451667368412017822265625" lon="6.154202520847320556640625">
        <ele>169</ele>
        <time>2026-07-29T20:08:11.000Z</time>
        <extensions>
          <ns3:TrackPointExtension>
            <ns3:atemp>30.0</ns3:atemp>
            <ns3:hr>145</ns3:hr>
            <ns3:cad>84</ns3:cad>
          </ns3:TrackPointExtension>
        </extensions>
      </trkpt>
      <trkpt lat="49.1319364495575428009033203125" lon="6.1541689932346343994140625">
        <ele>169</ele>
        <time>2026-07-29T20:08:12.000Z</time>
        <extensions>
          <ns3:TrackPointExtension>
            <ns3:atemp>30.0</ns3:atemp>
            <ns3:hr>145</ns3:hr>
            <ns3:cad>83</ns3:cad>
          </ns3:TrackPointExtension>
        </extensions>
      </trkpt>
      <trkpt lat="49.13192748092114925384521484375" lon="6.15413320250809192657470703125">
        <ele>169</ele>
        <time>2026-07-29T20:08:13.000Z</time>
        <extensions>
          <ns3:TrackPointExtension>
            <ns3:atemp>30.0</ns3:atemp>
            <ns3:hr>144</ns3:hr>
            <ns3:cad>83</ns3:cad>
          </ns3:TrackPointExtension>
        </extensions>
      </trkpt>
      <trkpt lat="49.131914488971233367919921875" lon="6.1541046202182769775390625">
        <ele>169</ele>
        <time>2026-07-29T20:08:14.000Z</time>
        <extensions>
          <ns3:TrackPointExtension>
            <ns3:atemp>30.0</ns3:atemp>
            <ns3:hr>144</ns3:hr>
            <ns3:cad>83</ns3:cad>
          </ns3:TrackPointExtension>
        </extensions>
      </trkpt>
      <trkpt lat="49.13190099410712718963623046875" lon="6.15406866185367107391357421875">
        <ele>169</ele>
        <time>2026-07-29T20:08:15.000Z</time>
        <extensions>
          <ns3:TrackPointExtension>
            <ns3:atemp>30.0</ns3:atemp>
            <ns3:hr>144</ns3:hr>
            <ns3:cad>83</ns3:cad>
          </ns3:TrackPointExtension>
        </extensions>
      </trkpt>
      <trkpt lat="49.13188875652849674224853515625" lon="6.1540380679070949554443359375">
        <ele>168.8000030517578125</ele>
        <time>2026-07-29T20:08:16.000Z</time>
        <extensions>
          <ns3:TrackPointExtension>
            <ns3:atemp>30.0</ns3:atemp>
            <ns3:hr>144</ns3:hr>
            <ns3:cad>83</ns3:cad>
          </ns3:TrackPointExtension>
        </extensions>
      </trkpt>
      <trkpt lat="49.13187484256923198699951171875" lon="6.15401485003530979156494140625">
        <ele>168.8000030517578125</ele>
        <time>2026-07-29T20:08:17.000Z</time>
        <extensions>
          <ns3:TrackPointExtension>
            <ns3:atemp>30.0</ns3:atemp>
            <ns3:hr>144</ns3:hr>
            <ns3:cad>83</ns3:cad>
          </ns3:TrackPointExtension>
        </extensions>
      </trkpt>
      <trkpt lat="49.13186025805771350860595703125" lon="6.1539820767939090728759765625">
        <ele>168.8000030517578125</ele>
        <time>2026-07-29T20:08:18.000Z</time>
        <extensions>
          <ns3:TrackPointExtension>
            <ns3:atemp>30.0</ns3:atemp>
            <ns3:hr>144</ns3:hr>
            <ns3:cad>83</ns3:cad>
          </ns3:TrackPointExtension>
        </extensions>
      </trkpt>
      <trkpt lat="49.13184709846973419189453125" lon="6.15396003238856792449951171875">
        <ele>168.8000030517578125</ele>
        <time>2026-07-29T20:08:19.000Z</time>
        <extensions>
          <ns3:TrackPointExtension>
            <ns3:atemp>30.0</ns3:atemp>
            <ns3:hr>144</ns3:hr>
            <ns3:cad>84</ns3:cad>
          </ns3:TrackPointExtension>
        </extensions>
      </trkpt>
      <trkpt lat="49.13183427415788173675537109375" lon="6.1539207212626934051513671875">
        <ele>168.8000030517578125</ele>
        <time>2026-07-29T20:08:20.000Z</time>
        <extensions>
          <ns3:TrackPointExtension>
            <ns3:atemp>30.0</ns3:atemp>
            <ns3:hr>144</ns3:hr>
            <ns3:cad>84</ns3:cad>
          </ns3:TrackPointExtension>
        </extensions>
      </trkpt>
      <trkpt lat="49.1318328492343425750732421875" lon="6.15387990139424800872802734375">
        <ele>168.8000030517578125</ele>
        <time>2026-07-29T20:08:21.000Z</time>
        <extensions>
          <ns3:TrackPointExtension>
            <ns3:atemp>30.0</ns3:atemp>
            <ns3:hr>144</ns3:hr>
            <ns3:cad>84</ns3:cad>
          </ns3:TrackPointExtension>
        </extensions>
      </trkpt>
      <trkpt lat="49.13182488642632961273193359375" lon="6.15384721197187900543212890625">
        <ele>168.8000030517578125</ele>
        <time>2026-07-29T20:08:22.000Z</time>
        <extensions>
          <ns3:TrackPointExtension>
            <ns3:atemp>30.0</ns3:atemp>
            <ns3:hr>144</ns3:hr>
            <ns3:cad>84</ns3:cad>
          </ns3:TrackPointExtension>
        </extensions>
      </trkpt>
      <trkpt lat="49.13181415759027004241943359375" lon="6.1538015305995941162109375">
        <ele>168.8000030517578125</ele>
        <time>2026-07-29T20:08:23.000Z</time>
        <extensions>
          <ns3:TrackPointExtension>
            <ns3:atemp>30.0</ns3:atemp>
            <ns3:hr>144</ns3:hr>
            <ns3:cad>84</ns3:cad>
          </ns3:TrackPointExtension>
        </extensions>
      </trkpt>
      <trkpt lat="49.1318009980022907257080078125" lon="6.15377563051879405975341796875">
        <ele>168.8000030517578125</ele>
        <time>2026-07-29T20:08:24.000Z</time>
        <extensions>
          <ns3:TrackPointExtension>
            <ns3:atemp>30.0</ns3:atemp>
            <ns3:hr>144</ns3:hr>
            <ns3:cad>84</ns3:cad>
          </ns3:TrackPointExtension>
        </extensions>
      </trkpt>
      <trkpt lat="49.13178674876689910888671875" lon="6.15374092943966388702392578125">
        <ele>168.8000030517578125</ele>
        <time>2026-07-29T20:08:25.000Z</time>
        <extensions>
          <ns3:TrackPointExtension>
            <ns3:atemp>30.0</ns3:atemp>
            <ns3:hr>144</ns3:hr>
            <ns3:cad>84</ns3:cad>
          </ns3:TrackPointExtension>
        </extensions>
      </trkpt>
      <trkpt lat="49.1317738406360149383544921875" lon="6.15370698273181915283203125">
        <ele>168.8000030517578125</ele>
        <time>2026-07-29T20:08:26.000Z</time>
        <extensions>
          <ns3:TrackPointExtension>
            <ns3:atemp>30.0</ns3:atemp>
            <ns3:hr>144</ns3:hr>
            <ns3:cad>84</ns3:cad>
          </ns3:TrackPointExtension>
        </extensions>
      </trkpt>
      <trkpt lat="49.1317637823522090911865234375" lon="6.1536799930036067962646484375">
        <ele>168.8000030517578125</ele>
        <time>2026-07-29T20:08:27.000Z</time>
        <extensions>
          <ns3:TrackPointExtension>
            <ns3:atemp>30.0</ns3:atemp>
            <ns3:hr>144</ns3:hr>
            <ns3:cad>84</ns3:cad>
          </ns3:TrackPointExtension>
        </extensions>
      </trkpt>
      <trkpt lat="49.13175280205905437469482421875" lon="6.1536431126296520233154296875">
        <ele>168.8000030517578125</ele>
        <time>2026-07-29T20:08:28.000Z</time>
        <extensions>
          <ns3:TrackPointExtension>
            <ns3:atemp>30.0</ns3:atemp>
            <ns3:hr>143</ns3:hr>
            <ns3:cad>84</ns3:cad>
          </ns3:TrackPointExtension>
        </extensions>
      </trkpt>
      <trkpt lat="49.13173939101397991180419921875" lon="6.1536209844052791595458984375">
        <ele>168.8000030517578125</ele>
        <time>2026-07-29T20:08:29.000Z</time>
        <extensions>
          <ns3:TrackPointExtension>
            <ns3:atemp>30.0</ns3:atemp>
            <ns3:hr>143</ns3:hr>
            <ns3:cad>84</ns3:cad>
          </ns3:TrackPointExtension>
        </extensions>
      </trkpt>
      <trkpt lat="49.13172581233084201812744140625" lon="6.1535820923745632171630859375">
        <ele>168.8000030517578125</ele>
        <time>2026-07-29T20:08:30.000Z</time>
        <extensions>
          <ns3:TrackPointExtension>
            <ns3:atemp>30.0</ns3:atemp>
            <ns3:hr>143</ns3:hr>
            <ns3:cad>84</ns3:cad>
          </ns3:TrackPointExtension>
        </extensions>
      </trkpt>
      <trkpt lat="49.13171458058059215545654296875" lon="6.15354864858090877532958984375">
        <ele>169</ele>
        <time>2026-07-29T20:08:31.000Z</time>
        <extensions>
          <ns3:TrackPointExtension>
            <ns3:atemp>30.0</ns3:atemp>
            <ns3:hr>142</ns3:hr>
            <ns3:cad>84</ns3:cad>
          </ns3:TrackPointExtension>
        </extensions>
      </trkpt>
      <trkpt lat="49.1317017562687397003173828125" lon="6.153520904481410980224609375">
        <ele>169</ele>
        <time>2026-07-29T20:08:32.000Z</time>
        <extensions>
          <ns3:TrackPointExtension>
            <ns3:atemp>30.0</ns3:atemp>
            <ns3:hr>143</ns3:hr>
            <ns3:cad>84</ns3:cad>
          </ns3:TrackPointExtension>
        </extensions>
      </trkpt>
      <trkpt lat="49.131693542003631591796875" lon="6.15347689948976039886474609375">
        <ele>169</ele>
        <time>2026-07-29T20:08:33.000Z</time>
        <extensions>
          <ns3:TrackPointExtension>
            <ns3:atemp>30.0</ns3:atemp>
            <ns3:hr>143</ns3:hr>
            <ns3:cad>84</ns3:cad>
          </ns3:TrackPointExtension>
        </extensions>
      </trkpt>
      <trkpt lat="49.1316814720630645751953125" lon="6.15344387479126453399658203125">
        <ele>169</ele>
        <time>2026-07-29T20:08:34.000Z</time>
        <extensions>
          <ns3:TrackPointExtension>
            <ns3:atemp>30.0</ns3:atemp>
            <ns3:hr>144</ns3:hr>
            <ns3:cad>84</ns3:cad>
          </ns3:TrackPointExtension>
        </extensions>
      </trkpt>
      <trkpt lat="49.131665714085102081298828125" lon="6.1534084193408489227294921875">
        <ele>169</ele>
        <time>2026-07-29T20:08:35.000Z</time>
        <extensions>
          <ns3:TrackPointExtension>
            <ns3:atemp>30.0</ns3:atemp>
            <ns3:hr>144</ns3:hr>
            <ns3:cad>84</ns3:cad>
          </ns3:TrackPointExtension>
        </extensions>
      </trkpt>
      <trkpt lat="49.1316554881632328033447265625" lon="6.1533785797655582427978515625">
        <ele>169</ele>
        <time>2026-07-29T20:08:36.000Z</time>
        <extensions>
          <ns3:TrackPointExtension>
            <ns3:atemp>30.0</ns3:atemp>
            <ns3:hr>145</ns3:hr>
            <ns3:cad>84</ns3:cad>
          </ns3:TrackPointExtension>
        </extensions>
      </trkpt>
      <trkpt lat="49.13164635188877582550048828125" lon="6.1533520929515361785888671875">
        <ele>169.1999969482421875</ele>
        <time>2026-07-29T20:08:37.000Z</time>
        <extensions>
          <ns3:TrackPointExtension>
            <ns3:atemp>30.0</ns3:atemp>
            <ns3:hr>145</ns3:hr>
            <ns3:cad>84</ns3:cad>
          </ns3:TrackPointExtension>
        </extensions>
      </trkpt>
      <trkpt lat="49.13163746707141399383544921875" lon="6.153315044939517974853515625">
        <ele>169.1999969482421875</ele>
        <time>2026-07-29T20:08:38.000Z</time>
        <extensions>
          <ns3:TrackPointExtension>
            <ns3:atemp>30.0</ns3:atemp>
            <ns3:hr>145</ns3:hr>
            <ns3:cad>85</ns3:cad>
          </ns3:TrackPointExtension>
        </extensions>
      </trkpt>
      <trkpt lat="49.13162355311214923858642578125" lon="6.15328763611614704132080078125">
        <ele>169</ele>
        <time>2026-07-29T20:08:39.000Z</time>
        <extensions>
          <ns3:TrackPointExtension>
            <ns3:atemp>30.0</ns3:atemp>
            <ns3:hr>145</ns3:hr>
            <ns3:cad>85</ns3:cad>
          </ns3:TrackPointExtension>
        </extensions>
      </trkpt>
      <trkpt lat="49.1316045261919498443603515625" lon="6.153245307505130767822265625">
        <ele>169</ele>
        <time>2026-07-29T20:08:40.000Z</time>
        <extensions>
          <ns3:TrackPointExtension>
            <ns3:atemp>30.0</ns3:atemp>
            <ns3:hr>145</ns3:hr>
            <ns3:cad>85</ns3:cad>
          </ns3:TrackPointExtension>
        </extensions>
      </trkpt>
      <trkpt lat="49.131586588919162750244140625" lon="6.15321840159595012664794921875">
        <ele>169</ele>
        <time>2026-07-29T20:08:41.000Z</time>
        <extensions>
          <ns3:TrackPointExtension>
            <ns3:atemp>30.0</ns3:atemp>
            <ns3:hr>145</ns3:hr>
            <ns3:cad>85</ns3:cad>
          </ns3:TrackPointExtension>
        </extensions>
      </trkpt>
      <trkpt lat="49.13157141767442226409912109375" lon="6.15318261086940765380859375">
        <ele>169</ele>
        <time>2026-07-29T20:08:42.000Z</time>
        <extensions>
          <ns3:TrackPointExtension>
            <ns3:atemp>30.0</ns3:atemp>
            <ns3:hr>145</ns3:hr>
            <ns3:cad>85</ns3:cad>
          </ns3:TrackPointExtension>
        </extensions>
      </trkpt>
      <trkpt lat="49.1315619461238384246826171875" lon="6.1531465686857700347900390625">
        <ele>169</ele>
        <time>2026-07-29T20:08:43.000Z</time>
        <extensions>
          <ns3:TrackPointExtension>
            <ns3:atemp>30.0</ns3:atemp>
            <ns3:hr>145</ns3:hr>
            <ns3:cad>85</ns3:cad>
          </ns3:TrackPointExtension>
        </extensions>
      </trkpt>
      <trkpt lat="49.1315481998026371002197265625" lon="6.153119243681430816650390625">
        <ele>168.8000030517578125</ele>
        <time>2026-07-29T20:08:44.000Z</time>
        <extensions>
          <ns3:TrackPointExtension>
            <ns3:atemp>30.0</ns3:atemp>
            <ns3:hr>145</ns3:hr>
            <ns3:cad>85</ns3:cad>
          </ns3:TrackPointExtension>
        </extensions>
      </trkpt>
      <trkpt lat="49.13153235800564289093017578125" lon="6.15307892672717571258544921875">
        <ele>168.8000030517578125</ele>
        <time>2026-07-29T20:08:45.000Z</time>
        <extensions>
          <ns3:TrackPointExtension>
            <ns3:atemp>30.0</ns3:atemp>
            <ns3:hr>145</ns3:hr>
            <ns3:cad>84</ns3:cad>
          </ns3:TrackPointExtension>
        </extensions>
      </trkpt>
      <trkpt lat="49.13151693530380725860595703125" lon="6.1530533619225025177001953125">
        <ele>168.8000030517578125</ele>
        <time>2026-07-29T20:08:46.000Z</time>
        <extensions>
          <ns3:TrackPointExtension>
            <ns3:atemp>30.0</ns3:atemp>
            <ns3:hr>145</ns3:hr>
            <ns3:cad>84</ns3:cad>
          </ns3:TrackPointExtension>
        </extensions>
      </trkpt>
      <trkpt lat="49.13149975240230560302734375" lon="6.1530144698917865753173828125">
        <ele>168.8000030517578125</ele>
        <time>2026-07-29T20:08:47.000Z</time>
        <extensions>
          <ns3:TrackPointExtension>
            <ns3:atemp>30.0</ns3:atemp>
            <ns3:hr>145</ns3:hr>
            <ns3:cad>84</ns3:cad>
          </ns3:TrackPointExtension>
        </extensions>
      </trkpt>
      <trkpt lat="49.1314856708049774169921875" lon="6.15298303775489330291748046875">
        <ele>168.8000030517578125</ele>
        <time>2026-07-29T20:08:48.000Z</time>
        <extensions>
          <ns3:TrackPointExtension>
            <ns3:atemp>30.0</ns3:atemp>
            <ns3:hr>145</ns3:hr>
            <ns3:cad>84</ns3:cad>
          </ns3:TrackPointExtension>
        </extensions>
      </trkpt>
      <trkpt lat="49.131471924483776092529296875" lon="6.15295956842601299285888671875">
        <ele>168.8000030517578125</ele>
        <time>2026-07-29T20:08:49.000Z</time>
        <extensions>
          <ns3:TrackPointExtension>
            <ns3:atemp>30.0</ns3:atemp>
            <ns3:hr>145</ns3:hr>
            <ns3:cad>84</ns3:cad>
          </ns3:TrackPointExtension>
        </extensions>
      </trkpt>
      <trkpt lat="49.13145859725773334503173828125" lon="6.15292419679462909698486328125">
        <ele>168.8000030517578125</ele>
        <time>2026-07-29T20:08:50.000Z</time>
        <extensions>
          <ns3:TrackPointExtension>
            <ns3:atemp>30.0</ns3:atemp>
            <ns3:hr>145</ns3:hr>
            <ns3:cad>85</ns3:cad>
          </ns3:TrackPointExtension>
        </extensions>
      </trkpt>
      <trkpt lat="49.13144250400364398956298828125" lon="6.15290366113185882568359375">
        <ele>168.8000030517578125</ele>
        <time>2026-07-29T20:08:51.000Z</time>
        <extensions>
          <ns3:TrackPointExtension>
            <ns3:atemp>30.0</ns3:atemp>
            <ns3:hr>145</ns3:hr>
            <ns3:cad>85</ns3:cad>
          </ns3:TrackPointExtension>
        </extensions>
      </trkpt>
      <trkpt lat="49.1314241476356983184814453125" lon="6.15286745131015777587890625">
        <ele>168.8000030517578125</ele>
        <time>2026-07-29T20:08:52.000Z</time>
        <extensions>
          <ns3:TrackPointExtension>
            <ns3:atemp>30.0</ns3:atemp>
            <ns3:hr>145</ns3:hr>
            <ns3:cad>84</ns3:cad>
          </ns3:TrackPointExtension>
        </extensions>
      </trkpt>
      <trkpt lat="49.13141048513352870941162109375" lon="6.15283526480197906494140625">
        <ele>168.8000030517578125</ele>
        <time>2026-07-29T20:08:53.000Z</time>
        <extensions>
          <ns3:TrackPointExtension>
            <ns3:atemp>30.0</ns3:atemp>
            <ns3:hr>145</ns3:hr>
            <ns3:cad>84</ns3:cad>
          </ns3:TrackPointExtension>
        </extensions>
      </trkpt>
      <trkpt lat="49.13139791227877140045166015625" lon="6.1528079397976398468017578125">
        <ele>168.8000030517578125</ele>
        <time>2026-07-29T20:08:54.000Z</time>
        <extensions>
          <ns3:TrackPointExtension>
            <ns3:atemp>30.0</ns3:atemp>
            <ns3:hr>146</ns3:hr>
            <ns3:cad>84</ns3:cad>
          </ns3:TrackPointExtension>
        </extensions>
      </trkpt>
      <trkpt lat="49.13138031028211116790771484375" lon="6.15276896394789218902587890625">
        <ele>168.8000030517578125</ele>
        <time>2026-07-29T20:08:55.000Z</time>
        <extensions>
          <ns3:TrackPointExtension>
            <ns3:atemp>30.0</ns3:atemp>
            <ns3:hr>146</ns3:hr>
            <ns3:cad>84</ns3:cad>
          </ns3:TrackPointExtension>
        </extensions>
      </trkpt>
      <trkpt lat="49.1313617862761020660400390625" lon="6.152746416628360748291015625">
        <ele>168.8000030517578125</ele>
        <time>2026-07-29T20:08:56.000Z</time>
        <extensions>
          <ns3:TrackPointExtension>
            <ns3:atemp>30.0</ns3:atemp>
            <ns3:hr>146</ns3:hr>
            <ns3:cad>84</ns3:cad>
          </ns3:TrackPointExtension>
        </extensions>
      </trkpt>
      <trkpt lat="49.1313420049846172332763671875" lon="6.15270626731216907501220703125">
        <ele>168.600006103515625</ele>
        <time>2026-07-29T20:08:57.000Z</time>
        <extensions>
          <ns3:TrackPointExtension>
            <ns3:atemp>30.0</ns3:atemp>
            <ns3:hr>146</ns3:hr>
            <ns3:cad>84</ns3:cad>
          </ns3:TrackPointExtension>
        </extensions>
      </trkpt>
      <trkpt lat="49.13132683373987674713134765625" lon="6.1526723206043243408203125">
        <ele>168.8000030517578125</ele>
        <time>2026-07-29T20:08:58.000Z</time>
        <extensions>
          <ns3:TrackPointExtension>
            <ns3:atemp>30.0</ns3:atemp>
            <ns3:hr>146</ns3:hr>
            <ns3:cad>84</ns3:cad>
          </ns3:TrackPointExtension>
        </extensions>
      </trkpt>
      <trkpt lat="49.13131065666675567626953125" lon="6.1526433192193508148193359375">
        <ele>168.8000030517578125</ele>
        <time>2026-07-29T20:08:59.000Z</time>
        <extensions>
          <ns3:TrackPointExtension>
            <ns3:atemp>30.0</ns3:atemp>
            <ns3:hr>147</ns3:hr>
            <ns3:cad>84</ns3:cad>
          </ns3:TrackPointExtension>
        </extensions>
      </trkpt>
      <trkpt lat="49.13129699416458606719970703125" lon="6.15260601975023746490478515625">
        <ele>168.8000030517578125</ele>
        <time>2026-07-29T20:09:00.000Z</time>
        <extensions>
          <ns3:TrackPointExtension>
            <ns3:atemp>30.0</ns3:atemp>
            <ns3:hr>147</ns3:hr>
            <ns3:cad>84</ns3:cad>
          </ns3:TrackPointExtension>
        </extensions>
      </trkpt>
      <trkpt lat="49.131280146539211273193359375" lon="6.15258657373487949371337890625">
        <ele>168.8000030517578125</ele>
        <time>2026-07-29T20:09:01.000Z</time>
        <extensions>
          <ns3:TrackPointExtension>
            <ns3:atemp>30.0</ns3:atemp>
            <ns3:hr>147</ns3:hr>
            <ns3:cad>84</ns3:cad>
          </ns3:TrackPointExtension>
        </extensions>
      </trkpt>
      <trkpt lat="49.1312598623335361480712890625" lon="6.1525548063218593597412109375">
        <ele>168.8000030517578125</ele>
        <time>2026-07-29T20:09:02.000Z</time>
        <extensions>
          <ns3:TrackPointExtension>
            <ns3:atemp>30.0</ns3:atemp>
            <ns3:hr>147</ns3:hr>
            <ns3:cad>84</ns3:cad>
          </ns3:TrackPointExtension>
        </extensions>
      </trkpt>
      <trkpt lat="49.13124385289847850799560546875" lon="6.15252521820366382598876953125">
        <ele>168.8000030517578125</ele>
        <time>2026-07-29T20:09:03.000Z</time>
        <extensions>
          <ns3:TrackPointExtension>
            <ns3:atemp>30.0</ns3:atemp>
            <ns3:hr>147</ns3:hr>
            <ns3:cad>84</ns3:cad>
          </ns3:TrackPointExtension>
        </extensions>
      </trkpt>
      <trkpt lat="49.1312266699969768524169921875" lon="6.152500323951244354248046875">
        <ele>168.8000030517578125</ele>
        <time>2026-07-29T20:09:04.000Z</time>
        <extensions>
          <ns3:TrackPointExtension>
            <ns3:atemp>30.0</ns3:atemp>
            <ns3:hr>147</ns3:hr>
            <ns3:cad>83</ns3:cad>
          </ns3:TrackPointExtension>
        </extensions>
      </trkpt>
      <trkpt lat="49.131210744380950927734375" lon="6.1524656228721141815185546875">
        <ele>168.8000030517578125</ele>
        <time>2026-07-29T20:09:05.000Z</time>
        <extensions>
          <ns3:TrackPointExtension>
            <ns3:atemp>30.0</ns3:atemp>
            <ns3:hr>147</ns3:hr>
            <ns3:cad>83</ns3:cad>
          </ns3:TrackPointExtension>
        </extensions>
      </trkpt>
      <trkpt lat="49.1311918012797832489013671875" lon="6.15244693122804164886474609375">
        <ele>168.8000030517578125</ele>
        <time>2026-07-29T20:09:06.000Z</time>
        <extensions>
          <ns3:TrackPointExtension>
            <ns3:atemp>30.0</ns3:atemp>
            <ns3:hr>147</ns3:hr>
            <ns3:cad>83</ns3:cad>
          </ns3:TrackPointExtension>
        </extensions>
      </trkpt>
      <trkpt lat="49.13117310963571071624755859375" lon="6.15241122432053089141845703125">
        <ele>168.8000030517578125</ele>
        <time>2026-07-29T20:09:07.000Z</time>
        <extensions>
          <ns3:TrackPointExtension>
            <ns3:atemp>30.0</ns3:atemp>
            <ns3:hr>147</ns3:hr>
            <ns3:cad>84</ns3:cad>
          </ns3:TrackPointExtension>
        </extensions>
      </trkpt>
      <trkpt lat="49.13115835748612880706787109375" lon="6.1523784510791301727294921875">
        <ele>168.8000030517578125</ele>
        <time>2026-07-29T20:09:08.000Z</time>
        <extensions>
          <ns3:TrackPointExtension>
            <ns3:atemp>30.0</ns3:atemp>
            <ns3:hr>146</ns3:hr>
            <ns3:cad>84</ns3:cad>
          </ns3:TrackPointExtension>
        </extensions>
      </trkpt>
      <trkpt lat="49.1311448626220226287841796875" lon="6.1523472703993320465087890625">
        <ele>168.8000030517578125</ele>
        <time>2026-07-29T20:09:09.000Z</time>
        <extensions>
          <ns3:TrackPointExtension>
            <ns3:atemp>30.0</ns3:atemp>
            <ns3:hr>146</ns3:hr>
            <ns3:cad>84</ns3:cad>
          </ns3:TrackPointExtension>
        </extensions>
      </trkpt>
      <trkpt lat="49.131131954491138458251953125" lon="6.15230829454958438873291015625">
        <ele>168.8000030517578125</ele>
        <time>2026-07-29T20:09:10.000Z</time>
        <extensions>
          <ns3:TrackPointExtension>
            <ns3:atemp>30.0</ns3:atemp>
            <ns3:hr>146</ns3:hr>
            <ns3:cad>83</ns3:cad>
          </ns3:TrackPointExtension>
        </extensions>
      </trkpt>
      <trkpt lat="49.1311163641512393951416015625" lon="6.15228834562003612518310546875">
        <ele>168.8000030517578125</ele>
        <time>2026-07-29T20:09:11.000Z</time>
        <extensions>
          <ns3:TrackPointExtension>
            <ns3:atemp>30.0</ns3:atemp>
            <ns3:hr>146</ns3:hr>
            <ns3:cad>83</ns3:cad>
          </ns3:TrackPointExtension>
        </extensions>
      </trkpt>
      <trkpt lat="49.13109767250716686248779296875" lon="6.15225054323673248291015625">
        <ele>169</ele>
        <time>2026-07-29T20:09:12.000Z</time>
        <extensions>
          <ns3:TrackPointExtension>
            <ns3:atemp>30.0</ns3:atemp>
            <ns3:hr>147</ns3:hr>
            <ns3:cad>83</ns3:cad>
          </ns3:TrackPointExtension>
        </extensions>
      </trkpt>
      <trkpt lat="49.13108577020466327667236328125" lon="6.15221592597663402557373046875">
        <ele>169</ele>
        <time>2026-07-29T20:09:13.000Z</time>
        <extensions>
          <ns3:TrackPointExtension>
            <ns3:atemp>30.0</ns3:atemp>
            <ns3:hr>147</ns3:hr>
            <ns3:cad>84</ns3:cad>
          </ns3:TrackPointExtension>
        </extensions>
      </trkpt>
      <trkpt lat="49.13107923232018947601318359375" lon="6.15218139253556728363037109375">
        <ele>169</ele>
        <time>2026-07-29T20:09:14.000Z</time>
        <extensions>
          <ns3:TrackPointExtension>
            <ns3:atemp>30.0</ns3:atemp>
            <ns3:hr>146</ns3:hr>
            <ns3:cad>84</ns3:cad>
          </ns3:TrackPointExtension>
        </extensions>
      </trkpt>
      <trkpt lat="49.13108778186142444610595703125" lon="6.15214602090418338775634765625">
        <ele>169.1999969482421875</ele>
        <time>2026-07-29T20:09:15.000Z</time>
        <extensions>
          <ns3:TrackPointExtension>
            <ns3:atemp>30.0</ns3:atemp>
            <ns3:hr>146</ns3:hr>
            <ns3:cad>84</ns3:cad>
          </ns3:TrackPointExtension>
        </extensions>
      </trkpt>
      <trkpt lat="49.13109130226075649261474609375" lon="6.15211869589984416961669921875">
        <ele>169.1999969482421875</ele>
        <time>2026-07-29T20:09:16.000Z</time>
        <extensions>
          <ns3:TrackPointExtension>
            <ns3:atemp>30.0</ns3:atemp>
            <ns3:hr>146</ns3:hr>
            <ns3:cad>84</ns3:cad>
          </ns3:TrackPointExtension>
        </extensions>
      </trkpt>
      <trkpt lat="49.131108485162258148193359375" lon="6.15208818577229976654052734375">
        <ele>169.1999969482421875</ele>
        <time>2026-07-29T20:09:17.000Z</time>
        <extensions>
          <ns3:TrackPointExtension>
            <ns3:atemp>30.0</ns3:atemp>
            <ns3:hr>146</ns3:hr>
            <ns3:cad>84</ns3:cad>
          </ns3:TrackPointExtension>
        </extensions>
      </trkpt>
      <trkpt lat="49.13112818263471126556396484375" lon="6.15206957794725894927978515625">
        <ele>169.1999969482421875</ele>
        <time>2026-07-29T20:09:18.000Z</time>
        <extensions>
          <ns3:TrackPointExtension>
            <ns3:atemp>30.0</ns3:atemp>
            <ns3:hr>146</ns3:hr>
            <ns3:cad>84</ns3:cad>
          </ns3:TrackPointExtension>
        </extensions>
      </trkpt>
      <trkpt lat="49.13114863447844982147216796875" lon="6.15205080248415470123291015625">
        <ele>169.1999969482421875</ele>
        <time>2026-07-29T20:09:19.000Z</time>
        <extensions>
          <ns3:TrackPointExtension>
            <ns3:atemp>30.0</ns3:atemp>
            <ns3:hr>146</ns3:hr>
            <ns3:cad>84</ns3:cad>
          </ns3:TrackPointExtension>
        </extensions>
      </trkpt>
      <trkpt lat="49.13117512129247188568115234375" lon="6.1520357988774776458740234375">
        <ele>169.1999969482421875</ele>
        <time>2026-07-29T20:09:20.000Z</time>
        <extensions>
          <ns3:TrackPointExtension>
            <ns3:atemp>30.0</ns3:atemp>
            <ns3:hr>146</ns3:hr>
            <ns3:cad>83</ns3:cad>
          </ns3:TrackPointExtension>
        </extensions>
      </trkpt>
      <trkpt lat="49.13119490258395671844482421875" lon="6.1520176939666271209716796875">
        <ele>169.399993896484375</ele>
        <time>2026-07-29T20:09:21.000Z</time>
        <extensions>
          <ns3:TrackPointExtension>
            <ns3:atemp>30.0</ns3:atemp>
            <ns3:hr>146</ns3:hr>
            <ns3:cad>83</ns3:cad>
          </ns3:TrackPointExtension>
        </extensions>
      </trkpt>
      <trkpt lat="49.13122390396893024444580078125" lon="6.15199665538966655731201171875">
        <ele>169.399993896484375</ele>
        <time>2026-07-29T20:09:22.000Z</time>
        <extensions>
          <ns3:TrackPointExtension>
            <ns3:atemp>30.0</ns3:atemp>
            <ns3:hr>146</ns3:hr>
            <ns3:cad>83</ns3:cad>
          </ns3:TrackPointExtension>
        </extensions>
      </trkpt>
      <trkpt lat="49.1312424279749393463134765625" lon="6.15197695791721343994140625">
        <ele>169.399993896484375</ele>
        <time>2026-07-29T20:09:23.000Z</time>
        <extensions>
          <ns3:TrackPointExtension>
            <ns3:atemp>30.0</ns3:atemp>
            <ns3:hr>146</ns3:hr>
            <ns3:cad>84</ns3:cad>
          </ns3:TrackPointExtension>
        </extensions>
      </trkpt>
      <trkpt lat="49.131267406046390533447265625" lon="6.15195809863507747650146484375">
        <ele>169.399993896484375</ele>
        <time>2026-07-29T20:09:24.000Z</time>
        <extensions>
          <ns3:TrackPointExtension>
            <ns3:atemp>30.0</ns3:atemp>
            <ns3:hr>145</ns3:hr>
            <ns3:cad>84</ns3:cad>
          </ns3:TrackPointExtension>
        </extensions>
      </trkpt>
      <trkpt lat="49.13129246793687343597412109375" lon="6.15193932317197322845458984375">
        <ele>169.1999969482421875</ele>
        <time>2026-07-29T20:09:25.000Z</time>
        <extensions>
          <ns3:TrackPointExtension>
            <ns3:atemp>30.0</ns3:atemp>
            <ns3:hr>145</ns3:hr>
            <ns3:cad>84</ns3:cad>
          </ns3:TrackPointExtension>
        </extensions>
      </trkpt>
      <trkpt lat="49.13131023757159709930419921875" lon="6.1519214697182178497314453125">
        <ele>169.1999969482421875</ele>
        <time>2026-07-29T20:09:26.000Z</time>
        <extensions>
          <ns3:TrackPointExtension>
            <ns3:atemp>30.0</ns3:atemp>
            <ns3:hr>145</ns3:hr>
            <ns3:cad>84</ns3:cad>
          </ns3:TrackPointExtension>
        </extensions>
      </trkpt>
      <trkpt lat="49.131335802376270294189453125" lon="6.151898168027400970458984375">
        <ele>169.1999969482421875</ele>
        <time>2026-07-29T20:09:27.000Z</time>
        <extensions>
          <ns3:TrackPointExtension>
            <ns3:atemp>30.0</ns3:atemp>
            <ns3:hr>145</ns3:hr>
            <ns3:cad>84</ns3:cad>
          </ns3:TrackPointExtension>
        </extensions>
      </trkpt>
      <trkpt lat="49.131350554525852203369140625" lon="6.1518745310604572296142578125">
        <ele>169.1999969482421875</ele>
        <time>2026-07-29T20:09:28.000Z</time>
        <extensions>
          <ns3:TrackPointExtension>
            <ns3:atemp>30.0</ns3:atemp>
            <ns3:hr>145</ns3:hr>
            <ns3:cad>84</ns3:cad>
          </ns3:TrackPointExtension>
        </extensions>
      </trkpt>
      <trkpt lat="49.13137259893119335174560546875" lon="6.15184712223708629608154296875">
        <ele>169.1999969482421875</ele>
        <time>2026-07-29T20:09:29.000Z</time>
        <extensions>
          <ns3:TrackPointExtension>
            <ns3:atemp>30.0</ns3:atemp>
            <ns3:hr>145</ns3:hr>
            <ns3:cad>84</ns3:cad>
          </ns3:TrackPointExtension>
        </extensions>
      </trkpt>
      <trkpt lat="49.1313943080604076385498046875" lon="6.1518252454698085784912109375">
        <ele>169.1999969482421875</ele>
        <time>2026-07-29T20:09:30.000Z</time>
        <extensions>
          <ns3:TrackPointExtension>
            <ns3:atemp>30.0</ns3:atemp>
            <ns3:hr>146</ns3:hr>
            <ns3:cad>85</ns3:cad>
          </ns3:TrackPointExtension>
        </extensions>
      </trkpt>
      <trkpt lat="49.13141601718962192535400390625" lon="6.15179934538900852203369140625">
        <ele>169.399993896484375</ele>
        <time>2026-07-29T20:09:31.000Z</time>
        <extensions>
          <ns3:TrackPointExtension>
            <ns3:atemp>30.0</ns3:atemp>
            <ns3:hr>146</ns3:hr>
            <ns3:cad>85</ns3:cad>
          </ns3:TrackPointExtension>
        </extensions>
      </trkpt>
      <trkpt lat="49.131439737975597381591796875" lon="6.15177671425044536590576171875">
        <ele>169.399993896484375</ele>
        <time>2026-07-29T20:09:32.000Z</time>
        <extensions>
          <ns3:TrackPointExtension>
            <ns3:atemp>30.0</ns3:atemp>
            <ns3:hr>146</ns3:hr>
            <ns3:cad>85</ns3:cad>
          </ns3:TrackPointExtension>
        </extensions>
      </trkpt>
      <trkpt lat="49.13145407103002071380615234375" lon="6.15175643004477024078369140625">
        <ele>169.399993896484375</ele>
        <time>2026-07-29T20:09:33.000Z</time>
        <extensions>
          <ns3:TrackPointExtension>
            <ns3:atemp>30.0</ns3:atemp>
            <ns3:hr>146</ns3:hr>
            <ns3:cad>85</ns3:cad>
          </ns3:TrackPointExtension>
        </extensions>
      </trkpt>
      <trkpt lat="49.13148273713886737823486328125" lon="6.1517276801168918609619140625">
        <ele>169.399993896484375</ele>
        <time>2026-07-29T20:09:34.000Z</time>
        <extensions>
          <ns3:TrackPointExtension>
            <ns3:atemp>30.0</ns3:atemp>
            <ns3:hr>146</ns3:hr>
            <ns3:cad>85</ns3:cad>
          </ns3:TrackPointExtension>
        </extensions>
      </trkpt>
      <trkpt lat="49.131498746573925018310546875" lon="6.15170479752123355865478515625">
        <ele>169.399993896484375</ele>
        <time>2026-07-29T20:09:35.000Z</time>
        <extensions>
          <ns3:TrackPointExtension>
            <ns3:atemp>30.0</ns3:atemp>
            <ns3:hr>147</ns3:hr>
            <ns3:cad>85</ns3:cad>
          </ns3:TrackPointExtension>
        </extensions>
      </trkpt>
      <trkpt lat="49.1315160132944583892822265625" lon="6.15168233402073383331298828125">
        <ele>169.1999969482421875</ele>
        <time>2026-07-29T20:09:36.000Z</time>
        <extensions>
          <ns3:TrackPointExtension>
            <ns3:atemp>30.0</ns3:atemp>
            <ns3:hr>147</ns3:hr>
            <ns3:cad>85</ns3:cad>
          </ns3:TrackPointExtension>
        </extensions>
      </trkpt>
      <trkpt lat="49.131545014679431915283203125" lon="6.15166624076664447784423828125">
        <ele>169.1999969482421875</ele>
        <time>2026-07-29T20:09:37.000Z</time>
        <extensions>
          <ns3:TrackPointExtension>
            <ns3:atemp>30.0</ns3:atemp>
            <ns3:hr>147</ns3:hr>
            <ns3:cad>85</ns3:cad>
          </ns3:TrackPointExtension>
        </extensions>
      </trkpt>
      <trkpt lat="49.1315636225044727325439453125" lon="6.15164796821773052215576171875">
        <ele>169.1999969482421875</ele>
        <time>2026-07-29T20:09:38.000Z</time>
        <extensions>
          <ns3:TrackPointExtension>
            <ns3:atemp>30.0</ns3:atemp>
            <ns3:hr>147</ns3:hr>
            <ns3:cad>85</ns3:cad>
          </ns3:TrackPointExtension>
        </extensions>
      </trkpt>
      <trkpt lat="49.1315870918333530426025390625" lon="6.1516267620027065277099609375">
        <ele>169.1999969482421875</ele>
        <time>2026-07-29T20:09:39.000Z</time>
        <extensions>
          <ns3:TrackPointExtension>
            <ns3:atemp>29.0</ns3:atemp>
            <ns3:hr>148</ns3:hr>
            <ns3:cad>84</ns3:cad>
          </ns3:TrackPointExtension>
        </extensions>
      </trkpt>
      <trkpt lat="49.13160301744937896728515625" lon="6.15160337649285793304443359375">
        <ele>169</ele>
        <time>2026-07-29T20:09:40.000Z</time>
        <extensions>
          <ns3:TrackPointExtension>
            <ns3:atemp>30.0</ns3:atemp>
            <ns3:hr>148</ns3:hr>
            <ns3:cad>84</ns3:cad>
          </ns3:TrackPointExtension>
        </extensions>
      </trkpt>
      <trkpt lat="49.13162455894052982330322265625" lon="6.151576973497867584228515625">
        <ele>169</ele>
        <time>2026-07-29T20:09:41.000Z</time>
        <extensions>
          <ns3:TrackPointExtension>
            <ns3:atemp>29.0</ns3:atemp>
            <ns3:hr>148</ns3:hr>
            <ns3:cad>84</ns3:cad>
          </ns3:TrackPointExtension>
        </extensions>
      </trkpt>
      <trkpt lat="49.13164517842233180999755859375" lon="6.15155492909252643585205078125">
        <ele>169</ele>
        <time>2026-07-29T20:09:42.000Z</time>
        <extensions>
          <ns3:TrackPointExtension>
            <ns3:atemp>30.0</ns3:atemp>
            <ns3:hr>148</ns3:hr>
            <ns3:cad>84</ns3:cad>
          </ns3:TrackPointExtension>
        </extensions>
      </trkpt>
      <trkpt lat="49.131661690771579742431640625" lon="6.1515295319259166717529296875">
        <ele>169</ele>
        <time>2026-07-29T20:09:43.000Z</time>
        <extensions>
          <ns3:TrackPointExtension>
            <ns3:atemp>30.0</ns3:atemp>
            <ns3:hr>148</ns3:hr>
            <ns3:cad>85</ns3:cad>
          </ns3:TrackPointExtension>
        </extensions>
      </trkpt>
      <trkpt lat="49.13168482482433319091796875" lon="6.15150614641606807708740234375">
        <ele>169.1999969482421875</ele>
        <time>2026-07-29T20:09:44.000Z</time>
        <extensions>
          <ns3:TrackPointExtension>
            <ns3:atemp>30.0</ns3:atemp>
            <ns3:hr>148</ns3:hr>
            <ns3:cad>85</ns3:cad>
          </ns3:TrackPointExtension>
        </extensions>
      </trkpt>
      <trkpt lat="49.13170049898326396942138671875" lon="6.15148049779236316680908203125">
        <ele>169.1999969482421875</ele>
        <time>2026-07-29T20:09:45.000Z</time>
        <extensions>
          <ns3:TrackPointExtension>
            <ns3:atemp>29.0</ns3:atemp>
            <ns3:hr>148</ns3:hr>
            <ns3:cad>85</ns3:cad>
          </ns3:TrackPointExtension>
        </extensions>
      </trkpt>
      <trkpt lat="49.13171810097992420196533203125" lon="6.15144378505647182464599609375">
        <ele>169.1999969482421875</ele>
        <time>2026-07-29T20:09:46.000Z</time>
        <extensions>
          <ns3:TrackPointExtension>
            <ns3:atemp>29.0</ns3:atemp>
            <ns3:hr>148</ns3:hr>
            <ns3:cad>85</ns3:cad>
          </ns3:TrackPointExtension>
        </extensions>
      </trkpt>
      <trkpt lat="49.13173553533852100372314453125" lon="6.1514165438711643218994140625">
        <ele>169.1999969482421875</ele>
        <time>2026-07-29T20:09:47.000Z</time>
        <extensions>
          <ns3:TrackPointExtension>
            <ns3:atemp>30.0</ns3:atemp>
            <ns3:hr>149</ns3:hr>
            <ns3:cad>85</ns3:cad>
          </ns3:TrackPointExtension>
        </extensions>
      </trkpt>
      <trkpt lat="49.13174894638359546661376953125" lon="6.15138762630522251129150390625">
        <ele>169.1999969482421875</ele>
        <time>2026-07-29T20:09:48.000Z</time>
        <extensions>
          <ns3:TrackPointExtension>
            <ns3:atemp>29.0</ns3:atemp>
            <ns3:hr>149</ns3:hr>
            <ns3:cad>85</ns3:cad>
          </ns3:TrackPointExtension>
        </extensions>
      </trkpt>
      <trkpt lat="49.131767638027667999267578125" lon="6.15135736763477325439453125">
        <ele>169.1999969482421875</ele>
        <time>2026-07-29T20:09:49.000Z</time>
        <extensions>
          <ns3:TrackPointExtension>
            <ns3:atemp>29.0</ns3:atemp>
            <ns3:hr>149</ns3:hr>
            <ns3:cad>85</ns3:cad>
          </ns3:TrackPointExtension>
        </extensions>
      </trkpt>
      <trkpt lat="49.13177736103534698486328125" lon="6.1513300426304340362548828125">
        <ele>169.1999969482421875</ele>
        <time>2026-07-29T20:09:50.000Z</time>
        <extensions>
          <ns3:TrackPointExtension>
            <ns3:atemp>29.0</ns3:atemp>
            <ns3:hr>149</ns3:hr>
            <ns3:cad>85</ns3:cad>
          </ns3:TrackPointExtension>
        </extensions>
      </trkpt>
      <trkpt lat="49.1317989863455295562744140625" lon="6.151294000446796417236328125">
        <ele>169.1999969482421875</ele>
        <time>2026-07-29T20:09:51.000Z</time>
        <extensions>
          <ns3:TrackPointExtension>
            <ns3:atemp>29.0</ns3:atemp>
            <ns3:hr>149</ns3:hr>
            <ns3:cad>84</ns3:cad>
          </ns3:TrackPointExtension>
        </extensions>
      </trkpt>
      <trkpt lat="49.13181700743734836578369140625" lon="6.15126617252826690673828125">
        <ele>169.1999969482421875</ele>
        <time>2026-07-29T20:09:52.000Z</time>
        <extensions>
          <ns3:TrackPointExtension>
            <ns3:atemp>29.0</ns3:atemp>
            <ns3:hr>149</ns3:hr>
            <ns3:cad>84</ns3:cad>
          </ns3:TrackPointExtension>
        </extensions>
      </trkpt>
      <trkpt lat="49.13183460943400859832763671875" lon="6.15123532712459564208984375">
        <ele>169.1999969482421875</ele>
        <time>2026-07-29T20:09:53.000Z</time>
        <extensions>
          <ns3:TrackPointExtension>
            <ns3:atemp>29.0</ns3:atemp>
            <ns3:hr>149</ns3:hr>
            <ns3:cad>84</ns3:cad>
          </ns3:TrackPointExtension>
        </extensions>
      </trkpt>
      <trkpt lat="49.13185455836355686187744140625" lon="6.1512096785008907318115234375">
        <ele>169.1999969482421875</ele>
        <time>2026-07-29T20:09:54.000Z</time>
        <extensions>
          <ns3:TrackPointExtension>
            <ns3:atemp>29.0</ns3:atemp>
            <ns3:hr>149</ns3:hr>
            <ns3:cad>84</ns3:cad>
          </ns3:TrackPointExtension>
        </extensions>
      </trkpt>
      <trkpt lat="49.13186629302799701690673828125" lon="6.15118310786783695220947265625">
        <ele>169.1999969482421875</ele>
        <time>2026-07-29T20:09:55.000Z</time>
        <extensions>
          <ns3:TrackPointExtension>
            <ns3:atemp>29.0</ns3:atemp>
            <ns3:hr>149</ns3:hr>
            <ns3:cad>85</ns3:cad>
          </ns3:TrackPointExtension>
        </extensions>
      </trkpt>
      <trkpt lat="49.1318880021572113037109375" lon="6.15115209482610225677490234375">
        <ele>169.1999969482421875</ele>
        <time>2026-07-29T20:09:56.000Z</time>
        <extensions>
          <ns3:TrackPointExtension>
            <ns3:atemp>29.0</ns3:atemp>
            <ns3:hr>149</ns3:hr>
            <ns3:cad>85</ns3:cad>
          </ns3:TrackPointExtension>
        </extensions>
      </trkpt>
      <trkpt lat="49.13190074265003204345703125" lon="6.15112158469855785369873046875">
        <ele>169.1999969482421875</ele>
        <time>2026-07-29T20:09:57.000Z</time>
        <extensions>
          <ns3:TrackPointExtension>
            <ns3:atemp>29.0</ns3:atemp>
            <ns3:hr>149</ns3:hr>
            <ns3:cad>85</ns3:cad>
          </ns3:TrackPointExtension>
        </extensions>
      </trkpt>
      <trkpt lat="49.13192111067473888397216796875" lon="6.1510852910578250885009765625">
        <ele>169.1999969482421875</ele>
        <time>2026-07-29T20:09:58.000Z</time>
        <extensions>
          <ns3:TrackPointExtension>
            <ns3:atemp>30.0</ns3:atemp>
            <ns3:hr>149</ns3:hr>
            <ns3:cad>85</ns3:cad>
          </ns3:TrackPointExtension>
        </extensions>
      </trkpt>
      <trkpt lat="49.13193737156689167022705078125" lon="6.15105452947318553924560546875">
        <ele>169.1999969482421875</ele>
        <time>2026-07-29T20:09:59.000Z</time>
        <extensions>
          <ns3:TrackPointExtension>
            <ns3:atemp>29.0</ns3:atemp>
            <ns3:hr>149</ns3:hr>
            <ns3:cad>85</ns3:cad>
          </ns3:TrackPointExtension>
        </extensions>
      </trkpt>
      <trkpt lat="49.1319471783936023712158203125" lon="6.15102351643145084381103515625">
        <ele>169.1999969482421875</ele>
        <time>2026-07-29T20:10:00.000Z</time>
        <extensions>
          <ns3:TrackPointExtension>
            <ns3:atemp>30.0</ns3:atemp>
            <ns3:hr>148</ns3:hr>
            <ns3:cad>85</ns3:cad>
          </ns3:TrackPointExtension>
        </extensions>
      </trkpt>
      <trkpt lat="49.13196704350411891937255859375" lon="6.15099166519939899444580078125">
        <ele>169.1999969482421875</ele>
        <time>2026-07-29T20:10:01.000Z</time>
        <extensions>
          <ns3:TrackPointExtension>
            <ns3:atemp>29.0</ns3:atemp>
            <ns3:hr>148</ns3:hr>
            <ns3:cad>85</ns3:cad>
          </ns3:TrackPointExtension>
        </extensions>
      </trkpt>
      <trkpt lat="49.13197643123567104339599609375" lon="6.15096132270991802215576171875">
        <ele>169.1999969482421875</ele>
        <time>2026-07-29T20:10:02.000Z</time>
        <extensions>
          <ns3:TrackPointExtension>
            <ns3:atemp>29.0</ns3:atemp>
            <ns3:hr>148</ns3:hr>
            <ns3:cad>85</ns3:cad>
          </ns3:TrackPointExtension>
        </extensions>
      </trkpt>
      <trkpt lat="49.13199805654585361480712890625" lon="6.1509267054498195648193359375">
        <ele>169.1999969482421875</ele>
        <time>2026-07-29T20:10:03.000Z</time>
        <extensions>
          <ns3:TrackPointExtension>
            <ns3:atemp>30.0</ns3:atemp>
            <ns3:hr>147</ns3:hr>
            <ns3:cad>84</ns3:cad>
          </ns3:TrackPointExtension>
        </extensions>
      </trkpt>
      <trkpt lat="49.1320155747234821319580078125" lon="6.15089896135032176971435546875">
        <ele>169.1999969482421875</ele>
        <time>2026-07-29T20:10:04.000Z</time>
        <extensions>
          <ns3:TrackPointExtension>
            <ns3:atemp>29.0</ns3:atemp>
            <ns3:hr>147</ns3:hr>
            <ns3:cad>84</ns3:cad>
          </ns3:TrackPointExtension>
        </extensions>
      </trkpt>
      <trkpt lat="49.1320320032536983489990234375" lon="6.15086459554731845855712890625">
        <ele>169.399993896484375</ele>
        <time>2026-07-29T20:10:05.000Z</time>
        <extensions>
          <ns3:TrackPointExtension>
            <ns3:atemp>30.0</ns3:atemp>
            <ns3:hr>147</ns3:hr>
            <ns3:cad>84</ns3:cad>
          </ns3:TrackPointExtension>
        </extensions>
      </trkpt>
      <trkpt lat="49.132050611078739166259765625" lon="6.15083433687686920166015625">
        <ele>169.399993896484375</ele>
        <time>2026-07-29T20:10:06.000Z</time>
        <extensions>
          <ns3:TrackPointExtension>
            <ns3:atemp>29.0</ns3:atemp>
            <ns3:hr>147</ns3:hr>
            <ns3:cad>84</ns3:cad>
          </ns3:TrackPointExtension>
        </extensions>
      </trkpt>
      <trkpt lat="49.13206167519092559814453125" lon="6.15080776624381542205810546875">
        <ele>169.399993896484375</ele>
        <time>2026-07-29T20:10:07.000Z</time>
        <extensions>
          <ns3:TrackPointExtension>
            <ns3:atemp>30.0</ns3:atemp>
            <ns3:hr>146</ns3:hr>
            <ns3:cad>85</ns3:cad>
          </ns3:TrackPointExtension>
        </extensions>
      </trkpt>
      <trkpt lat="49.13208405487239360809326171875" lon="6.150774657726287841796875">
        <ele>169.399993896484375</ele>
        <time>2026-07-29T20:10:08.000Z</time>
        <extensions>
          <ns3:TrackPointExtension>
            <ns3:atemp>30.0</ns3:atemp>
            <ns3:hr>146</ns3:hr>
            <ns3:cad>85</ns3:cad>
          </ns3:TrackPointExtension>
        </extensions>
      </trkpt>
      <trkpt lat="49.13209830410778522491455078125" lon="6.15074171684682369232177734375">
        <ele>169.399993896484375</ele>
        <time>2026-07-29T20:10:09.000Z</time>
        <extensions>
          <ns3:TrackPointExtension>
            <ns3:atemp>29.0</ns3:atemp>
            <ns3:hr>146</ns3:hr>
            <ns3:cad>85</ns3:cad>
          </ns3:TrackPointExtension>
        </extensions>
      </trkpt>
      <trkpt lat="49.13211372680962085723876953125" lon="6.15070827305316925048828125">
        <ele>169.399993896484375</ele>
        <time>2026-07-29T20:10:10.000Z</time>
        <extensions>
          <ns3:TrackPointExtension>
            <ns3:atemp>29.0</ns3:atemp>
            <ns3:hr>146</ns3:hr>
            <ns3:cad>85</ns3:cad>
          </ns3:TrackPointExtension>
        </extensions>
      </trkpt>
      <trkpt lat="49.13213216699659824371337890625" lon="6.150678098201751708984375">
        <ele>169.399993896484375</ele>
        <time>2026-07-29T20:10:11.000Z</time>
        <extensions>
          <ns3:TrackPointExtension>
            <ns3:atemp>29.0</ns3:atemp>
            <ns3:hr>146</ns3:hr>
            <ns3:cad>85</ns3:cad>
          </ns3:TrackPointExtension>
        </extensions>
      </trkpt>
      <trkpt lat="49.13214021362364292144775390625" lon="6.15064867772161960601806640625">
        <ele>169.1999969482421875</ele>
        <time>2026-07-29T20:10:12.000Z</time>
        <extensions>
          <ns3:TrackPointExtension>
            <ns3:atemp>29.0</ns3:atemp>
            <ns3:hr>146</ns3:hr>
            <ns3:cad>85</ns3:cad>
          </ns3:TrackPointExtension>
        </extensions>
      </trkpt>
      <trkpt lat="49.1321589052677154541015625" lon="6.15061816759407520294189453125">
        <ele>169.399993896484375</ele>
        <time>2026-07-29T20:10:13.000Z</time>
        <extensions>
          <ns3:TrackPointExtension>
            <ns3:atemp>29.0</ns3:atemp>
            <ns3:hr>146</ns3:hr>
            <ns3:cad>84</ns3:cad>
          </ns3:TrackPointExtension>
        </extensions>
      </trkpt>
      <trkpt lat="49.1321704722940921783447265625" lon="6.15059101022779941558837890625">
        <ele>169.399993896484375</ele>
        <time>2026-07-29T20:10:14.000Z</time>
        <extensions>
          <ns3:TrackPointExtension>
            <ns3:atemp>29.0</ns3:atemp>
            <ns3:hr>146</ns3:hr>
            <ns3:cad>84</ns3:cad>
          </ns3:TrackPointExtension>
        </extensions>
      </trkpt>
      <trkpt lat="49.132187068462371826171875" lon="6.15056117065250873565673828125">
        <ele>169.399993896484375</ele>
        <time>2026-07-29T20:10:15.000Z</time>
        <extensions>
          <ns3:TrackPointExtension>
            <ns3:atemp>29.0</ns3:atemp>
            <ns3:hr>147</ns3:hr>
            <ns3:cad>84</ns3:cad>
          </ns3:TrackPointExtension>
        </extensions>
      </trkpt>
      <trkpt lat="49.13220810703933238983154296875" lon="6.1505351029336452484130859375">
        <ele>169.399993896484375</ele>
        <time>2026-07-29T20:10:16.000Z</time>
        <extensions>
          <ns3:TrackPointExtension>
            <ns3:atemp>29.0</ns3:atemp>
            <ns3:hr>147</ns3:hr>
            <ns3:cad>84</ns3:cad>
          </ns3:TrackPointExtension>
        </extensions>
      </trkpt>
      <trkpt lat="49.1322200931608676910400390625" lon="6.1505052633583545684814453125">
        <ele>169.399993896484375</ele>
        <time>2026-07-29T20:10:17.000Z</time>
        <extensions>
          <ns3:TrackPointExtension>
            <ns3:atemp>29.0</ns3:atemp>
            <ns3:hr>147</ns3:hr>
            <ns3:cad>84</ns3:cad>
          </ns3:TrackPointExtension>
        </extensions>
      </trkpt>
      <trkpt lat="49.132237695157527923583984375" lon="6.15047114901244640350341796875">
        <ele>169.399993896484375</ele>
        <time>2026-07-29T20:10:18.000Z</time>
        <extensions>
          <ns3:TrackPointExtension>
            <ns3:atemp>29.0</ns3:atemp>
            <ns3:hr>148</ns3:hr>
            <ns3:cad>84</ns3:cad>
          </ns3:TrackPointExtension>
        </extensions>
      </trkpt>
      <trkpt lat="49.13225345313549041748046875" lon="6.15044005215167999267578125">
        <ele>169.399993896484375</ele>
        <time>2026-07-29T20:10:19.000Z</time>
        <extensions>
          <ns3:TrackPointExtension>
            <ns3:atemp>29.0</ns3:atemp>
            <ns3:hr>148</ns3:hr>
            <ns3:cad>84</ns3:cad>
          </ns3:TrackPointExtension>
        </extensions>
      </trkpt>
      <trkpt lat="49.13226929493248462677001953125" lon="6.150407530367374420166015625">
        <ele>169.399993896484375</ele>
        <time>2026-07-29T20:10:20.000Z</time>
        <extensions>
          <ns3:TrackPointExtension>
            <ns3:atemp>29.0</ns3:atemp>
            <ns3:hr>149</ns3:hr>
            <ns3:cad>84</ns3:cad>
          </ns3:TrackPointExtension>
        </extensions>
      </trkpt>
      <trkpt lat="49.13228538818657398223876953125" lon="6.15037810988724231719970703125">
        <ele>169.399993896484375</ele>
        <time>2026-07-29T20:10:21.000Z</time>
        <extensions>
          <ns3:TrackPointExtension>
            <ns3:atemp>29.0</ns3:atemp>
            <ns3:hr>149</ns3:hr>
            <ns3:cad>84</ns3:cad>
          </ns3:TrackPointExtension>
        </extensions>
      </trkpt>
      <trkpt lat="49.1322956979274749755859375" lon="6.1503493599593639373779296875">
        <ele>169.399993896484375</ele>
        <time>2026-07-29T20:10:22.000Z</time>
        <extensions>
          <ns3:TrackPointExtension>
            <ns3:atemp>29.0</ns3:atemp>
            <ns3:hr>149</ns3:hr>
            <ns3:cad>84</ns3:cad>
          </ns3:TrackPointExtension>
        </extensions>
      </trkpt>
      <trkpt lat="49.13231589831411838531494140625" lon="6.150317005813121795654296875">
        <ele>169.399993896484375</ele>
        <time>2026-07-29T20:10:23.000Z</time>
        <extensions>
          <ns3:TrackPointExtension>
            <ns3:atemp>29.0</ns3:atemp>
            <ns3:hr>149</ns3:hr>
            <ns3:cad>84</ns3:cad>
          </ns3:TrackPointExtension>
        </extensions>
      </trkpt>
      <trkpt lat="49.13232562132179737091064453125" lon="6.15028590895235538482666015625">
        <ele>169.399993896484375</ele>
        <time>2026-07-29T20:10:24.000Z</time>
        <extensions>
          <ns3:TrackPointExtension>
            <ns3:atemp>29.0</ns3:atemp>
            <ns3:hr>150</ns3:hr>
            <ns3:cad>84</ns3:cad>
          </ns3:TrackPointExtension>
        </extensions>
      </trkpt>
      <trkpt lat="49.1323417983949184417724609375" lon="6.15025095641613006591796875">
        <ele>169.399993896484375</ele>
        <time>2026-07-29T20:10:25.000Z</time>
        <extensions>
          <ns3:TrackPointExtension>
            <ns3:atemp>29.0</ns3:atemp>
            <ns3:hr>150</ns3:hr>
            <ns3:cad>84</ns3:cad>
          </ns3:TrackPointExtension>
        </extensions>
      </trkpt>
      <trkpt lat="49.13235629908740520477294921875" lon="6.150218434631824493408203125">
        <ele>169.399993896484375</ele>
        <time>2026-07-29T20:10:26.000Z</time>
        <extensions>
          <ns3:TrackPointExtension>
            <ns3:atemp>29.0</ns3:atemp>
            <ns3:hr>150</ns3:hr>
            <ns3:cad>84</ns3:cad>
          </ns3:TrackPointExtension>
        </extensions>
      </trkpt>
      <trkpt lat="49.1323709674179553985595703125" lon="6.150189600884914398193359375">
        <ele>169.399993896484375</ele>
        <time>2026-07-29T20:10:27.000Z</time>
        <extensions>
          <ns3:TrackPointExtension>
            <ns3:atemp>29.0</ns3:atemp>
            <ns3:hr>150</ns3:hr>
            <ns3:cad>84</ns3:cad>
          </ns3:TrackPointExtension>
        </extensions>
      </trkpt>
      <trkpt lat="49.1323917545378208160400390625" lon="6.150160767138004302978515625">
        <ele>169.399993896484375</ele>
        <time>2026-07-29T20:10:28.000Z</time>
        <extensions>
          <ns3:TrackPointExtension>
            <ns3:atemp>29.0</ns3:atemp>
            <ns3:hr>150</ns3:hr>
            <ns3:cad>84</ns3:cad>
          </ns3:TrackPointExtension>
        </extensions>
      </trkpt>
      <trkpt lat="49.13239938206970691680908203125" lon="6.1501307599246501922607421875">
        <ele>169.399993896484375</ele>
        <time>2026-07-29T20:10:29.000Z</time>
        <extensions>
          <ns3:TrackPointExtension>
            <ns3:atemp>29.0</ns3:atemp>
            <ns3:hr>150</ns3:hr>
            <ns3:cad>84</ns3:cad>
          </ns3:TrackPointExtension>
        </extensions>
      </trkpt>
      <trkpt lat="49.13241547532379627227783203125" lon="6.15009161643683910369873046875">
        <ele>169.399993896484375</ele>
        <time>2026-07-29T20:10:30.000Z</time>
        <extensions>
          <ns3:TrackPointExtension>
            <ns3:atemp>29.0</ns3:atemp>
            <ns3:hr>150</ns3:hr>
            <ns3:cad>84</ns3:cad>
          </ns3:TrackPointExtension>
        </extensions>
      </trkpt>
      <trkpt lat="49.13242905400693416595458984375" lon="6.1500625312328338623046875">
        <ele>169.399993896484375</ele>
        <time>2026-07-29T20:10:31.000Z</time>
        <extensions>
          <ns3:TrackPointExtension>
            <ns3:atemp>29.0</ns3:atemp>
            <ns3:hr>150</ns3:hr>
            <ns3:cad>85</ns3:cad>
          </ns3:TrackPointExtension>
        </extensions>
      </trkpt>
      <trkpt lat="49.13244732655584812164306640625" lon="6.15003378130495548248291015625">
        <ele>169.399993896484375</ele>
        <time>2026-07-29T20:10:32.000Z</time>
        <extensions>
          <ns3:TrackPointExtension>
            <ns3:atemp>29.0</ns3:atemp>
            <ns3:hr>150</ns3:hr>
            <ns3:cad>84</ns3:cad>
          </ns3:TrackPointExtension>
        </extensions>
      </trkpt>
      <trkpt lat="49.1324752382934093475341796875" lon="6.15001433528959751129150390625">
        <ele>169.399993896484375</ele>
        <time>2026-07-29T20:10:33.000Z</time>
        <extensions>
          <ns3:TrackPointExtension>
            <ns3:atemp>29.0</ns3:atemp>
            <ns3:hr>150</ns3:hr>
            <ns3:cad>84</ns3:cad>
          </ns3:TrackPointExtension>
        </extensions>
      </trkpt>
      <trkpt lat="49.13249460048973560333251953125" lon="6.14999748766422271728515625">
        <ele>169.399993896484375</ele>
        <time>2026-07-29T20:10:34.000Z</time>
        <extensions>
          <ns3:TrackPointExtension>
            <ns3:atemp>29.0</ns3:atemp>
            <ns3:hr>149</ns3:hr>
            <ns3:cad>84</ns3:cad>
          </ns3:TrackPointExtension>
        </extensions>
      </trkpt>
      <trkpt lat="49.1325174830853939056396484375" lon="6.149984411895275115966796875">
        <ele>169.399993896484375</ele>
        <time>2026-07-29T20:10:35.000Z</time>
        <extensions>
          <ns3:TrackPointExtension>
            <ns3:atemp>29.0</ns3:atemp>
            <ns3:hr>149</ns3:hr>
            <ns3:cad>84</ns3:cad>
          </ns3:TrackPointExtension>
        </extensions>
      </trkpt>
      <trkpt lat="49.13253835402429103851318359375" lon="6.14997728727757930755615234375">
        <ele>169.399993896484375</ele>
        <time>2026-07-29T20:10:36.000Z</time>
        <extensions>
          <ns3:TrackPointExtension>
            <ns3:atemp>29.0</ns3:atemp>
            <ns3:hr>149</ns3:hr>
            <ns3:cad>84</ns3:cad>
          </ns3:TrackPointExtension>
        </extensions>
      </trkpt>
      <trkpt lat="49.13256282918155193328857421875" lon="6.14997326396405696868896484375">
        <ele>169.399993896484375</ele>
        <time>2026-07-29T20:10:37.000Z</time>
        <extensions>
          <ns3:TrackPointExtension>
            <ns3:atemp>29.0</ns3:atemp>
            <ns3:hr>149</ns3:hr>
            <ns3:cad>84</ns3:cad>
          </ns3:TrackPointExtension>
        </extensions>
      </trkpt>
      <trkpt lat="49.13259082473814487457275390625" lon="6.14996957592666149139404296875">
        <ele>169.399993896484375</ele>
        <time>2026-07-29T20:10:38.000Z</time>
        <extensions>
          <ns3:TrackPointExtension>
            <ns3:atemp>29.0</ns3:atemp>
            <ns3:hr>149</ns3:hr>
            <ns3:cad>84</ns3:cad>
          </ns3:TrackPointExtension>
        </extensions>
      </trkpt>
      <trkpt lat="49.13261446170508861541748046875" lon="6.1499604396522045135498046875">
        <ele>169.399993896484375</ele>
        <time>2026-07-29T20:10:39.000Z</time>
        <extensions>
          <ns3:TrackPointExtension>
            <ns3:atemp>29.0</ns3:atemp>
            <ns3:hr>149</ns3:hr>
            <ns3:cad>84</ns3:cad>
          </ns3:TrackPointExtension>
        </extensions>
      </trkpt>
      <trkpt lat="49.1326489113271236419677734375" lon="6.14996136166155338287353515625">
        <ele>169.399993896484375</ele>
        <time>2026-07-29T20:10:40.000Z</time>
        <extensions>
          <ns3:TrackPointExtension>
            <ns3:atemp>29.0</ns3:atemp>
            <ns3:hr>149</ns3:hr>
            <ns3:cad>84</ns3:cad>
          </ns3:TrackPointExtension>
        </extensions>
      </trkpt>
      <trkpt lat="49.13267162628471851348876953125" lon="6.14995314739644527435302734375">
        <ele>169.399993896484375</ele>
        <time>2026-07-29T20:10:41.000Z</time>
        <extensions>
          <ns3:TrackPointExtension>
            <ns3:atemp>29.0</ns3:atemp>
            <ns3:hr>149</ns3:hr>
            <ns3:cad>84</ns3:cad>
          </ns3:TrackPointExtension>
        </extensions>
      </trkpt>
      <trkpt lat="49.13270146586000919342041015625" lon="6.14994660951197147369384765625">
        <ele>169.399993896484375</ele>
        <time>2026-07-29T20:10:42.000Z</time>
        <extensions>
          <ns3:TrackPointExtension>
            <ns3:atemp>29.0</ns3:atemp>
            <ns3:hr>149</ns3:hr>
            <ns3:cad>85</ns3:cad>
          </ns3:TrackPointExtension>
        </extensions>
      </trkpt>
      <trkpt lat="49.13272879086434841156005859375" lon="6.1499453522264957427978515625">
        <ele>169.399993896484375</ele>
        <time>2026-07-29T20:10:43.000Z</time>
        <extensions>
          <ns3:TrackPointExtension>
            <ns3:atemp>29.0</ns3:atemp>
            <ns3:hr>149</ns3:hr>
            <ns3:cad>85</ns3:cad>
          </ns3:TrackPointExtension>
        </extensions>
      </trkpt>
      <trkpt lat="49.132754020392894744873046875" lon="6.14993789233267307281494140625">
        <ele>169.399993896484375</ele>
        <time>2026-07-29T20:10:44.000Z</time>
        <extensions>
          <ns3:TrackPointExtension>
            <ns3:atemp>29.0</ns3:atemp>
            <ns3:hr>149</ns3:hr>
            <ns3:cad>85</ns3:cad>
          </ns3:TrackPointExtension>
        </extensions>
      </trkpt>
      <trkpt lat="49.13278277032077312469482421875" lon="6.1499406583607196807861328125">
        <ele>169.399993896484375</ele>
        <time>2026-07-29T20:10:45.000Z</time>
        <extensions>
          <ns3:TrackPointExtension>
            <ns3:atemp>29.0</ns3:atemp>
            <ns3:hr>149</ns3:hr>
            <ns3:cad>85</ns3:cad>
          </ns3:TrackPointExtension>
        </extensions>
      </trkpt>
      <trkpt lat="49.13280221633613109588623046875" lon="6.14993236027657985687255859375">
        <ele>169.399993896484375</ele>
        <time>2026-07-29T20:10:46.000Z</time>
        <extensions>
          <ns3:TrackPointExtension>
            <ns3:atemp>29.0</ns3:atemp>
            <ns3:hr>149</ns3:hr>
            <ns3:cad>85</ns3:cad>
          </ns3:TrackPointExtension>
        </extensions>
      </trkpt>
      <trkpt lat="49.1328326426446437835693359375" lon="6.14992749877274036407470703125">
        <ele>169.399993896484375</ele>
        <time>2026-07-29T20:10:47.000Z</time>
        <extensions>
          <ns3:TrackPointExtension>
            <ns3:atemp>29.0</ns3:atemp>
            <ns3:hr>150</ns3:hr>
            <ns3:cad>85</ns3:cad>
          </ns3:TrackPointExtension>
        </extensions>
      </trkpt>
      <trkpt lat="49.1328591294586658477783203125" lon="6.149928085505962371826171875">
        <ele>169.399993896484375</ele>
        <time>2026-07-29T20:10:48.000Z</time>
        <extensions>
          <ns3:TrackPointExtension>
            <ns3:atemp>29.0</ns3:atemp>
            <ns3:hr>150</ns3:hr>
            <ns3:cad>85</ns3:cad>
          </ns3:TrackPointExtension>
        </extensions>
      </trkpt>
      <trkpt lat="49.13288519717752933502197265625" lon="6.14992716349661350250244140625">
        <ele>169.399993896484375</ele>
        <time>2026-07-29T20:10:49.000Z</time>
        <extensions>
          <ns3:TrackPointExtension>
            <ns3:atemp>29.0</ns3:atemp>
            <ns3:hr>150</ns3:hr>
            <ns3:cad>85</ns3:cad>
          </ns3:TrackPointExtension>
        </extensions>
      </trkpt>
      <trkpt lat="49.1329157911241054534912109375" lon="6.149936802685260772705078125">
        <ele>169.399993896484375</ele>
        <time>2026-07-29T20:10:50.000Z</time>
        <extensions>
          <ns3:TrackPointExtension>
            <ns3:atemp>29.0</ns3:atemp>
            <ns3:hr>150</ns3:hr>
            <ns3:cad>84</ns3:cad>
          </ns3:TrackPointExtension>
        </extensions>
      </trkpt>
      <trkpt lat="49.13293875753879547119140625" lon="6.14992816932499408721923828125">
        <ele>169.399993896484375</ele>
        <time>2026-07-29T20:10:51.000Z</time>
        <extensions>
          <ns3:TrackPointExtension>
            <ns3:atemp>29.0</ns3:atemp>
            <ns3:hr>151</ns3:hr>
            <ns3:cad>84</ns3:cad>
          </ns3:TrackPointExtension>
        </extensions>
      </trkpt>
      <trkpt lat="49.13297052495181560516357421875" lon="6.14993336610496044158935546875">
        <ele>169.399993896484375</ele>
        <time>2026-07-29T20:10:52.000Z</time>
        <extensions>
          <ns3:TrackPointExtension>
            <ns3:atemp>29.0</ns3:atemp>
            <ns3:hr>150</ns3:hr>
            <ns3:cad>84</ns3:cad>
          </ns3:TrackPointExtension>
        </extensions>
      </trkpt>
      <trkpt lat="49.1329982690513134002685546875" lon="6.14993437193334102630615234375">
        <ele>169.399993896484375</ele>
        <time>2026-07-29T20:10:53.000Z</time>
        <extensions>
          <ns3:TrackPointExtension>
            <ns3:atemp>29.0</ns3:atemp>
            <ns3:hr>150</ns3:hr>
            <ns3:cad>84</ns3:cad>
          </ns3:TrackPointExtension>
        </extensions>
      </trkpt>
      <trkpt lat="49.13302852772176265716552734375" lon="6.149932444095611572265625">
        <ele>169.1999969482421875</ele>
        <time>2026-07-29T20:10:54.000Z</time>
        <extensions>
          <ns3:TrackPointExtension>
            <ns3:atemp>29.0</ns3:atemp>
            <ns3:hr>150</ns3:hr>
            <ns3:cad>84</ns3:cad>
          </ns3:TrackPointExtension>
        </extensions>
      </trkpt>
      <trkpt lat="49.13305719383060932159423828125" lon="6.14993889816105365753173828125">
        <ele>169.1999969482421875</ele>
        <time>2026-07-29T20:10:55.000Z</time>
        <extensions>
          <ns3:TrackPointExtension>
            <ns3:atemp>29.0</ns3:atemp>
            <ns3:hr>150</ns3:hr>
            <ns3:cad>84</ns3:cad>
          </ns3:TrackPointExtension>
        </extensions>
      </trkpt>
      <trkpt lat="49.13308200426399707794189453125" lon="6.149927079677581787109375">
        <ele>169.1999969482421875</ele>
        <time>2026-07-29T20:10:56.000Z</time>
        <extensions>
          <ns3:TrackPointExtension>
            <ns3:atemp>29.0</ns3:atemp>
            <ns3:hr>150</ns3:hr>
            <ns3:cad>84</ns3:cad>
          </ns3:TrackPointExtension>
        </extensions>
      </trkpt>
      <trkpt lat="49.13311176002025604248046875" lon="6.14993319846689701080322265625">
        <ele>169.399993896484375</ele>
        <time>2026-07-29T20:10:57.000Z</time>
        <extensions>
          <ns3:TrackPointExtension>
            <ns3:atemp>29.0</ns3:atemp>
            <ns3:hr>150</ns3:hr>
            <ns3:cad>84</ns3:cad>
          </ns3:TrackPointExtension>
        </extensions>
      </trkpt>
      <trkpt lat="49.13313246332108974456787109375" lon="6.14993504248559474945068359375">
        <ele>169.1999969482421875</ele>
        <time>2026-07-29T20:10:58.000Z</time>
        <extensions>
          <ns3:TrackPointExtension>
            <ns3:atemp>29.0</ns3:atemp>
            <ns3:hr>149</ns3:hr>
            <ns3:cad>84</ns3:cad>
          </ns3:TrackPointExtension>
        </extensions>
      </trkpt>
      <trkpt lat="49.13315660320222377777099609375" lon="6.149930097162723541259765625">
        <ele>169.1999969482421875</ele>
        <time>2026-07-29T20:10:59.000Z</time>
        <extensions>
          <ns3:TrackPointExtension>
            <ns3:atemp>29.0</ns3:atemp>
            <ns3:hr>149</ns3:hr>
            <ns3:cad>84</ns3:cad>
          </ns3:TrackPointExtension>
        </extensions>
      </trkpt>
      <trkpt lat="49.1331877000629901885986328125" lon="6.14992909133434295654296875">
        <ele>169.1999969482421875</ele>
        <time>2026-07-29T20:11:00.000Z</time>
        <extensions>
          <ns3:TrackPointExtension>
            <ns3:atemp>29.0</ns3:atemp>
            <ns3:hr>149</ns3:hr>
            <ns3:cad>84</ns3:cad>
          </ns3:TrackPointExtension>
        </extensions>
      </trkpt>
      <trkpt lat="49.1332135163247585296630859375" lon="6.14991836249828338623046875">
        <ele>169.399993896484375</ele>
        <time>2026-07-29T20:11:01.000Z</time>
        <extensions>
          <ns3:TrackPointExtension>
            <ns3:atemp>29.0</ns3:atemp>
            <ns3:hr>148</ns3:hr>
            <ns3:cad>84</ns3:cad>
          </ns3:TrackPointExtension>
        </extensions>
      </trkpt>
      <trkpt lat="49.13323958404362201690673828125" lon="6.149924732744693756103515625">
        <ele>169.399993896484375</ele>
        <time>2026-07-29T20:11:02.000Z</time>
        <extensions>
          <ns3:TrackPointExtension>
            <ns3:atemp>29.0</ns3:atemp>
            <ns3:hr>148</ns3:hr>
            <ns3:cad>84</ns3:cad>
          </ns3:TrackPointExtension>
        </extensions>
      </trkpt>
      <trkpt lat="49.13326355628669261932373046875" lon="6.14992800168693065643310546875">
        <ele>169.399993896484375</ele>
        <time>2026-07-29T20:11:03.000Z</time>
        <extensions>
          <ns3:TrackPointExtension>
            <ns3:atemp>29.0</ns3:atemp>
            <ns3:hr>148</ns3:hr>
            <ns3:cad>84</ns3:cad>
          </ns3:TrackPointExtension>
        </extensions>
      </trkpt>
      <trkpt lat="49.13328669033944606781005859375" lon="6.14992464892566204071044921875">
        <ele>169.1999969482421875</ele>
        <time>2026-07-29T20:11:04.000Z</time>
        <extensions>
          <ns3:TrackPointExtension>
            <ns3:atemp>29.0</ns3:atemp>
            <ns3:hr>148</ns3:hr>
            <ns3:cad>84</ns3:cad>
          </ns3:TrackPointExtension>
        </extensions>
      </trkpt>
      <trkpt lat="49.133313596248626708984375" lon="6.14993353374302387237548828125">
        <ele>169.1999969482421875</ele>
        <time>2026-07-29T20:11:05.000Z</time>
        <extensions>
          <ns3:TrackPointExtension>
            <ns3:atemp>29.0</ns3:atemp>
            <ns3:hr>148</ns3:hr>
            <ns3:cad>84</ns3:cad>
          </ns3:TrackPointExtension>
        </extensions>
      </trkpt>
      <trkpt lat="49.13333228789269924163818359375" lon="6.1499265767633914947509765625">
        <ele>169.1999969482421875</ele>
        <time>2026-07-29T20:11:06.000Z</time>
        <extensions>
          <ns3:TrackPointExtension>
            <ns3:atemp>29.0</ns3:atemp>
            <ns3:hr>148</ns3:hr>
            <ns3:cad>84</ns3:cad>
          </ns3:TrackPointExtension>
        </extensions>
      </trkpt>
      <trkpt lat="49.13336162455379962921142578125" lon="6.1499262414872646331787109375">
        <ele>169.1999969482421875</ele>
        <time>2026-07-29T20:11:07.000Z</time>
        <extensions>
          <ns3:TrackPointExtension>
            <ns3:atemp>29.0</ns3:atemp>
            <ns3:hr>148</ns3:hr>
            <ns3:cad>84</ns3:cad>
          </ns3:TrackPointExtension>
        </extensions>
      </trkpt>
      <trkpt lat="49.1333855129778385162353515625" lon="6.14992280490696430206298828125">
        <ele>169.1999969482421875</ele>
        <time>2026-07-29T20:11:08.000Z</time>
        <extensions>
          <ns3:TrackPointExtension>
            <ns3:atemp>29.0</ns3:atemp>
            <ns3:hr>147</ns3:hr>
            <ns3:cad>84</ns3:cad>
          </ns3:TrackPointExtension>
        </extensions>
      </trkpt>
      <trkpt lat="49.13341074250638484954833984375" lon="6.1499178595840930938720703125">
        <ele>169.1999969482421875</ele>
        <time>2026-07-29T20:11:09.000Z</time>
        <extensions>
          <ns3:TrackPointExtension>
            <ns3:atemp>29.0</ns3:atemp>
            <ns3:hr>147</ns3:hr>
            <ns3:cad>84</ns3:cad>
          </ns3:TrackPointExtension>
        </extensions>
      </trkpt>
      <trkpt lat="49.1334391571581363677978515625" lon="6.1499225534498691558837890625">
        <ele>169.1999969482421875</ele>
        <time>2026-07-29T20:11:10.000Z</time>
        <extensions>
          <ns3:TrackPointExtension>
            <ns3:atemp>29.0</ns3:atemp>
            <ns3:hr>147</ns3:hr>
            <ns3:cad>84</ns3:cad>
          </ns3:TrackPointExtension>
        </extensions>
      </trkpt>
      <trkpt lat="49.1334599442780017852783203125" lon="6.14991509355604648590087890625">
        <ele>169.1999969482421875</ele>
        <time>2026-07-29T20:11:11.000Z</time>
        <extensions>
          <ns3:TrackPointExtension>
            <ns3:atemp>29.0</ns3:atemp>
            <ns3:hr>147</ns3:hr>
            <ns3:cad>84</ns3:cad>
          </ns3:TrackPointExtension>
        </extensions>
      </trkpt>
      <trkpt lat="49.1334934718906879425048828125" lon="6.14991676993668079376220703125">
        <ele>169.1999969482421875</ele>
        <time>2026-07-29T20:11:12.000Z</time>
        <extensions>
          <ns3:TrackPointExtension>
            <ns3:atemp>29.0</ns3:atemp>
            <ns3:hr>147</ns3:hr>
            <ns3:cad>84</ns3:cad>
          </ns3:TrackPointExtension>
        </extensions>
      </trkpt>
      <trkpt lat="49.1335201263427734375" lon="6.149919368326663970947265625">
        <ele>169.1999969482421875</ele>
        <time>2026-07-29T20:11:13.000Z</time>
        <extensions>
          <ns3:TrackPointExtension>
            <ns3:atemp>29.0</ns3:atemp>
            <ns3:hr>147</ns3:hr>
            <ns3:cad>83</ns3:cad>
          </ns3:TrackPointExtension>
        </extensions>
      </trkpt>
      <trkpt lat="49.1335481218993663787841796875" lon="6.1499155126512050628662109375">
        <ele>169.1999969482421875</ele>
        <time>2026-07-29T20:11:14.000Z</time>
        <extensions>
          <ns3:TrackPointExtension>
            <ns3:atemp>29.0</ns3:atemp>
            <ns3:hr>147</ns3:hr>
            <ns3:cad>83</ns3:cad>
          </ns3:TrackPointExtension>
        </extensions>
      </trkpt>
      <trkpt lat="49.13357603363692760467529296875" lon="6.149924732744693756103515625">
        <ele>169.1999969482421875</ele>
        <time>2026-07-29T20:11:15.000Z</time>
        <extensions>
          <ns3:TrackPointExtension>
            <ns3:atemp>29.0</ns3:atemp>
            <ns3:hr>148</ns3:hr>
            <ns3:cad>84</ns3:cad>
          </ns3:TrackPointExtension>
        </extensions>
      </trkpt>
      <trkpt lat="49.13359749130904674530029296875" lon="6.14991660229861736297607421875">
        <ele>169.399993896484375</ele>
        <time>2026-07-29T20:11:16.000Z</time>
        <extensions>
          <ns3:TrackPointExtension>
            <ns3:atemp>29.0</ns3:atemp>
            <ns3:hr>148</ns3:hr>
            <ns3:cad>84</ns3:cad>
          </ns3:TrackPointExtension>
        </extensions>
      </trkpt>
      <trkpt lat="49.1336282528936862945556640625" lon="6.1499208770692348480224609375">
        <ele>169.399993896484375</ele>
        <time>2026-07-29T20:11:17.000Z</time>
        <extensions>
          <ns3:TrackPointExtension>
            <ns3:atemp>29.0</ns3:atemp>
            <ns3:hr>148</ns3:hr>
            <ns3:cad>84</ns3:cad>
          </ns3:TrackPointExtension>
        </extensions>
      </trkpt>
      <trkpt lat="49.13365113548934459686279296875" lon="6.14991626702249050140380859375">
        <ele>169.399993896484375</ele>
        <time>2026-07-29T20:11:18.000Z</time>
        <extensions>
          <ns3:TrackPointExtension>
            <ns3:atemp>29.0</ns3:atemp>
            <ns3:hr>148</ns3:hr>
            <ns3:cad>84</ns3:cad>
          </ns3:TrackPointExtension>
        </extensions>
      </trkpt>
      <trkpt lat="49.13367778994143009185791015625" lon="6.14991542883217334747314453125">
        <ele>169.1999969482421875</ele>
        <time>2026-07-29T20:11:19.000Z</time>
        <extensions>
          <ns3:TrackPointExtension>
            <ns3:atemp>29.0</ns3:atemp>
            <ns3:hr>148</ns3:hr>
            <ns3:cad>84</ns3:cad>
          </ns3:TrackPointExtension>
        </extensions>
      </trkpt>
      <trkpt lat="49.1337030194699764251708984375" lon="6.14991961978375911712646484375">
        <ele>169.399993896484375</ele>
        <time>2026-07-29T20:11:20.000Z</time>
        <extensions>
          <ns3:TrackPointExtension>
            <ns3:atemp>29.0</ns3:atemp>
            <ns3:hr>148</ns3:hr>
            <ns3:cad>84</ns3:cad>
          </ns3:TrackPointExtension>
        </extensions>
      </trkpt>
      <trkpt lat="49.133724980056285858154296875" lon="6.149918027222156524658203125">
        <ele>169.399993896484375</ele>
        <time>2026-07-29T20:11:21.000Z</time>
        <extensions>
          <ns3:TrackPointExtension>
            <ns3:atemp>29.0</ns3:atemp>
            <ns3:hr>147</ns3:hr>
            <ns3:cad>84</ns3:cad>
          </ns3:TrackPointExtension>
        </extensions>
      </trkpt>
      <trkpt lat="49.1337539814412593841552734375" lon="6.14992481656372547149658203125">
        <ele>169.399993896484375</ele>
        <time>2026-07-29T20:11:22.000Z</time>
        <extensions>
          <ns3:TrackPointExtension>
            <ns3:atemp>29.0</ns3:atemp>
            <ns3:hr>147</ns3:hr>
            <ns3:cad>84</ns3:cad>
          </ns3:TrackPointExtension>
        </extensions>
      </trkpt>
      <trkpt lat="49.1337761096656322479248046875" lon="6.14992238581180572509765625">
        <ele>169.399993896484375</ele>
        <time>2026-07-29T20:11:23.000Z</time>
        <extensions>
          <ns3:TrackPointExtension>
            <ns3:atemp>29.0</ns3:atemp>
            <ns3:hr>147</ns3:hr>
            <ns3:cad>84</ns3:cad>
          </ns3:TrackPointExtension>
        </extensions>
      </trkpt>
      <trkpt lat="49.13380066864192485809326171875" lon="6.14992179907858371734619140625">
        <ele>169.399993896484375</ele>
        <time>2026-07-29T20:11:24.000Z</time>
        <extensions>
          <ns3:TrackPointExtension>
            <ns3:atemp>29.0</ns3:atemp>
            <ns3:hr>147</ns3:hr>
            <ns3:cad>84</ns3:cad>
          </ns3:TrackPointExtension>
        </extensions>
      </trkpt>
      <trkpt lat="49.133823551237583160400390625" lon="6.1499319411814212799072265625">
        <ele>169.399993896484375</ele>
        <time>2026-07-29T20:11:25.000Z</time>
        <extensions>
          <ns3:TrackPointExtension>
            <ns3:atemp>29.0</ns3:atemp>
            <ns3:hr>147</ns3:hr>
            <ns3:cad>84</ns3:cad>
          </ns3:TrackPointExtension>
        </extensions>
      </trkpt>
      <trkpt lat="49.1338460147380828857421875" lon="6.1499342881143093109130859375">
        <ele>169.399993896484375</ele>
        <time>2026-07-29T20:11:26.000Z</time>
        <extensions>
          <ns3:TrackPointExtension>
            <ns3:atemp>29.0</ns3:atemp>
            <ns3:hr>147</ns3:hr>
            <ns3:cad>84</ns3:cad>
          </ns3:TrackPointExtension>
        </extensions>
      </trkpt>
      <trkpt lat="49.13387258537113666534423828125" lon="6.14994308911263942718505859375">
        <ele>169.399993896484375</ele>
        <time>2026-07-29T20:11:27.000Z</time>
        <extensions>
          <ns3:TrackPointExtension>
            <ns3:atemp>29.0</ns3:atemp>
            <ns3:hr>146</ns3:hr>
            <ns3:cad>84</ns3:cad>
          </ns3:TrackPointExtension>
        </extensions>
      </trkpt>
      <trkpt lat="49.13389521650969982147216796875" lon="6.149938814342021942138671875">
        <ele>169.399993896484375</ele>
        <time>2026-07-29T20:11:28.000Z</time>
        <extensions>
          <ns3:TrackPointExtension>
            <ns3:atemp>29.0</ns3:atemp>
            <ns3:hr>146</ns3:hr>
            <ns3:cad>83</ns3:cad>
          </ns3:TrackPointExtension>
        </extensions>
      </trkpt>
      <trkpt lat="49.1339216195046901702880859375" lon="6.14994158037006855010986328125">
        <ele>169.399993896484375</ele>
        <time>2026-07-29T20:11:29.000Z</time>
        <extensions>
          <ns3:TrackPointExtension>
            <ns3:atemp>29.0</ns3:atemp>
            <ns3:hr>146</ns3:hr>
            <ns3:cad>83</ns3:cad>
          </ns3:TrackPointExtension>
        </extensions>
      </trkpt>
      <trkpt lat="49.133946932852268218994140625" lon="6.14995214156806468963623046875">
        <ele>169.399993896484375</ele>
        <time>2026-07-29T20:11:30.000Z</time>
        <extensions>
          <ns3:TrackPointExtension>
            <ns3:atemp>29.0</ns3:atemp>
            <ns3:hr>147</ns3:hr>
            <ns3:cad>83</ns3:cad>
          </ns3:TrackPointExtension>
        </extensions>
      </trkpt>
      <trkpt lat="49.13396746851503849029541015625" lon="6.14994920790195465087890625">
        <ele>169.399993896484375</ele>
        <time>2026-07-29T20:11:31.000Z</time>
        <extensions>
          <ns3:TrackPointExtension>
            <ns3:atemp>29.0</ns3:atemp>
            <ns3:hr>148</ns3:hr>
            <ns3:cad>84</ns3:cad>
          </ns3:TrackPointExtension>
        </extensions>
      </trkpt>
      <trkpt lat="49.1339963860809803009033203125" lon="6.14996605552732944488525390625">
        <ele>169.399993896484375</ele>
        <time>2026-07-29T20:11:32.000Z</time>
        <extensions>
          <ns3:TrackPointExtension>
            <ns3:atemp>29.0</ns3:atemp>
            <ns3:hr>148</ns3:hr>
            <ns3:cad>84</ns3:cad>
          </ns3:TrackPointExtension>
        </extensions>
      </trkpt>
      <trkpt lat="49.13401893340051174163818359375" lon="6.1499725095927715301513671875">
        <ele>169.600006103515625</ele>
        <time>2026-07-29T20:11:33.000Z</time>
        <extensions>
          <ns3:TrackPointExtension>
            <ns3:atemp>29.0</ns3:atemp>
            <ns3:hr>148</ns3:hr>
            <ns3:cad>84</ns3:cad>
          </ns3:TrackPointExtension>
        </extensions>
      </trkpt>
      <trkpt lat="49.13404516875743865966796875" lon="6.149977035820484161376953125">
        <ele>169.600006103515625</ele>
        <time>2026-07-29T20:11:34.000Z</time>
        <extensions>
          <ns3:TrackPointExtension>
            <ns3:atemp>29.0</ns3:atemp>
            <ns3:hr>149</ns3:hr>
            <ns3:cad>84</ns3:cad>
          </ns3:TrackPointExtension>
        </extensions>
      </trkpt>
      <trkpt lat="49.1340681351721286773681640625" lon="6.1499882675707340240478515625">
        <ele>169.600006103515625</ele>
        <time>2026-07-29T20:11:35.000Z</time>
        <extensions>
          <ns3:TrackPointExtension>
            <ns3:atemp>29.0</ns3:atemp>
            <ns3:hr>149</ns3:hr>
            <ns3:cad>84</ns3:cad>
          </ns3:TrackPointExtension>
        </extensions>
      </trkpt>
      <trkpt lat="49.13408950902521610260009765625" lon="6.14998868666589260101318359375">
        <ele>169.399993896484375</ele>
        <time>2026-07-29T20:11:36.000Z</time>
        <extensions>
          <ns3:TrackPointExtension>
            <ns3:atemp>29.0</ns3:atemp>
            <ns3:hr>149</ns3:hr>
            <ns3:cad>84</ns3:cad>
          </ns3:TrackPointExtension>
        </extensions>
      </trkpt>
      <trkpt lat="49.13411817513406276702880859375" lon="6.15000444464385509490966796875">
        <ele>169.399993896484375</ele>
        <time>2026-07-29T20:11:37.000Z</time>
        <extensions>
          <ns3:TrackPointExtension>
            <ns3:atemp>29.0</ns3:atemp>
            <ns3:hr>149</ns3:hr>
            <ns3:cad>84</ns3:cad>
          </ns3:TrackPointExtension>
        </extensions>
      </trkpt>
      <trkpt lat="49.13413795642554759979248046875" lon="6.150011904537677764892578125">
        <ele>169.399993896484375</ele>
        <time>2026-07-29T20:11:38.000Z</time>
        <extensions>
          <ns3:TrackPointExtension>
            <ns3:atemp>29.0</ns3:atemp>
            <ns3:hr>149</ns3:hr>
            <ns3:cad>83</ns3:cad>
          </ns3:TrackPointExtension>
        </extensions>
      </trkpt>
      <trkpt lat="49.13416444323956966400146484375" lon="6.15002439357340335845947265625">
        <ele>169.600006103515625</ele>
        <time>2026-07-29T20:11:39.000Z</time>
        <extensions>
          <ns3:TrackPointExtension>
            <ns3:atemp>29.0</ns3:atemp>
            <ns3:hr>149</ns3:hr>
            <ns3:cad>83</ns3:cad>
          </ns3:TrackPointExtension>
        </extensions>
      </trkpt>
      <trkpt lat="49.13418657146394252777099609375" lon="6.1500338651239871978759765625">
        <ele>169.600006103515625</ele>
        <time>2026-07-29T20:11:40.000Z</time>
        <extensions>
          <ns3:TrackPointExtension>
            <ns3:atemp>29.0</ns3:atemp>
            <ns3:hr>149</ns3:hr>
            <ns3:cad>84</ns3:cad>
          </ns3:TrackPointExtension>
        </extensions>
      </trkpt>
      <trkpt lat="49.13420886732637882232666015625" lon="6.1500357091426849365234375">
        <ele>169.600006103515625</ele>
        <time>2026-07-29T20:11:41.000Z</time>
        <extensions>
          <ns3:TrackPointExtension>
            <ns3:atemp>29.0</ns3:atemp>
            <ns3:hr>149</ns3:hr>
            <ns3:cad>84</ns3:cad>
          </ns3:TrackPointExtension>
        </extensions>
      </trkpt>
      <trkpt lat="49.13423451595008373260498046875" lon="6.15005121566355228424072265625">
        <ele>169.399993896484375</ele>
        <time>2026-07-29T20:11:42.000Z</time>
        <extensions>
          <ns3:TrackPointExtension>
            <ns3:atemp>29.0</ns3:atemp>
            <ns3:hr>149</ns3:hr>
            <ns3:cad>84</ns3:cad>
          </ns3:TrackPointExtension>
        </extensions>
      </trkpt>
      <trkpt lat="49.13425681181252002716064453125" lon="6.1500516347587108612060546875">
        <ele>169.399993896484375</ele>
        <time>2026-07-29T20:11:43.000Z</time>
        <extensions>
          <ns3:TrackPointExtension>
            <ns3:atemp>29.0</ns3:atemp>
            <ns3:hr>150</ns3:hr>
            <ns3:cad>84</ns3:cad>
          </ns3:TrackPointExtension>
        </extensions>
      </trkpt>
      <trkpt lat="49.13428723812103271484375" lon="6.15006328560411930084228515625">
        <ele>169.399993896484375</ele>
        <time>2026-07-29T20:11:44.000Z</time>
        <extensions>
          <ns3:TrackPointExtension>
            <ns3:atemp>29.0</ns3:atemp>
            <ns3:hr>150</ns3:hr>
            <ns3:cad>84</ns3:cad>
          </ns3:TrackPointExtension>
        </extensions>
      </trkpt>
      <trkpt lat="49.134311042726039886474609375" lon="6.1500734277069568634033203125">
        <ele>169.399993896484375</ele>
        <time>2026-07-29T20:11:45.000Z</time>
        <extensions>
          <ns3:TrackPointExtension>
            <ns3:atemp>29.0</ns3:atemp>
            <ns3:hr>150</ns3:hr>
            <ns3:cad>84</ns3:cad>
          </ns3:TrackPointExtension>
        </extensions>
      </trkpt>
      <trkpt lat="49.13433275185525417327880859375" lon="6.15007300861179828643798828125">
        <ele>169.600006103515625</ele>
        <time>2026-07-29T20:11:46.000Z</time>
        <extensions>
          <ns3:TrackPointExtension>
            <ns3:atemp>29.0</ns3:atemp>
            <ns3:hr>150</ns3:hr>
            <ns3:cad>84</ns3:cad>
          </ns3:TrackPointExtension>
        </extensions>
      </trkpt>
      <trkpt lat="49.13436275906860828399658203125" lon="6.15008524619042873382568359375">
        <ele>169.600006103515625</ele>
        <time>2026-07-29T20:11:47.000Z</time>
        <extensions>
          <ns3:TrackPointExtension>
            <ns3:atemp>29.0</ns3:atemp>
            <ns3:hr>151</ns3:hr>
            <ns3:cad>84</ns3:cad>
          </ns3:TrackPointExtension>
        </extensions>
      </trkpt>
      <trkpt lat="49.13438715040683746337890625" lon="6.15009547211229801177978515625">
        <ele>169.8000030517578125</ele>
        <time>2026-07-29T20:11:48.000Z</time>
        <extensions>
          <ns3:TrackPointExtension>
            <ns3:atemp>29.0</ns3:atemp>
            <ns3:hr>151</ns3:hr>
            <ns3:cad>84</ns3:cad>
          </ns3:TrackPointExtension>
        </extensions>
      </trkpt>
      <trkpt lat="49.1344134695827960968017578125" lon="6.15010921843349933624267578125">
        <ele>169.8000030517578125</ele>
        <time>2026-07-29T20:11:49.000Z</time>
        <extensions>
          <ns3:TrackPointExtension>
            <ns3:atemp>29.0</ns3:atemp>
            <ns3:hr>151</ns3:hr>
            <ns3:cad>84</ns3:cad>
          </ns3:TrackPointExtension>
        </extensions>
      </trkpt>
      <trkpt lat="49.13444054313004016876220703125" lon="6.15012296475470066070556640625">
        <ele>169.600006103515625</ele>
        <time>2026-07-29T20:11:50.000Z</time>
        <extensions>
          <ns3:TrackPointExtension>
            <ns3:atemp>29.0</ns3:atemp>
            <ns3:hr>150</ns3:hr>
            <ns3:cad>83</ns3:cad>
          </ns3:TrackPointExtension>
        </extensions>
      </trkpt>
      <trkpt lat="49.13446317426860332489013671875" lon="6.15012967027723789215087890625">
        <ele>169.8000030517578125</ele>
        <time>2026-07-29T20:11:51.000Z</time>
        <extensions>
          <ns3:TrackPointExtension>
            <ns3:atemp>29.0</ns3:atemp>
            <ns3:hr>150</ns3:hr>
            <ns3:cad>83</ns3:cad>
          </ns3:TrackPointExtension>
        </extensions>
      </trkpt>
      <trkpt lat="49.134491421282291412353515625" lon="6.15015028975903987884521484375">
        <ele>169.600006103515625</ele>
        <time>2026-07-29T20:11:52.000Z</time>
        <extensions>
          <ns3:TrackPointExtension>
            <ns3:atemp>29.0</ns3:atemp>
            <ns3:hr>150</ns3:hr>
            <ns3:cad>83</ns3:cad>
          </ns3:TrackPointExtension>
        </extensions>
      </trkpt>
      <trkpt lat="49.134509861469268798828125" lon="6.15016185678541660308837890625">
        <ele>169.600006103515625</ele>
        <time>2026-07-29T20:11:53.000Z</time>
        <extensions>
          <ns3:TrackPointExtension>
            <ns3:atemp>29.0</ns3:atemp>
            <ns3:hr>151</ns3:hr>
            <ns3:cad>84</ns3:cad>
          </ns3:TrackPointExtension>
        </extensions>
      </trkpt>
      <trkpt lat="49.13453492335975170135498046875" lon="6.1501833982765674591064453125">
        <ele>169.600006103515625</ele>
        <time>2026-07-29T20:11:54.000Z</time>
        <extensions>
          <ns3:TrackPointExtension>
            <ns3:atemp>29.0</ns3:atemp>
            <ns3:hr>151</ns3:hr>
            <ns3:cad>84</ns3:cad>
          </ns3:TrackPointExtension>
        </extensions>
      </trkpt>
      <trkpt lat="49.13456107489764690399169921875" lon="6.15020376630127429962158203125">
        <ele>169.600006103515625</ele>
        <time>2026-07-29T20:11:55.000Z</time>
        <extensions>
          <ns3:TrackPointExtension>
            <ns3:atemp>29.0</ns3:atemp>
            <ns3:hr>150</ns3:hr>
            <ns3:cad>85</ns3:cad>
          </ns3:TrackPointExtension>
        </extensions>
      </trkpt>
      <trkpt lat="49.1345824487507343292236328125" lon="6.1502142436802387237548828125">
        <ele>169.600006103515625</ele>
        <time>2026-07-29T20:11:56.000Z</time>
        <extensions>
          <ns3:TrackPointExtension>
            <ns3:atemp>29.0</ns3:atemp>
            <ns3:hr>150</ns3:hr>
            <ns3:cad>85</ns3:cad>
          </ns3:TrackPointExtension>
        </extensions>
      </trkpt>
      <trkpt lat="49.13460575044155120849609375" lon="6.15024433471262454986572265625">
        <ele>169.600006103515625</ele>
        <time>2026-07-29T20:11:57.000Z</time>
        <extensions>
          <ns3:TrackPointExtension>
            <ns3:atemp>29.0</ns3:atemp>
            <ns3:hr>150</ns3:hr>
            <ns3:cad>84</ns3:cad>
          </ns3:TrackPointExtension>
        </extensions>
      </trkpt>
      <trkpt lat="49.134624190628528594970703125" lon="6.1502556502819061279296875">
        <ele>169.600006103515625</ele>
        <time>2026-07-29T20:11:58.000Z</time>
        <extensions>
          <ns3:TrackPointExtension>
            <ns3:atemp>29.0</ns3:atemp>
            <ns3:hr>150</ns3:hr>
            <ns3:cad>84</ns3:cad>
          </ns3:TrackPointExtension>
        </extensions>
      </trkpt>
      <trkpt lat="49.13465193472802639007568359375" lon="6.150273419916629791259765625">
        <ele>169.600006103515625</ele>
        <time>2026-07-29T20:11:59.000Z</time>
        <extensions>
          <ns3:TrackPointExtension>
            <ns3:atemp>29.0</ns3:atemp>
            <ns3:hr>150</ns3:hr>
            <ns3:cad>84</ns3:cad>
          </ns3:TrackPointExtension>
        </extensions>
      </trkpt>
      <trkpt lat="49.1346756555140018463134765625" lon="6.1502916924655437469482421875">
        <ele>169.600006103515625</ele>
        <time>2026-07-29T20:12:00.000Z</time>
        <extensions>
          <ns3:TrackPointExtension>
            <ns3:atemp>29.0</ns3:atemp>
            <ns3:hr>150</ns3:hr>
            <ns3:cad>84</ns3:cad>
          </ns3:TrackPointExtension>
        </extensions>
      </trkpt>
      <trkpt lat="49.1346977837383747100830078125" lon="6.15030367858707904815673828125">
        <ele>169.600006103515625</ele>
        <time>2026-07-29T20:12:01.000Z</time>
        <extensions>
          <ns3:TrackPointExtension>
            <ns3:atemp>29.0</ns3:atemp>
            <ns3:hr>150</ns3:hr>
            <ns3:cad>84</ns3:cad>
          </ns3:TrackPointExtension>
        </extensions>
      </trkpt>
      <trkpt lat="49.13472251035273075103759765625" lon="6.150332428514957427978515625">
        <ele>169.600006103515625</ele>
        <time>2026-07-29T20:12:02.000Z</time>
        <extensions>
          <ns3:TrackPointExtension>
            <ns3:atemp>29.0</ns3:atemp>
            <ns3:hr>150</ns3:hr>
            <ns3:cad>84</ns3:cad>
          </ns3:TrackPointExtension>
        </extensions>
      </trkpt>
      <trkpt lat="49.1347423754632472991943359375" lon="6.1503466777503490447998046875">
        <ele>169.600006103515625</ele>
        <time>2026-07-29T20:12:03.000Z</time>
        <extensions>
          <ns3:TrackPointExtension>
            <ns3:atemp>29.0</ns3:atemp>
            <ns3:hr>150</ns3:hr>
            <ns3:cad>84</ns3:cad>
          </ns3:TrackPointExtension>
        </extensions>
      </trkpt>
      <trkpt lat="49.13476391695439815521240234375" lon="6.15036763250827789306640625">
        <ele>169.600006103515625</ele>
        <time>2026-07-29T20:12:04.000Z</time>
        <extensions>
          <ns3:TrackPointExtension>
            <ns3:atemp>29.0</ns3:atemp>
            <ns3:hr>150</ns3:hr>
            <ns3:cad>84</ns3:cad>
          </ns3:TrackPointExtension>
        </extensions>
      </trkpt>
      <trkpt lat="49.13478537462651729583740234375" lon="6.15038900636136531829833984375">
        <ele>169.600006103515625</ele>
        <time>2026-07-29T20:12:05.000Z</time>
        <extensions>
          <ns3:TrackPointExtension>
            <ns3:atemp>29.0</ns3:atemp>
            <ns3:hr>149</ns3:hr>
            <ns3:cad>84</ns3:cad>
          </ns3:TrackPointExtension>
        </extensions>
      </trkpt>
      <trkpt lat="49.13480716757476329803466796875" lon="6.15039805881679058074951171875">
        <ele>169.600006103515625</ele>
        <time>2026-07-29T20:12:06.000Z</time>
        <extensions>
          <ns3:TrackPointExtension>
            <ns3:atemp>29.0</ns3:atemp>
            <ns3:hr>149</ns3:hr>
            <ns3:cad>84</ns3:cad>
          </ns3:TrackPointExtension>
        </extensions>
      </trkpt>
      <trkpt lat="49.13483818061649799346923828125" lon="6.15041063167154788970947265625">
        <ele>169.8000030517578125</ele>
        <time>2026-07-29T20:12:07.000Z</time>
        <extensions>
          <ns3:TrackPointExtension>
            <ns3:atemp>29.0</ns3:atemp>
            <ns3:hr>149</ns3:hr>
            <ns3:cad>84</ns3:cad>
          </ns3:TrackPointExtension>
        </extensions>
      </trkpt>
      <trkpt lat="49.1348580457270145416259765625" lon="6.1504050157964229583740234375">
        <ele>169.8000030517578125</ele>
        <time>2026-07-29T20:12:08.000Z</time>
        <extensions>
          <ns3:TrackPointExtension>
            <ns3:atemp>29.0</ns3:atemp>
            <ns3:hr>149</ns3:hr>
            <ns3:cad>84</ns3:cad>
          </ns3:TrackPointExtension>
        </extensions>
      </trkpt>
      <trkpt lat="49.1348813474178314208984375" lon="6.15039420314133167266845703125">
        <ele>169.8000030517578125</ele>
        <time>2026-07-29T20:12:09.000Z</time>
        <extensions>
          <ns3:TrackPointExtension>
            <ns3:atemp>29.0</ns3:atemp>
            <ns3:hr>149</ns3:hr>
            <ns3:cad>84</ns3:cad>
          </ns3:TrackPointExtension>
        </extensions>
      </trkpt>
      <trkpt lat="49.13490506820380687713623046875" lon="6.1503845639526844024658203125">
        <ele>169.8000030517578125</ele>
        <time>2026-07-29T20:12:10.000Z</time>
        <extensions>
          <ns3:TrackPointExtension>
            <ns3:atemp>29.0</ns3:atemp>
            <ns3:hr>149</ns3:hr>
            <ns3:cad>83</ns3:cad>
          </ns3:TrackPointExtension>
        </extensions>
      </trkpt>
      <trkpt lat="49.13492023944854736328125" lon="6.150370649993419647216796875">
        <ele>169.8000030517578125</ele>
        <time>2026-07-29T20:12:11.000Z</time>
        <extensions>
          <ns3:TrackPointExtension>
            <ns3:atemp>29.0</ns3:atemp>
            <ns3:hr>149</ns3:hr>
            <ns3:cad>83</ns3:cad>
          </ns3:TrackPointExtension>
        </extensions>
      </trkpt>
      <trkpt lat="49.1349465586245059967041015625" lon="6.15034944377839565277099609375">
        <ele>169.8000030517578125</ele>
        <time>2026-07-29T20:12:12.000Z</time>
        <extensions>
          <ns3:TrackPointExtension>
            <ns3:atemp>29.0</ns3:atemp>
            <ns3:hr>149</ns3:hr>
            <ns3:cad>83</ns3:cad>
          </ns3:TrackPointExtension>
        </extensions>
      </trkpt>
      <trkpt lat="49.1349683515727519989013671875" lon="6.1503393016755580902099609375">
        <ele>169.600006103515625</ele>
        <time>2026-07-29T20:12:13.000Z</time>
        <extensions>
          <ns3:TrackPointExtension>
            <ns3:atemp>28.0</ns3:atemp>
            <ns3:hr>149</ns3:hr>
            <ns3:cad>83</ns3:cad>
          </ns3:TrackPointExtension>
        </extensions>
      </trkpt>
      <trkpt lat="49.134987629950046539306640625" lon="6.150313317775726318359375">
        <ele>169.600006103515625</ele>
        <time>2026-07-29T20:12:14.000Z</time>
        <extensions>
          <ns3:TrackPointExtension>
            <ns3:atemp>29.0</ns3:atemp>
            <ns3:hr>149</ns3:hr>
            <ns3:cad>83</ns3:cad>
          </ns3:TrackPointExtension>
        </extensions>
      </trkpt>
      <trkpt lat="49.13500816561281681060791015625" lon="6.15028775297105312347412109375">
        <ele>169.600006103515625</ele>
        <time>2026-07-29T20:12:15.000Z</time>
        <extensions>
          <ns3:TrackPointExtension>
            <ns3:atemp>29.0</ns3:atemp>
            <ns3:hr>149</ns3:hr>
            <ns3:cad>82</ns3:cad>
          </ns3:TrackPointExtension>
        </extensions>
      </trkpt>
      <trkpt lat="49.1350129432976245880126953125" lon="6.15025372244417667388916015625">
        <ele>169.600006103515625</ele>
        <time>2026-07-29T20:12:16.000Z</time>
        <extensions>
          <ns3:TrackPointExtension>
            <ns3:atemp>29.0</ns3:atemp>
            <ns3:hr>149</ns3:hr>
            <ns3:cad>83</ns3:cad>
          </ns3:TrackPointExtension>
        </extensions>
      </trkpt>
      <trkpt lat="49.13503129966557025909423828125" lon="6.150211058557033538818359375">
        <ele>169.600006103515625</ele>
        <time>2026-07-29T20:12:17.000Z</time>
        <extensions>
          <ns3:TrackPointExtension>
            <ns3:atemp>29.0</ns3:atemp>
            <ns3:hr>149</ns3:hr>
            <ns3:cad>83</ns3:cad>
          </ns3:TrackPointExtension>
        </extensions>
      </trkpt>
      <trkpt lat="49.13504563271999359130859375" lon="6.150182895362377166748046875">
        <ele>169.8000030517578125</ele>
        <time>2026-07-29T20:12:18.000Z</time>
        <extensions>
          <ns3:TrackPointExtension>
            <ns3:atemp>29.0</ns3:atemp>
            <ns3:hr>149</ns3:hr>
            <ns3:cad>83</ns3:cad>
          </ns3:TrackPointExtension>
        </extensions>
      </trkpt>
      <trkpt lat="49.135067425668239593505859375" lon="6.15015800110995769500732421875">
        <ele>169.8000030517578125</ele>
        <time>2026-07-29T20:12:19.000Z</time>
        <extensions>
          <ns3:TrackPointExtension>
            <ns3:atemp>29.0</ns3:atemp>
            <ns3:hr>149</ns3:hr>
            <ns3:cad>84</ns3:cad>
          </ns3:TrackPointExtension>
        </extensions>
      </trkpt>
      <trkpt lat="49.135093577206134796142578125" lon="6.15013956092298030853271484375">
        <ele>169.8000030517578125</ele>
        <time>2026-07-29T20:12:20.000Z</time>
        <extensions>
          <ns3:TrackPointExtension>
            <ns3:atemp>28.0</ns3:atemp>
            <ns3:hr>149</ns3:hr>
            <ns3:cad>84</ns3:cad>
          </ns3:TrackPointExtension>
        </extensions>
      </trkpt>
      <trkpt lat="49.1351101733744144439697265625" lon="6.15011542104184627532958984375">
        <ele>169.8000030517578125</ele>
        <time>2026-07-29T20:12:21.000Z</time>
        <extensions>
          <ns3:TrackPointExtension>
            <ns3:atemp>29.0</ns3:atemp>
            <ns3:hr>149</ns3:hr>
            <ns3:cad>84</ns3:cad>
          </ns3:TrackPointExtension>
        </extensions>
      </trkpt>
      <trkpt lat="49.13513087667524814605712890625" lon="6.150084324181079864501953125">
        <ele>170</ele>
        <time>2026-07-29T20:12:22.000Z</time>
        <extensions>
          <ns3:TrackPointExtension>
            <ns3:atemp>29.0</ns3:atemp>
            <ns3:hr>149</ns3:hr>
            <ns3:cad>84</ns3:cad>
          </ns3:TrackPointExtension>
        </extensions>
      </trkpt>
      <trkpt lat="49.13514487445354461669921875" lon="6.15005917847156524658203125">
        <ele>170</ele>
        <time>2026-07-29T20:12:23.000Z</time>
        <extensions>
          <ns3:TrackPointExtension>
            <ns3:atemp>28.0</ns3:atemp>
            <ns3:hr>149</ns3:hr>
            <ns3:cad>84</ns3:cad>
          </ns3:TrackPointExtension>
        </extensions>
      </trkpt>
      <trkpt lat="49.13515920750796794891357421875" lon="6.15003344602882862091064453125">
        <ele>170</ele>
        <time>2026-07-29T20:12:24.000Z</time>
        <extensions>
          <ns3:TrackPointExtension>
            <ns3:atemp>29.0</ns3:atemp>
            <ns3:hr>149</ns3:hr>
            <ns3:cad>84</ns3:cad>
          </ns3:TrackPointExtension>
        </extensions>
      </trkpt>
      <trkpt lat="49.13517932407557964324951171875" lon="6.15000947378575801849365234375">
        <ele>170</ele>
        <time>2026-07-29T20:12:25.000Z</time>
        <extensions>
          <ns3:TrackPointExtension>
            <ns3:atemp>29.0</ns3:atemp>
            <ns3:hr>149</ns3:hr>
            <ns3:cad>84</ns3:cad>
          </ns3:TrackPointExtension>
        </extensions>
      </trkpt>
      <trkpt lat="49.13519382476806640625" lon="6.14998499862849712371826171875">
        <ele>169.8000030517578125</ele>
        <time>2026-07-29T20:12:26.000Z</time>
        <extensions>
          <ns3:TrackPointExtension>
            <ns3:atemp>29.0</ns3:atemp>
            <ns3:hr>149</ns3:hr>
            <ns3:cad>84</ns3:cad>
          </ns3:TrackPointExtension>
        </extensions>
      </trkpt>
      <trkpt lat="49.13521167822182178497314453125" lon="6.14995230920612812042236328125">
        <ele>169.8000030517578125</ele>
        <time>2026-07-29T20:12:27.000Z</time>
        <extensions>
          <ns3:TrackPointExtension>
            <ns3:atemp>28.0</ns3:atemp>
            <ns3:hr>149</ns3:hr>
            <ns3:cad>84</ns3:cad>
          </ns3:TrackPointExtension>
        </extensions>
      </trkpt>
      <trkpt lat="49.1352265141904354095458984375" lon="6.1499299295246601104736328125">
        <ele>169.8000030517578125</ele>
        <time>2026-07-29T20:12:28.000Z</time>
        <extensions>
          <ns3:TrackPointExtension>
            <ns3:atemp>28.0</ns3:atemp>
            <ns3:hr>149</ns3:hr>
            <ns3:cad>84</ns3:cad>
          </ns3:TrackPointExtension>
        </extensions>
      </trkpt>
      <trkpt lat="49.13524403236806392669677734375" lon="6.14990352652966976165771484375">
        <ele>169.8000030517578125</ele>
        <time>2026-07-29T20:12:29.000Z</time>
        <extensions>
          <ns3:TrackPointExtension>
            <ns3:atemp>29.0</ns3:atemp>
            <ns3:hr>149</ns3:hr>
            <ns3:cad>84</ns3:cad>
          </ns3:TrackPointExtension>
        </extensions>
      </trkpt>
      <trkpt lat="49.1352640651166439056396484375" lon="6.14987804554402828216552734375">
        <ele>169.8000030517578125</ele>
        <time>2026-07-29T20:12:30.000Z</time>
        <extensions>
          <ns3:TrackPointExtension>
            <ns3:atemp>29.0</ns3:atemp>
            <ns3:hr>149</ns3:hr>
            <ns3:cad>84</ns3:cad>
          </ns3:TrackPointExtension>
        </extensions>
      </trkpt>
      <trkpt lat="49.13527152501046657562255859375" lon="6.14984988234937191009521484375">
        <ele>170</ele>
        <time>2026-07-29T20:12:31.000Z</time>
        <extensions>
          <ns3:TrackPointExtension>
            <ns3:atemp>29.0</ns3:atemp>
            <ns3:hr>149</ns3:hr>
            <ns3:cad>83</ns3:cad>
          </ns3:TrackPointExtension>
        </extensions>
      </trkpt>
      <trkpt lat="49.13529105484485626220703125" lon="6.14981652237474918365478515625">
        <ele>170</ele>
        <time>2026-07-29T20:12:32.000Z</time>
        <extensions>
          <ns3:TrackPointExtension>
            <ns3:atemp>29.0</ns3:atemp>
            <ns3:hr>149</ns3:hr>
            <ns3:cad>83</ns3:cad>
          </ns3:TrackPointExtension>
        </extensions>
      </trkpt>
      <trkpt lat="49.13530471734702587127685546875" lon="6.1497914604842662811279296875">
        <ele>170</ele>
        <time>2026-07-29T20:12:33.000Z</time>
        <extensions>
          <ns3:TrackPointExtension>
            <ns3:atemp>28.0</ns3:atemp>
            <ns3:hr>149</ns3:hr>
            <ns3:cad>83</ns3:cad>
          </ns3:TrackPointExtension>
        </extensions>
      </trkpt>
      <trkpt lat="49.13531846366822719573974609375" lon="6.14976254291832447052001953125">
        <ele>170</ele>
        <time>2026-07-29T20:12:34.000Z</time>
        <extensions>
          <ns3:TrackPointExtension>
            <ns3:atemp>28.0</ns3:atemp>
            <ns3:hr>149</ns3:hr>
            <ns3:cad>83</ns3:cad>
          </ns3:TrackPointExtension>
        </extensions>
      </trkpt>
      <trkpt lat="49.13533975370228290557861328125" lon="6.14973974414169788360595703125">
        <ele>170</ele>
        <time>2026-07-29T20:12:35.000Z</time>
        <extensions>
          <ns3:TrackPointExtension>
            <ns3:atemp>28.0</ns3:atemp>
            <ns3:hr>149</ns3:hr>
            <ns3:cad>83</ns3:cad>
          </ns3:TrackPointExtension>
        </extensions>
      </trkpt>
      <trkpt lat="49.1353475488722324371337890625" lon="6.14970906637609004974365234375">
        <ele>170</ele>
        <time>2026-07-29T20:12:36.000Z</time>
        <extensions>
          <ns3:TrackPointExtension>
            <ns3:atemp>28.0</ns3:atemp>
            <ns3:hr>149</ns3:hr>
            <ns3:cad>84</ns3:cad>
          </ns3:TrackPointExtension>
        </extensions>
      </trkpt>
      <trkpt lat="49.135365821421146392822265625" lon="6.14967084489762783050537109375">
        <ele>170</ele>
        <time>2026-07-29T20:12:37.000Z</time>
        <extensions>
          <ns3:TrackPointExtension>
            <ns3:atemp>28.0</ns3:atemp>
            <ns3:hr>149</ns3:hr>
            <ns3:cad>84</ns3:cad>
          </ns3:TrackPointExtension>
        </extensions>
      </trkpt>
      <trkpt lat="49.135378897190093994140625" lon="6.1496372334659099578857421875">
        <ele>170</ele>
        <time>2026-07-29T20:12:38.000Z</time>
        <extensions>
          <ns3:TrackPointExtension>
            <ns3:atemp>28.0</ns3:atemp>
            <ns3:hr>149</ns3:hr>
            <ns3:cad>84</ns3:cad>
          </ns3:TrackPointExtension>
        </extensions>
      </trkpt>
      <trkpt lat="49.13539339788258075714111328125" lon="6.14960320293903350830078125">
        <ele>170</ele>
        <time>2026-07-29T20:12:39.000Z</time>
        <extensions>
          <ns3:TrackPointExtension>
            <ns3:atemp>29.0</ns3:atemp>
            <ns3:hr>149</ns3:hr>
            <ns3:cad>84</ns3:cad>
          </ns3:TrackPointExtension>
        </extensions>
      </trkpt>
      <trkpt lat="49.1354149393737316131591796875" lon="6.14957495592534542083740234375">
        <ele>170</ele>
        <time>2026-07-29T20:12:40.000Z</time>
        <extensions>
          <ns3:TrackPointExtension>
            <ns3:atemp>28.0</ns3:atemp>
            <ns3:hr>150</ns3:hr>
            <ns3:cad>83</ns3:cad>
          </ns3:TrackPointExtension>
        </extensions>
      </trkpt>
      <trkpt lat="49.1354273445904254913330078125" lon="6.14954276941716670989990234375">
        <ele>170</ele>
        <time>2026-07-29T20:12:41.000Z</time>
        <extensions>
          <ns3:TrackPointExtension>
            <ns3:atemp>28.0</ns3:atemp>
            <ns3:hr>150</ns3:hr>
            <ns3:cad>83</ns3:cad>
          </ns3:TrackPointExtension>
        </extensions>
      </trkpt>
      <trkpt lat="49.13544553332030773162841796875" lon="6.1495071463286876678466796875">
        <ele>170</ele>
        <time>2026-07-29T20:12:42.000Z</time>
        <extensions>
          <ns3:TrackPointExtension>
            <ns3:atemp>28.0</ns3:atemp>
            <ns3:hr>150</ns3:hr>
            <ns3:cad>83</ns3:cad>
          </ns3:TrackPointExtension>
        </extensions>
      </trkpt>
      <trkpt lat="49.13546045310795307159423828125" lon="6.14947973750531673431396484375">
        <ele>170</ele>
        <time>2026-07-29T20:12:43.000Z</time>
        <extensions>
          <ns3:TrackPointExtension>
            <ns3:atemp>28.0</ns3:atemp>
            <ns3:hr>151</ns3:hr>
            <ns3:cad>84</ns3:cad>
          </ns3:TrackPointExtension>
        </extensions>
      </trkpt>
      <trkpt lat="49.1354742832481861114501953125" lon="6.14944771863520145416259765625">
        <ele>170.1999969482421875</ele>
        <time>2026-07-29T20:12:44.000Z</time>
        <extensions>
          <ns3:TrackPointExtension>
            <ns3:atemp>28.0</ns3:atemp>
            <ns3:hr>151</ns3:hr>
            <ns3:cad>84</ns3:cad>
          </ns3:TrackPointExtension>
        </extensions>
      </trkpt>
      <trkpt lat="49.1354943998157978057861328125" lon="6.14941947162151336669921875">
        <ele>170.1999969482421875</ele>
        <time>2026-07-29T20:12:45.000Z</time>
        <extensions>
          <ns3:TrackPointExtension>
            <ns3:atemp>28.0</ns3:atemp>
            <ns3:hr>151</ns3:hr>
            <ns3:cad>84</ns3:cad>
          </ns3:TrackPointExtension>
        </extensions>
      </trkpt>
      <trkpt lat="49.1355057992041110992431640625" lon="6.149390973150730133056640625">
        <ele>170.1999969482421875</ele>
        <time>2026-07-29T20:12:46.000Z</time>
        <extensions>
          <ns3:TrackPointExtension>
            <ns3:atemp>28.0</ns3:atemp>
            <ns3:hr>151</ns3:hr>
            <ns3:cad>84</ns3:cad>
          </ns3:TrackPointExtension>
        </extensions>
      </trkpt>
      <trkpt lat="49.1355245746672153472900390625" lon="6.14934914745390415191650390625">
        <ele>170.1999969482421875</ele>
        <time>2026-07-29T20:12:47.000Z</time>
        <extensions>
          <ns3:TrackPointExtension>
            <ns3:atemp>28.0</ns3:atemp>
            <ns3:hr>151</ns3:hr>
            <ns3:cad>84</ns3:cad>
          </ns3:TrackPointExtension>
        </extensions>
      </trkpt>
      <trkpt lat="49.13554024882614612579345703125" lon="6.14932291209697723388671875">
        <ele>170.399993896484375</ele>
        <time>2026-07-29T20:12:48.000Z</time>
        <extensions>
          <ns3:TrackPointExtension>
            <ns3:atemp>28.0</ns3:atemp>
            <ns3:hr>151</ns3:hr>
            <ns3:cad>84</ns3:cad>
          </ns3:TrackPointExtension>
        </extensions>
      </trkpt>
      <trkpt lat="49.13555265404284000396728515625" lon="6.149297095835208892822265625">
        <ele>170.600006103515625</ele>
        <time>2026-07-29T20:12:49.000Z</time>
        <extensions>
          <ns3:TrackPointExtension>
            <ns3:atemp>28.0</ns3:atemp>
            <ns3:hr>151</ns3:hr>
            <ns3:cad>84</ns3:cad>
          </ns3:TrackPointExtension>
        </extensions>
      </trkpt>
      <trkpt lat="49.135572016239166259765625" lon="6.1492701061069965362548828125">
        <ele>170.600006103515625</ele>
        <time>2026-07-29T20:12:50.000Z</time>
        <extensions>
          <ns3:TrackPointExtension>
            <ns3:atemp>28.0</ns3:atemp>
            <ns3:hr>151</ns3:hr>
            <ns3:cad>84</ns3:cad>
          </ns3:TrackPointExtension>
        </extensions>
      </trkpt>
      <trkpt lat="49.13557997904717922210693359375" lon="6.14924571476876735687255859375">
        <ele>170.600006103515625</ele>
        <time>2026-07-29T20:12:51.000Z</time>
        <extensions>
          <ns3:TrackPointExtension>
            <ns3:atemp>28.0</ns3:atemp>
            <ns3:hr>151</ns3:hr>
            <ns3:cad>84</ns3:cad>
          </ns3:TrackPointExtension>
        </extensions>
      </trkpt>
      <trkpt lat="49.13559573702514171600341796875" lon="6.149213276803493499755859375">
        <ele>170.600006103515625</ele>
        <time>2026-07-29T20:12:52.000Z</time>
        <extensions>
          <ns3:TrackPointExtension>
            <ns3:atemp>28.0</ns3:atemp>
            <ns3:hr>150</ns3:hr>
            <ns3:cad>84</ns3:cad>
          </ns3:TrackPointExtension>
        </extensions>
      </trkpt>
      <trkpt lat="49.13561048917472362518310546875" lon="6.14918486215174198150634765625">
        <ele>170.399993896484375</ele>
        <time>2026-07-29T20:12:53.000Z</time>
        <extensions>
          <ns3:TrackPointExtension>
            <ns3:atemp>28.0</ns3:atemp>
            <ns3:hr>150</ns3:hr>
            <ns3:cad>83</ns3:cad>
          </ns3:TrackPointExtension>
        </extensions>
      </trkpt>
      <trkpt lat="49.13562121801078319549560546875" lon="6.1491581238806247711181640625">
        <ele>170.399993896484375</ele>
        <time>2026-07-29T20:12:54.000Z</time>
        <extensions>
          <ns3:TrackPointExtension>
            <ns3:atemp>28.0</ns3:atemp>
            <ns3:hr>150</ns3:hr>
            <ns3:cad>83</ns3:cad>
          </ns3:TrackPointExtension>
        </extensions>
      </trkpt>
      <trkpt lat="49.13564401678740978240966796875" lon="6.14913121797144412994384765625">
        <ele>170.399993896484375</ele>
        <time>2026-07-29T20:12:55.000Z</time>
        <extensions>
          <ns3:TrackPointExtension>
            <ns3:atemp>28.0</ns3:atemp>
            <ns3:hr>150</ns3:hr>
            <ns3:cad>83</ns3:cad>
          </ns3:TrackPointExtension>
        </extensions>
      </trkpt>
      <trkpt lat="49.13565072230994701385498046875" lon="6.14910372532904148101806640625">
        <ele>170.399993896484375</ele>
        <time>2026-07-29T20:12:56.000Z</time>
        <extensions>
          <ns3:TrackPointExtension>
            <ns3:atemp>28.0</ns3:atemp>
            <ns3:hr>150</ns3:hr>
            <ns3:cad>83</ns3:cad>
          </ns3:TrackPointExtension>
        </extensions>
      </trkpt>
      <trkpt lat="49.13566949777305126190185546875" lon="6.1490781605243682861328125">
        <ele>170.399993896484375</ele>
        <time>2026-07-29T20:12:57.000Z</time>
        <extensions>
          <ns3:TrackPointExtension>
            <ns3:atemp>28.0</ns3:atemp>
            <ns3:hr>150</ns3:hr>
            <ns3:cad>83</ns3:cad>
          </ns3:TrackPointExtension>
        </extensions>
      </trkpt>
      <trkpt lat="49.13569648750126361846923828125" lon="6.14907120354473590850830078125">
        <ele>170.399993896484375</ele>
        <time>2026-07-29T20:12:58.000Z</time>
        <extensions>
          <ns3:TrackPointExtension>
            <ns3:atemp>28.0</ns3:atemp>
            <ns3:hr>150</ns3:hr>
            <ns3:cad>83</ns3:cad>
          </ns3:TrackPointExtension>
        </extensions>
      </trkpt>
      <trkpt lat="49.13571760989725589752197265625" lon="6.14906550385057926177978515625">
        <ele>170.399993896484375</ele>
        <time>2026-07-29T20:12:59.000Z</time>
        <extensions>
          <ns3:TrackPointExtension>
            <ns3:atemp>28.0</ns3:atemp>
            <ns3:hr>150</ns3:hr>
            <ns3:cad>83</ns3:cad>
          </ns3:TrackPointExtension>
        </extensions>
      </trkpt>
      <trkpt lat="49.1357477009296417236328125" lon="6.14908411167562007904052734375">
        <ele>170.399993896484375</ele>
        <time>2026-07-29T20:13:00.000Z</time>
        <extensions>
          <ns3:TrackPointExtension>
            <ns3:atemp>29.0</ns3:atemp>
            <ns3:hr>150</ns3:hr>
            <ns3:cad>83</ns3:cad>
          </ns3:TrackPointExtension>
        </extensions>
      </trkpt>
      <trkpt lat="49.13576580584049224853515625" lon="6.14909869618713855743408203125">
        <ele>170.399993896484375</ele>
        <time>2026-07-29T20:13:01.000Z</time>
        <extensions>
          <ns3:TrackPointExtension>
            <ns3:atemp>28.0</ns3:atemp>
            <ns3:hr>150</ns3:hr>
            <ns3:cad>82</ns3:cad>
          </ns3:TrackPointExtension>
        </extensions>
      </trkpt>
      <trkpt lat="49.13578080944716930389404296875" lon="6.14911847747862339019775390625">
        <ele>170.399993896484375</ele>
        <time>2026-07-29T20:13:02.000Z</time>
        <extensions>
          <ns3:TrackPointExtension>
            <ns3:atemp>28.0</ns3:atemp>
            <ns3:hr>150</ns3:hr>
            <ns3:cad>82</ns3:cad>
          </ns3:TrackPointExtension>
        </extensions>
      </trkpt>
      <trkpt lat="49.13579422049224376678466796875" lon="6.14915334619581699371337890625">
        <ele>170.399993896484375</ele>
        <time>2026-07-29T20:13:03.000Z</time>
        <extensions>
          <ns3:TrackPointExtension>
            <ns3:atemp>28.0</ns3:atemp>
            <ns3:hr>149</ns3:hr>
            <ns3:cad>83</ns3:cad>
          </ns3:TrackPointExtension>
        </extensions>
      </trkpt>
      <trkpt lat="49.1358120739459991455078125" lon="6.149176396429538726806640625">
        <ele>170.399993896484375</ele>
        <time>2026-07-29T20:13:04.000Z</time>
        <extensions>
          <ns3:TrackPointExtension>
            <ns3:atemp>28.0</ns3:atemp>
            <ns3:hr>149</ns3:hr>
            <ns3:cad>83</ns3:cad>
          </ns3:TrackPointExtension>
        </extensions>
      </trkpt>
      <trkpt lat="49.13583219051361083984375" lon="6.149209253489971160888671875">
        <ele>170.399993896484375</ele>
        <time>2026-07-29T20:13:05.000Z</time>
        <extensions>
          <ns3:TrackPointExtension>
            <ns3:atemp>28.0</ns3:atemp>
            <ns3:hr>149</ns3:hr>
            <ns3:cad>83</ns3:cad>
          </ns3:TrackPointExtension>
        </extensions>
      </trkpt>
      <trkpt lat="49.1358467750251293182373046875" lon="6.14924118854105472564697265625">
        <ele>170.399993896484375</ele>
        <time>2026-07-29T20:13:06.000Z</time>
        <extensions>
          <ns3:TrackPointExtension>
            <ns3:atemp>28.0</ns3:atemp>
            <ns3:hr>149</ns3:hr>
            <ns3:cad>82</ns3:cad>
          </ns3:TrackPointExtension>
        </extensions>
      </trkpt>
      <trkpt lat="49.13586110807955265045166015625" lon="6.14926616661250591278076171875">
        <ele>170.1999969482421875</ele>
        <time>2026-07-29T20:13:07.000Z</time>
        <extensions>
          <ns3:TrackPointExtension>
            <ns3:atemp>28.0</ns3:atemp>
            <ns3:hr>149</ns3:hr>
            <ns3:cad>82</ns3:cad>
          </ns3:TrackPointExtension>
        </extensions>
      </trkpt>
      <trkpt lat="49.13587669841945171356201171875" lon="6.14930070005357265472412109375">
        <ele>170.1999969482421875</ele>
        <time>2026-07-29T20:13:08.000Z</time>
        <extensions>
          <ns3:TrackPointExtension>
            <ns3:atemp>28.0</ns3:atemp>
            <ns3:hr>149</ns3:hr>
            <ns3:cad>82</ns3:cad>
          </ns3:TrackPointExtension>
        </extensions>
      </trkpt>
      <trkpt lat="49.13589111529290676116943359375" lon="6.1493264324963092803955078125">
        <ele>170.1999969482421875</ele>
        <time>2026-07-29T20:13:09.000Z</time>
        <extensions>
          <ns3:TrackPointExtension>
            <ns3:atemp>28.0</ns3:atemp>
            <ns3:hr>149</ns3:hr>
            <ns3:cad>82</ns3:cad>
          </ns3:TrackPointExtension>
        </extensions>
      </trkpt>
      <trkpt lat="49.135908298194408416748046875" lon="6.1493592895567417144775390625">
        <ele>170.1999969482421875</ele>
        <time>2026-07-29T20:13:10.000Z</time>
        <extensions>
          <ns3:TrackPointExtension>
            <ns3:atemp>28.0</ns3:atemp>
            <ns3:hr>149</ns3:hr>
            <ns3:cad>82</ns3:cad>
          </ns3:TrackPointExtension>
        </extensions>
      </trkpt>
      <trkpt lat="49.1359212063252925872802734375" lon="6.14938996732234954833984375">
        <ele>170.1999969482421875</ele>
        <time>2026-07-29T20:13:11.000Z</time>
        <extensions>
          <ns3:TrackPointExtension>
            <ns3:atemp>28.0</ns3:atemp>
            <ns3:hr>149</ns3:hr>
            <ns3:cad>83</ns3:cad>
          </ns3:TrackPointExtension>
        </extensions>
      </trkpt>
      <trkpt lat="49.1359354555606842041015625" lon="6.1494152806699275970458984375">
        <ele>170.1999969482421875</ele>
        <time>2026-07-29T20:13:12.000Z</time>
        <extensions>
          <ns3:TrackPointExtension>
            <ns3:atemp>28.0</ns3:atemp>
            <ns3:hr>150</ns3:hr>
            <ns3:cad>83</ns3:cad>
          </ns3:TrackPointExtension>
        </extensions>
      </trkpt>
      <trkpt lat="49.13594962097704410552978515625" lon="6.14944855682551860809326171875">
        <ele>170.1999969482421875</ele>
        <time>2026-07-29T20:13:13.000Z</time>
        <extensions>
          <ns3:TrackPointExtension>
            <ns3:atemp>28.0</ns3:atemp>
            <ns3:hr>150</ns3:hr>
            <ns3:cad>83</ns3:cad>
          </ns3:TrackPointExtension>
        </extensions>
      </trkpt>
      <trkpt lat="49.13596487604081630706787109375" lon="6.1494695954024791717529296875">
        <ele>170.1999969482421875</ele>
        <time>2026-07-29T20:13:14.000Z</time>
        <extensions>
          <ns3:TrackPointExtension>
            <ns3:atemp>28.0</ns3:atemp>
            <ns3:hr>150</ns3:hr>
            <ns3:cad>83</ns3:cad>
          </ns3:TrackPointExtension>
        </extensions>
      </trkpt>
      <trkpt lat="49.135984070599079132080078125" lon="6.14949918352067470550537109375">
        <ele>170.1999969482421875</ele>
        <time>2026-07-29T20:13:15.000Z</time>
        <extensions>
          <ns3:TrackPointExtension>
            <ns3:atemp>28.0</ns3:atemp>
            <ns3:hr>149</ns3:hr>
            <ns3:cad>83</ns3:cad>
          </ns3:TrackPointExtension>
        </extensions>
      </trkpt>
      <trkpt lat="49.1359989903867244720458984375" lon="6.14953212440013885498046875">
        <ele>170.1999969482421875</ele>
        <time>2026-07-29T20:13:16.000Z</time>
        <extensions>
          <ns3:TrackPointExtension>
            <ns3:atemp>28.0</ns3:atemp>
            <ns3:hr>149</ns3:hr>
            <ns3:cad>84</ns3:cad>
          </ns3:TrackPointExtension>
        </extensions>
      </trkpt>
      <trkpt lat="49.136014916002750396728515625" lon="6.14955131895840167999267578125">
        <ele>170</ele>
        <time>2026-07-29T20:13:17.000Z</time>
        <extensions>
          <ns3:TrackPointExtension>
            <ns3:atemp>28.0</ns3:atemp>
            <ns3:hr>149</ns3:hr>
            <ns3:cad>84</ns3:cad>
          </ns3:TrackPointExtension>
        </extensions>
      </trkpt>
      <trkpt lat="49.1360321827232837677001953125" lon="6.14958786405622959136962890625">
        <ele>170</ele>
        <time>2026-07-29T20:13:18.000Z</time>
        <extensions>
          <ns3:TrackPointExtension>
            <ns3:atemp>28.0</ns3:atemp>
            <ns3:hr>148</ns3:hr>
            <ns3:cad>84</ns3:cad>
          </ns3:TrackPointExtension>
        </extensions>
      </trkpt>
      <trkpt lat="49.13604416884481906890869140625" lon="6.1496146023273468017578125">
        <ele>170</ele>
        <time>2026-07-29T20:13:19.000Z</time>
        <extensions>
          <ns3:TrackPointExtension>
            <ns3:atemp>28.0</ns3:atemp>
            <ns3:hr>148</ns3:hr>
            <ns3:cad>84</ns3:cad>
          </ns3:TrackPointExtension>
        </extensions>
      </trkpt>
      <trkpt lat="49.13606327958405017852783203125" lon="6.14964201115071773529052734375">
        <ele>170</ele>
        <time>2026-07-29T20:13:20.000Z</time>
        <extensions>
          <ns3:TrackPointExtension>
            <ns3:atemp>28.0</ns3:atemp>
            <ns3:hr>148</ns3:hr>
            <ns3:cad>84</ns3:cad>
          </ns3:TrackPointExtension>
        </extensions>
      </trkpt>
      <trkpt lat="49.13607937283813953399658203125" lon="6.14967830479145050048828125">
        <ele>170</ele>
        <time>2026-07-29T20:13:21.000Z</time>
        <extensions>
          <ns3:TrackPointExtension>
            <ns3:atemp>28.0</ns3:atemp>
            <ns3:hr>147</ns3:hr>
            <ns3:cad>83</ns3:cad>
          </ns3:TrackPointExtension>
        </extensions>
      </trkpt>
      <trkpt lat="49.13609814830124378204345703125" lon="6.14969565533101558685302734375">
        <ele>170</ele>
        <time>2026-07-29T20:13:22.000Z</time>
        <extensions>
          <ns3:TrackPointExtension>
            <ns3:atemp>28.0</ns3:atemp>
            <ns3:hr>147</ns3:hr>
            <ns3:cad>83</ns3:cad>
          </ns3:TrackPointExtension>
        </extensions>
      </trkpt>
      <trkpt lat="49.13611776195466518402099609375" lon="6.1497311107814311981201171875">
        <ele>170</ele>
        <time>2026-07-29T20:13:23.000Z</time>
        <extensions>
          <ns3:TrackPointExtension>
            <ns3:atemp>28.0</ns3:atemp>
            <ns3:hr>147</ns3:hr>
            <ns3:cad>83</ns3:cad>
          </ns3:TrackPointExtension>
        </extensions>
      </trkpt>
      <trkpt lat="49.1361300833523273468017578125" lon="6.14976170472800731658935546875">
        <ele>170</ele>
        <time>2026-07-29T20:13:24.000Z</time>
        <extensions>
          <ns3:TrackPointExtension>
            <ns3:atemp>28.0</ns3:atemp>
            <ns3:hr>147</ns3:hr>
            <ns3:cad>83</ns3:cad>
          </ns3:TrackPointExtension>
        </extensions>
      </trkpt>
      <trkpt lat="49.13614441640675067901611328125" lon="6.14978902973234653472900390625">
        <ele>169.8000030517578125</ele>
        <time>2026-07-29T20:13:25.000Z</time>
        <extensions>
          <ns3:TrackPointExtension>
            <ns3:atemp>28.0</ns3:atemp>
            <ns3:hr>147</ns3:hr>
            <ns3:cad>83</ns3:cad>
          </ns3:TrackPointExtension>
        </extensions>
      </trkpt>
      <trkpt lat="49.13615950383245944976806640625" lon="6.1498296819627285003662109375">
        <ele>170</ele>
        <time>2026-07-29T20:13:26.000Z</time>
        <extensions>
          <ns3:TrackPointExtension>
            <ns3:atemp>28.0</ns3:atemp>
            <ns3:hr>147</ns3:hr>
            <ns3:cad>83</ns3:cad>
          </ns3:TrackPointExtension>
        </extensions>
      </trkpt>
      <trkpt lat="49.13617618381977081298828125" lon="6.149855665862560272216796875">
        <ele>170</ele>
        <time>2026-07-29T20:13:27.000Z</time>
        <extensions>
          <ns3:TrackPointExtension>
            <ns3:atemp>28.0</ns3:atemp>
            <ns3:hr>147</ns3:hr>
            <ns3:cad>83</ns3:cad>
          </ns3:TrackPointExtension>
        </extensions>
      </trkpt>
      <trkpt lat="49.13619202561676502227783203125" lon="6.14988827146589756011962890625">
        <ele>170</ele>
        <time>2026-07-29T20:13:28.000Z</time>
        <extensions>
          <ns3:TrackPointExtension>
            <ns3:atemp>28.0</ns3:atemp>
            <ns3:hr>147</ns3:hr>
            <ns3:cad>83</ns3:cad>
          </ns3:TrackPointExtension>
        </extensions>
      </trkpt>
      <trkpt lat="49.13620862178504467010498046875" lon="6.149916015565395355224609375">
        <ele>170</ele>
        <time>2026-07-29T20:13:29.000Z</time>
        <extensions>
          <ns3:TrackPointExtension>
            <ns3:atemp>28.0</ns3:atemp>
            <ns3:hr>147</ns3:hr>
            <ns3:cad>83</ns3:cad>
          </ns3:TrackPointExtension>
        </extensions>
      </trkpt>
      <trkpt lat="49.1362266428768634796142578125" lon="6.1499373055994510650634765625">
        <ele>170</ele>
        <time>2026-07-29T20:13:30.000Z</time>
        <extensions>
          <ns3:TrackPointExtension>
            <ns3:atemp>28.0</ns3:atemp>
            <ns3:hr>147</ns3:hr>
            <ns3:cad>83</ns3:cad>
          </ns3:TrackPointExtension>
        </extensions>
      </trkpt>
      <trkpt lat="49.13624315522611141204833984375" lon="6.14997376687824726104736328125">
        <ele>169.8000030517578125</ele>
        <time>2026-07-29T20:13:31.000Z</time>
        <extensions>
          <ns3:TrackPointExtension>
            <ns3:atemp>28.0</ns3:atemp>
            <ns3:hr>147</ns3:hr>
            <ns3:cad>83</ns3:cad>
          </ns3:TrackPointExtension>
        </extensions>
      </trkpt>
      <trkpt lat="49.1362564824521541595458984375" lon="6.14999748766422271728515625">
        <ele>169.8000030517578125</ele>
        <time>2026-07-29T20:13:32.000Z</time>
        <extensions>
          <ns3:TrackPointExtension>
            <ns3:atemp>28.0</ns3:atemp>
            <ns3:hr>147</ns3:hr>
            <ns3:cad>83</ns3:cad>
          </ns3:TrackPointExtension>
        </extensions>
      </trkpt>
      <trkpt lat="49.13627366535365581512451171875" lon="6.15002774633467197418212890625">
        <ele>169.8000030517578125</ele>
        <time>2026-07-29T20:13:33.000Z</time>
        <extensions>
          <ns3:TrackPointExtension>
            <ns3:atemp>28.0</ns3:atemp>
            <ns3:hr>147</ns3:hr>
            <ns3:cad>83</ns3:cad>
          </ns3:TrackPointExtension>
        </extensions>
      </trkpt>
      <trkpt lat="49.1362879984080791473388671875" lon="6.150060854852199554443359375">
        <ele>169.8000030517578125</ele>
        <time>2026-07-29T20:13:34.000Z</time>
        <extensions>
          <ns3:TrackPointExtension>
            <ns3:atemp>28.0</ns3:atemp>
            <ns3:hr>147</ns3:hr>
            <ns3:cad>83</ns3:cad>
          </ns3:TrackPointExtension>
        </extensions>
      </trkpt>
      <trkpt lat="49.1363047622144222259521484375" lon="6.150080971419811248779296875">
        <ele>169.8000030517578125</ele>
        <time>2026-07-29T20:13:35.000Z</time>
        <extensions>
          <ns3:TrackPointExtension>
            <ns3:atemp>28.0</ns3:atemp>
            <ns3:hr>147</ns3:hr>
            <ns3:cad>83</ns3:cad>
          </ns3:TrackPointExtension>
        </extensions>
      </trkpt>
      <trkpt lat="49.1363225318491458892822265625" lon="6.1501183547079563140869140625">
        <ele>169.8000030517578125</ele>
        <time>2026-07-29T20:13:36.000Z</time>
        <extensions>
          <ns3:TrackPointExtension>
            <ns3:atemp>28.0</ns3:atemp>
            <ns3:hr>147</ns3:hr>
            <ns3:cad>83</ns3:cad>
          </ns3:TrackPointExtension>
        </extensions>
      </trkpt>
      <trkpt lat="49.1363359428942203521728515625" lon="6.15014475770294666290283203125">
        <ele>169.8000030517578125</ele>
        <time>2026-07-29T20:13:37.000Z</time>
        <extensions>
          <ns3:TrackPointExtension>
            <ns3:atemp>28.0</ns3:atemp>
            <ns3:hr>147</ns3:hr>
            <ns3:cad>83</ns3:cad>
          </ns3:TrackPointExtension>
        </extensions>
      </trkpt>
      <trkpt lat="49.13635144941508769989013671875" lon="6.1501756869256496429443359375">
        <ele>169.8000030517578125</ele>
        <time>2026-07-29T20:13:38.000Z</time>
        <extensions>
          <ns3:TrackPointExtension>
            <ns3:atemp>28.0</ns3:atemp>
            <ns3:hr>148</ns3:hr>
            <ns3:cad>83</ns3:cad>
          </ns3:TrackPointExtension>
        </extensions>
      </trkpt>
      <trkpt lat="49.13636603392660617828369140625" lon="6.15021181292831897735595703125">
        <ele>169.8000030517578125</ele>
        <time>2026-07-29T20:13:39.000Z</time>
        <extensions>
          <ns3:TrackPointExtension>
            <ns3:atemp>28.0</ns3:atemp>
            <ns3:hr>148</ns3:hr>
            <ns3:cad>83</ns3:cad>
          </ns3:TrackPointExtension>
        </extensions>
      </trkpt>
      <trkpt lat="49.1363815404474735260009765625" lon="6.15023109130561351776123046875">
        <ele>169.8000030517578125</ele>
        <time>2026-07-29T20:13:40.000Z</time>
        <extensions>
          <ns3:TrackPointExtension>
            <ns3:atemp>28.0</ns3:atemp>
            <ns3:hr>147</ns3:hr>
            <ns3:cad>83</ns3:cad>
          </ns3:TrackPointExtension>
        </extensions>
      </trkpt>
      <trkpt lat="49.13639880716800689697265625" lon="6.15026897750794887542724609375">
        <ele>170</ele>
        <time>2026-07-29T20:13:41.000Z</time>
        <extensions>
          <ns3:TrackPointExtension>
            <ns3:atemp>28.0</ns3:atemp>
            <ns3:hr>147</ns3:hr>
            <ns3:cad>83</ns3:cad>
          </ns3:TrackPointExtension>
        </extensions>
      </trkpt>
      <trkpt lat="49.1364143975079059600830078125" lon="6.150291524827480316162109375">
        <ele>170</ele>
        <time>2026-07-29T20:13:42.000Z</time>
        <extensions>
          <ns3:TrackPointExtension>
            <ns3:atemp>28.0</ns3:atemp>
            <ns3:hr>147</ns3:hr>
            <ns3:cad>83</ns3:cad>
          </ns3:TrackPointExtension>
        </extensions>
      </trkpt>
      <trkpt lat="49.13643090985715389251708984375" lon="6.150321029126644134521484375">
        <ele>169.8000030517578125</ele>
        <time>2026-07-29T20:13:43.000Z</time>
        <extensions>
          <ns3:TrackPointExtension>
            <ns3:atemp>28.0</ns3:atemp>
            <ns3:hr>147</ns3:hr>
            <ns3:cad>83</ns3:cad>
          </ns3:TrackPointExtension>
        </extensions>
      </trkpt>
      <trkpt lat="49.136444739997386932373046875" lon="6.15035329945385456085205078125">
        <ele>170</ele>
        <time>2026-07-29T20:13:44.000Z</time>
        <extensions>
          <ns3:TrackPointExtension>
            <ns3:atemp>28.0</ns3:atemp>
            <ns3:hr>147</ns3:hr>
            <ns3:cad>84</ns3:cad>
          </ns3:TrackPointExtension>
        </extensions>
      </trkpt>
      <trkpt lat="49.1364573128521442413330078125" lon="6.1503761820495128631591796875">
        <ele>170</ele>
        <time>2026-07-29T20:13:45.000Z</time>
        <extensions>
          <ns3:TrackPointExtension>
            <ns3:atemp>28.0</ns3:atemp>
            <ns3:hr>146</ns3:hr>
            <ns3:cad>84</ns3:cad>
          </ns3:TrackPointExtension>
        </extensions>
      </trkpt>
      <trkpt lat="49.13647332228720188140869140625" lon="6.15041323006153106689453125">
        <ele>170</ele>
        <time>2026-07-29T20:13:46.000Z</time>
        <extensions>
          <ns3:TrackPointExtension>
            <ns3:atemp>28.0</ns3:atemp>
            <ns3:hr>146</ns3:hr>
            <ns3:cad>85</ns3:cad>
          </ns3:TrackPointExtension>
        </extensions>
      </trkpt>
      <trkpt lat="49.1364881582558155059814453125" lon="6.15043678320944309234619140625">
        <ele>170</ele>
        <time>2026-07-29T20:13:47.000Z</time>
        <extensions>
          <ns3:TrackPointExtension>
            <ns3:atemp>28.0</ns3:atemp>
            <ns3:hr>146</ns3:hr>
            <ns3:cad>85</ns3:cad>
          </ns3:TrackPointExtension>
        </extensions>
      </trkpt>
      <trkpt lat="49.1365052573382854461669921875" lon="6.1504636891186237335205078125">
        <ele>170</ele>
        <time>2026-07-29T20:13:48.000Z</time>
        <extensions>
          <ns3:TrackPointExtension>
            <ns3:atemp>28.0</ns3:atemp>
            <ns3:hr>146</ns3:hr>
            <ns3:cad>84</ns3:cad>
          </ns3:TrackPointExtension>
        </extensions>
      </trkpt>
      <trkpt lat="49.13651875220239162445068359375" lon="6.15049763582646846771240234375">
        <ele>170</ele>
        <time>2026-07-29T20:13:49.000Z</time>
        <extensions>
          <ns3:TrackPointExtension>
            <ns3:atemp>28.0</ns3:atemp>
            <ns3:hr>146</ns3:hr>
            <ns3:cad>84</ns3:cad>
          </ns3:TrackPointExtension>
        </extensions>
      </trkpt>
      <trkpt lat="49.136533923447132110595703125" lon="6.150524206459522247314453125">
        <ele>170.1999969482421875</ele>
        <time>2026-07-29T20:13:50.000Z</time>
        <extensions>
          <ns3:TrackPointExtension>
            <ns3:atemp>28.0</ns3:atemp>
            <ns3:hr>146</ns3:hr>
            <ns3:cad>84</ns3:cad>
          </ns3:TrackPointExtension>
        </extensions>
      </trkpt>
      <trkpt lat="49.1365511901676654815673828125" lon="6.150561757385730743408203125">
        <ele>170.1999969482421875</ele>
        <time>2026-07-29T20:13:51.000Z</time>
        <extensions>
          <ns3:TrackPointExtension>
            <ns3:atemp>28.0</ns3:atemp>
            <ns3:hr>147</ns3:hr>
            <ns3:cad>83</ns3:cad>
          </ns3:TrackPointExtension>
        </extensions>
      </trkpt>
      <trkpt lat="49.1365669481456279754638671875" lon="6.15058614872395992279052734375">
        <ele>170.1999969482421875</ele>
        <time>2026-07-29T20:13:52.000Z</time>
        <extensions>
          <ns3:TrackPointExtension>
            <ns3:atemp>28.0</ns3:atemp>
            <ns3:hr>147</ns3:hr>
            <ns3:cad>83</ns3:cad>
          </ns3:TrackPointExtension>
        </extensions>
      </trkpt>
      <trkpt lat="49.13658346049487590789794921875" lon="6.1506179161369800567626953125">
        <ele>170.1999969482421875</ele>
        <time>2026-07-29T20:13:53.000Z</time>
        <extensions>
          <ns3:TrackPointExtension>
            <ns3:atemp>28.0</ns3:atemp>
            <ns3:hr>148</ns3:hr>
            <ns3:cad>83</ns3:cad>
          </ns3:TrackPointExtension>
        </extensions>
      </trkpt>
      <trkpt lat="49.13659703917801380157470703125" lon="6.1506537906825542449951171875">
        <ele>170.1999969482421875</ele>
        <time>2026-07-29T20:13:54.000Z</time>
        <extensions>
          <ns3:TrackPointExtension>
            <ns3:atemp>28.0</ns3:atemp>
            <ns3:hr>148</ns3:hr>
            <ns3:cad>83</ns3:cad>
          </ns3:TrackPointExtension>
        </extensions>
      </trkpt>
      <trkpt lat="49.1366125456988811492919921875" lon="6.15067784674465656280517578125">
        <ele>170.1999969482421875</ele>
        <time>2026-07-29T20:13:55.000Z</time>
        <extensions>
          <ns3:TrackPointExtension>
            <ns3:atemp>28.0</ns3:atemp>
            <ns3:hr>148</ns3:hr>
            <ns3:cad>83</ns3:cad>
          </ns3:TrackPointExtension>
        </extensions>
      </trkpt>
      <trkpt lat="49.13663023151457309722900390625" lon="6.15071908570826053619384765625">
        <ele>170.1999969482421875</ele>
        <time>2026-07-29T20:13:56.000Z</time>
        <extensions>
          <ns3:TrackPointExtension>
            <ns3:atemp>28.0</ns3:atemp>
            <ns3:hr>148</ns3:hr>
            <ns3:cad>84</ns3:cad>
          </ns3:TrackPointExtension>
        </extensions>
      </trkpt>
      <trkpt lat="49.13664598949253559112548828125" lon="6.1507480032742023468017578125">
        <ele>170.1999969482421875</ele>
        <time>2026-07-29T20:13:57.000Z</time>
        <extensions>
          <ns3:TrackPointExtension>
            <ns3:atemp>28.0</ns3:atemp>
            <ns3:hr>148</ns3:hr>
            <ns3:cad>84</ns3:cad>
          </ns3:TrackPointExtension>
        </extensions>
      </trkpt>
      <trkpt lat="49.13666241802275180816650390625" lon="6.15078178234398365020751953125">
        <ele>170.1999969482421875</ele>
        <time>2026-07-29T20:13:58.000Z</time>
        <extensions>
          <ns3:TrackPointExtension>
            <ns3:atemp>28.0</ns3:atemp>
            <ns3:hr>149</ns3:hr>
            <ns3:cad>84</ns3:cad>
          </ns3:TrackPointExtension>
        </extensions>
      </trkpt>
      <trkpt lat="49.13667448796331882476806640625" lon="6.1508197523653507232666015625">
        <ele>170.1999969482421875</ele>
        <time>2026-07-29T20:13:59.000Z</time>
        <extensions>
          <ns3:TrackPointExtension>
            <ns3:atemp>28.0</ns3:atemp>
            <ns3:hr>149</ns3:hr>
            <ns3:cad>84</ns3:cad>
          </ns3:TrackPointExtension>
        </extensions>
      </trkpt>
      <trkpt lat="49.13668689318001270294189453125" lon="6.15084313787519931793212890625">
        <ele>170.1999969482421875</ele>
        <time>2026-07-29T20:14:00.000Z</time>
        <extensions>
          <ns3:TrackPointExtension>
            <ns3:atemp>28.0</ns3:atemp>
            <ns3:hr>149</ns3:hr>
            <ns3:cad>84</ns3:cad>
          </ns3:TrackPointExtension>
        </extensions>
      </trkpt>
      <trkpt lat="49.1367013938724994659423828125" lon="6.15088471211493015289306640625">
        <ele>170.1999969482421875</ele>
        <time>2026-07-29T20:14:01.000Z</time>
        <extensions>
          <ns3:TrackPointExtension>
            <ns3:atemp>28.0</ns3:atemp>
            <ns3:hr>149</ns3:hr>
            <ns3:cad>83</ns3:cad>
          </ns3:TrackPointExtension>
        </extensions>
      </trkpt>
      <trkpt lat="49.13671203888952732086181640625" lon="6.15091103129088878631591796875">
        <ele>170.1999969482421875</ele>
        <time>2026-07-29T20:14:02.000Z</time>
        <extensions>
          <ns3:TrackPointExtension>
            <ns3:atemp>28.0</ns3:atemp>
            <ns3:hr>150</ns3:hr>
            <ns3:cad>84</ns3:cad>
          </ns3:TrackPointExtension>
        </extensions>
      </trkpt>
      <trkpt lat="49.13672813214361667633056640625" lon="6.1509451456367969512939453125">
        <ele>170.1999969482421875</ele>
        <time>2026-07-29T20:14:03.000Z</time>
        <extensions>
          <ns3:TrackPointExtension>
            <ns3:atemp>28.0</ns3:atemp>
            <ns3:hr>150</ns3:hr>
            <ns3:cad>84</ns3:cad>
          </ns3:TrackPointExtension>
        </extensions>
      </trkpt>
      <trkpt lat="49.13673852570354938507080078125" lon="6.15097842179238796234130859375">
        <ele>170.1999969482421875</ele>
        <time>2026-07-29T20:14:04.000Z</time>
        <extensions>
          <ns3:TrackPointExtension>
            <ns3:atemp>28.0</ns3:atemp>
            <ns3:hr>150</ns3:hr>
            <ns3:cad>84</ns3:cad>
          </ns3:TrackPointExtension>
        </extensions>
      </trkpt>
      <trkpt lat="49.13675193674862384796142578125" lon="6.15100390277802944183349609375">
        <ele>170.1999969482421875</ele>
        <time>2026-07-29T20:14:05.000Z</time>
        <extensions>
          <ns3:TrackPointExtension>
            <ns3:atemp>28.0</ns3:atemp>
            <ns3:hr>150</ns3:hr>
            <ns3:cad>84</ns3:cad>
          </ns3:TrackPointExtension>
        </extensions>
      </trkpt>
      <trkpt lat="49.136764593422412872314453125" lon="6.15104413591325283050537109375">
        <ele>170.1999969482421875</ele>
        <time>2026-07-29T20:14:06.000Z</time>
        <extensions>
          <ns3:TrackPointExtension>
            <ns3:atemp>28.0</ns3:atemp>
            <ns3:hr>150</ns3:hr>
            <ns3:cad>84</ns3:cad>
          </ns3:TrackPointExtension>
        </extensions>
      </trkpt>
      <trkpt lat="49.136780686676502227783203125" lon="6.15106827579438686370849609375">
        <ele>170.1999969482421875</ele>
        <time>2026-07-29T20:14:07.000Z</time>
        <extensions>
          <ns3:TrackPointExtension>
            <ns3:atemp>28.0</ns3:atemp>
            <ns3:hr>150</ns3:hr>
            <ns3:cad>84</ns3:cad>
          </ns3:TrackPointExtension>
        </extensions>
      </trkpt>
      <trkpt lat="49.136798121035099029541015625" lon="6.1511059105396270751953125">
        <ele>170.1999969482421875</ele>
        <time>2026-07-29T20:14:08.000Z</time>
        <extensions>
          <ns3:TrackPointExtension>
            <ns3:atemp>28.0</ns3:atemp>
            <ns3:hr>150</ns3:hr>
            <ns3:cad>84</ns3:cad>
          </ns3:TrackPointExtension>
        </extensions>
      </trkpt>
      <trkpt lat="49.1368100233376026153564453125" lon="6.15113885141909122467041015625">
        <ele>170.399993896484375</ele>
        <time>2026-07-29T20:14:09.000Z</time>
        <extensions>
          <ns3:TrackPointExtension>
            <ns3:atemp>28.0</ns3:atemp>
            <ns3:hr>150</ns3:hr>
            <ns3:cad>84</ns3:cad>
          </ns3:TrackPointExtension>
        </extensions>
      </trkpt>
      <trkpt lat="49.13682351820170879364013671875" lon="6.1511704511940479278564453125">
        <ele>170.399993896484375</ele>
        <time>2026-07-29T20:14:10.000Z</time>
        <extensions>
          <ns3:TrackPointExtension>
            <ns3:atemp>28.0</ns3:atemp>
            <ns3:hr>150</ns3:hr>
            <ns3:cad>84</ns3:cad>
          </ns3:TrackPointExtension>
        </extensions>
      </trkpt>
      <trkpt lat="49.1368351690471172332763671875" lon="6.15121194161474704742431640625">
        <ele>170.399993896484375</ele>
        <time>2026-07-29T20:14:11.000Z</time>
        <extensions>
          <ns3:TrackPointExtension>
            <ns3:atemp>28.0</ns3:atemp>
            <ns3:hr>150</ns3:hr>
            <ns3:cad>84</ns3:cad>
          </ns3:TrackPointExtension>
        </extensions>
      </trkpt>
      <trkpt lat="49.13685075938701629638671875" lon="6.15123809315264225006103515625">
        <ele>170.399993896484375</ele>
        <time>2026-07-29T20:14:12.000Z</time>
        <extensions>
          <ns3:TrackPointExtension>
            <ns3:atemp>28.0</ns3:atemp>
            <ns3:hr>150</ns3:hr>
            <ns3:cad>84</ns3:cad>
          </ns3:TrackPointExtension>
        </extensions>
      </trkpt>
      <trkpt lat="49.13686819374561309814453125" lon="6.15127547644078731536865234375">
        <ele>170.399993896484375</ele>
        <time>2026-07-29T20:14:13.000Z</time>
        <extensions>
          <ns3:TrackPointExtension>
            <ns3:atemp>28.0</ns3:atemp>
            <ns3:hr>150</ns3:hr>
            <ns3:cad>84</ns3:cad>
          </ns3:TrackPointExtension>
        </extensions>
      </trkpt>
      <trkpt lat="49.13687900640070438385009765625" lon="6.15130682475864887237548828125">
        <ele>170.399993896484375</ele>
        <time>2026-07-29T20:14:14.000Z</time>
        <extensions>
          <ns3:TrackPointExtension>
            <ns3:atemp>28.0</ns3:atemp>
            <ns3:hr>150</ns3:hr>
            <ns3:cad>84</ns3:cad>
          </ns3:TrackPointExtension>
        </extensions>
      </trkpt>
      <trkpt lat="49.1368935070931911468505859375" lon="6.151333563029766082763671875">
        <ele>170.600006103515625</ele>
        <time>2026-07-29T20:14:15.000Z</time>
        <extensions>
          <ns3:TrackPointExtension>
            <ns3:atemp>28.0</ns3:atemp>
            <ns3:hr>150</ns3:hr>
            <ns3:cad>84</ns3:cad>
          </ns3:TrackPointExtension>
        </extensions>
      </trkpt>
      <trkpt lat="49.13690666668117046356201171875" lon="6.15137480199337005615234375">
        <ele>170.600006103515625</ele>
        <time>2026-07-29T20:14:16.000Z</time>
        <extensions>
          <ns3:TrackPointExtension>
            <ns3:atemp>28.0</ns3:atemp>
            <ns3:hr>150</ns3:hr>
            <ns3:cad>84</ns3:cad>
          </ns3:TrackPointExtension>
        </extensions>
      </trkpt>
      <trkpt lat="49.13691873662173748016357421875" lon="6.15140187554061412811279296875">
        <ele>170.600006103515625</ele>
        <time>2026-07-29T20:14:17.000Z</time>
        <extensions>
          <ns3:TrackPointExtension>
            <ns3:atemp>28.0</ns3:atemp>
            <ns3:hr>150</ns3:hr>
            <ns3:cad>83</ns3:cad>
          </ns3:TrackPointExtension>
        </extensions>
      </trkpt>
      <trkpt lat="49.136934578418731689453125" lon="6.1514383368194103240966796875">
        <ele>170.600006103515625</ele>
        <time>2026-07-29T20:14:18.000Z</time>
        <extensions>
          <ns3:TrackPointExtension>
            <ns3:atemp>28.0</ns3:atemp>
            <ns3:hr>151</ns3:hr>
            <ns3:cad>83</ns3:cad>
          </ns3:TrackPointExtension>
        </extensions>
      </trkpt>
      <trkpt lat="49.13694639690220355987548828125" lon="6.15147002041339874267578125">
        <ele>170.600006103515625</ele>
        <time>2026-07-29T20:14:19.000Z</time>
        <extensions>
          <ns3:TrackPointExtension>
            <ns3:atemp>28.0</ns3:atemp>
            <ns3:hr>151</ns3:hr>
            <ns3:cad>83</ns3:cad>
          </ns3:TrackPointExtension>
        </extensions>
      </trkpt>
      <trkpt lat="49.13695804774761199951171875" lon="6.15150153636932373046875">
        <ele>170.600006103515625</ele>
        <time>2026-07-29T20:14:20.000Z</time>
        <extensions>
          <ns3:TrackPointExtension>
            <ns3:atemp>28.0</ns3:atemp>
            <ns3:hr>151</ns3:hr>
            <ns3:cad>83</ns3:cad>
          </ns3:TrackPointExtension>
        </extensions>
      </trkpt>
      <trkpt lat="49.1369733028113842010498046875" lon="6.15154168568551540374755859375">
        <ele>170.600006103515625</ele>
        <time>2026-07-29T20:14:21.000Z</time>
        <extensions>
          <ns3:TrackPointExtension>
            <ns3:atemp>28.0</ns3:atemp>
            <ns3:hr>152</ns3:hr>
            <ns3:cad>83</ns3:cad>
          </ns3:TrackPointExtension>
        </extensions>
      </trkpt>
      <trkpt lat="49.136989228427410125732421875" lon="6.15156817249953746795654296875">
        <ele>170.600006103515625</ele>
        <time>2026-07-29T20:14:22.000Z</time>
        <extensions>
          <ns3:TrackPointExtension>
            <ns3:atemp>28.0</ns3:atemp>
            <ns3:hr>152</ns3:hr>
            <ns3:cad>83</ns3:cad>
          </ns3:TrackPointExtension>
        </extensions>
      </trkpt>
      <trkpt lat="49.13700892589986324310302734375" lon="6.1516083218157291412353515625">
        <ele>170.600006103515625</ele>
        <time>2026-07-29T20:14:23.000Z</time>
        <extensions>
          <ns3:TrackPointExtension>
            <ns3:atemp>28.0</ns3:atemp>
            <ns3:hr>152</ns3:hr>
            <ns3:cad>84</ns3:cad>
          </ns3:TrackPointExtension>
        </extensions>
      </trkpt>
      <trkpt lat="49.13702149875462055206298828125" lon="6.15163992159068584442138671875">
        <ele>170.600006103515625</ele>
        <time>2026-07-29T20:14:24.000Z</time>
        <extensions>
          <ns3:TrackPointExtension>
            <ns3:atemp>28.0</ns3:atemp>
            <ns3:hr>153</ns3:hr>
            <ns3:cad>84</ns3:cad>
          </ns3:TrackPointExtension>
        </extensions>
      </trkpt>
      <trkpt lat="49.137038849294185638427734375" lon="6.15166691131889820098876953125">
        <ele>170.399993896484375</ele>
        <time>2026-07-29T20:14:25.000Z</time>
        <extensions>
          <ns3:TrackPointExtension>
            <ns3:atemp>28.0</ns3:atemp>
            <ns3:hr>153</ns3:hr>
            <ns3:cad>84</ns3:cad>
          </ns3:TrackPointExtension>
        </extensions>
      </trkpt>
      <trkpt lat="49.13705083541572093963623046875" lon="6.15171007812023162841796875">
        <ele>170.399993896484375</ele>
        <time>2026-07-29T20:14:26.000Z</time>
        <extensions>
          <ns3:TrackPointExtension>
            <ns3:atemp>28.0</ns3:atemp>
            <ns3:hr>154</ns3:hr>
            <ns3:cad>84</ns3:cad>
          </ns3:TrackPointExtension>
        </extensions>
      </trkpt>
      <trkpt lat="49.1370618157088756561279296875" lon="6.15174067206680774688720703125">
        <ele>170.399993896484375</ele>
        <time>2026-07-29T20:14:27.000Z</time>
        <extensions>
          <ns3:TrackPointExtension>
            <ns3:atemp>28.0</ns3:atemp>
            <ns3:hr>154</ns3:hr>
            <ns3:cad>85</ns3:cad>
          </ns3:TrackPointExtension>
        </extensions>
      </trkpt>
      <trkpt lat="49.1370762325823307037353515625" lon="6.151781491935253143310546875">
        <ele>170.399993896484375</ele>
        <time>2026-07-29T20:14:28.000Z</time>
        <extensions>
          <ns3:TrackPointExtension>
            <ns3:atemp>28.0</ns3:atemp>
            <ns3:hr>154</ns3:hr>
            <ns3:cad>85</ns3:cad>
          </ns3:TrackPointExtension>
        </extensions>
      </trkpt>
      <trkpt lat="49.1370869614183902740478515625" lon="6.151813007891178131103515625">
        <ele>170.399993896484375</ele>
        <time>2026-07-29T20:14:29.000Z</time>
        <extensions>
          <ns3:TrackPointExtension>
            <ns3:atemp>28.0</ns3:atemp>
            <ns3:hr>154</ns3:hr>
            <ns3:cad>84</ns3:cad>
          </ns3:TrackPointExtension>
        </extensions>
      </trkpt>
      <trkpt lat="49.13709877990186214447021484375" lon="6.151843853294849395751953125">
        <ele>170.399993896484375</ele>
        <time>2026-07-29T20:14:30.000Z</time>
        <extensions>
          <ns3:TrackPointExtension>
            <ns3:atemp>28.0</ns3:atemp>
            <ns3:hr>154</ns3:hr>
            <ns3:cad>84</ns3:cad>
          </ns3:TrackPointExtension>
        </extensions>
      </trkpt>
      <trkpt lat="49.1371050663292407989501953125" lon="6.1518892832100391387939453125">
        <ele>170.399993896484375</ele>
        <time>2026-07-29T20:14:31.000Z</time>
        <extensions>
          <ns3:TrackPointExtension>
            <ns3:atemp>28.0</ns3:atemp>
            <ns3:hr>154</ns3:hr>
            <ns3:cad>84</ns3:cad>
          </ns3:TrackPointExtension>
        </extensions>
      </trkpt>
      <trkpt lat="49.13711587898433208465576171875" lon="6.15192607976496219635009765625">
        <ele>170.399993896484375</ele>
        <time>2026-07-29T20:14:32.000Z</time>
        <extensions>
          <ns3:TrackPointExtension>
            <ns3:atemp>28.0</ns3:atemp>
            <ns3:hr>154</ns3:hr>
            <ns3:cad>84</ns3:cad>
          </ns3:TrackPointExtension>
        </extensions>
      </trkpt>
      <trkpt lat="49.1371265240013599395751953125" lon="6.1519694142043590545654296875">
        <ele>170.399993896484375</ele>
        <time>2026-07-29T20:14:33.000Z</time>
        <extensions>
          <ns3:TrackPointExtension>
            <ns3:atemp>28.0</ns3:atemp>
            <ns3:hr>154</ns3:hr>
            <ns3:cad>84</ns3:cad>
          </ns3:TrackPointExtension>
        </extensions>
      </trkpt>
      <trkpt lat="49.1371357440948486328125" lon="6.1520029418170452117919921875">
        <ele>170.399993896484375</ele>
        <time>2026-07-29T20:14:34.000Z</time>
        <extensions>
          <ns3:TrackPointExtension>
            <ns3:atemp>28.0</ns3:atemp>
            <ns3:hr>155</ns3:hr>
            <ns3:cad>84</ns3:cad>
          </ns3:TrackPointExtension>
        </extensions>
      </trkpt>
      <trkpt lat="49.13714714348316192626953125" lon="6.152034960687160491943359375">
        <ele>170.399993896484375</ele>
        <time>2026-07-29T20:14:35.000Z</time>
        <extensions>
          <ns3:TrackPointExtension>
            <ns3:atemp>28.0</ns3:atemp>
            <ns3:hr>155</ns3:hr>
            <ns3:cad>84</ns3:cad>
          </ns3:TrackPointExtension>
        </extensions>
      </trkpt>
      <trkpt lat="49.13715787231922149658203125" lon="6.15207527764141559600830078125">
        <ele>170.399993896484375</ele>
        <time>2026-07-29T20:14:36.000Z</time>
        <extensions>
          <ns3:TrackPointExtension>
            <ns3:atemp>28.0</ns3:atemp>
            <ns3:hr>154</ns3:hr>
            <ns3:cad>84</ns3:cad>
          </ns3:TrackPointExtension>
        </extensions>
      </trkpt>
      <trkpt lat="49.13717287592589855194091796875" lon="6.15210075862705707550048828125">
        <ele>170.1999969482421875</ele>
        <time>2026-07-29T20:14:37.000Z</time>
        <extensions>
          <ns3:TrackPointExtension>
            <ns3:atemp>28.0</ns3:atemp>
            <ns3:hr>154</ns3:hr>
            <ns3:cad>84</ns3:cad>
          </ns3:TrackPointExtension>
        </extensions>
      </trkpt>
      <trkpt lat="49.13718335330486297607421875" lon="6.15214283578097820281982421875">
        <ele>170.1999969482421875</ele>
        <time>2026-07-29T20:14:38.000Z</time>
        <extensions>
          <ns3:TrackPointExtension>
            <ns3:atemp>28.0</ns3:atemp>
            <ns3:hr>154</ns3:hr>
            <ns3:cad>84</ns3:cad>
          </ns3:TrackPointExtension>
        </extensions>
      </trkpt>
      <trkpt lat="49.13719081319868564605712890625" lon="6.152179129421710968017578125">
        <ele>170.1999969482421875</ele>
        <time>2026-07-29T20:14:39.000Z</time>
        <extensions>
          <ns3:TrackPointExtension>
            <ns3:atemp>28.0</ns3:atemp>
            <ns3:hr>154</ns3:hr>
            <ns3:cad>84</ns3:cad>
          </ns3:TrackPointExtension>
        </extensions>
      </trkpt>
      <trkpt lat="49.13720238022506237030029296875" lon="6.1522121541202068328857421875">
        <ele>170.1999969482421875</ele>
        <time>2026-07-29T20:14:40.000Z</time>
        <extensions>
          <ns3:TrackPointExtension>
            <ns3:atemp>28.0</ns3:atemp>
            <ns3:hr>153</ns3:hr>
            <ns3:cad>84</ns3:cad>
          </ns3:TrackPointExtension>
        </extensions>
      </trkpt>
      <trkpt lat="49.13721285760402679443359375" lon="6.1522538959980010986328125">
        <ele>170.1999969482421875</ele>
        <time>2026-07-29T20:14:41.000Z</time>
        <extensions>
          <ns3:TrackPointExtension>
            <ns3:atemp>28.0</ns3:atemp>
            <ns3:hr>153</ns3:hr>
            <ns3:cad>84</ns3:cad>
          </ns3:TrackPointExtension>
        </extensions>
      </trkpt>
      <trkpt lat="49.13722400553524494171142578125" lon="6.15228197537362575531005859375">
        <ele>170.1999969482421875</ele>
        <time>2026-07-29T20:14:42.000Z</time>
        <extensions>
          <ns3:TrackPointExtension>
            <ns3:atemp>28.0</ns3:atemp>
            <ns3:hr>153</ns3:hr>
            <ns3:cad>83</ns3:cad>
          </ns3:TrackPointExtension>
        </extensions>
      </trkpt>
      <trkpt lat="49.13723238743841648101806640625" lon="6.15232589654624462127685546875">
        <ele>170.1999969482421875</ele>
        <time>2026-07-29T20:14:43.000Z</time>
        <extensions>
          <ns3:TrackPointExtension>
            <ns3:atemp>28.0</ns3:atemp>
            <ns3:hr>153</ns3:hr>
            <ns3:cad>83</ns3:cad>
          </ns3:TrackPointExtension>
        </extensions>
      </trkpt>
      <trkpt lat="49.13724009878933429718017578125" lon="6.15236260928213596343994140625">
        <ele>170.1999969482421875</ele>
        <time>2026-07-29T20:14:44.000Z</time>
        <extensions>
          <ns3:TrackPointExtension>
            <ns3:atemp>28.0</ns3:atemp>
            <ns3:hr>153</ns3:hr>
            <ns3:cad>83</ns3:cad>
          </ns3:TrackPointExtension>
        </extensions>
      </trkpt>
      <trkpt lat="49.13724898360669612884521484375" lon="6.15239747799932956695556640625">
        <ele>170.1999969482421875</ele>
        <time>2026-07-29T20:14:45.000Z</time>
        <extensions>
          <ns3:TrackPointExtension>
            <ns3:atemp>28.0</ns3:atemp>
            <ns3:hr>154</ns3:hr>
            <ns3:cad>84</ns3:cad>
          </ns3:TrackPointExtension>
        </extensions>
      </trkpt>
      <trkpt lat="49.1372539289295673370361328125" lon="6.15243854932487010955810546875">
        <ele>170.1999969482421875</ele>
        <time>2026-07-29T20:14:46.000Z</time>
        <extensions>
          <ns3:TrackPointExtension>
            <ns3:atemp>28.0</ns3:atemp>
            <ns3:hr>154</ns3:hr>
            <ns3:cad>84</ns3:cad>
          </ns3:TrackPointExtension>
        </extensions>
      </trkpt>
      <trkpt lat="49.13726407103240489959716796875" lon="6.15246822126209735870361328125">
        <ele>170.1999969482421875</ele>
        <time>2026-07-29T20:14:47.000Z</time>
        <extensions>
          <ns3:TrackPointExtension>
            <ns3:atemp>28.0</ns3:atemp>
            <ns3:hr>154</ns3:hr>
            <ns3:cad>84</ns3:cad>
          </ns3:TrackPointExtension>
        </extensions>
      </trkpt>
      <trkpt lat="49.1372737102210521697998046875" lon="6.152512729167938232421875">
        <ele>170</ele>
        <time>2026-07-29T20:14:48.000Z</time>
        <extensions>
          <ns3:TrackPointExtension>
            <ns3:atemp>28.0</ns3:atemp>
            <ns3:hr>154</ns3:hr>
            <ns3:cad>84</ns3:cad>
          </ns3:TrackPointExtension>
        </extensions>
      </trkpt>
      <trkpt lat="49.13728217594325542449951171875" lon="6.1525501124560832977294921875">
        <ele>170</ele>
        <time>2026-07-29T20:14:49.000Z</time>
        <extensions>
          <ns3:TrackPointExtension>
            <ns3:atemp>28.0</ns3:atemp>
            <ns3:hr>154</ns3:hr>
            <ns3:cad>84</ns3:cad>
          </ns3:TrackPointExtension>
        </extensions>
      </trkpt>
      <trkpt lat="49.13729198276996612548828125" lon="6.15258439444005489349365234375">
        <ele>170</ele>
        <time>2026-07-29T20:14:50.000Z</time>
        <extensions>
          <ns3:TrackPointExtension>
            <ns3:atemp>28.0</ns3:atemp>
            <ns3:hr>154</ns3:hr>
            <ns3:cad>83</ns3:cad>
          </ns3:TrackPointExtension>
        </extensions>
      </trkpt>
      <trkpt lat="49.1372968442738056182861328125" lon="6.15262496285140514373779296875">
        <ele>170</ele>
        <time>2026-07-29T20:14:51.000Z</time>
        <extensions>
          <ns3:TrackPointExtension>
            <ns3:atemp>28.0</ns3:atemp>
            <ns3:hr>154</ns3:hr>
            <ns3:cad>84</ns3:cad>
          </ns3:TrackPointExtension>
        </extensions>
      </trkpt>
      <trkpt lat="49.13730681873857975006103515625" lon="6.152652204036712646484375">
        <ele>170</ele>
        <time>2026-07-29T20:14:52.000Z</time>
        <extensions>
          <ns3:TrackPointExtension>
            <ns3:atemp>28.0</ns3:atemp>
            <ns3:hr>154</ns3:hr>
            <ns3:cad>84</ns3:cad>
          </ns3:TrackPointExtension>
        </extensions>
      </trkpt>
      <trkpt lat="49.13731335662305355072021484375" lon="6.152695119380950927734375">
        <ele>170</ele>
        <time>2026-07-29T20:14:53.000Z</time>
        <extensions>
          <ns3:TrackPointExtension>
            <ns3:atemp>28.0</ns3:atemp>
            <ns3:hr>155</ns3:hr>
            <ns3:cad>84</ns3:cad>
          </ns3:TrackPointExtension>
        </extensions>
      </trkpt>
      <trkpt lat="49.13732106797397136688232421875" lon="6.15272940136492252349853515625">
        <ele>170</ele>
        <time>2026-07-29T20:14:54.000Z</time>
        <extensions>
          <ns3:TrackPointExtension>
            <ns3:atemp>28.0</ns3:atemp>
            <ns3:hr>155</ns3:hr>
            <ns3:cad>84</ns3:cad>
          </ns3:TrackPointExtension>
        </extensions>
      </trkpt>
      <trkpt lat="49.137329868972301483154296875" lon="6.15276611410081386566162109375">
        <ele>170</ele>
        <time>2026-07-29T20:14:55.000Z</time>
        <extensions>
          <ns3:TrackPointExtension>
            <ns3:atemp>28.0</ns3:atemp>
            <ns3:hr>155</ns3:hr>
            <ns3:cad>84</ns3:cad>
          </ns3:TrackPointExtension>
        </extensions>
      </trkpt>
      <trkpt lat="49.137334562838077545166015625" lon="6.15280902944505214691162109375">
        <ele>170.1999969482421875</ele>
        <time>2026-07-29T20:14:56.000Z</time>
        <extensions>
          <ns3:TrackPointExtension>
            <ns3:atemp>28.0</ns3:atemp>
            <ns3:hr>155</ns3:hr>
            <ns3:cad>84</ns3:cad>
          </ns3:TrackPointExtension>
        </extensions>
      </trkpt>
      <trkpt lat="49.1373454593122005462646484375" lon="6.15283736027777194976806640625">
        <ele>170.1999969482421875</ele>
        <time>2026-07-29T20:14:57.000Z</time>
        <extensions>
          <ns3:TrackPointExtension>
            <ns3:atemp>28.0</ns3:atemp>
            <ns3:hr>155</ns3:hr>
            <ns3:cad>84</ns3:cad>
          </ns3:TrackPointExtension>
        </extensions>
      </trkpt>
      <trkpt lat="49.1373558528721332550048828125" lon="6.15288027562201023101806640625">
        <ele>170</ele>
        <time>2026-07-29T20:14:58.000Z</time>
        <extensions>
          <ns3:TrackPointExtension>
            <ns3:atemp>28.0</ns3:atemp>
            <ns3:hr>155</ns3:hr>
            <ns3:cad>84</ns3:cad>
          </ns3:TrackPointExtension>
        </extensions>
      </trkpt>
      <trkpt lat="49.137362055480480194091796875" lon="6.15291598252952098846435546875">
        <ele>170</ele>
        <time>2026-07-29T20:14:59.000Z</time>
        <extensions>
          <ns3:TrackPointExtension>
            <ns3:atemp>28.0</ns3:atemp>
            <ns3:hr>155</ns3:hr>
            <ns3:cad>84</ns3:cad>
          </ns3:TrackPointExtension>
        </extensions>
      </trkpt>
      <trkpt lat="49.13737001828849315643310546875" lon="6.1529511027038097381591796875">
        <ele>170</ele>
        <time>2026-07-29T20:15:00.000Z</time>
        <extensions>
          <ns3:TrackPointExtension>
            <ns3:atemp>28.0</ns3:atemp>
            <ns3:hr>155</ns3:hr>
            <ns3:cad>84</ns3:cad>
          </ns3:TrackPointExtension>
        </extensions>
      </trkpt>
      <trkpt lat="49.137374125421047210693359375" lon="6.152993850409984588623046875">
        <ele>170</ele>
        <time>2026-07-29T20:15:01.000Z</time>
        <extensions>
          <ns3:TrackPointExtension>
            <ns3:atemp>28.0</ns3:atemp>
            <ns3:hr>155</ns3:hr>
            <ns3:cad>84</ns3:cad>
          </ns3:TrackPointExtension>
        </extensions>
      </trkpt>
      <trkpt lat="49.13738477043807506561279296875" lon="6.15302444435656070709228515625">
        <ele>170</ele>
        <time>2026-07-29T20:15:02.000Z</time>
        <extensions>
          <ns3:TrackPointExtension>
            <ns3:atemp>28.0</ns3:atemp>
            <ns3:hr>155</ns3:hr>
            <ns3:cad>84</ns3:cad>
          </ns3:TrackPointExtension>
        </extensions>
      </trkpt>
      <trkpt lat="49.13738979957997798919677734375" lon="6.15307129919528961181640625">
        <ele>170</ele>
        <time>2026-07-29T20:15:03.000Z</time>
        <extensions>
          <ns3:TrackPointExtension>
            <ns3:atemp>28.0</ns3:atemp>
            <ns3:hr>155</ns3:hr>
            <ns3:cad>84</ns3:cad>
          </ns3:TrackPointExtension>
        </extensions>
      </trkpt>
      <trkpt lat="49.1373932361602783203125" lon="6.15311195142567157745361328125">
        <ele>170</ele>
        <time>2026-07-29T20:15:04.000Z</time>
        <extensions>
          <ns3:TrackPointExtension>
            <ns3:atemp>28.0</ns3:atemp>
            <ns3:hr>155</ns3:hr>
            <ns3:cad>84</ns3:cad>
          </ns3:TrackPointExtension>
        </extensions>
      </trkpt>
      <trkpt lat="49.13739860057830810546875" lon="6.15314614959061145782470703125">
        <ele>170</ele>
        <time>2026-07-29T20:15:05.000Z</time>
        <extensions>
          <ns3:TrackPointExtension>
            <ns3:atemp>28.0</ns3:atemp>
            <ns3:hr>155</ns3:hr>
            <ns3:cad>84</ns3:cad>
          </ns3:TrackPointExtension>
        </extensions>
      </trkpt>
      <trkpt lat="49.137400947511196136474609375" lon="6.15318738855421543121337890625">
        <ele>170</ele>
        <time>2026-07-29T20:15:06.000Z</time>
        <extensions>
          <ns3:TrackPointExtension>
            <ns3:atemp>28.0</ns3:atemp>
            <ns3:hr>155</ns3:hr>
            <ns3:cad>83</ns3:cad>
          </ns3:TrackPointExtension>
        </extensions>
      </trkpt>
      <trkpt lat="49.13741075433790683746337890625" lon="6.15321571938693523406982421875">
        <ele>170</ele>
        <time>2026-07-29T20:15:07.000Z</time>
        <extensions>
          <ns3:TrackPointExtension>
            <ns3:atemp>28.0</ns3:atemp>
            <ns3:hr>155</ns3:hr>
            <ns3:cad>83</ns3:cad>
          </ns3:TrackPointExtension>
        </extensions>
      </trkpt>
      <trkpt lat="49.13742005825042724609375" lon="6.15325796417891979217529296875">
        <ele>170</ele>
        <time>2026-07-29T20:15:08.000Z</time>
        <extensions>
          <ns3:TrackPointExtension>
            <ns3:atemp>28.0</ns3:atemp>
            <ns3:hr>155</ns3:hr>
            <ns3:cad>83</ns3:cad>
          </ns3:TrackPointExtension>
        </extensions>
      </trkpt>
      <trkpt lat="49.1374235786497592926025390625" lon="6.153297610580921173095703125">
        <ele>170</ele>
        <time>2026-07-29T20:15:09.000Z</time>
        <extensions>
          <ns3:TrackPointExtension>
            <ns3:atemp>28.0</ns3:atemp>
            <ns3:hr>154</ns3:hr>
            <ns3:cad>83</ns3:cad>
          </ns3:TrackPointExtension>
        </extensions>
      </trkpt>
      <trkpt lat="49.1374299488961696624755859375" lon="6.15333071909844875335693359375">
        <ele>170</ele>
        <time>2026-07-29T20:15:10.000Z</time>
        <extensions>
          <ns3:TrackPointExtension>
            <ns3:atemp>28.0</ns3:atemp>
            <ns3:hr>154</ns3:hr>
            <ns3:cad>83</ns3:cad>
          </ns3:TrackPointExtension>
        </extensions>
      </trkpt>
      <trkpt lat="49.13743279874324798583984375" lon="6.15337371826171875">
        <ele>170</ele>
        <time>2026-07-29T20:15:11.000Z</time>
        <extensions>
          <ns3:TrackPointExtension>
            <ns3:atemp>28.0</ns3:atemp>
            <ns3:hr>154</ns3:hr>
            <ns3:cad>84</ns3:cad>
          </ns3:TrackPointExtension>
        </extensions>
      </trkpt>
      <trkpt lat="49.1374413482844829559326171875" lon="6.15340498276054859161376953125">
        <ele>170</ele>
        <time>2026-07-29T20:15:12.000Z</time>
        <extensions>
          <ns3:TrackPointExtension>
            <ns3:atemp>28.0</ns3:atemp>
            <ns3:hr>154</ns3:hr>
            <ns3:cad>84</ns3:cad>
          </ns3:TrackPointExtension>
        </extensions>
      </trkpt>
      <trkpt lat="49.13744428195059299468994140625" lon="6.15344454534351825714111328125">
        <ele>169.8000030517578125</ele>
        <time>2026-07-29T20:15:13.000Z</time>
        <extensions>
          <ns3:TrackPointExtension>
            <ns3:atemp>28.0</ns3:atemp>
            <ns3:hr>154</ns3:hr>
            <ns3:cad>84</ns3:cad>
          </ns3:TrackPointExtension>
        </extensions>
      </trkpt>
      <trkpt lat="49.13744679652154445648193359375" lon="6.1534882150590419769287109375">
        <ele>169.8000030517578125</ele>
        <time>2026-07-29T20:15:14.000Z</time>
        <extensions>
          <ns3:TrackPointExtension>
            <ns3:atemp>28.0</ns3:atemp>
            <ns3:hr>154</ns3:hr>
            <ns3:cad>84</ns3:cad>
          </ns3:TrackPointExtension>
        </extensions>
      </trkpt>
      <trkpt lat="49.1374497301876544952392578125" lon="6.15352325141429901123046875">
        <ele>169.8000030517578125</ele>
        <time>2026-07-29T20:15:15.000Z</time>
        <extensions>
          <ns3:TrackPointExtension>
            <ns3:atemp>28.0</ns3:atemp>
            <ns3:hr>154</ns3:hr>
            <ns3:cad>83</ns3:cad>
          </ns3:TrackPointExtension>
        </extensions>
      </trkpt>
      <trkpt lat="49.13744864054024219512939453125" lon="6.15356910042464733123779296875">
        <ele>169.8000030517578125</ele>
        <time>2026-07-29T20:15:16.000Z</time>
        <extensions>
          <ns3:TrackPointExtension>
            <ns3:atemp>28.0</ns3:atemp>
            <ns3:hr>154</ns3:hr>
            <ns3:cad>83</ns3:cad>
          </ns3:TrackPointExtension>
        </extensions>
      </trkpt>
      <trkpt lat="49.13745517842471599578857421875" lon="6.1535991914570331573486328125">
        <ele>169.8000030517578125</ele>
        <time>2026-07-29T20:15:17.000Z</time>
        <extensions>
          <ns3:TrackPointExtension>
            <ns3:atemp>28.0</ns3:atemp>
            <ns3:hr>153</ns3:hr>
            <ns3:cad>84</ns3:cad>
          </ns3:TrackPointExtension>
        </extensions>
      </trkpt>
      <trkpt lat="49.1374604590237140655517578125" lon="6.153639256954193115234375">
        <ele>170</ele>
        <time>2026-07-29T20:15:18.000Z</time>
        <extensions>
          <ns3:TrackPointExtension>
            <ns3:atemp>28.0</ns3:atemp>
            <ns3:hr>153</ns3:hr>
            <ns3:cad>84</ns3:cad>
          </ns3:TrackPointExtension>
        </extensions>
      </trkpt>
      <trkpt lat="49.13746154867112636566162109375" lon="6.15367286838591098785400390625">
        <ele>170</ele>
        <time>2026-07-29T20:15:19.000Z</time>
        <extensions>
          <ns3:TrackPointExtension>
            <ns3:atemp>28.0</ns3:atemp>
            <ns3:hr>153</ns3:hr>
            <ns3:cad>84</ns3:cad>
          </ns3:TrackPointExtension>
        </extensions>
      </trkpt>
      <trkpt lat="49.1374678350985050201416015625" lon="6.15370622836053371429443359375">
        <ele>170</ele>
        <time>2026-07-29T20:15:20.000Z</time>
        <extensions>
          <ns3:TrackPointExtension>
            <ns3:atemp>28.0</ns3:atemp>
            <ns3:hr>152</ns3:hr>
            <ns3:cad>84</ns3:cad>
          </ns3:TrackPointExtension>
        </extensions>
      </trkpt>
      <trkpt lat="49.13746858946979045867919921875" lon="6.1537477187812328338623046875">
        <ele>170</ele>
        <time>2026-07-29T20:15:21.000Z</time>
        <extensions>
          <ns3:TrackPointExtension>
            <ns3:atemp>28.0</ns3:atemp>
            <ns3:hr>152</ns3:hr>
            <ns3:cad>83</ns3:cad>
          </ns3:TrackPointExtension>
        </extensions>
      </trkpt>
      <trkpt lat="49.13747345097362995147705078125" lon="6.153776384890079498291015625">
        <ele>170.1999969482421875</ele>
        <time>2026-07-29T20:15:22.000Z</time>
        <extensions>
          <ns3:TrackPointExtension>
            <ns3:atemp>28.0</ns3:atemp>
            <ns3:hr>151</ns3:hr>
            <ns3:cad>83</ns3:cad>
          </ns3:TrackPointExtension>
        </extensions>
      </trkpt>
      <trkpt lat="49.13747898302972316741943359375" lon="6.15381033159792423248291015625">
        <ele>170.1999969482421875</ele>
        <time>2026-07-29T20:15:23.000Z</time>
        <extensions>
          <ns3:TrackPointExtension>
            <ns3:atemp>28.0</ns3:atemp>
            <ns3:hr>151</ns3:hr>
            <ns3:cad>83</ns3:cad>
          </ns3:TrackPointExtension>
        </extensions>
      </trkpt>
      <trkpt lat="49.137480743229389190673828125" lon="6.15384654141962528228759765625">
        <ele>170.1999969482421875</ele>
        <time>2026-07-29T20:15:24.000Z</time>
        <extensions>
          <ns3:TrackPointExtension>
            <ns3:atemp>28.0</ns3:atemp>
            <ns3:hr>150</ns3:hr>
            <ns3:cad>83</ns3:cad>
          </ns3:TrackPointExtension>
        </extensions>
      </trkpt>
      <trkpt lat="49.13748401217162609100341796875" lon="6.15387604571878910064697265625">
        <ele>170</ele>
        <time>2026-07-29T20:15:25.000Z</time>
        <extensions>
          <ns3:TrackPointExtension>
            <ns3:atemp>28.0</ns3:atemp>
            <ns3:hr>150</ns3:hr>
            <ns3:cad>83</ns3:cad>
          </ns3:TrackPointExtension>
        </extensions>
      </trkpt>
      <trkpt lat="49.1374790668487548828125" lon="6.1539193801581859588623046875">
        <ele>170</ele>
        <time>2026-07-29T20:15:26.000Z</time>
        <extensions>
          <ns3:TrackPointExtension>
            <ns3:atemp>28.0</ns3:atemp>
            <ns3:hr>149</ns3:hr>
            <ns3:cad>83</ns3:cad>
          </ns3:TrackPointExtension>
        </extensions>
      </trkpt>
      <trkpt lat="49.13748602382838726043701171875" lon="6.153953075408935546875">
        <ele>170</ele>
        <time>2026-07-29T20:15:27.000Z</time>
        <extensions>
          <ns3:TrackPointExtension>
            <ns3:atemp>28.0</ns3:atemp>
            <ns3:hr>149</ns3:hr>
            <ns3:cad>83</ns3:cad>
          </ns3:TrackPointExtension>
        </extensions>
      </trkpt>
      <trkpt lat="49.1374886222183704376220703125" lon="6.15399406291544437408447265625">
        <ele>170</ele>
        <time>2026-07-29T20:15:28.000Z</time>
        <extensions>
          <ns3:TrackPointExtension>
            <ns3:atemp>28.0</ns3:atemp>
            <ns3:hr>149</ns3:hr>
            <ns3:cad>83</ns3:cad>
          </ns3:TrackPointExtension>
        </extensions>
      </trkpt>
      <trkpt lat="49.13749004714190959930419921875" lon="6.1540330387651920318603515625">
        <ele>170</ele>
        <time>2026-07-29T20:15:29.000Z</time>
        <extensions>
          <ns3:TrackPointExtension>
            <ns3:atemp>28.0</ns3:atemp>
            <ns3:hr>148</ns3:hr>
            <ns3:cad>83</ns3:cad>
          </ns3:TrackPointExtension>
        </extensions>
      </trkpt>
      <trkpt lat="49.1374938189983367919921875" lon="6.1540635488927364349365234375">
        <ele>170.1999969482421875</ele>
        <time>2026-07-29T20:15:30.000Z</time>
        <extensions>
          <ns3:TrackPointExtension>
            <ns3:atemp>28.0</ns3:atemp>
            <ns3:hr>148</ns3:hr>
            <ns3:cad>84</ns3:cad>
          </ns3:TrackPointExtension>
        </extensions>
      </trkpt>
      <trkpt lat="49.13749516010284423828125" lon="6.15410872735083103179931640625">
        <ele>170.1999969482421875</ele>
        <time>2026-07-29T20:15:31.000Z</time>
        <extensions>
          <ns3:TrackPointExtension>
            <ns3:atemp>28.0</ns3:atemp>
            <ns3:hr>147</ns3:hr>
            <ns3:cad>84</ns3:cad>
          </ns3:TrackPointExtension>
        </extensions>
      </trkpt>
      <trkpt lat="49.13750278763473033905029296875" lon="6.15413906984031200408935546875">
        <ele>170.1999969482421875</ele>
        <time>2026-07-29T20:15:32.000Z</time>
        <extensions>
          <ns3:TrackPointExtension>
            <ns3:atemp>28.0</ns3:atemp>
            <ns3:hr>147</ns3:hr>
            <ns3:cad>85</ns3:cad>
          </ns3:TrackPointExtension>
        </extensions>
      </trkpt>
      <trkpt lat="49.137506894767284393310546875" lon="6.154181063175201416015625">
        <ele>170.1999969482421875</ele>
        <time>2026-07-29T20:15:33.000Z</time>
        <extensions>
          <ns3:TrackPointExtension>
            <ns3:atemp>28.0</ns3:atemp>
            <ns3:hr>146</ns3:hr>
            <ns3:cad>85</ns3:cad>
          </ns3:TrackPointExtension>
        </extensions>
      </trkpt>
      <trkpt lat="49.13750597275793552398681640625" lon="6.15422054193913936614990234375">
        <ele>170.1999969482421875</ele>
        <time>2026-07-29T20:15:34.000Z</time>
        <extensions>
          <ns3:TrackPointExtension>
            <ns3:atemp>28.0</ns3:atemp>
            <ns3:hr>146</ns3:hr>
            <ns3:cad>85</ns3:cad>
          </ns3:TrackPointExtension>
        </extensions>
      </trkpt>
      <trkpt lat="49.13751016370952129364013671875" lon="6.1542539857327938079833984375">
        <ele>170.1999969482421875</ele>
        <time>2026-07-29T20:15:35.000Z</time>
        <extensions>
          <ns3:TrackPointExtension>
            <ns3:atemp>28.0</ns3:atemp>
            <ns3:hr>146</ns3:hr>
            <ns3:cad>85</ns3:cad>
          </ns3:TrackPointExtension>
        </extensions>
      </trkpt>
      <trkpt lat="49.13750865496695041656494140625" lon="6.1543005891144275665283203125">
        <ele>170.1999969482421875</ele>
        <time>2026-07-29T20:15:36.000Z</time>
        <extensions>
          <ns3:TrackPointExtension>
            <ns3:atemp>28.0</ns3:atemp>
            <ns3:hr>146</ns3:hr>
            <ns3:cad>84</ns3:cad>
          </ns3:TrackPointExtension>
        </extensions>
      </trkpt>
      <trkpt lat="49.13751150481402873992919921875" lon="6.1543344520032405853271484375">
        <ele>170.1999969482421875</ele>
        <time>2026-07-29T20:15:37.000Z</time>
        <extensions>
          <ns3:TrackPointExtension>
            <ns3:atemp>28.0</ns3:atemp>
            <ns3:hr>146</ns3:hr>
            <ns3:cad>84</ns3:cad>
          </ns3:TrackPointExtension>
        </extensions>
      </trkpt>
      <trkpt lat="49.137514941394329071044921875" lon="6.1543753556907176971435546875">
        <ele>170.1999969482421875</ele>
        <time>2026-07-29T20:15:38.000Z</time>
        <extensions>
          <ns3:TrackPointExtension>
            <ns3:atemp>28.0</ns3:atemp>
            <ns3:hr>147</ns3:hr>
            <ns3:cad>84</ns3:cad>
          </ns3:TrackPointExtension>
        </extensions>
      </trkpt>
      <trkpt lat="49.1375130973756313323974609375" lon="6.154415421187877655029296875">
        <ele>170.1999969482421875</ele>
        <time>2026-07-29T20:15:39.000Z</time>
        <extensions>
          <ns3:TrackPointExtension>
            <ns3:atemp>28.0</ns3:atemp>
            <ns3:hr>147</ns3:hr>
            <ns3:cad>83</ns3:cad>
          </ns3:TrackPointExtension>
        </extensions>
      </trkpt>
      <trkpt lat="49.13751988671720027923583984375" lon="6.1544460989534854888916015625">
        <ele>170.1999969482421875</ele>
        <time>2026-07-29T20:15:40.000Z</time>
        <extensions>
          <ns3:TrackPointExtension>
            <ns3:atemp>28.0</ns3:atemp>
            <ns3:hr>148</ns3:hr>
            <ns3:cad>83</ns3:cad>
          </ns3:TrackPointExtension>
        </extensions>
      </trkpt>
      <trkpt lat="49.13752290420234203338623046875" lon="6.1544950492680072784423828125">
        <ele>170.1999969482421875</ele>
        <time>2026-07-29T20:15:41.000Z</time>
        <extensions>
          <ns3:TrackPointExtension>
            <ns3:atemp>28.0</ns3:atemp>
            <ns3:hr>149</ns3:hr>
            <ns3:cad>83</ns3:cad>
          </ns3:TrackPointExtension>
        </extensions>
      </trkpt>
      <trkpt lat="49.13752734661102294921875" lon="6.15453536622226238250732421875">
        <ele>170</ele>
        <time>2026-07-29T20:15:42.000Z</time>
        <extensions>
          <ns3:TrackPointExtension>
            <ns3:atemp>28.0</ns3:atemp>
            <ns3:hr>149</ns3:hr>
            <ns3:cad>83</ns3:cad>
          </ns3:TrackPointExtension>
        </extensions>
      </trkpt>
      <trkpt lat="49.137532375752925872802734375" lon="6.154572330415248870849609375">
        <ele>170</ele>
        <time>2026-07-29T20:15:43.000Z</time>
        <extensions>
          <ns3:TrackPointExtension>
            <ns3:atemp>28.0</ns3:atemp>
            <ns3:hr>150</ns3:hr>
            <ns3:cad>83</ns3:cad>
          </ns3:TrackPointExtension>
        </extensions>
      </trkpt>
      <trkpt lat="49.1375318728387355804443359375" lon="6.15461398847401142120361328125">
        <ele>170</ele>
        <time>2026-07-29T20:15:44.000Z</time>
        <extensions>
          <ns3:TrackPointExtension>
            <ns3:atemp>28.0</ns3:atemp>
            <ns3:hr>150</ns3:hr>
            <ns3:cad>83</ns3:cad>
          </ns3:TrackPointExtension>
        </extensions>
      </trkpt>
      <trkpt lat="49.1375385783612728118896484375" lon="6.15464508533477783203125">
        <ele>170</ele>
        <time>2026-07-29T20:15:45.000Z</time>
        <extensions>
          <ns3:TrackPointExtension>
            <ns3:atemp>28.0</ns3:atemp>
            <ns3:hr>151</ns3:hr>
            <ns3:cad>83</ns3:cad>
          </ns3:TrackPointExtension>
        </extensions>
      </trkpt>
      <trkpt lat="49.13754218257963657379150390625" lon="6.1546908505260944366455078125">
        <ele>170</ele>
        <time>2026-07-29T20:15:46.000Z</time>
        <extensions>
          <ns3:TrackPointExtension>
            <ns3:atemp>28.0</ns3:atemp>
            <ns3:hr>151</ns3:hr>
            <ns3:cad>84</ns3:cad>
          </ns3:TrackPointExtension>
        </extensions>
      </trkpt>
      <trkpt lat="49.13754754699766635894775390625" lon="6.15472462959587574005126953125">
        <ele>170</ele>
        <time>2026-07-29T20:15:47.000Z</time>
        <extensions>
          <ns3:TrackPointExtension>
            <ns3:atemp>28.0</ns3:atemp>
            <ns3:hr>151</ns3:hr>
            <ns3:cad>84</ns3:cad>
          </ns3:TrackPointExtension>
        </extensions>
      </trkpt>
      <trkpt lat="49.1375526599586009979248046875" lon="6.15476134233176708221435546875">
        <ele>170.1999969482421875</ele>
        <time>2026-07-29T20:15:48.000Z</time>
        <extensions>
          <ns3:TrackPointExtension>
            <ns3:atemp>28.0</ns3:atemp>
            <ns3:hr>151</ns3:hr>
            <ns3:cad>84</ns3:cad>
          </ns3:TrackPointExtension>
        </extensions>
      </trkpt>
      <trkpt lat="49.13755509071052074432373046875" lon="6.15480425767600536346435546875">
        <ele>170.1999969482421875</ele>
        <time>2026-07-29T20:15:49.000Z</time>
        <extensions>
          <ns3:TrackPointExtension>
            <ns3:atemp>28.0</ns3:atemp>
            <ns3:hr>151</ns3:hr>
            <ns3:cad>84</ns3:cad>
          </ns3:TrackPointExtension>
        </extensions>
      </trkpt>
      <trkpt lat="49.1375690884888172149658203125" lon="6.15483309142291545867919921875">
        <ele>170.1999969482421875</ele>
        <time>2026-07-29T20:15:50.000Z</time>
        <extensions>
          <ns3:TrackPointExtension>
            <ns3:atemp>28.0</ns3:atemp>
            <ns3:hr>151</ns3:hr>
            <ns3:cad>83</ns3:cad>
          </ns3:TrackPointExtension>
        </extensions>
      </trkpt>
      <trkpt lat="49.13758576847612857818603515625" lon="6.1548702232539653778076171875">
        <ele>170.1999969482421875</ele>
        <time>2026-07-29T20:15:51.000Z</time>
        <extensions>
          <ns3:TrackPointExtension>
            <ns3:atemp>28.0</ns3:atemp>
            <ns3:hr>151</ns3:hr>
            <ns3:cad>83</ns3:cad>
          </ns3:TrackPointExtension>
        </extensions>
      </trkpt>
      <trkpt lat="49.13760177791118621826171875" lon="6.1548960395157337188720703125">
        <ele>170.1999969482421875</ele>
        <time>2026-07-29T20:15:52.000Z</time>
        <extensions>
          <ns3:TrackPointExtension>
            <ns3:atemp>28.0</ns3:atemp>
            <ns3:hr>151</ns3:hr>
            <ns3:cad>83</ns3:cad>
          </ns3:TrackPointExtension>
        </extensions>
      </trkpt>
      <trkpt lat="49.1376177035272121429443359375" lon="6.1549092829227447509765625">
        <ele>170.399993896484375</ele>
        <time>2026-07-29T20:15:53.000Z</time>
        <extensions>
          <ns3:TrackPointExtension>
            <ns3:atemp>28.0</ns3:atemp>
            <ns3:hr>151</ns3:hr>
            <ns3:cad>83</ns3:cad>
          </ns3:TrackPointExtension>
        </extensions>
      </trkpt>
      <trkpt lat="49.13764209486544132232666015625" lon="6.15493132732808589935302734375">
        <ele>170.399993896484375</ele>
        <time>2026-07-29T20:15:54.000Z</time>
        <extensions>
          <ns3:TrackPointExtension>
            <ns3:atemp>28.0</ns3:atemp>
            <ns3:hr>151</ns3:hr>
            <ns3:cad>83</ns3:cad>
          </ns3:TrackPointExtension>
        </extensions>
      </trkpt>
      <trkpt lat="49.13766237907111644744873046875" lon="6.15493702702224254608154296875">
        <ele>170.399993896484375</ele>
        <time>2026-07-29T20:15:55.000Z</time>
        <extensions>
          <ns3:TrackPointExtension>
            <ns3:atemp>28.0</ns3:atemp>
            <ns3:hr>150</ns3:hr>
            <ns3:cad>82</ns3:cad>
          </ns3:TrackPointExtension>
        </extensions>
      </trkpt>
      <trkpt lat="49.13768635131418704986572265625" lon="6.15493543446063995361328125">
        <ele>170.399993896484375</ele>
        <time>2026-07-29T20:15:56.000Z</time>
        <extensions>
          <ns3:TrackPointExtension>
            <ns3:atemp>28.0</ns3:atemp>
            <ns3:hr>150</ns3:hr>
            <ns3:cad>82</ns3:cad>
          </ns3:TrackPointExtension>
        </extensions>
      </trkpt>
      <trkpt lat="49.1377109102904796600341796875" lon="6.1549329198896884918212890625">
        <ele>170.399993896484375</ele>
        <time>2026-07-29T20:15:57.000Z</time>
        <extensions>
          <ns3:TrackPointExtension>
            <ns3:atemp>28.0</ns3:atemp>
            <ns3:hr>149</ns3:hr>
            <ns3:cad>82</ns3:cad>
          </ns3:TrackPointExtension>
        </extensions>
      </trkpt>
      <trkpt lat="49.13772893138229846954345703125" lon="6.15491758100688457489013671875">
        <ele>170.1999969482421875</ele>
        <time>2026-07-29T20:15:58.000Z</time>
        <extensions>
          <ns3:TrackPointExtension>
            <ns3:atemp>28.0</ns3:atemp>
            <ns3:hr>148</ns3:hr>
            <ns3:cad>82</ns3:cad>
          </ns3:TrackPointExtension>
        </extensions>
      </trkpt>
      <trkpt lat="49.1377551667392253875732421875" lon="6.15489293821156024932861328125">
        <ele>170.1999969482421875</ele>
        <time>2026-07-29T20:15:59.000Z</time>
        <extensions>
          <ns3:TrackPointExtension>
            <ns3:atemp>28.0</ns3:atemp>
            <ns3:hr>148</ns3:hr>
            <ns3:cad>82</ns3:cad>
          </ns3:TrackPointExtension>
        </extensions>
      </trkpt>
      <trkpt lat="49.13777419365942478179931640625" lon="6.15487298928201198577880859375">
        <ele>170.399993896484375</ele>
        <time>2026-07-29T20:16:00.000Z</time>
        <extensions>
          <ns3:TrackPointExtension>
            <ns3:atemp>28.0</ns3:atemp>
            <ns3:hr>147</ns3:hr>
            <ns3:cad>82</ns3:cad>
          </ns3:TrackPointExtension>
        </extensions>
      </trkpt>
      <trkpt lat="49.1377960704267024993896484375" lon="6.15484700538218021392822265625">
        <ele>170.399993896484375</ele>
        <time>2026-07-29T20:16:01.000Z</time>
        <extensions>
          <ns3:TrackPointExtension>
            <ns3:atemp>28.0</ns3:atemp>
            <ns3:hr>147</ns3:hr>
            <ns3:cad>82</ns3:cad>
          </ns3:TrackPointExtension>
        </extensions>
      </trkpt>
      <trkpt lat="49.137819707393646240234375" lon="6.1548279784619808197021484375">
        <ele>170.399993896484375</ele>
        <time>2026-07-29T20:16:02.000Z</time>
        <extensions>
          <ns3:TrackPointExtension>
            <ns3:atemp>28.0</ns3:atemp>
            <ns3:hr>146</ns3:hr>
            <ns3:cad>82</ns3:cad>
          </ns3:TrackPointExtension>
        </extensions>
      </trkpt>
      <trkpt lat="49.13783404044806957244873046875" lon="6.1547998152673244476318359375">
        <ele>170.399993896484375</ele>
        <time>2026-07-29T20:16:03.000Z</time>
        <extensions>
          <ns3:TrackPointExtension>
            <ns3:atemp>28.0</ns3:atemp>
            <ns3:hr>146</ns3:hr>
            <ns3:cad>83</ns3:cad>
          </ns3:TrackPointExtension>
        </extensions>
      </trkpt>
      <trkpt lat="49.13785583339631557464599609375" lon="6.1547709815204143524169921875">
        <ele>170.399993896484375</ele>
        <time>2026-07-29T20:16:04.000Z</time>
        <extensions>
          <ns3:TrackPointExtension>
            <ns3:atemp>28.0</ns3:atemp>
            <ns3:hr>146</ns3:hr>
            <ns3:cad>84</ns3:cad>
          </ns3:TrackPointExtension>
        </extensions>
      </trkpt>
      <trkpt lat="49.13787066936492919921875" lon="6.1547481827437877655029296875">
        <ele>170.1999969482421875</ele>
        <time>2026-07-29T20:16:05.000Z</time>
        <extensions>
          <ns3:TrackPointExtension>
            <ns3:atemp>28.0</ns3:atemp>
            <ns3:hr>146</ns3:hr>
            <ns3:cad>84</ns3:cad>
          </ns3:TrackPointExtension>
        </extensions>
      </trkpt>
      <trkpt lat="49.1378882713615894317626953125" lon="6.1547200195491313934326171875">
        <ele>170.1999969482421875</ele>
        <time>2026-07-29T20:16:06.000Z</time>
        <extensions>
          <ns3:TrackPointExtension>
            <ns3:atemp>28.0</ns3:atemp>
            <ns3:hr>145</ns3:hr>
            <ns3:cad>84</ns3:cad>
          </ns3:TrackPointExtension>
        </extensions>
      </trkpt>
      <trkpt lat="49.1379087232053279876708984375" lon="6.15469747222959995269775390625">
        <ele>170.1999969482421875</ele>
        <time>2026-07-29T20:16:07.000Z</time>
        <extensions>
          <ns3:TrackPointExtension>
            <ns3:atemp>28.0</ns3:atemp>
            <ns3:hr>146</ns3:hr>
            <ns3:cad>84</ns3:cad>
          </ns3:TrackPointExtension>
        </extensions>
      </trkpt>
      <trkpt lat="49.13791953586041927337646484375" lon="6.15466981194913387298583984375">
        <ele>170.1999969482421875</ele>
        <time>2026-07-29T20:16:08.000Z</time>
        <extensions>
          <ns3:TrackPointExtension>
            <ns3:atemp>28.0</ns3:atemp>
            <ns3:hr>146</ns3:hr>
            <ns3:cad>84</ns3:cad>
          </ns3:TrackPointExtension>
        </extensions>
      </trkpt>
      <trkpt lat="49.13794149644672870635986328125" lon="6.15464148111641407012939453125">
        <ele>170.1999969482421875</ele>
        <time>2026-07-29T20:16:09.000Z</time>
        <extensions>
          <ns3:TrackPointExtension>
            <ns3:atemp>28.0</ns3:atemp>
            <ns3:hr>146</ns3:hr>
            <ns3:cad>84</ns3:cad>
          </ns3:TrackPointExtension>
        </extensions>
      </trkpt>
      <trkpt lat="49.13795155473053455352783203125" lon="6.15461365319788455963134765625">
        <ele>170.1999969482421875</ele>
        <time>2026-07-29T20:16:10.000Z</time>
        <extensions>
          <ns3:TrackPointExtension>
            <ns3:atemp>28.0</ns3:atemp>
            <ns3:hr>146</ns3:hr>
            <ns3:cad>84</ns3:cad>
          </ns3:TrackPointExtension>
        </extensions>
      </trkpt>
      <trkpt lat="49.1379697434604167938232421875" lon="6.15458515472710132598876953125">
        <ele>170.1999969482421875</ele>
        <time>2026-07-29T20:16:11.000Z</time>
        <extensions>
          <ns3:TrackPointExtension>
            <ns3:atemp>28.0</ns3:atemp>
            <ns3:hr>146</ns3:hr>
            <ns3:cad>84</ns3:cad>
          </ns3:TrackPointExtension>
        </extensions>
      </trkpt>
      <trkpt lat="49.13798759691417217254638671875" lon="6.15456101484596729278564453125">
        <ele>170.1999969482421875</ele>
        <time>2026-07-29T20:16:12.000Z</time>
        <extensions>
          <ns3:TrackPointExtension>
            <ns3:atemp>28.0</ns3:atemp>
            <ns3:hr>147</ns3:hr>
            <ns3:cad>84</ns3:cad>
          </ns3:TrackPointExtension>
        </extensions>
      </trkpt>
      <trkpt lat="49.1379999183118343353271484375" lon="6.15453042089939117431640625">
        <ele>170.1999969482421875</ele>
        <time>2026-07-29T20:16:13.000Z</time>
        <extensions>
          <ns3:TrackPointExtension>
            <ns3:atemp>28.0</ns3:atemp>
            <ns3:hr>147</ns3:hr>
            <ns3:cad>84</ns3:cad>
          </ns3:TrackPointExtension>
        </extensions>
      </trkpt>
      <trkpt lat="49.138017855584621429443359375" lon="6.1545017547905445098876953125">
        <ele>170.1999969482421875</ele>
        <time>2026-07-29T20:16:14.000Z</time>
        <extensions>
          <ns3:TrackPointExtension>
            <ns3:atemp>28.0</ns3:atemp>
            <ns3:hr>147</ns3:hr>
            <ns3:cad>84</ns3:cad>
          </ns3:TrackPointExtension>
        </extensions>
      </trkpt>
      <trkpt lat="49.138033278286457061767578125" lon="6.15447468124330043792724609375">
        <ele>170</ele>
        <time>2026-07-29T20:16:15.000Z</time>
        <extensions>
          <ns3:TrackPointExtension>
            <ns3:atemp>28.0</ns3:atemp>
            <ns3:hr>148</ns3:hr>
            <ns3:cad>84</ns3:cad>
          </ns3:TrackPointExtension>
        </extensions>
      </trkpt>
      <trkpt lat="49.138053394854068756103515625" lon="6.15444584749639034271240234375">
        <ele>170</ele>
        <time>2026-07-29T20:16:16.000Z</time>
        <extensions>
          <ns3:TrackPointExtension>
            <ns3:atemp>28.0</ns3:atemp>
            <ns3:hr>148</ns3:hr>
            <ns3:cad>84</ns3:cad>
          </ns3:TrackPointExtension>
        </extensions>
      </trkpt>
      <trkpt lat="49.1380733437836170196533203125" lon="6.15441584028303623199462890625">
        <ele>170</ele>
        <time>2026-07-29T20:16:17.000Z</time>
        <extensions>
          <ns3:TrackPointExtension>
            <ns3:atemp>28.0</ns3:atemp>
            <ns3:hr>148</ns3:hr>
            <ns3:cad>84</ns3:cad>
          </ns3:TrackPointExtension>
        </extensions>
      </trkpt>
      <trkpt lat="49.13808834739029407501220703125" lon="6.15438289940357208251953125">
        <ele>170</ele>
        <time>2026-07-29T20:16:18.000Z</time>
        <extensions>
          <ns3:TrackPointExtension>
            <ns3:atemp>28.0</ns3:atemp>
            <ns3:hr>148</ns3:hr>
            <ns3:cad>84</ns3:cad>
          </ns3:TrackPointExtension>
        </extensions>
      </trkpt>
      <trkpt lat="49.13811282254755496978759765625" lon="6.1543508805334568023681640625">
        <ele>170.1999969482421875</ele>
        <time>2026-07-29T20:16:19.000Z</time>
        <extensions>
          <ns3:TrackPointExtension>
            <ns3:atemp>28.0</ns3:atemp>
            <ns3:hr>148</ns3:hr>
            <ns3:cad>84</ns3:cad>
          </ns3:TrackPointExtension>
        </extensions>
      </trkpt>
      <trkpt lat="49.13812589831650257110595703125" lon="6.15432263351976871490478515625">
        <ele>170.1999969482421875</ele>
        <time>2026-07-29T20:16:20.000Z</time>
        <extensions>
          <ns3:TrackPointExtension>
            <ns3:atemp>28.0</ns3:atemp>
            <ns3:hr>148</ns3:hr>
            <ns3:cad>84</ns3:cad>
          </ns3:TrackPointExtension>
        </extensions>
      </trkpt>
      <trkpt lat="49.1381410695612430572509765625" lon="6.1542901955544948577880859375">
        <ele>170.1999969482421875</ele>
        <time>2026-07-29T20:16:21.000Z</time>
        <extensions>
          <ns3:TrackPointExtension>
            <ns3:atemp>28.0</ns3:atemp>
            <ns3:hr>148</ns3:hr>
            <ns3:cad>84</ns3:cad>
          </ns3:TrackPointExtension>
        </extensions>
      </trkpt>
      <trkpt lat="49.13816093467175960540771484375" lon="6.1542650498449802398681640625">
        <ele>170.1999969482421875</ele>
        <time>2026-07-29T20:16:22.000Z</time>
        <extensions>
          <ns3:TrackPointExtension>
            <ns3:atemp>28.0</ns3:atemp>
            <ns3:hr>148</ns3:hr>
            <ns3:cad>84</ns3:cad>
          </ns3:TrackPointExtension>
        </extensions>
      </trkpt>
      <trkpt lat="49.13817082531750202178955078125" lon="6.15423881448805332183837890625">
        <ele>170.1999969482421875</ele>
        <time>2026-07-29T20:16:23.000Z</time>
        <extensions>
          <ns3:TrackPointExtension>
            <ns3:atemp>28.0</ns3:atemp>
            <ns3:hr>148</ns3:hr>
            <ns3:cad>83</ns3:cad>
          </ns3:TrackPointExtension>
        </extensions>
      </trkpt>
      <trkpt lat="49.1381937079131603240966796875" lon="6.15420428104698657989501953125">
        <ele>170.1999969482421875</ele>
        <time>2026-07-29T20:16:24.000Z</time>
        <extensions>
          <ns3:TrackPointExtension>
            <ns3:atemp>28.0</ns3:atemp>
            <ns3:hr>148</ns3:hr>
            <ns3:cad>83</ns3:cad>
          </ns3:TrackPointExtension>
        </extensions>
      </trkpt>
      <trkpt lat="49.1382072865962982177734375" lon="6.1541731841862201690673828125">
        <ele>170.399993896484375</ele>
        <time>2026-07-29T20:16:25.000Z</time>
        <extensions>
          <ns3:TrackPointExtension>
            <ns3:atemp>28.0</ns3:atemp>
            <ns3:hr>148</ns3:hr>
            <ns3:cad>83</ns3:cad>
          </ns3:TrackPointExtension>
        </extensions>
      </trkpt>
      <trkpt lat="49.1382258944213390350341796875" lon="6.15413839928805828094482421875">
        <ele>170.399993896484375</ele>
        <time>2026-07-29T20:16:26.000Z</time>
        <extensions>
          <ns3:TrackPointExtension>
            <ns3:atemp>28.0</ns3:atemp>
            <ns3:hr>149</ns3:hr>
            <ns3:cad>83</ns3:cad>
          </ns3:TrackPointExtension>
        </extensions>
      </trkpt>
      <trkpt lat="49.13824525661766529083251953125" lon="6.15410990081727504730224609375">
        <ele>170.399993896484375</ele>
        <time>2026-07-29T20:16:27.000Z</time>
        <extensions>
          <ns3:TrackPointExtension>
            <ns3:atemp>28.0</ns3:atemp>
            <ns3:hr>149</ns3:hr>
            <ns3:cad>83</ns3:cad>
          </ns3:TrackPointExtension>
        </extensions>
      </trkpt>
      <trkpt lat="49.1382577456533908843994140625" lon="6.1540813185274600982666015625">
        <ele>170.399993896484375</ele>
        <time>2026-07-29T20:16:28.000Z</time>
        <extensions>
          <ns3:TrackPointExtension>
            <ns3:atemp>28.0</ns3:atemp>
            <ns3:hr>149</ns3:hr>
            <ns3:cad>84</ns3:cad>
          </ns3:TrackPointExtension>
        </extensions>
      </trkpt>
      <trkpt lat="49.13827945478260517120361328125" lon="6.15404888056218624114990234375">
        <ele>170.399993896484375</ele>
        <time>2026-07-29T20:16:29.000Z</time>
        <extensions>
          <ns3:TrackPointExtension>
            <ns3:atemp>28.0</ns3:atemp>
            <ns3:hr>149</ns3:hr>
            <ns3:cad>84</ns3:cad>
          </ns3:TrackPointExtension>
        </extensions>
      </trkpt>
      <trkpt lat="49.13829521276056766510009765625" lon="6.1540196277201175689697265625">
        <ele>170.399993896484375</ele>
        <time>2026-07-29T20:16:30.000Z</time>
        <extensions>
          <ns3:TrackPointExtension>
            <ns3:atemp>28.0</ns3:atemp>
            <ns3:hr>150</ns3:hr>
            <ns3:cad>85</ns3:cad>
          </ns3:TrackPointExtension>
        </extensions>
      </trkpt>
      <trkpt lat="49.1383144073188304901123046875" lon="6.15398819558322429656982421875">
        <ele>170.399993896484375</ele>
        <time>2026-07-29T20:16:31.000Z</time>
        <extensions>
          <ns3:TrackPointExtension>
            <ns3:atemp>28.0</ns3:atemp>
            <ns3:hr>150</ns3:hr>
            <ns3:cad>85</ns3:cad>
          </ns3:TrackPointExtension>
        </extensions>
      </trkpt>
      <trkpt lat="49.13833360187709331512451171875" lon="6.1539626307785511016845703125">
        <ele>170.399993896484375</ele>
        <time>2026-07-29T20:16:32.000Z</time>
        <extensions>
          <ns3:TrackPointExtension>
            <ns3:atemp>28.0</ns3:atemp>
            <ns3:hr>150</ns3:hr>
            <ns3:cad>85</ns3:cad>
          </ns3:TrackPointExtension>
        </extensions>
      </trkpt>
      <trkpt lat="49.13834466598927974700927734375" lon="6.15393069572746753692626953125">
        <ele>170.600006103515625</ele>
        <time>2026-07-29T20:16:33.000Z</time>
        <extensions>
          <ns3:TrackPointExtension>
            <ns3:atemp>28.0</ns3:atemp>
            <ns3:hr>150</ns3:hr>
            <ns3:cad>85</ns3:cad>
          </ns3:TrackPointExtension>
        </extensions>
      </trkpt>
      <trkpt lat="49.13836956024169921875" lon="6.15390420891344547271728515625">
        <ele>170.600006103515625</ele>
        <time>2026-07-29T20:16:34.000Z</time>
        <extensions>
          <ns3:TrackPointExtension>
            <ns3:atemp>28.0</ns3:atemp>
            <ns3:hr>151</ns3:hr>
            <ns3:cad>84</ns3:cad>
          </ns3:TrackPointExtension>
        </extensions>
      </trkpt>
      <trkpt lat="49.13838054053485393524169921875" lon="6.153878308832645416259765625">
        <ele>170.600006103515625</ele>
        <time>2026-07-29T20:16:35.000Z</time>
        <extensions>
          <ns3:TrackPointExtension>
            <ns3:atemp>28.0</ns3:atemp>
            <ns3:hr>151</ns3:hr>
            <ns3:cad>84</ns3:cad>
          </ns3:TrackPointExtension>
        </extensions>
      </trkpt>
      <trkpt lat="49.13839998655021190643310546875" lon="6.15384721197187900543212890625">
        <ele>170.600006103515625</ele>
        <time>2026-07-29T20:16:36.000Z</time>
        <extensions>
          <ns3:TrackPointExtension>
            <ns3:atemp>28.0</ns3:atemp>
            <ns3:hr>152</ns3:hr>
            <ns3:cad>83</ns3:cad>
          </ns3:TrackPointExtension>
        </extensions>
      </trkpt>
      <trkpt lat="49.13841926492750644683837890625" lon="6.15382156334817409515380859375">
        <ele>170.600006103515625</ele>
        <time>2026-07-29T20:16:37.000Z</time>
        <extensions>
          <ns3:TrackPointExtension>
            <ns3:atemp>28.0</ns3:atemp>
            <ns3:hr>152</ns3:hr>
            <ns3:cad>83</ns3:cad>
          </ns3:TrackPointExtension>
        </extensions>
      </trkpt>
      <trkpt lat="49.13843250833451747894287109375" lon="6.1537959985435009002685546875">
        <ele>170.600006103515625</ele>
        <time>2026-07-29T20:16:38.000Z</time>
        <extensions>
          <ns3:TrackPointExtension>
            <ns3:atemp>28.0</ns3:atemp>
            <ns3:hr>153</ns3:hr>
            <ns3:cad>83</ns3:cad>
          </ns3:TrackPointExtension>
        </extensions>
      </trkpt>
      <trkpt lat="49.138458073139190673828125" lon="6.15377244539558887481689453125">
        <ele>170.600006103515625</ele>
        <time>2026-07-29T20:16:39.000Z</time>
        <extensions>
          <ns3:TrackPointExtension>
            <ns3:atemp>28.0</ns3:atemp>
            <ns3:hr>154</ns3:hr>
            <ns3:cad>83</ns3:cad>
          </ns3:TrackPointExtension>
        </extensions>
      </trkpt>
      <trkpt lat="49.1384739987552165985107421875" lon="6.1537483893334865570068359375">
        <ele>170.600006103515625</ele>
        <time>2026-07-29T20:16:40.000Z</time>
        <extensions>
          <ns3:TrackPointExtension>
            <ns3:atemp>28.0</ns3:atemp>
            <ns3:hr>154</ns3:hr>
            <ns3:cad>84</ns3:cad>
          </ns3:TrackPointExtension>
        </extensions>
      </trkpt>
      <trkpt lat="49.1384974680840969085693359375" lon="6.15372081287205219268798828125">
        <ele>170.600006103515625</ele>
        <time>2026-07-29T20:16:41.000Z</time>
        <extensions>
          <ns3:TrackPointExtension>
            <ns3:atemp>28.0</ns3:atemp>
            <ns3:hr>155</ns3:hr>
            <ns3:cad>84</ns3:cad>
          </ns3:TrackPointExtension>
        </extensions>
      </trkpt>
      <trkpt lat="49.13851984776556491851806640625" lon="6.15370321087539196014404296875">
        <ele>170.600006103515625</ele>
        <time>2026-07-29T20:16:42.000Z</time>
        <extensions>
          <ns3:TrackPointExtension>
            <ns3:atemp>28.0</ns3:atemp>
            <ns3:hr>155</ns3:hr>
            <ns3:cad>84</ns3:cad>
          </ns3:TrackPointExtension>
        </extensions>
      </trkpt>
      <trkpt lat="49.138540215790271759033203125" lon="6.1536835134029388427734375">
        <ele>170.600006103515625</ele>
        <time>2026-07-29T20:16:43.000Z</time>
        <extensions>
          <ns3:TrackPointExtension>
            <ns3:atemp>28.0</ns3:atemp>
            <ns3:hr>155</ns3:hr>
            <ns3:cad>84</ns3:cad>
          </ns3:TrackPointExtension>
        </extensions>
      </trkpt>
      <trkpt lat="49.13856762461364269256591796875" lon="6.153667084872722625732421875">
        <ele>170.600006103515625</ele>
        <time>2026-07-29T20:16:44.000Z</time>
        <extensions>
          <ns3:TrackPointExtension>
            <ns3:atemp>28.0</ns3:atemp>
            <ns3:hr>155</ns3:hr>
            <ns3:cad>84</ns3:cad>
          </ns3:TrackPointExtension>
        </extensions>
      </trkpt>
      <trkpt lat="49.13858438841998577117919921875" lon="6.15364738740026950836181640625">
        <ele>170.600006103515625</ele>
        <time>2026-07-29T20:16:45.000Z</time>
        <extensions>
          <ns3:TrackPointExtension>
            <ns3:atemp>28.0</ns3:atemp>
            <ns3:hr>155</ns3:hr>
            <ns3:cad>84</ns3:cad>
          </ns3:TrackPointExtension>
        </extensions>
      </trkpt>
      <trkpt lat="49.13860903121531009674072265625" lon="6.1536317132413387298583984375">
        <ele>170.600006103515625</ele>
        <time>2026-07-29T20:16:46.000Z</time>
        <extensions>
          <ns3:TrackPointExtension>
            <ns3:atemp>28.0</ns3:atemp>
            <ns3:hr>156</ns3:hr>
            <ns3:cad>84</ns3:cad>
          </ns3:TrackPointExtension>
        </extensions>
      </trkpt>
      <trkpt lat="49.13863241672515869140625" lon="6.1536216549575328826904296875">
        <ele>170.600006103515625</ele>
        <time>2026-07-29T20:16:47.000Z</time>
        <extensions>
          <ns3:TrackPointExtension>
            <ns3:atemp>28.0</ns3:atemp>
            <ns3:hr>156</ns3:hr>
            <ns3:cad>84</ns3:cad>
          </ns3:TrackPointExtension>
        </extensions>
      </trkpt>
      <trkpt lat="49.13865328766405582427978515625" lon="6.15361033938825130462646484375">
        <ele>170.8000030517578125</ele>
        <time>2026-07-29T20:16:48.000Z</time>
        <extensions>
          <ns3:TrackPointExtension>
            <ns3:atemp>28.0</ns3:atemp>
            <ns3:hr>156</ns3:hr>
            <ns3:cad>84</ns3:cad>
          </ns3:TrackPointExtension>
        </extensions>
      </trkpt>
      <trkpt lat="49.13868111558258533477783203125" lon="6.153602711856365203857421875">
        <ele>170.8000030517578125</ele>
        <time>2026-07-29T20:16:49.000Z</time>
        <extensions>
          <ns3:TrackPointExtension>
            <ns3:atemp>28.0</ns3:atemp>
            <ns3:hr>156</ns3:hr>
            <ns3:cad>84</ns3:cad>
          </ns3:TrackPointExtension>
        </extensions>
      </trkpt>
      <trkpt lat="49.13870341144502162933349609375" lon="6.15359173156321048736572265625">
        <ele>170.8000030517578125</ele>
        <time>2026-07-29T20:16:50.000Z</time>
        <extensions>
          <ns3:TrackPointExtension>
            <ns3:atemp>28.0</ns3:atemp>
            <ns3:hr>155</ns3:hr>
            <ns3:cad>84</ns3:cad>
          </ns3:TrackPointExtension>
        </extensions>
      </trkpt>
      <trkpt lat="49.13873098790645599365234375" lon="6.1535877920687198638916015625">
        <ele>170.8000030517578125</ele>
        <time>2026-07-29T20:16:51.000Z</time>
        <extensions>
          <ns3:TrackPointExtension>
            <ns3:atemp>28.0</ns3:atemp>
            <ns3:hr>156</ns3:hr>
            <ns3:cad>84</ns3:cad>
          </ns3:TrackPointExtension>
        </extensions>
      </trkpt>
      <trkpt lat="49.13875672034919261932373046875" lon="6.15359005518257617950439453125">
        <ele>170.8000030517578125</ele>
        <time>2026-07-29T20:16:52.000Z</time>
        <extensions>
          <ns3:TrackPointExtension>
            <ns3:atemp>28.0</ns3:atemp>
            <ns3:hr>156</ns3:hr>
            <ns3:cad>84</ns3:cad>
          </ns3:TrackPointExtension>
        </extensions>
      </trkpt>
      <trkpt lat="49.13877817802131175994873046875" lon="6.15358502604067325592041015625">
        <ele>170.8000030517578125</ele>
        <time>2026-07-29T20:16:53.000Z</time>
        <extensions>
          <ns3:TrackPointExtension>
            <ns3:atemp>28.0</ns3:atemp>
            <ns3:hr>156</ns3:hr>
            <ns3:cad>84</ns3:cad>
          </ns3:TrackPointExtension>
        </extensions>
      </trkpt>
      <trkpt lat="49.138808436691761016845703125" lon="6.153589300811290740966796875">
        <ele>170.600006103515625</ele>
        <time>2026-07-29T20:16:54.000Z</time>
        <extensions>
          <ns3:TrackPointExtension>
            <ns3:atemp>28.0</ns3:atemp>
            <ns3:hr>156</ns3:hr>
            <ns3:cad>84</ns3:cad>
          </ns3:TrackPointExtension>
        </extensions>
      </trkpt>
      <trkpt lat="49.138827882707118988037109375" lon="6.15358049981296062469482421875">
        <ele>170.600006103515625</ele>
        <time>2026-07-29T20:16:55.000Z</time>
        <extensions>
          <ns3:TrackPointExtension>
            <ns3:atemp>28.0</ns3:atemp>
            <ns3:hr>156</ns3:hr>
            <ns3:cad>84</ns3:cad>
          </ns3:TrackPointExtension>
        </extensions>
      </trkpt>
      <trkpt lat="49.13885026238858699798583984375" lon="6.15357614122331142425537109375">
        <ele>170.600006103515625</ele>
        <time>2026-07-29T20:16:56.000Z</time>
        <extensions>
          <ns3:TrackPointExtension>
            <ns3:atemp>28.0</ns3:atemp>
            <ns3:hr>156</ns3:hr>
            <ns3:cad>84</ns3:cad>
          </ns3:TrackPointExtension>
        </extensions>
      </trkpt>
      <trkpt lat="49.13887591101229190826416015625" lon="6.153574548661708831787109375">
        <ele>170.600006103515625</ele>
        <time>2026-07-29T20:16:57.000Z</time>
        <extensions>
          <ns3:TrackPointExtension>
            <ns3:atemp>28.0</ns3:atemp>
            <ns3:hr>156</ns3:hr>
            <ns3:cad>84</ns3:cad>
          </ns3:TrackPointExtension>
        </extensions>
      </trkpt>
      <trkpt lat="49.13889317773282527923583984375" lon="6.1535606347024440765380859375">
        <ele>170.600006103515625</ele>
        <time>2026-07-29T20:16:58.000Z</time>
        <extensions>
          <ns3:TrackPointExtension>
            <ns3:atemp>28.0</ns3:atemp>
            <ns3:hr>155</ns3:hr>
            <ns3:cad>83</ns3:cad>
          </ns3:TrackPointExtension>
        </extensions>
      </trkpt>
      <trkpt lat="49.13891798816621303558349609375" lon="6.15355937741696834564208984375">
        <ele>170.600006103515625</ele>
        <time>2026-07-29T20:16:59.000Z</time>
        <extensions>
          <ns3:TrackPointExtension>
            <ns3:atemp>28.0</ns3:atemp>
            <ns3:hr>155</ns3:hr>
            <ns3:cad>83</ns3:cad>
          </ns3:TrackPointExtension>
        </extensions>
      </trkpt>
      <trkpt lat="49.1389360092580318450927734375" lon="6.1535539291799068450927734375">
        <ele>170.600006103515625</ele>
        <time>2026-07-29T20:17:00.000Z</time>
        <extensions>
          <ns3:TrackPointExtension>
            <ns3:atemp>28.0</ns3:atemp>
            <ns3:hr>155</ns3:hr>
            <ns3:cad>83</ns3:cad>
          </ns3:TrackPointExtension>
        </extensions>
      </trkpt>
      <trkpt lat="49.13896031677722930908203125" lon="6.153551079332828521728515625">
        <ele>170.8000030517578125</ele>
        <time>2026-07-29T20:17:01.000Z</time>
        <extensions>
          <ns3:TrackPointExtension>
            <ns3:atemp>28.0</ns3:atemp>
            <ns3:hr>155</ns3:hr>
            <ns3:cad>83</ns3:cad>
          </ns3:TrackPointExtension>
        </extensions>
      </trkpt>
      <trkpt lat="49.1389879770576953887939453125" lon="6.15354881621897220611572265625">
        <ele>170.8000030517578125</ele>
        <time>2026-07-29T20:17:02.000Z</time>
        <extensions>
          <ns3:TrackPointExtension>
            <ns3:atemp>28.0</ns3:atemp>
            <ns3:hr>155</ns3:hr>
            <ns3:cad>83</ns3:cad>
          </ns3:TrackPointExtension>
        </extensions>
      </trkpt>
      <trkpt lat="49.13900884799659252166748046875" lon="6.15354001522064208984375">
        <ele>170.8000030517578125</ele>
        <time>2026-07-29T20:17:03.000Z</time>
        <extensions>
          <ns3:TrackPointExtension>
            <ns3:atemp>28.0</ns3:atemp>
            <ns3:hr>155</ns3:hr>
            <ns3:cad>84</ns3:cad>
          </ns3:TrackPointExtension>
        </extensions>
      </trkpt>
      <trkpt lat="49.13903600536286830902099609375" lon="6.15353490225970745086669921875">
        <ele>171</ele>
        <time>2026-07-29T20:17:04.000Z</time>
        <extensions>
          <ns3:TrackPointExtension>
            <ns3:atemp>28.0</ns3:atemp>
            <ns3:hr>155</ns3:hr>
            <ns3:cad>84</ns3:cad>
          </ns3:TrackPointExtension>
        </extensions>
      </trkpt>
      <trkpt lat="49.13906098343431949615478515625" lon="6.153530962765216827392578125">
        <ele>170.8000030517578125</ele>
        <time>2026-07-29T20:17:05.000Z</time>
        <extensions>
          <ns3:TrackPointExtension>
            <ns3:atemp>28.0</ns3:atemp>
            <ns3:hr>154</ns3:hr>
            <ns3:cad>84</ns3:cad>
          </ns3:TrackPointExtension>
        </extensions>
      </trkpt>
      <trkpt lat="49.139085374772548675537109375" lon="6.15352719090878963470458984375">
        <ele>170.8000030517578125</ele>
        <time>2026-07-29T20:17:06.000Z</time>
        <extensions>
          <ns3:TrackPointExtension>
            <ns3:atemp>28.0</ns3:atemp>
            <ns3:hr>154</ns3:hr>
            <ns3:cad>84</ns3:cad>
          </ns3:TrackPointExtension>
        </extensions>
      </trkpt>
      <trkpt lat="49.13911529816687107086181640625" lon="6.15353171713650226593017578125">
        <ele>170.8000030517578125</ele>
        <time>2026-07-29T20:17:07.000Z</time>
        <extensions>
          <ns3:TrackPointExtension>
            <ns3:atemp>28.0</ns3:atemp>
            <ns3:hr>154</ns3:hr>
            <ns3:cad>84</ns3:cad>
          </ns3:TrackPointExtension>
        </extensions>
      </trkpt>
      <trkpt lat="49.13913491182029247283935546875" lon="6.153523586690425872802734375">
        <ele>170.8000030517578125</ele>
        <time>2026-07-29T20:17:08.000Z</time>
        <extensions>
          <ns3:TrackPointExtension>
            <ns3:atemp>28.0</ns3:atemp>
            <ns3:hr>155</ns3:hr>
            <ns3:cad>84</ns3:cad>
          </ns3:TrackPointExtension>
        </extensions>
      </trkpt>
      <trkpt lat="49.13916014134883880615234375" lon="6.15352417342364788055419921875">
        <ele>170.8000030517578125</ele>
        <time>2026-07-29T20:17:09.000Z</time>
        <extensions>
          <ns3:TrackPointExtension>
            <ns3:atemp>28.0</ns3:atemp>
            <ns3:hr>155</ns3:hr>
            <ns3:cad>84</ns3:cad>
          </ns3:TrackPointExtension>
        </extensions>
      </trkpt>
      <trkpt lat="49.139183275401592254638671875" lon="6.1535224132239818572998046875">
        <ele>170.8000030517578125</ele>
        <time>2026-07-29T20:17:10.000Z</time>
        <extensions>
          <ns3:TrackPointExtension>
            <ns3:atemp>28.0</ns3:atemp>
            <ns3:hr>155</ns3:hr>
            <ns3:cad>84</ns3:cad>
          </ns3:TrackPointExtension>
        </extensions>
      </trkpt>
      <trkpt lat="49.1392099298536777496337890625" lon="6.1535167135298252105712890625">
        <ele>171</ele>
        <time>2026-07-29T20:17:11.000Z</time>
        <extensions>
          <ns3:TrackPointExtension>
            <ns3:atemp>28.0</ns3:atemp>
            <ns3:hr>155</ns3:hr>
            <ns3:cad>84</ns3:cad>
          </ns3:TrackPointExtension>
        </extensions>
      </trkpt>
      <trkpt lat="49.1392380930483341217041015625" lon="6.15350992418825626373291015625">
        <ele>171</ele>
        <time>2026-07-29T20:17:12.000Z</time>
        <extensions>
          <ns3:TrackPointExtension>
            <ns3:atemp>28.0</ns3:atemp>
            <ns3:hr>155</ns3:hr>
            <ns3:cad>84</ns3:cad>
          </ns3:TrackPointExtension>
        </extensions>
      </trkpt>
      <trkpt lat="49.1392618976533412933349609375" lon="6.15349969826638698577880859375">
        <ele>171</ele>
        <time>2026-07-29T20:17:13.000Z</time>
        <extensions>
          <ns3:TrackPointExtension>
            <ns3:atemp>28.0</ns3:atemp>
            <ns3:hr>155</ns3:hr>
            <ns3:cad>83</ns3:cad>
          </ns3:TrackPointExtension>
        </extensions>
      </trkpt>
      <trkpt lat="49.13929601199924945831298828125" lon="6.1534962616860866546630859375">
        <ele>171</ele>
        <time>2026-07-29T20:17:14.000Z</time>
        <extensions>
          <ns3:TrackPointExtension>
            <ns3:atemp>28.0</ns3:atemp>
            <ns3:hr>155</ns3:hr>
            <ns3:cad>83</ns3:cad>
          </ns3:TrackPointExtension>
        </extensions>
      </trkpt>
      <trkpt lat="49.13932283408939838409423828125" lon="6.15350003354251384735107421875">
        <ele>171</ele>
        <time>2026-07-29T20:17:15.000Z</time>
        <extensions>
          <ns3:TrackPointExtension>
            <ns3:atemp>28.0</ns3:atemp>
            <ns3:hr>154</ns3:hr>
            <ns3:cad>83</ns3:cad>
          </ns3:TrackPointExtension>
        </extensions>
      </trkpt>
      <trkpt lat="49.1393490694463253021240234375" lon="6.1534917354583740234375">
        <ele>171</ele>
        <time>2026-07-29T20:17:16.000Z</time>
        <extensions>
          <ns3:TrackPointExtension>
            <ns3:atemp>28.0</ns3:atemp>
            <ns3:hr>154</ns3:hr>
            <ns3:cad>83</ns3:cad>
          </ns3:TrackPointExtension>
        </extensions>
      </trkpt>
      <trkpt lat="49.139379747211933135986328125" lon="6.15349500440061092376708984375">
        <ele>171</ele>
        <time>2026-07-29T20:17:17.000Z</time>
        <extensions>
          <ns3:TrackPointExtension>
            <ns3:atemp>28.0</ns3:atemp>
            <ns3:hr>154</ns3:hr>
            <ns3:cad>83</ns3:cad>
          </ns3:TrackPointExtension>
        </extensions>
      </trkpt>
      <trkpt lat="49.13940145634114742279052734375" lon="6.15348963998258113861083984375">
        <ele>171</ele>
        <time>2026-07-29T20:17:18.000Z</time>
        <extensions>
          <ns3:TrackPointExtension>
            <ns3:atemp>28.0</ns3:atemp>
            <ns3:hr>154</ns3:hr>
            <ns3:cad>83</ns3:cad>
          </ns3:TrackPointExtension>
        </extensions>
      </trkpt>
      <trkpt lat="49.13943230174481868743896484375" lon="6.15348704159259796142578125">
        <ele>171</ele>
        <time>2026-07-29T20:17:19.000Z</time>
        <extensions>
          <ns3:TrackPointExtension>
            <ns3:atemp>28.0</ns3:atemp>
            <ns3:hr>154</ns3:hr>
            <ns3:cad>84</ns3:cad>
          </ns3:TrackPointExtension>
        </extensions>
      </trkpt>
      <trkpt lat="49.13945778273046016693115234375" lon="6.15348310209810733795166015625">
        <ele>171</ele>
        <time>2026-07-29T20:17:20.000Z</time>
        <extensions>
          <ns3:TrackPointExtension>
            <ns3:atemp>28.0</ns3:atemp>
            <ns3:hr>154</ns3:hr>
            <ns3:cad>84</ns3:cad>
          </ns3:TrackPointExtension>
        </extensions>
      </trkpt>
      <trkpt lat="49.13948426954448223114013671875" lon="6.1534778214991092681884765625">
        <ele>171</ele>
        <time>2026-07-29T20:17:21.000Z</time>
        <extensions>
          <ns3:TrackPointExtension>
            <ns3:atemp>28.0</ns3:atemp>
            <ns3:hr>154</ns3:hr>
            <ns3:cad>84</ns3:cad>
          </ns3:TrackPointExtension>
        </extensions>
      </trkpt>
      <trkpt lat="49.1395183838903903961181640625" lon="6.15348712541162967681884765625">
        <ele>171</ele>
        <time>2026-07-29T20:17:22.000Z</time>
        <extensions>
          <ns3:TrackPointExtension>
            <ns3:atemp>28.0</ns3:atemp>
            <ns3:hr>153</ns3:hr>
            <ns3:cad>84</ns3:cad>
          </ns3:TrackPointExtension>
        </extensions>
      </trkpt>
      <trkpt lat="49.1395455412566661834716796875" lon="6.15347639657557010650634765625">
        <ele>171</ele>
        <time>2026-07-29T20:17:23.000Z</time>
        <extensions>
          <ns3:TrackPointExtension>
            <ns3:atemp>28.0</ns3:atemp>
            <ns3:hr>153</ns3:hr>
            <ns3:cad>84</ns3:cad>
          </ns3:TrackPointExtension>
        </extensions>
      </trkpt>
      <trkpt lat="49.13957990705966949462890625" lon="6.153472959995269775390625">
        <ele>171</ele>
        <time>2026-07-29T20:17:24.000Z</time>
        <extensions>
          <ns3:TrackPointExtension>
            <ns3:atemp>28.0</ns3:atemp>
            <ns3:hr>152</ns3:hr>
            <ns3:cad>84</ns3:cad>
          </ns3:TrackPointExtension>
        </extensions>
      </trkpt>
      <trkpt lat="49.1396082378923892974853515625" lon="6.15347723476588726043701171875">
        <ele>171.1999969482421875</ele>
        <time>2026-07-29T20:17:25.000Z</time>
        <extensions>
          <ns3:TrackPointExtension>
            <ns3:atemp>28.0</ns3:atemp>
            <ns3:hr>151</ns3:hr>
            <ns3:cad>83</ns3:cad>
          </ns3:TrackPointExtension>
        </extensions>
      </trkpt>
      <trkpt lat="49.13963179104030132293701171875" lon="6.15347094833850860595703125">
        <ele>171.1999969482421875</ele>
        <time>2026-07-29T20:17:26.000Z</time>
        <extensions>
          <ns3:TrackPointExtension>
            <ns3:atemp>28.0</ns3:atemp>
            <ns3:hr>151</ns3:hr>
            <ns3:cad>83</ns3:cad>
          </ns3:TrackPointExtension>
        </extensions>
      </trkpt>
      <trkpt lat="49.13966230116784572601318359375" lon="6.15348427556455135345458984375">
        <ele>171.1999969482421875</ele>
        <time>2026-07-29T20:17:27.000Z</time>
        <extensions>
          <ns3:TrackPointExtension>
            <ns3:atemp>28.0</ns3:atemp>
            <ns3:hr>151</ns3:hr>
            <ns3:cad>84</ns3:cad>
          </ns3:TrackPointExtension>
        </extensions>
      </trkpt>
      <trkpt lat="49.139682166278362274169921875" lon="6.15348008461296558380126953125">
        <ele>171.399993896484375</ele>
        <time>2026-07-29T20:17:28.000Z</time>
        <extensions>
          <ns3:TrackPointExtension>
            <ns3:atemp>28.0</ns3:atemp>
            <ns3:hr>151</ns3:hr>
            <ns3:cad>84</ns3:cad>
          </ns3:TrackPointExtension>
        </extensions>
      </trkpt>
      <trkpt lat="49.13970840163528919219970703125" lon="6.1534949205815792083740234375">
        <ele>171.1999969482421875</ele>
        <time>2026-07-29T20:17:29.000Z</time>
        <extensions>
          <ns3:TrackPointExtension>
            <ns3:atemp>28.0</ns3:atemp>
            <ns3:hr>151</ns3:hr>
            <ns3:cad>83</ns3:cad>
          </ns3:TrackPointExtension>
        </extensions>
      </trkpt>
      <trkpt lat="49.13972617127001285552978515625" lon="6.15351662971079349517822265625">
        <ele>171.1999969482421875</ele>
        <time>2026-07-29T20:17:30.000Z</time>
        <extensions>
          <ns3:TrackPointExtension>
            <ns3:atemp>28.0</ns3:atemp>
            <ns3:hr>151</ns3:hr>
            <ns3:cad>83</ns3:cad>
          </ns3:TrackPointExtension>
        </extensions>
      </trkpt>
      <trkpt lat="49.13974394090473651885986328125" lon="6.15352802909910678863525390625">
        <ele>171.1999969482421875</ele>
        <time>2026-07-29T20:17:31.000Z</time>
        <extensions>
          <ns3:TrackPointExtension>
            <ns3:atemp>28.0</ns3:atemp>
            <ns3:hr>151</ns3:hr>
            <ns3:cad>83</ns3:cad>
          </ns3:TrackPointExtension>
        </extensions>
      </trkpt>
      <trkpt lat="49.139764308929443359375" lon="6.1535623110830783843994140625">
        <ele>171.1999969482421875</ele>
        <time>2026-07-29T20:17:32.000Z</time>
        <extensions>
          <ns3:TrackPointExtension>
            <ns3:atemp>28.0</ns3:atemp>
            <ns3:hr>151</ns3:hr>
            <ns3:cad>83</ns3:cad>
          </ns3:TrackPointExtension>
        </extensions>
      </trkpt>
      <trkpt lat="49.13977730087935924530029296875" lon="6.15359558723866939544677734375">
        <ele>171.1999969482421875</ele>
        <time>2026-07-29T20:17:33.000Z</time>
        <extensions>
          <ns3:TrackPointExtension>
            <ns3:atemp>28.0</ns3:atemp>
            <ns3:hr>151</ns3:hr>
            <ns3:cad>82</ns3:cad>
          </ns3:TrackPointExtension>
        </extensions>
      </trkpt>
      <trkpt lat="49.13979314267635345458984375" lon="6.1536218225955963134765625">
        <ele>171.1999969482421875</ele>
        <time>2026-07-29T20:17:34.000Z</time>
        <extensions>
          <ns3:TrackPointExtension>
            <ns3:atemp>28.0</ns3:atemp>
            <ns3:hr>151</ns3:hr>
            <ns3:cad>82</ns3:cad>
          </ns3:TrackPointExtension>
        </extensions>
      </trkpt>
      <trkpt lat="49.1398194618523120880126953125" lon="6.1536431126296520233154296875">
        <ele>171.1999969482421875</ele>
        <time>2026-07-29T20:17:35.000Z</time>
        <extensions>
          <ns3:TrackPointExtension>
            <ns3:atemp>28.0</ns3:atemp>
            <ns3:hr>151</ns3:hr>
            <ns3:cad>82</ns3:cad>
          </ns3:TrackPointExtension>
        </extensions>
      </trkpt>
      <trkpt lat="49.13984335027635097503662109375" lon="6.153644286096096038818359375">
        <ele>171</ele>
        <time>2026-07-29T20:17:36.000Z</time>
        <extensions>
          <ns3:TrackPointExtension>
            <ns3:atemp>28.0</ns3:atemp>
            <ns3:hr>151</ns3:hr>
            <ns3:cad>82</ns3:cad>
          </ns3:TrackPointExtension>
        </extensions>
      </trkpt>
      <trkpt lat="49.13987629115581512451171875" lon="6.1536464653909206390380859375">
        <ele>171</ele>
        <time>2026-07-29T20:17:37.000Z</time>
        <extensions>
          <ns3:TrackPointExtension>
            <ns3:atemp>28.0</ns3:atemp>
            <ns3:hr>151</ns3:hr>
            <ns3:cad>82</ns3:cad>
          </ns3:TrackPointExtension>
        </extensions>
      </trkpt>
      <trkpt lat="49.1399036161601543426513671875" lon="6.15364529192447662353515625">
        <ele>171</ele>
        <time>2026-07-29T20:17:38.000Z</time>
        <extensions>
          <ns3:TrackPointExtension>
            <ns3:atemp>28.0</ns3:atemp>
            <ns3:hr>150</ns3:hr>
            <ns3:cad>82</ns3:cad>
          </ns3:TrackPointExtension>
        </extensions>
      </trkpt>
      <trkpt lat="49.13992515765130519866943359375" lon="6.15363548509776592254638671875">
        <ele>171</ele>
        <time>2026-07-29T20:17:39.000Z</time>
        <extensions>
          <ns3:TrackPointExtension>
            <ns3:atemp>28.0</ns3:atemp>
            <ns3:hr>150</ns3:hr>
            <ns3:cad>83</ns3:cad>
          </ns3:TrackPointExtension>
        </extensions>
      </trkpt>
      <trkpt lat="49.139954745769500732421875" lon="6.15362592972815036773681640625">
        <ele>171</ele>
        <time>2026-07-29T20:17:40.000Z</time>
        <extensions>
          <ns3:TrackPointExtension>
            <ns3:atemp>28.0</ns3:atemp>
            <ns3:hr>150</ns3:hr>
            <ns3:cad>84</ns3:cad>
          </ns3:TrackPointExtension>
        </extensions>
      </trkpt>
      <trkpt lat="49.13997645489871501922607421875" lon="6.15360631607472896575927734375">
        <ele>171</ele>
        <time>2026-07-29T20:17:41.000Z</time>
        <extensions>
          <ns3:TrackPointExtension>
            <ns3:atemp>28.0</ns3:atemp>
            <ns3:hr>149</ns3:hr>
            <ns3:cad>84</ns3:cad>
          </ns3:TrackPointExtension>
        </extensions>
      </trkpt>
      <trkpt lat="49.140000008046627044677734375" lon="6.1535790748894214630126953125">
        <ele>171</ele>
        <time>2026-07-29T20:17:42.000Z</time>
        <extensions>
          <ns3:TrackPointExtension>
            <ns3:atemp>28.0</ns3:atemp>
            <ns3:hr>149</ns3:hr>
            <ns3:cad>84</ns3:cad>
          </ns3:TrackPointExtension>
        </extensions>
      </trkpt>
      <trkpt lat="49.14001987315714359283447265625" lon="6.1535529233515262603759765625">
        <ele>171</ele>
        <time>2026-07-29T20:17:43.000Z</time>
        <extensions>
          <ns3:TrackPointExtension>
            <ns3:atemp>28.0</ns3:atemp>
            <ns3:hr>149</ns3:hr>
            <ns3:cad>83</ns3:cad>
          </ns3:TrackPointExtension>
        </extensions>
      </trkpt>
      <trkpt lat="49.1400350444018840789794921875" lon="6.1535257659852504730224609375">
        <ele>171.1999969482421875</ele>
        <time>2026-07-29T20:17:44.000Z</time>
        <extensions>
          <ns3:TrackPointExtension>
            <ns3:atemp>28.0</ns3:atemp>
            <ns3:hr>149</ns3:hr>
            <ns3:cad>83</ns3:cad>
          </ns3:TrackPointExtension>
        </extensions>
      </trkpt>
      <trkpt lat="49.14005926810204982757568359375" lon="6.1534965969622135162353515625">
        <ele>171.1999969482421875</ele>
        <time>2026-07-29T20:17:45.000Z</time>
        <extensions>
          <ns3:TrackPointExtension>
            <ns3:atemp>28.0</ns3:atemp>
            <ns3:hr>149</ns3:hr>
            <ns3:cad>84</ns3:cad>
          </ns3:TrackPointExtension>
        </extensions>
      </trkpt>
      <trkpt lat="49.1400766186416149139404296875" lon="6.1534717865288257598876953125">
        <ele>171.1999969482421875</ele>
        <time>2026-07-29T20:17:46.000Z</time>
        <extensions>
          <ns3:TrackPointExtension>
            <ns3:atemp>28.0</ns3:atemp>
            <ns3:hr>149</ns3:hr>
            <ns3:cad>84</ns3:cad>
          </ns3:TrackPointExtension>
        </extensions>
      </trkpt>
      <trkpt lat="49.1401000879704952239990234375" lon="6.15344605408608913421630859375">
        <ele>171.1999969482421875</ele>
        <time>2026-07-29T20:17:47.000Z</time>
        <extensions>
          <ns3:TrackPointExtension>
            <ns3:atemp>28.0</ns3:atemp>
            <ns3:hr>149</ns3:hr>
            <ns3:cad>84</ns3:cad>
          </ns3:TrackPointExtension>
        </extensions>
      </trkpt>
      <trkpt lat="49.14012196473777294158935546875" lon="6.1534218303859233856201171875">
        <ele>171.1999969482421875</ele>
        <time>2026-07-29T20:17:48.000Z</time>
        <extensions>
          <ns3:TrackPointExtension>
            <ns3:atemp>28.0</ns3:atemp>
            <ns3:hr>149</ns3:hr>
            <ns3:cad>84</ns3:cad>
          </ns3:TrackPointExtension>
        </extensions>
      </trkpt>
      <trkpt lat="49.14013587869703769683837890625" lon="6.15339442156255245208740234375">
        <ele>171.1999969482421875</ele>
        <time>2026-07-29T20:17:49.000Z</time>
        <extensions>
          <ns3:TrackPointExtension>
            <ns3:atemp>28.0</ns3:atemp>
            <ns3:hr>149</ns3:hr>
            <ns3:cad>84</ns3:cad>
          </ns3:TrackPointExtension>
        </extensions>
      </trkpt>
      <trkpt lat="49.14016236551105976104736328125" lon="6.1533723771572113037109375">
        <ele>171.399993896484375</ele>
        <time>2026-07-29T20:17:50.000Z</time>
        <extensions>
          <ns3:TrackPointExtension>
            <ns3:atemp>28.0</ns3:atemp>
            <ns3:hr>149</ns3:hr>
            <ns3:cad>84</ns3:cad>
          </ns3:TrackPointExtension>
        </extensions>
      </trkpt>
      <trkpt lat="49.14018063805997371673583984375" lon="6.15335200913250446319580078125">
        <ele>171.600006103515625</ele>
        <time>2026-07-29T20:17:51.000Z</time>
        <extensions>
          <ns3:TrackPointExtension>
            <ns3:atemp>28.0</ns3:atemp>
            <ns3:hr>150</ns3:hr>
            <ns3:cad>84</ns3:cad>
          </ns3:TrackPointExtension>
        </extensions>
      </trkpt>
      <trkpt lat="49.14020293392241001129150390625" lon="6.1533336527645587921142578125">
        <ele>171.8000030517578125</ele>
        <time>2026-07-29T20:17:52.000Z</time>
        <extensions>
          <ns3:TrackPointExtension>
            <ns3:atemp>28.0</ns3:atemp>
            <ns3:hr>150</ns3:hr>
            <ns3:cad>83</ns3:cad>
          </ns3:TrackPointExtension>
        </extensions>
      </trkpt>
      <trkpt lat="49.1402296721935272216796875" lon="6.15332351066172122955322265625">
        <ele>171.8000030517578125</ele>
        <time>2026-07-29T20:17:53.000Z</time>
        <extensions>
          <ns3:TrackPointExtension>
            <ns3:atemp>28.0</ns3:atemp>
            <ns3:hr>151</ns3:hr>
            <ns3:cad>83</ns3:cad>
          </ns3:TrackPointExtension>
        </extensions>
      </trkpt>
      <trkpt lat="49.140252135694026947021484375" lon="6.15330557338893413543701171875">
        <ele>171.8000030517578125</ele>
        <time>2026-07-29T20:17:54.000Z</time>
        <extensions>
          <ns3:TrackPointExtension>
            <ns3:atemp>28.0</ns3:atemp>
            <ns3:hr>151</ns3:hr>
            <ns3:cad>83</ns3:cad>
          </ns3:TrackPointExtension>
        </extensions>
      </trkpt>
      <trkpt lat="49.14027870632708072662353515625" lon="6.15328897722065448760986328125">
        <ele>171.8000030517578125</ele>
        <time>2026-07-29T20:17:55.000Z</time>
        <extensions>
          <ns3:TrackPointExtension>
            <ns3:atemp>28.0</ns3:atemp>
            <ns3:hr>151</ns3:hr>
            <ns3:cad>82</ns3:cad>
          </ns3:TrackPointExtension>
        </extensions>
      </trkpt>
      <trkpt lat="49.14030519314110279083251953125" lon="6.1532722972333431243896484375">
        <ele>171.8000030517578125</ele>
        <time>2026-07-29T20:17:56.000Z</time>
        <extensions>
          <ns3:TrackPointExtension>
            <ns3:atemp>28.0</ns3:atemp>
            <ns3:hr>152</ns3:hr>
            <ns3:cad>82</ns3:cad>
          </ns3:TrackPointExtension>
        </extensions>
      </trkpt>
      <trkpt lat="49.1403294168412685394287109375" lon="6.1532572098076343536376953125">
        <ele>171.600006103515625</ele>
        <time>2026-07-29T20:17:57.000Z</time>
        <extensions>
          <ns3:TrackPointExtension>
            <ns3:atemp>28.0</ns3:atemp>
            <ns3:hr>152</ns3:hr>
            <ns3:cad>82</ns3:cad>
          </ns3:TrackPointExtension>
        </extensions>
      </trkpt>
      <trkpt lat="49.1403585858643054962158203125" lon="6.153253354132175445556640625">
        <ele>171.600006103515625</ele>
        <time>2026-07-29T20:17:58.000Z</time>
        <extensions>
          <ns3:TrackPointExtension>
            <ns3:atemp>28.0</ns3:atemp>
            <ns3:hr>152</ns3:hr>
            <ns3:cad>82</ns3:cad>
          </ns3:TrackPointExtension>
        </extensions>
      </trkpt>
      <trkpt lat="49.14037920534610748291015625" lon="6.1532407812774181365966796875">
        <ele>171.399993896484375</ele>
        <time>2026-07-29T20:17:59.000Z</time>
        <extensions>
          <ns3:TrackPointExtension>
            <ns3:atemp>28.0</ns3:atemp>
            <ns3:hr>152</ns3:hr>
            <ns3:cad>82</ns3:cad>
          </ns3:TrackPointExtension>
        </extensions>
      </trkpt>
      <trkpt lat="49.14041214622557163238525390625" lon="6.15323030389845371246337890625">
        <ele>171.399993896484375</ele>
        <time>2026-07-29T20:18:00.000Z</time>
        <extensions>
          <ns3:TrackPointExtension>
            <ns3:atemp>28.0</ns3:atemp>
            <ns3:hr>152</ns3:hr>
            <ns3:cad>83</ns3:cad>
          </ns3:TrackPointExtension>
        </extensions>
      </trkpt>
      <trkpt lat="49.14043955504894256591796875" lon="6.15322309546172618865966796875">
        <ele>171.399993896484375</ele>
        <time>2026-07-29T20:18:01.000Z</time>
        <extensions>
          <ns3:TrackPointExtension>
            <ns3:atemp>28.0</ns3:atemp>
            <ns3:hr>152</ns3:hr>
            <ns3:cad>84</ns3:cad>
          </ns3:TrackPointExtension>
        </extensions>
      </trkpt>
      <trkpt lat="49.1404631920158863067626953125" lon="6.15321069024503231048583984375">
        <ele>171.399993896484375</ele>
        <time>2026-07-29T20:18:02.000Z</time>
        <extensions>
          <ns3:TrackPointExtension>
            <ns3:atemp>28.0</ns3:atemp>
            <ns3:hr>152</ns3:hr>
            <ns3:cad>84</ns3:cad>
          </ns3:TrackPointExtension>
        </extensions>
      </trkpt>
      <trkpt lat="49.14048808626830577850341796875" lon="6.15320247597992420196533203125">
        <ele>171.600006103515625</ele>
        <time>2026-07-29T20:18:03.000Z</time>
        <extensions>
          <ns3:TrackPointExtension>
            <ns3:atemp>28.0</ns3:atemp>
            <ns3:hr>152</ns3:hr>
            <ns3:cad>84</ns3:cad>
          </ns3:TrackPointExtension>
        </extensions>
      </trkpt>
      <trkpt lat="49.1405020840466022491455078125" lon="6.15319057367742061614990234375">
        <ele>171.600006103515625</ele>
        <time>2026-07-29T20:18:04.000Z</time>
        <extensions>
          <ns3:TrackPointExtension>
            <ns3:atemp>28.0</ns3:atemp>
            <ns3:hr>152</ns3:hr>
            <ns3:cad>83</ns3:cad>
          </ns3:TrackPointExtension>
        </extensions>
      </trkpt>
      <trkpt lat="49.140524379909038543701171875" lon="6.15317816846072673797607421875">
        <ele>171.600006103515625</ele>
        <time>2026-07-29T20:18:05.000Z</time>
        <extensions>
          <ns3:TrackPointExtension>
            <ns3:atemp>28.0</ns3:atemp>
            <ns3:hr>152</ns3:hr>
            <ns3:cad>83</ns3:cad>
          </ns3:TrackPointExtension>
        </extensions>
      </trkpt>
      <trkpt lat="49.14054416120052337646484375" lon="6.15316844545304775238037109375">
        <ele>171.600006103515625</ele>
        <time>2026-07-29T20:18:06.000Z</time>
        <extensions>
          <ns3:TrackPointExtension>
            <ns3:atemp>28.0</ns3:atemp>
            <ns3:hr>152</ns3:hr>
            <ns3:cad>83</ns3:cad>
          </ns3:TrackPointExtension>
        </extensions>
      </trkpt>
      <trkpt lat="49.1405641101300716400146484375" lon="6.1531536094844341278076171875">
        <ele>171.600006103515625</ele>
        <time>2026-07-29T20:18:07.000Z</time>
        <extensions>
          <ns3:TrackPointExtension>
            <ns3:atemp>28.0</ns3:atemp>
            <ns3:hr>152</ns3:hr>
            <ns3:cad>83</ns3:cad>
          </ns3:TrackPointExtension>
        </extensions>
      </trkpt>
      <trkpt lat="49.1405912674963474273681640625" lon="6.15314665250480175018310546875">
        <ele>171.600006103515625</ele>
        <time>2026-07-29T20:18:08.000Z</time>
        <extensions>
          <ns3:TrackPointExtension>
            <ns3:atemp>28.0</ns3:atemp>
            <ns3:hr>152</ns3:hr>
            <ns3:cad>83</ns3:cad>
          </ns3:TrackPointExtension>
        </extensions>
      </trkpt>
      <trkpt lat="49.1406117193400859832763671875" lon="6.1531381867825984954833984375">
        <ele>171.600006103515625</ele>
        <time>2026-07-29T20:18:09.000Z</time>
        <extensions>
          <ns3:TrackPointExtension>
            <ns3:atemp>28.0</ns3:atemp>
            <ns3:hr>152</ns3:hr>
            <ns3:cad>83</ns3:cad>
          </ns3:TrackPointExtension>
        </extensions>
      </trkpt>
      <trkpt lat="49.1406402178108692169189453125" lon="6.15312050096690654754638671875">
        <ele>171.600006103515625</ele>
        <time>2026-07-29T20:18:10.000Z</time>
        <extensions>
          <ns3:TrackPointExtension>
            <ns3:atemp>28.0</ns3:atemp>
            <ns3:hr>152</ns3:hr>
            <ns3:cad>83</ns3:cad>
          </ns3:TrackPointExtension>
        </extensions>
      </trkpt>
      <trkpt lat="49.1406643576920032501220703125" lon="6.15310776047408580780029296875">
        <ele>171.399993896484375</ele>
        <time>2026-07-29T20:18:11.000Z</time>
        <extensions>
          <ns3:TrackPointExtension>
            <ns3:atemp>28.0</ns3:atemp>
            <ns3:hr>152</ns3:hr>
            <ns3:cad>84</ns3:cad>
          </ns3:TrackPointExtension>
        </extensions>
      </trkpt>
      <trkpt lat="49.1406829655170440673828125" lon="6.15309300832450389862060546875">
        <ele>171.399993896484375</ele>
        <time>2026-07-29T20:18:12.000Z</time>
        <extensions>
          <ns3:TrackPointExtension>
            <ns3:atemp>28.0</ns3:atemp>
            <ns3:hr>152</ns3:hr>
            <ns3:cad>84</ns3:cad>
          </ns3:TrackPointExtension>
        </extensions>
      </trkpt>
      <trkpt lat="49.14071037434041500091552734375" lon="6.1530848778784275054931640625">
        <ele>171.1999969482421875</ele>
        <time>2026-07-29T20:18:13.000Z</time>
        <extensions>
          <ns3:TrackPointExtension>
            <ns3:atemp>28.0</ns3:atemp>
            <ns3:hr>152</ns3:hr>
            <ns3:cad>84</ns3:cad>
          </ns3:TrackPointExtension>
        </extensions>
      </trkpt>
      <trkpt lat="49.1407277248799800872802734375" lon="6.15307222120463848114013671875">
        <ele>171.1999969482421875</ele>
        <time>2026-07-29T20:18:14.000Z</time>
        <extensions>
          <ns3:TrackPointExtension>
            <ns3:atemp>28.0</ns3:atemp>
            <ns3:hr>153</ns3:hr>
            <ns3:cad>84</ns3:cad>
          </ns3:TrackPointExtension>
        </extensions>
      </trkpt>
      <trkpt lat="49.14075613953173160552978515625" lon="6.15305696614086627960205078125">
        <ele>171.1999969482421875</ele>
        <time>2026-07-29T20:18:15.000Z</time>
        <extensions>
          <ns3:TrackPointExtension>
            <ns3:atemp>28.0</ns3:atemp>
            <ns3:hr>153</ns3:hr>
            <ns3:cad>83</ns3:cad>
          </ns3:TrackPointExtension>
        </extensions>
      </trkpt>
      <trkpt lat="49.14077726192772388458251953125" lon="6.15304355509579181671142578125">
        <ele>171.399993896484375</ele>
        <time>2026-07-29T20:18:16.000Z</time>
        <extensions>
          <ns3:TrackPointExtension>
            <ns3:atemp>28.0</ns3:atemp>
            <ns3:hr>153</ns3:hr>
            <ns3:cad>83</ns3:cad>
          </ns3:TrackPointExtension>
        </extensions>
      </trkpt>
      <trkpt lat="49.14079771377146244049072265625" lon="6.15302167832851409912109375">
        <ele>171.399993896484375</ele>
        <time>2026-07-29T20:18:17.000Z</time>
        <extensions>
          <ns3:TrackPointExtension>
            <ns3:atemp>28.0</ns3:atemp>
            <ns3:hr>153</ns3:hr>
            <ns3:cad>84</ns3:cad>
          </ns3:TrackPointExtension>
        </extensions>
      </trkpt>
      <trkpt lat="49.1408236138522624969482421875" lon="6.1530127935111522674560546875">
        <ele>171.399993896484375</ele>
        <time>2026-07-29T20:18:18.000Z</time>
        <extensions>
          <ns3:TrackPointExtension>
            <ns3:atemp>28.0</ns3:atemp>
            <ns3:hr>153</ns3:hr>
            <ns3:cad>84</ns3:cad>
          </ns3:TrackPointExtension>
        </extensions>
      </trkpt>
      <trkpt lat="49.14084079675376415252685546875" lon="6.15299711935222148895263671875">
        <ele>171.399993896484375</ele>
        <time>2026-07-29T20:18:19.000Z</time>
        <extensions>
          <ns3:TrackPointExtension>
            <ns3:atemp>28.0</ns3:atemp>
            <ns3:hr>153</ns3:hr>
            <ns3:cad>84</ns3:cad>
          </ns3:TrackPointExtension>
        </extensions>
      </trkpt>
      <trkpt lat="49.140868373215198516845703125" lon="6.15298018790781497955322265625">
        <ele>171.399993896484375</ele>
        <time>2026-07-29T20:18:20.000Z</time>
        <extensions>
          <ns3:TrackPointExtension>
            <ns3:atemp>28.0</ns3:atemp>
            <ns3:hr>153</ns3:hr>
            <ns3:cad>84</ns3:cad>
          </ns3:TrackPointExtension>
        </extensions>
      </trkpt>
      <trkpt lat="49.140888489782810211181640625" lon="6.15296593867242336273193359375">
        <ele>171.1999969482421875</ele>
        <time>2026-07-29T20:18:21.000Z</time>
        <extensions>
          <ns3:TrackPointExtension>
            <ns3:atemp>28.0</ns3:atemp>
            <ns3:hr>153</ns3:hr>
            <ns3:cad>84</ns3:cad>
          </ns3:TrackPointExtension>
        </extensions>
      </trkpt>
      <trkpt lat="49.14090818725526332855224609375" lon="6.15295135416090488433837890625">
        <ele>171.1999969482421875</ele>
        <time>2026-07-29T20:18:22.000Z</time>
        <extensions>
          <ns3:TrackPointExtension>
            <ns3:atemp>28.0</ns3:atemp>
            <ns3:hr>154</ns3:hr>
            <ns3:cad>84</ns3:cad>
          </ns3:TrackPointExtension>
        </extensions>
      </trkpt>
      <trkpt lat="49.140935428440570831298828125" lon="6.1529417149722576141357421875">
        <ele>171.1999969482421875</ele>
        <time>2026-07-29T20:18:23.000Z</time>
        <extensions>
          <ns3:TrackPointExtension>
            <ns3:atemp>28.0</ns3:atemp>
            <ns3:hr>154</ns3:hr>
            <ns3:cad>84</ns3:cad>
          </ns3:TrackPointExtension>
        </extensions>
      </trkpt>
      <trkpt lat="49.14095462299883365631103515625" lon="6.1529289744794368743896484375">
        <ele>171.1999969482421875</ele>
        <time>2026-07-29T20:18:24.000Z</time>
        <extensions>
          <ns3:TrackPointExtension>
            <ns3:atemp>28.0</ns3:atemp>
            <ns3:hr>154</ns3:hr>
            <ns3:cad>84</ns3:cad>
          </ns3:TrackPointExtension>
        </extensions>
      </trkpt>
      <trkpt lat="49.1409862227737903594970703125" lon="6.15291749127209186553955078125">
        <ele>171.399993896484375</ele>
        <time>2026-07-29T20:18:25.000Z</time>
        <extensions>
          <ns3:TrackPointExtension>
            <ns3:atemp>28.0</ns3:atemp>
            <ns3:hr>154</ns3:hr>
            <ns3:cad>84</ns3:cad>
          </ns3:TrackPointExtension>
        </extensions>
      </trkpt>
      <trkpt lat="49.14100860245525836944580078125" lon="6.15291438996791839599609375">
        <ele>171.399993896484375</ele>
        <time>2026-07-29T20:18:26.000Z</time>
        <extensions>
          <ns3:TrackPointExtension>
            <ns3:atemp>28.0</ns3:atemp>
            <ns3:hr>154</ns3:hr>
            <ns3:cad>84</ns3:cad>
          </ns3:TrackPointExtension>
        </extensions>
      </trkpt>
      <trkpt lat="49.14102871902287006378173828125" lon="6.15291128866374492645263671875">
        <ele>171.399993896484375</ele>
        <time>2026-07-29T20:18:27.000Z</time>
        <extensions>
          <ns3:TrackPointExtension>
            <ns3:atemp>28.0</ns3:atemp>
            <ns3:hr>154</ns3:hr>
            <ns3:cad>84</ns3:cad>
          </ns3:TrackPointExtension>
        </extensions>
      </trkpt>
      <trkpt lat="49.14105621166527271270751953125" lon="6.15291145630180835723876953125">
        <ele>171.399993896484375</ele>
        <time>2026-07-29T20:18:28.000Z</time>
        <extensions>
          <ns3:TrackPointExtension>
            <ns3:atemp>28.0</ns3:atemp>
            <ns3:hr>154</ns3:hr>
            <ns3:cad>84</ns3:cad>
          </ns3:TrackPointExtension>
        </extensions>
      </trkpt>
      <trkpt lat="49.14107431657612323760986328125" lon="6.1529055051505565643310546875">
        <ele>171.399993896484375</ele>
        <time>2026-07-29T20:18:29.000Z</time>
        <extensions>
          <ns3:TrackPointExtension>
            <ns3:atemp>28.0</ns3:atemp>
            <ns3:hr>154</ns3:hr>
            <ns3:cad>84</ns3:cad>
          </ns3:TrackPointExtension>
        </extensions>
      </trkpt>
      <trkpt lat="49.1410988755524158477783203125" lon="6.15289838053286075592041015625">
        <ele>171.399993896484375</ele>
        <time>2026-07-29T20:18:30.000Z</time>
        <extensions>
          <ns3:TrackPointExtension>
            <ns3:atemp>28.0</ns3:atemp>
            <ns3:hr>154</ns3:hr>
            <ns3:cad>83</ns3:cad>
          </ns3:TrackPointExtension>
        </extensions>
      </trkpt>
      <trkpt lat="49.141126535832881927490234375" lon="6.15289502777159214019775390625">
        <ele>171.399993896484375</ele>
        <time>2026-07-29T20:18:31.000Z</time>
        <extensions>
          <ns3:TrackPointExtension>
            <ns3:atemp>28.0</ns3:atemp>
            <ns3:hr>154</ns3:hr>
            <ns3:cad>83</ns3:cad>
          </ns3:TrackPointExtension>
        </extensions>
      </trkpt>
      <trkpt lat="49.14114070124924182891845703125" lon="6.15289703942835330963134765625">
        <ele>171.399993896484375</ele>
        <time>2026-07-29T20:18:32.000Z</time>
        <extensions>
          <ns3:TrackPointExtension>
            <ns3:atemp>28.0</ns3:atemp>
            <ns3:hr>154</ns3:hr>
            <ns3:cad>83</ns3:cad>
          </ns3:TrackPointExtension>
        </extensions>
      </trkpt>
      <trkpt lat="49.14114589802920818328857421875" lon="6.1528927646577358245849609375">
        <ele>171.399993896484375</ele>
        <time>2026-07-29T20:18:33.000Z</time>
        <extensions>
          <ns3:TrackPointExtension>
            <ns3:atemp>28.0</ns3:atemp>
            <ns3:hr>153</ns3:hr>
            <ns3:cad>83</ns3:cad>
          </ns3:TrackPointExtension>
        </extensions>
      </trkpt>
      <trkpt lat="49.14115310646593570709228515625" lon="6.15287206135690212249755859375">
        <ele>171.399993896484375</ele>
        <time>2026-07-29T20:18:34.000Z</time>
        <extensions>
          <ns3:TrackPointExtension>
            <ns3:atemp>28.0</ns3:atemp>
            <ns3:hr>153</ns3:hr>
            <ns3:cad>83</ns3:cad>
          </ns3:TrackPointExtension>
        </extensions>
      </trkpt>
      <trkpt lat="49.1411659307777881622314453125" lon="6.152855046093463897705078125">
        <ele>171.600006103515625</ele>
        <time>2026-07-29T20:18:35.000Z</time>
        <extensions>
          <ns3:TrackPointExtension>
            <ns3:atemp>28.0</ns3:atemp>
            <ns3:hr>153</ns3:hr>
            <ns3:cad>82</ns3:cad>
          </ns3:TrackPointExtension>
        </extensions>
      </trkpt>
      <trkpt lat="49.1411907412111759185791015625" lon="6.1528305709362030029296875">
        <ele>171.600006103515625</ele>
        <time>2026-07-29T20:18:36.000Z</time>
        <extensions>
          <ns3:TrackPointExtension>
            <ns3:atemp>28.0</ns3:atemp>
            <ns3:hr>152</ns3:hr>
            <ns3:cad>81</ns3:cad>
          </ns3:TrackPointExtension>
        </extensions>
      </trkpt>
      <trkpt lat="49.14120825938880443572998046875" lon="6.1528079397976398468017578125">
        <ele>171.600006103515625</ele>
        <time>2026-07-29T20:18:37.000Z</time>
        <extensions>
          <ns3:TrackPointExtension>
            <ns3:atemp>28.0</ns3:atemp>
            <ns3:hr>152</ns3:hr>
            <ns3:cad>81</ns3:cad>
          </ns3:TrackPointExtension>
        </extensions>
      </trkpt>
      <trkpt lat="49.14123156107962131500244140625" lon="6.1527891643345355987548828125">
        <ele>171.399993896484375</ele>
        <time>2026-07-29T20:18:38.000Z</time>
        <extensions>
          <ns3:TrackPointExtension>
            <ns3:atemp>28.0</ns3:atemp>
            <ns3:hr>151</ns3:hr>
            <ns3:cad>81</ns3:cad>
          </ns3:TrackPointExtension>
        </extensions>
      </trkpt>
      <trkpt lat="49.141257964074611663818359375" lon="6.15277315489947795867919921875">
        <ele>171.399993896484375</ele>
        <time>2026-07-29T20:18:39.000Z</time>
        <extensions>
          <ns3:TrackPointExtension>
            <ns3:atemp>28.0</ns3:atemp>
            <ns3:hr>150</ns3:hr>
            <ns3:cad>81</ns3:cad>
          </ns3:TrackPointExtension>
        </extensions>
      </trkpt>
      <trkpt lat="49.14127531461417675018310546875" lon="6.1527553014457225799560546875">
        <ele>171.399993896484375</ele>
        <time>2026-07-29T20:18:40.000Z</time>
        <extensions>
          <ns3:TrackPointExtension>
            <ns3:atemp>28.0</ns3:atemp>
            <ns3:hr>149</ns3:hr>
            <ns3:cad>83</ns3:cad>
          </ns3:TrackPointExtension>
        </extensions>
      </trkpt>
      <trkpt lat="49.14130565710365772247314453125" lon="6.15272956900298595428466796875">
        <ele>171.1999969482421875</ele>
        <time>2026-07-29T20:18:41.000Z</time>
        <extensions>
          <ns3:TrackPointExtension>
            <ns3:atemp>28.0</ns3:atemp>
            <ns3:hr>149</ns3:hr>
            <ns3:cad>83</ns3:cad>
          </ns3:TrackPointExtension>
        </extensions>
      </trkpt>
      <trkpt lat="49.14132711477577686309814453125" lon="6.15270316600799560546875">
        <ele>171.1999969482421875</ele>
        <time>2026-07-29T20:18:42.000Z</time>
        <extensions>
          <ns3:TrackPointExtension>
            <ns3:atemp>28.0</ns3:atemp>
            <ns3:hr>149</ns3:hr>
            <ns3:cad>83</ns3:cad>
          </ns3:TrackPointExtension>
        </extensions>
      </trkpt>
      <trkpt lat="49.1413513384759426116943359375" lon="6.15268028341233730316162109375">
        <ele>171.1999969482421875</ele>
        <time>2026-07-29T20:18:43.000Z</time>
        <extensions>
          <ns3:TrackPointExtension>
            <ns3:atemp>28.0</ns3:atemp>
            <ns3:hr>149</ns3:hr>
            <ns3:cad>83</ns3:cad>
          </ns3:TrackPointExtension>
        </extensions>
      </trkpt>
      <trkpt lat="49.1413795016705989837646484375" lon="6.1526651121675968170166015625">
        <ele>171.1999969482421875</ele>
        <time>2026-07-29T20:18:44.000Z</time>
        <extensions>
          <ns3:TrackPointExtension>
            <ns3:atemp>28.0</ns3:atemp>
            <ns3:hr>149</ns3:hr>
            <ns3:cad>83</ns3:cad>
          </ns3:TrackPointExtension>
        </extensions>
      </trkpt>
      <trkpt lat="49.1414009593427181243896484375" lon="6.15264742635190486907958984375">
        <ele>171</ele>
        <time>2026-07-29T20:18:45.000Z</time>
        <extensions>
          <ns3:TrackPointExtension>
            <ns3:atemp>28.0</ns3:atemp>
            <ns3:hr>149</ns3:hr>
            <ns3:cad>83</ns3:cad>
          </ns3:TrackPointExtension>
        </extensions>
      </trkpt>
      <trkpt lat="49.14142970927059650421142578125" lon="6.15262932144105434417724609375">
        <ele>171</ele>
        <time>2026-07-29T20:18:46.000Z</time>
        <extensions>
          <ns3:TrackPointExtension>
            <ns3:atemp>28.0</ns3:atemp>
            <ns3:hr>149</ns3:hr>
            <ns3:cad>83</ns3:cad>
          </ns3:TrackPointExtension>
        </extensions>
      </trkpt>
      <trkpt lat="49.1414462216198444366455078125" lon="6.1526107974350452423095703125">
        <ele>171</ele>
        <time>2026-07-29T20:18:47.000Z</time>
        <extensions>
          <ns3:TrackPointExtension>
            <ns3:atemp>28.0</ns3:atemp>
            <ns3:hr>150</ns3:hr>
            <ns3:cad>83</ns3:cad>
          </ns3:TrackPointExtension>
        </extensions>
      </trkpt>
      <trkpt lat="49.141469858586788177490234375" lon="6.15259327925741672515869140625">
        <ele>171</ele>
        <time>2026-07-29T20:18:48.000Z</time>
        <extensions>
          <ns3:TrackPointExtension>
            <ns3:atemp>28.0</ns3:atemp>
            <ns3:hr>150</ns3:hr>
            <ns3:cad>83</ns3:cad>
          </ns3:TrackPointExtension>
        </extensions>
      </trkpt>
      <trkpt lat="49.14149634540081024169921875" lon="6.15258489735424518585205078125">
        <ele>171</ele>
        <time>2026-07-29T20:18:49.000Z</time>
        <extensions>
          <ns3:TrackPointExtension>
            <ns3:atemp>28.0</ns3:atemp>
            <ns3:hr>150</ns3:hr>
            <ns3:cad>84</ns3:cad>
          </ns3:TrackPointExtension>
        </extensions>
      </trkpt>
      <trkpt lat="49.1415166296064853668212890625" lon="6.15256696008145809173583984375">
        <ele>171</ele>
        <time>2026-07-29T20:18:50.000Z</time>
        <extensions>
          <ns3:TrackPointExtension>
            <ns3:atemp>28.0</ns3:atemp>
            <ns3:hr>150</ns3:hr>
            <ns3:cad>84</ns3:cad>
          </ns3:TrackPointExtension>
        </extensions>
      </trkpt>
      <trkpt lat="49.1415488161146640777587890625" lon="6.1525534652173519134521484375">
        <ele>171</ele>
        <time>2026-07-29T20:18:51.000Z</time>
        <extensions>
          <ns3:TrackPointExtension>
            <ns3:atemp>28.0</ns3:atemp>
            <ns3:hr>150</ns3:hr>
            <ns3:cad>84</ns3:cad>
          </ns3:TrackPointExtension>
        </extensions>
      </trkpt>
      <trkpt lat="49.14157069288194179534912109375" lon="6.15254466421902179718017578125">
        <ele>171</ele>
        <time>2026-07-29T20:18:52.000Z</time>
        <extensions>
          <ns3:TrackPointExtension>
            <ns3:atemp>28.0</ns3:atemp>
            <ns3:hr>150</ns3:hr>
            <ns3:cad>84</ns3:cad>
          </ns3:TrackPointExtension>
        </extensions>
      </trkpt>
      <trkpt lat="49.14159349165856838226318359375" lon="6.15253343246877193450927734375">
        <ele>171</ele>
        <time>2026-07-29T20:18:53.000Z</time>
        <extensions>
          <ns3:TrackPointExtension>
            <ns3:atemp>28.0</ns3:atemp>
            <ns3:hr>150</ns3:hr>
            <ns3:cad>84</ns3:cad>
          </ns3:TrackPointExtension>
        </extensions>
      </trkpt>
      <trkpt lat="49.14162182249128818511962890625" lon="6.1525310017168521881103515625">
        <ele>171</ele>
        <time>2026-07-29T20:18:54.000Z</time>
        <extensions>
          <ns3:TrackPointExtension>
            <ns3:atemp>28.0</ns3:atemp>
            <ns3:hr>149</ns3:hr>
            <ns3:cad>83</ns3:cad>
          </ns3:TrackPointExtension>
        </extensions>
      </trkpt>
      <trkpt lat="49.14164059795439243316650390625" lon="6.15251029841601848602294921875">
        <ele>171</ele>
        <time>2026-07-29T20:18:55.000Z</time>
        <extensions>
          <ns3:TrackPointExtension>
            <ns3:atemp>28.0</ns3:atemp>
            <ns3:hr>149</ns3:hr>
            <ns3:cad>83</ns3:cad>
          </ns3:TrackPointExtension>
        </extensions>
      </trkpt>
      <trkpt lat="49.1416721977293491363525390625" lon="6.152491271495819091796875">
        <ele>171</ele>
        <time>2026-07-29T20:18:56.000Z</time>
        <extensions>
          <ns3:TrackPointExtension>
            <ns3:atemp>28.0</ns3:atemp>
            <ns3:hr>149</ns3:hr>
            <ns3:cad>83</ns3:cad>
          </ns3:TrackPointExtension>
        </extensions>
      </trkpt>
      <trkpt lat="49.14169457741081714630126953125" lon="6.15247660316526889801025390625">
        <ele>171</ele>
        <time>2026-07-29T20:18:57.000Z</time>
        <extensions>
          <ns3:TrackPointExtension>
            <ns3:atemp>28.0</ns3:atemp>
            <ns3:hr>148</ns3:hr>
            <ns3:cad>83</ns3:cad>
          </ns3:TrackPointExtension>
        </extensions>
      </trkpt>
      <trkpt lat="49.14171989075839519500732421875" lon="6.15246000699698925018310546875">
        <ele>171</ele>
        <time>2026-07-29T20:18:58.000Z</time>
        <extensions>
          <ns3:TrackPointExtension>
            <ns3:atemp>28.0</ns3:atemp>
            <ns3:hr>148</ns3:hr>
            <ns3:cad>83</ns3:cad>
          </ns3:TrackPointExtension>
        </extensions>
      </trkpt>
      <trkpt lat="49.14174721576273441314697265625" lon="6.1524522118270397186279296875">
        <ele>171</ele>
        <time>2026-07-29T20:18:59.000Z</time>
        <extensions>
          <ns3:TrackPointExtension>
            <ns3:atemp>28.0</ns3:atemp>
            <ns3:hr>148</ns3:hr>
            <ns3:cad>83</ns3:cad>
          </ns3:TrackPointExtension>
        </extensions>
      </trkpt>
      <trkpt lat="49.1417680867016315460205078125" lon="6.15243955515325069427490234375">
        <ele>171</ele>
        <time>2026-07-29T20:19:00.000Z</time>
        <extensions>
          <ns3:TrackPointExtension>
            <ns3:atemp>28.0</ns3:atemp>
            <ns3:hr>147</ns3:hr>
            <ns3:cad>83</ns3:cad>
          </ns3:TrackPointExtension>
        </extensions>
      </trkpt>
      <trkpt lat="49.14180052466690540313720703125" lon="6.1524344421923160552978515625">
        <ele>171</ele>
        <time>2026-07-29T20:19:01.000Z</time>
        <extensions>
          <ns3:TrackPointExtension>
            <ns3:atemp>28.0</ns3:atemp>
            <ns3:hr>147</ns3:hr>
            <ns3:cad>84</ns3:cad>
          </ns3:TrackPointExtension>
        </extensions>
      </trkpt>
      <trkpt lat="49.141823910176753997802734375" lon="6.1524210311472415924072265625">
        <ele>171</ele>
        <time>2026-07-29T20:19:02.000Z</time>
        <extensions>
          <ns3:TrackPointExtension>
            <ns3:atemp>28.0</ns3:atemp>
            <ns3:hr>147</ns3:hr>
            <ns3:cad>84</ns3:cad>
          </ns3:TrackPointExtension>
        </extensions>
      </trkpt>
      <trkpt lat="49.14184913970530033111572265625" lon="6.152407787740230560302734375">
        <ele>171</ele>
        <time>2026-07-29T20:19:03.000Z</time>
        <extensions>
          <ns3:TrackPointExtension>
            <ns3:atemp>28.0</ns3:atemp>
            <ns3:hr>147</ns3:hr>
            <ns3:cad>84</ns3:cad>
          </ns3:TrackPointExtension>
        </extensions>
      </trkpt>
      <trkpt lat="49.14187646470963954925537109375" lon="6.152397058904170989990234375">
        <ele>171.1999969482421875</ele>
        <time>2026-07-29T20:19:04.000Z</time>
        <extensions>
          <ns3:TrackPointExtension>
            <ns3:atemp>28.0</ns3:atemp>
            <ns3:hr>147</ns3:hr>
            <ns3:cad>85</ns3:cad>
          </ns3:TrackPointExtension>
        </extensions>
      </trkpt>
      <trkpt lat="49.1418938152492046356201171875" lon="6.15238306112587451934814453125">
        <ele>171.1999969482421875</ele>
        <time>2026-07-29T20:19:05.000Z</time>
        <extensions>
          <ns3:TrackPointExtension>
            <ns3:atemp>28.0</ns3:atemp>
            <ns3:hr>147</ns3:hr>
            <ns3:cad>84</ns3:cad>
          </ns3:TrackPointExtension>
        </extensions>
      </trkpt>
      <trkpt lat="49.1419239901006221771240234375" lon="6.15237853489816188812255859375">
        <ele>171.1999969482421875</ele>
        <time>2026-07-29T20:19:06.000Z</time>
        <extensions>
          <ns3:TrackPointExtension>
            <ns3:atemp>28.0</ns3:atemp>
            <ns3:hr>147</ns3:hr>
            <ns3:cad>84</ns3:cad>
          </ns3:TrackPointExtension>
        </extensions>
      </trkpt>
      <trkpt lat="49.1419461183249950408935546875" lon="6.152370236814022064208984375">
        <ele>171.1999969482421875</ele>
        <time>2026-07-29T20:19:07.000Z</time>
        <extensions>
          <ns3:TrackPointExtension>
            <ns3:atemp>28.0</ns3:atemp>
            <ns3:hr>147</ns3:hr>
            <ns3:cad>84</ns3:cad>
          </ns3:TrackPointExtension>
        </extensions>
      </trkpt>
      <trkpt lat="49.14197444915771484375" lon="6.152365207672119140625">
        <ele>171.1999969482421875</ele>
        <time>2026-07-29T20:19:08.000Z</time>
        <extensions>
          <ns3:TrackPointExtension>
            <ns3:atemp>28.0</ns3:atemp>
            <ns3:hr>147</ns3:hr>
            <ns3:cad>84</ns3:cad>
          </ns3:TrackPointExtension>
        </extensions>
      </trkpt>
      <trkpt lat="49.1420011036098003387451171875" lon="6.15236160345375537872314453125">
        <ele>171.1999969482421875</ele>
        <time>2026-07-29T20:19:09.000Z</time>
        <extensions>
          <ns3:TrackPointExtension>
            <ns3:atemp>28.0</ns3:atemp>
            <ns3:hr>147</ns3:hr>
            <ns3:cad>84</ns3:cad>
          </ns3:TrackPointExtension>
        </extensions>
      </trkpt>
      <trkpt lat="49.14202163927257061004638671875" lon="6.15234986878931522369384765625">
        <ele>171.1999969482421875</ele>
        <time>2026-07-29T20:19:10.000Z</time>
        <extensions>
          <ns3:TrackPointExtension>
            <ns3:atemp>28.0</ns3:atemp>
            <ns3:hr>147</ns3:hr>
            <ns3:cad>84</ns3:cad>
          </ns3:TrackPointExtension>
        </extensions>
      </trkpt>
      <trkpt lat="49.14205047301948070526123046875" lon="6.1523509584367275238037109375">
        <ele>171.1999969482421875</ele>
        <time>2026-07-29T20:19:11.000Z</time>
        <extensions>
          <ns3:TrackPointExtension>
            <ns3:atemp>28.0</ns3:atemp>
            <ns3:hr>147</ns3:hr>
            <ns3:cad>84</ns3:cad>
          </ns3:TrackPointExtension>
        </extensions>
      </trkpt>
      <trkpt lat="49.1420705057680606842041015625" lon="6.15234349854290485382080078125">
        <ele>171.1999969482421875</ele>
        <time>2026-07-29T20:19:12.000Z</time>
        <extensions>
          <ns3:TrackPointExtension>
            <ns3:atemp>28.0</ns3:atemp>
            <ns3:hr>147</ns3:hr>
            <ns3:cad>85</ns3:cad>
          </ns3:TrackPointExtension>
        </extensions>
      </trkpt>
      <trkpt lat="49.14209489710628986358642578125" lon="6.15234115161001682281494140625">
        <ele>171.1999969482421875</ele>
        <time>2026-07-29T20:19:13.000Z</time>
        <extensions>
          <ns3:TrackPointExtension>
            <ns3:atemp>28.0</ns3:atemp>
            <ns3:hr>148</ns3:hr>
            <ns3:cad>85</ns3:cad>
          </ns3:TrackPointExtension>
        </extensions>
      </trkpt>
      <trkpt lat="49.14212155155837535858154296875" lon="6.15234718658030033111572265625">
        <ele>171.1999969482421875</ele>
        <time>2026-07-29T20:19:14.000Z</time>
        <extensions>
          <ns3:TrackPointExtension>
            <ns3:atemp>28.0</ns3:atemp>
            <ns3:hr>148</ns3:hr>
            <ns3:cad>84</ns3:cad>
          </ns3:TrackPointExtension>
        </extensions>
      </trkpt>
      <trkpt lat="49.14214275777339935302734375" lon="6.152344755828380584716796875">
        <ele>171.1999969482421875</ele>
        <time>2026-07-29T20:19:15.000Z</time>
        <extensions>
          <ns3:TrackPointExtension>
            <ns3:atemp>28.0</ns3:atemp>
            <ns3:hr>149</ns3:hr>
            <ns3:cad>84</ns3:cad>
          </ns3:TrackPointExtension>
        </extensions>
      </trkpt>
      <trkpt lat="49.1421737708151340484619140625" lon="6.15235372446477413177490234375">
        <ele>171.1999969482421875</ele>
        <time>2026-07-29T20:19:16.000Z</time>
        <extensions>
          <ns3:TrackPointExtension>
            <ns3:atemp>28.0</ns3:atemp>
            <ns3:hr>149</ns3:hr>
            <ns3:cad>83</ns3:cad>
          </ns3:TrackPointExtension>
        </extensions>
      </trkpt>
      <trkpt lat="49.14219682104885578155517578125" lon="6.15235925652086734771728515625">
        <ele>171.1999969482421875</ele>
        <time>2026-07-29T20:19:17.000Z</time>
        <extensions>
          <ns3:TrackPointExtension>
            <ns3:atemp>28.0</ns3:atemp>
            <ns3:hr>149</ns3:hr>
            <ns3:cad>83</ns3:cad>
          </ns3:TrackPointExtension>
        </extensions>
      </trkpt>
      <trkpt lat="49.14222079329192638397216796875" lon="6.15235984325408935546875">
        <ele>171.1999969482421875</ele>
        <time>2026-07-29T20:19:18.000Z</time>
        <extensions>
          <ns3:TrackPointExtension>
            <ns3:atemp>28.0</ns3:atemp>
            <ns3:hr>150</ns3:hr>
            <ns3:cad>83</ns3:cad>
          </ns3:TrackPointExtension>
        </extensions>
      </trkpt>
      <trkpt lat="49.14224744774401187896728515625" lon="6.15236948244273662567138671875">
        <ele>171.1999969482421875</ele>
        <time>2026-07-29T20:19:19.000Z</time>
        <extensions>
          <ns3:TrackPointExtension>
            <ns3:atemp>28.0</ns3:atemp>
            <ns3:hr>150</ns3:hr>
            <ns3:cad>83</ns3:cad>
          </ns3:TrackPointExtension>
        </extensions>
      </trkpt>
      <trkpt lat="49.14227007888257503509521484375" lon="6.15236596204340457916259765625">
        <ele>171.1999969482421875</ele>
        <time>2026-07-29T20:19:20.000Z</time>
        <extensions>
          <ns3:TrackPointExtension>
            <ns3:atemp>28.0</ns3:atemp>
            <ns3:hr>150</ns3:hr>
            <ns3:cad>83</ns3:cad>
          </ns3:TrackPointExtension>
        </extensions>
      </trkpt>
      <trkpt lat="49.142298661172389984130859375" lon="6.1523757688701152801513671875">
        <ele>171</ele>
        <time>2026-07-29T20:19:21.000Z</time>
        <extensions>
          <ns3:TrackPointExtension>
            <ns3:atemp>28.0</ns3:atemp>
            <ns3:hr>150</ns3:hr>
            <ns3:cad>83</ns3:cad>
          </ns3:TrackPointExtension>
        </extensions>
      </trkpt>
      <trkpt lat="49.14232489652931690216064453125" lon="6.15238306112587451934814453125">
        <ele>171</ele>
        <time>2026-07-29T20:19:22.000Z</time>
        <extensions>
          <ns3:TrackPointExtension>
            <ns3:atemp>28.0</ns3:atemp>
            <ns3:hr>150</ns3:hr>
            <ns3:cad>83</ns3:cad>
          </ns3:TrackPointExtension>
        </extensions>
      </trkpt>
      <trkpt lat="49.14234786294400691986083984375" lon="6.15237752906978130340576171875">
        <ele>171</ele>
        <time>2026-07-29T20:19:23.000Z</time>
        <extensions>
          <ns3:TrackPointExtension>
            <ns3:atemp>28.0</ns3:atemp>
            <ns3:hr>150</ns3:hr>
            <ns3:cad>83</ns3:cad>
          </ns3:TrackPointExtension>
        </extensions>
      </trkpt>
      <trkpt lat="49.14237652905285358428955078125" lon="6.15239404141902923583984375">
        <ele>171.1999969482421875</ele>
        <time>2026-07-29T20:19:24.000Z</time>
        <extensions>
          <ns3:TrackPointExtension>
            <ns3:atemp>28.0</ns3:atemp>
            <ns3:hr>150</ns3:hr>
            <ns3:cad>83</ns3:cad>
          </ns3:TrackPointExtension>
        </extensions>
      </trkpt>
      <trkpt lat="49.142399914562702178955078125" lon="6.152392365038394927978515625">
        <ele>171.1999969482421875</ele>
        <time>2026-07-29T20:19:25.000Z</time>
        <extensions>
          <ns3:TrackPointExtension>
            <ns3:atemp>28.0</ns3:atemp>
            <ns3:hr>151</ns3:hr>
            <ns3:cad>83</ns3:cad>
          </ns3:TrackPointExtension>
        </extensions>
      </trkpt>
      <trkpt lat="49.1424264013767242431640625" lon="6.152395717799663543701171875">
        <ele>171.1999969482421875</ele>
        <time>2026-07-29T20:19:26.000Z</time>
        <extensions>
          <ns3:TrackPointExtension>
            <ns3:atemp>28.0</ns3:atemp>
            <ns3:hr>151</ns3:hr>
            <ns3:cad>82</ns3:cad>
          </ns3:TrackPointExtension>
        </extensions>
      </trkpt>
      <trkpt lat="49.14245163090527057647705078125" lon="6.152408458292484283447265625">
        <ele>171.1999969482421875</ele>
        <time>2026-07-29T20:19:27.000Z</time>
        <extensions>
          <ns3:TrackPointExtension>
            <ns3:atemp>28.0</ns3:atemp>
            <ns3:hr>151</ns3:hr>
            <ns3:cad>82</ns3:cad>
          </ns3:TrackPointExtension>
        </extensions>
      </trkpt>
      <trkpt lat="49.14247157983481884002685546875" lon="6.15240451879799365997314453125">
        <ele>171.1999969482421875</ele>
        <time>2026-07-29T20:19:28.000Z</time>
        <extensions>
          <ns3:TrackPointExtension>
            <ns3:atemp>28.0</ns3:atemp>
            <ns3:hr>151</ns3:hr>
            <ns3:cad>82</ns3:cad>
          </ns3:TrackPointExtension>
        </extensions>
      </trkpt>
      <trkpt lat="49.1425040178000926971435546875" lon="6.152421869337558746337890625">
        <ele>171</ele>
        <time>2026-07-29T20:19:29.000Z</time>
        <extensions>
          <ns3:TrackPointExtension>
            <ns3:atemp>28.0</ns3:atemp>
            <ns3:hr>151</ns3:hr>
            <ns3:cad>83</ns3:cad>
          </ns3:TrackPointExtension>
        </extensions>
      </trkpt>
      <trkpt lat="49.14252907969057559967041015625" lon="6.1524290777742862701416015625">
        <ele>171</ele>
        <time>2026-07-29T20:19:30.000Z</time>
        <extensions>
          <ns3:TrackPointExtension>
            <ns3:atemp>28.0</ns3:atemp>
            <ns3:hr>151</ns3:hr>
            <ns3:cad>83</ns3:cad>
          </ns3:TrackPointExtension>
        </extensions>
      </trkpt>
      <trkpt lat="49.14255439303815364837646484375" lon="6.152433939278125762939453125">
        <ele>171</ele>
        <time>2026-07-29T20:19:31.000Z</time>
        <extensions>
          <ns3:TrackPointExtension>
            <ns3:atemp>28.0</ns3:atemp>
            <ns3:hr>151</ns3:hr>
            <ns3:cad>84</ns3:cad>
          </ns3:TrackPointExtension>
        </extensions>
      </trkpt>
      <trkpt lat="49.14258020929992198944091796875" lon="6.15244843997061252593994140625">
        <ele>171</ele>
        <time>2026-07-29T20:19:32.000Z</time>
        <extensions>
          <ns3:TrackPointExtension>
            <ns3:atemp>28.0</ns3:atemp>
            <ns3:hr>151</ns3:hr>
            <ns3:cad>84</ns3:cad>
          </ns3:TrackPointExtension>
        </extensions>
      </trkpt>
      <trkpt lat="49.14260015822947025299072265625" lon="6.15244994871318340301513671875">
        <ele>171</ele>
        <time>2026-07-29T20:19:33.000Z</time>
        <extensions>
          <ns3:TrackPointExtension>
            <ns3:atemp>28.0</ns3:atemp>
            <ns3:hr>150</ns3:hr>
            <ns3:cad>84</ns3:cad>
          </ns3:TrackPointExtension>
        </extensions>
      </trkpt>
      <trkpt lat="49.14262957870960235595703125" lon="6.15247241221368312835693359375">
        <ele>171</ele>
        <time>2026-07-29T20:19:34.000Z</time>
        <extensions>
          <ns3:TrackPointExtension>
            <ns3:atemp>28.0</ns3:atemp>
            <ns3:hr>150</ns3:hr>
            <ns3:cad>84</ns3:cad>
          </ns3:TrackPointExtension>
        </extensions>
      </trkpt>
      <trkpt lat="49.14265162311494350433349609375" lon="6.15248347632586956024169921875">
        <ele>171</ele>
        <time>2026-07-29T20:19:35.000Z</time>
        <extensions>
          <ns3:TrackPointExtension>
            <ns3:atemp>28.0</ns3:atemp>
            <ns3:hr>150</ns3:hr>
            <ns3:cad>84</ns3:cad>
          </ns3:TrackPointExtension>
        </extensions>
      </trkpt>
      <trkpt lat="49.14267827756702899932861328125" lon="6.152494959533214569091796875">
        <ele>171</ele>
        <time>2026-07-29T20:19:36.000Z</time>
        <extensions>
          <ns3:TrackPointExtension>
            <ns3:atemp>28.0</ns3:atemp>
            <ns3:hr>150</ns3:hr>
            <ns3:cad>84</ns3:cad>
          </ns3:TrackPointExtension>
        </extensions>
      </trkpt>
      <trkpt lat="49.1427048482000827789306640625" lon="6.15250669419765472412109375">
        <ele>171</ele>
        <time>2026-07-29T20:19:37.000Z</time>
        <extensions>
          <ns3:TrackPointExtension>
            <ns3:atemp>28.0</ns3:atemp>
            <ns3:hr>151</ns3:hr>
            <ns3:cad>84</ns3:cad>
          </ns3:TrackPointExtension>
        </extensions>
      </trkpt>
      <trkpt lat="49.1427283175289630889892578125" lon="6.152501665055751800537109375">
        <ele>171</ele>
        <time>2026-07-29T20:19:38.000Z</time>
        <extensions>
          <ns3:TrackPointExtension>
            <ns3:atemp>28.0</ns3:atemp>
            <ns3:hr>151</ns3:hr>
            <ns3:cad>84</ns3:cad>
          </ns3:TrackPointExtension>
        </extensions>
      </trkpt>
      <trkpt lat="49.14275941438972949981689453125" lon="6.15250459872186183929443359375">
        <ele>171</ele>
        <time>2026-07-29T20:19:39.000Z</time>
        <extensions>
          <ns3:TrackPointExtension>
            <ns3:atemp>28.0</ns3:atemp>
            <ns3:hr>151</ns3:hr>
            <ns3:cad>84</ns3:cad>
          </ns3:TrackPointExtension>
        </extensions>
      </trkpt>
      <trkpt lat="49.14278003387153148651123046875" lon="6.1524964682757854461669921875">
        <ele>170.8000030517578125</ele>
        <time>2026-07-29T20:19:40.000Z</time>
        <extensions>
          <ns3:TrackPointExtension>
            <ns3:atemp>28.0</ns3:atemp>
            <ns3:hr>151</ns3:hr>
            <ns3:cad>84</ns3:cad>
          </ns3:TrackPointExtension>
        </extensions>
      </trkpt>
      <trkpt lat="49.14280987344682216644287109375" lon="6.15249990485608577728271484375">
        <ele>170.8000030517578125</ele>
        <time>2026-07-29T20:19:41.000Z</time>
        <extensions>
          <ns3:TrackPointExtension>
            <ns3:atemp>28.0</ns3:atemp>
            <ns3:hr>151</ns3:hr>
            <ns3:cad>84</ns3:cad>
          </ns3:TrackPointExtension>
        </extensions>
      </trkpt>
      <trkpt lat="49.14283568970859050750732421875" lon="6.1525098793208599090576171875">
        <ele>170.8000030517578125</ele>
        <time>2026-07-29T20:19:42.000Z</time>
        <extensions>
          <ns3:TrackPointExtension>
            <ns3:atemp>28.0</ns3:atemp>
            <ns3:hr>151</ns3:hr>
            <ns3:cad>84</ns3:cad>
          </ns3:TrackPointExtension>
        </extensions>
      </trkpt>
      <trkpt lat="49.14285915903747081756591796875" lon="6.15251130424439907073974609375">
        <ele>170.8000030517578125</ele>
        <time>2026-07-29T20:19:43.000Z</time>
        <extensions>
          <ns3:TrackPointExtension>
            <ns3:atemp>28.0</ns3:atemp>
            <ns3:hr>151</ns3:hr>
            <ns3:cad>85</ns3:cad>
          </ns3:TrackPointExtension>
        </extensions>
      </trkpt>
      <trkpt lat="49.142887406051158905029296875" lon="6.15252873860299587249755859375">
        <ele>170.8000030517578125</ele>
        <time>2026-07-29T20:19:44.000Z</time>
        <extensions>
          <ns3:TrackPointExtension>
            <ns3:atemp>28.0</ns3:atemp>
            <ns3:hr>151</ns3:hr>
            <ns3:cad>85</ns3:cad>
          </ns3:TrackPointExtension>
        </extensions>
      </trkpt>
      <trkpt lat="49.1429073549807071685791015625" lon="6.1525330133736133575439453125">
        <ele>170.8000030517578125</ele>
        <time>2026-07-29T20:19:45.000Z</time>
        <extensions>
          <ns3:TrackPointExtension>
            <ns3:atemp>28.0</ns3:atemp>
            <ns3:hr>151</ns3:hr>
            <ns3:cad>85</ns3:cad>
          </ns3:TrackPointExtension>
        </extensions>
      </trkpt>
      <trkpt lat="49.14293677546083927154541015625" lon="6.1525427363812923431396484375">
        <ele>170.8000030517578125</ele>
        <time>2026-07-29T20:19:46.000Z</time>
        <extensions>
          <ns3:TrackPointExtension>
            <ns3:atemp>28.0</ns3:atemp>
            <ns3:hr>151</ns3:hr>
            <ns3:cad>85</ns3:cad>
          </ns3:TrackPointExtension>
        </extensions>
      </trkpt>
      <trkpt lat="49.142961166799068450927734375" lon="6.1525581590831279754638671875">
        <ele>170.8000030517578125</ele>
        <time>2026-07-29T20:19:47.000Z</time>
        <extensions>
          <ns3:TrackPointExtension>
            <ns3:atemp>28.0</ns3:atemp>
            <ns3:hr>151</ns3:hr>
            <ns3:cad>84</ns3:cad>
          </ns3:TrackPointExtension>
        </extensions>
      </trkpt>
      <trkpt lat="49.14298522286117076873779296875" lon="6.152563355863094329833984375">
        <ele>170.8000030517578125</ele>
        <time>2026-07-29T20:19:48.000Z</time>
        <extensions>
          <ns3:TrackPointExtension>
            <ns3:atemp>28.0</ns3:atemp>
            <ns3:hr>152</ns3:hr>
            <ns3:cad>84</ns3:cad>
          </ns3:TrackPointExtension>
        </extensions>
      </trkpt>
      <trkpt lat="49.14301539771258831024169921875" lon="6.15257953293621540069580078125">
        <ele>170.8000030517578125</ele>
        <time>2026-07-29T20:19:49.000Z</time>
        <extensions>
          <ns3:TrackPointExtension>
            <ns3:atemp>28.0</ns3:atemp>
            <ns3:hr>152</ns3:hr>
            <ns3:cad>84</ns3:cad>
          </ns3:TrackPointExtension>
        </extensions>
      </trkpt>
      <trkpt lat="49.1430379450321197509765625" lon="6.15258456207811832427978515625">
        <ele>170.8000030517578125</ele>
        <time>2026-07-29T20:19:50.000Z</time>
        <extensions>
          <ns3:TrackPointExtension>
            <ns3:atemp>28.0</ns3:atemp>
            <ns3:hr>152</ns3:hr>
            <ns3:cad>84</ns3:cad>
          </ns3:TrackPointExtension>
        </extensions>
      </trkpt>
      <trkpt lat="49.14306451566517353057861328125" lon="6.15259612910449504852294921875">
        <ele>170.8000030517578125</ele>
        <time>2026-07-29T20:19:51.000Z</time>
        <extensions>
          <ns3:TrackPointExtension>
            <ns3:atemp>28.0</ns3:atemp>
            <ns3:hr>152</ns3:hr>
            <ns3:cad>84</ns3:cad>
          </ns3:TrackPointExtension>
        </extensions>
      </trkpt>
      <trkpt lat="49.143085889518260955810546875" lon="6.152607612311840057373046875">
        <ele>170.8000030517578125</ele>
        <time>2026-07-29T20:19:52.000Z</time>
        <extensions>
          <ns3:TrackPointExtension>
            <ns3:atemp>28.0</ns3:atemp>
            <ns3:hr>153</ns3:hr>
            <ns3:cad>83</ns3:cad>
          </ns3:TrackPointExtension>
        </extensions>
      </trkpt>
      <trkpt lat="49.1431076824665069580078125" lon="6.15260803140699863433837890625">
        <ele>170.8000030517578125</ele>
        <time>2026-07-29T20:19:53.000Z</time>
        <extensions>
          <ns3:TrackPointExtension>
            <ns3:atemp>28.0</ns3:atemp>
            <ns3:hr>153</ns3:hr>
            <ns3:cad>83</ns3:cad>
          </ns3:TrackPointExtension>
        </extensions>
      </trkpt>
      <trkpt lat="49.1431353427469730377197265625" lon="6.15263250656425952911376953125">
        <ele>170.8000030517578125</ele>
        <time>2026-07-29T20:19:54.000Z</time>
        <extensions>
          <ns3:TrackPointExtension>
            <ns3:atemp>28.0</ns3:atemp>
            <ns3:hr>153</ns3:hr>
            <ns3:cad>83</ns3:cad>
          </ns3:TrackPointExtension>
        </extensions>
      </trkpt>
      <trkpt lat="49.1431557945907115936279296875" lon="6.1526517011225223541259765625">
        <ele>170.8000030517578125</ele>
        <time>2026-07-29T20:19:55.000Z</time>
        <extensions>
          <ns3:TrackPointExtension>
            <ns3:atemp>28.0</ns3:atemp>
            <ns3:hr>153</ns3:hr>
            <ns3:cad>83</ns3:cad>
          </ns3:TrackPointExtension>
        </extensions>
      </trkpt>
      <trkpt lat="49.14317498914897441864013671875" lon="6.152676679193973541259765625">
        <ele>170.8000030517578125</ele>
        <time>2026-07-29T20:19:56.000Z</time>
        <extensions>
          <ns3:TrackPointExtension>
            <ns3:atemp>28.0</ns3:atemp>
            <ns3:hr>153</ns3:hr>
            <ns3:cad>83</ns3:cad>
          </ns3:TrackPointExtension>
        </extensions>
      </trkpt>
      <trkpt lat="49.14317901246249675750732421875" lon="6.15271582268178462982177734375">
        <ele>170.8000030517578125</ele>
        <time>2026-07-29T20:19:57.000Z</time>
        <extensions>
          <ns3:TrackPointExtension>
            <ns3:atemp>28.0</ns3:atemp>
            <ns3:hr>152</ns3:hr>
            <ns3:cad>83</ns3:cad>
          </ns3:TrackPointExtension>
        </extensions>
      </trkpt>
      <trkpt lat="49.143188484013080596923828125" lon="6.15274675190448760986328125">
        <ele>170.8000030517578125</ele>
        <time>2026-07-29T20:19:58.000Z</time>
        <extensions>
          <ns3:TrackPointExtension>
            <ns3:atemp>28.0</ns3:atemp>
            <ns3:hr>152</ns3:hr>
            <ns3:cad>83</ns3:cad>
          </ns3:TrackPointExtension>
        </extensions>
      </trkpt>
      <trkpt lat="49.1431923396885395050048828125" lon="6.15279369056224822998046875">
        <ele>170.8000030517578125</ele>
        <time>2026-07-29T20:19:59.000Z</time>
        <extensions>
          <ns3:TrackPointExtension>
            <ns3:atemp>28.0</ns3:atemp>
            <ns3:hr>152</ns3:hr>
            <ns3:cad>83</ns3:cad>
          </ns3:TrackPointExtension>
        </extensions>
      </trkpt>
      <trkpt lat="49.14319896139204502105712890625" lon="6.1528307385742664337158203125">
        <ele>170.8000030517578125</ele>
        <time>2026-07-29T20:20:00.000Z</time>
        <extensions>
          <ns3:TrackPointExtension>
            <ns3:atemp>28.0</ns3:atemp>
            <ns3:hr>152</ns3:hr>
            <ns3:cad>83</ns3:cad>
          </ns3:TrackPointExtension>
        </extensions>
      </trkpt>
      <trkpt lat="49.1432101093232631683349609375" lon="6.152869127690792083740234375">
        <ele>170.8000030517578125</ele>
        <time>2026-07-29T20:20:01.000Z</time>
        <extensions>
          <ns3:TrackPointExtension>
            <ns3:atemp>28.0</ns3:atemp>
            <ns3:hr>151</ns3:hr>
            <ns3:cad>83</ns3:cad>
          </ns3:TrackPointExtension>
        </extensions>
      </trkpt>
      <trkpt lat="49.14321891032159328460693359375" lon="6.15291179157793521881103515625">
        <ele>170.600006103515625</ele>
        <time>2026-07-29T20:20:02.000Z</time>
        <extensions>
          <ns3:TrackPointExtension>
            <ns3:atemp>28.0</ns3:atemp>
            <ns3:hr>151</ns3:hr>
            <ns3:cad>83</ns3:cad>
          </ns3:TrackPointExtension>
        </extensions>
      </trkpt>
      <trkpt lat="49.14323173463344573974609375" lon="6.1529386974871158599853515625">
        <ele>170.600006103515625</ele>
        <time>2026-07-29T20:20:03.000Z</time>
        <extensions>
          <ns3:TrackPointExtension>
            <ns3:atemp>28.0</ns3:atemp>
            <ns3:hr>151</ns3:hr>
            <ns3:cad>83</ns3:cad>
          </ns3:TrackPointExtension>
        </extensions>
      </trkpt>
      <trkpt lat="49.1432433016598224639892578125" lon="6.15298278629779815673828125">
        <ele>170.600006103515625</ele>
        <time>2026-07-29T20:20:04.000Z</time>
        <extensions>
          <ns3:TrackPointExtension>
            <ns3:atemp>28.0</ns3:atemp>
            <ns3:hr>151</ns3:hr>
            <ns3:cad>84</ns3:cad>
          </ns3:TrackPointExtension>
        </extensions>
      </trkpt>
      <trkpt lat="49.14325260557234287261962890625" lon="6.1530178226530551910400390625">
        <ele>170.600006103515625</ele>
        <time>2026-07-29T20:20:05.000Z</time>
        <extensions>
          <ns3:TrackPointExtension>
            <ns3:atemp>28.0</ns3:atemp>
            <ns3:hr>151</ns3:hr>
            <ns3:cad>83</ns3:cad>
          </ns3:TrackPointExtension>
        </extensions>
      </trkpt>
      <trkpt lat="49.14326534606516361236572265625" lon="6.15305763669312000274658203125">
        <ele>170.399993896484375</ele>
        <time>2026-07-29T20:20:06.000Z</time>
        <extensions>
          <ns3:TrackPointExtension>
            <ns3:atemp>28.0</ns3:atemp>
            <ns3:hr>151</ns3:hr>
            <ns3:cad>83</ns3:cad>
          </ns3:TrackPointExtension>
        </extensions>
      </trkpt>
      <trkpt lat="49.1432744823396205902099609375" lon="6.1530982889235019683837890625">
        <ele>170.399993896484375</ele>
        <time>2026-07-29T20:20:07.000Z</time>
        <extensions>
          <ns3:TrackPointExtension>
            <ns3:atemp>28.0</ns3:atemp>
            <ns3:hr>151</ns3:hr>
            <ns3:cad>84</ns3:cad>
          </ns3:TrackPointExtension>
        </extensions>
      </trkpt>
      <trkpt lat="49.1432848758995532989501953125" lon="6.15312737412750720977783203125">
        <ele>170.399993896484375</ele>
        <time>2026-07-29T20:20:08.000Z</time>
        <extensions>
          <ns3:TrackPointExtension>
            <ns3:atemp>28.0</ns3:atemp>
            <ns3:hr>151</ns3:hr>
            <ns3:cad>84</ns3:cad>
          </ns3:TrackPointExtension>
        </extensions>
      </trkpt>
      <trkpt lat="49.14329987950623035430908203125" lon="6.15317448042333126068115234375">
        <ele>170.399993896484375</ele>
        <time>2026-07-29T20:20:09.000Z</time>
        <extensions>
          <ns3:TrackPointExtension>
            <ns3:atemp>28.0</ns3:atemp>
            <ns3:hr>151</ns3:hr>
            <ns3:cad>83</ns3:cad>
          </ns3:TrackPointExtension>
        </extensions>
      </trkpt>
      <trkpt lat="49.14331220090389251708984375" lon="6.1532069183886051177978515625">
        <ele>170.399993896484375</ele>
        <time>2026-07-29T20:20:10.000Z</time>
        <extensions>
          <ns3:TrackPointExtension>
            <ns3:atemp>28.0</ns3:atemp>
            <ns3:hr>151</ns3:hr>
            <ns3:cad>83</ns3:cad>
          </ns3:TrackPointExtension>
        </extensions>
      </trkpt>
      <trkpt lat="49.14332569576799869537353515625" lon="6.15324354730546474456787109375">
        <ele>170.399993896484375</ele>
        <time>2026-07-29T20:20:11.000Z</time>
        <extensions>
          <ns3:TrackPointExtension>
            <ns3:atemp>28.0</ns3:atemp>
            <ns3:hr>151</ns3:hr>
            <ns3:cad>83</ns3:cad>
          </ns3:TrackPointExtension>
        </extensions>
      </trkpt>
      <trkpt lat="49.14333743043243885040283203125" lon="6.1532783322036266326904296875">
        <ele>170.399993896484375</ele>
        <time>2026-07-29T20:20:12.000Z</time>
        <extensions>
          <ns3:TrackPointExtension>
            <ns3:atemp>28.0</ns3:atemp>
            <ns3:hr>151</ns3:hr>
            <ns3:cad>83</ns3:cad>
          </ns3:TrackPointExtension>
        </extensions>
      </trkpt>
      <trkpt lat="49.14334983564913272857666015625" lon="6.1533054895699024200439453125">
        <ele>170.399993896484375</ele>
        <time>2026-07-29T20:20:13.000Z</time>
        <extensions>
          <ns3:TrackPointExtension>
            <ns3:atemp>28.0</ns3:atemp>
            <ns3:hr>151</ns3:hr>
            <ns3:cad>83</ns3:cad>
          </ns3:TrackPointExtension>
        </extensions>
      </trkpt>
      <trkpt lat="49.14335888810455799102783203125" lon="6.153345219790935516357421875">
        <ele>170.399993896484375</ele>
        <time>2026-07-29T20:20:14.000Z</time>
        <extensions>
          <ns3:TrackPointExtension>
            <ns3:atemp>28.0</ns3:atemp>
            <ns3:hr>151</ns3:hr>
            <ns3:cad>84</ns3:cad>
          </ns3:TrackPointExtension>
        </extensions>
      </trkpt>
      <trkpt lat="49.14337431080639362335205078125" lon="6.153376065194606781005859375">
        <ele>170.1999969482421875</ele>
        <time>2026-07-29T20:20:15.000Z</time>
        <extensions>
          <ns3:TrackPointExtension>
            <ns3:atemp>28.0</ns3:atemp>
            <ns3:hr>151</ns3:hr>
            <ns3:cad>84</ns3:cad>
          </ns3:TrackPointExtension>
        </extensions>
      </trkpt>
      <trkpt lat="49.14338805712759494781494140625" lon="6.1534151248633861541748046875">
        <ele>170.1999969482421875</ele>
        <time>2026-07-29T20:20:16.000Z</time>
        <extensions>
          <ns3:TrackPointExtension>
            <ns3:atemp>28.0</ns3:atemp>
            <ns3:hr>152</ns3:hr>
            <ns3:cad>84</ns3:cad>
          </ns3:TrackPointExtension>
        </extensions>
      </trkpt>
      <trkpt lat="49.1433985345065593719482421875" lon="6.15345795638859272003173828125">
        <ele>170.1999969482421875</ele>
        <time>2026-07-29T20:20:17.000Z</time>
        <extensions>
          <ns3:TrackPointExtension>
            <ns3:atemp>28.0</ns3:atemp>
            <ns3:hr>152</ns3:hr>
            <ns3:cad>84</ns3:cad>
          </ns3:TrackPointExtension>
        </extensions>
      </trkpt>
      <trkpt lat="49.1434116102755069732666015625" lon="6.15348896943032741546630859375">
        <ele>170.1999969482421875</ele>
        <time>2026-07-29T20:20:18.000Z</time>
        <extensions>
          <ns3:TrackPointExtension>
            <ns3:atemp>28.0</ns3:atemp>
            <ns3:hr>152</ns3:hr>
            <ns3:cad>85</ns3:cad>
          </ns3:TrackPointExtension>
        </extensions>
      </trkpt>
      <trkpt lat="49.14342351257801055908203125" lon="6.15353540517389774322509765625">
        <ele>170.1999969482421875</ele>
        <time>2026-07-29T20:20:19.000Z</time>
        <extensions>
          <ns3:TrackPointExtension>
            <ns3:atemp>28.0</ns3:atemp>
            <ns3:hr>152</ns3:hr>
            <ns3:cad>85</ns3:cad>
          </ns3:TrackPointExtension>
        </extensions>
      </trkpt>
      <trkpt lat="49.14343566633760929107666015625" lon="6.1535654962062835693359375">
        <ele>170.1999969482421875</ele>
        <time>2026-07-29T20:20:20.000Z</time>
        <extensions>
          <ns3:TrackPointExtension>
            <ns3:atemp>28.0</ns3:atemp>
            <ns3:hr>152</ns3:hr>
            <ns3:cad>85</ns3:cad>
          </ns3:TrackPointExtension>
        </extensions>
      </trkpt>
      <trkpt lat="49.14344958029687404632568359375" lon="6.15360564552247524261474609375">
        <ele>170.1999969482421875</ele>
        <time>2026-07-29T20:20:21.000Z</time>
        <extensions>
          <ns3:TrackPointExtension>
            <ns3:atemp>28.0</ns3:atemp>
            <ns3:hr>152</ns3:hr>
            <ns3:cad>84</ns3:cad>
          </ns3:TrackPointExtension>
        </extensions>
      </trkpt>
      <trkpt lat="49.1434582136571407318115234375" lon="6.153646968305110931396484375">
        <ele>170.1999969482421875</ele>
        <time>2026-07-29T20:20:22.000Z</time>
        <extensions>
          <ns3:TrackPointExtension>
            <ns3:atemp>28.0</ns3:atemp>
            <ns3:hr>152</ns3:hr>
            <ns3:cad>84</ns3:cad>
          </ns3:TrackPointExtension>
        </extensions>
      </trkpt>
      <trkpt lat="49.1434716247022151947021484375" lon="6.15367303602397441864013671875">
        <ele>170</ele>
        <time>2026-07-29T20:20:23.000Z</time>
        <extensions>
          <ns3:TrackPointExtension>
            <ns3:atemp>28.0</ns3:atemp>
            <ns3:hr>152</ns3:hr>
            <ns3:cad>84</ns3:cad>
          </ns3:TrackPointExtension>
        </extensions>
      </trkpt>
      <trkpt lat="49.1434813477098941802978515625" lon="6.1537185497581958770751953125">
        <ele>170</ele>
        <time>2026-07-29T20:20:24.000Z</time>
        <extensions>
          <ns3:TrackPointExtension>
            <ns3:atemp>28.0</ns3:atemp>
            <ns3:hr>152</ns3:hr>
            <ns3:cad>84</ns3:cad>
          </ns3:TrackPointExtension>
        </extensions>
      </trkpt>
      <trkpt lat="49.14349350146949291229248046875" lon="6.15374914370477199554443359375">
        <ele>170</ele>
        <time>2026-07-29T20:20:25.000Z</time>
        <extensions>
          <ns3:TrackPointExtension>
            <ns3:atemp>28.0</ns3:atemp>
            <ns3:hr>152</ns3:hr>
            <ns3:cad>84</ns3:cad>
          </ns3:TrackPointExtension>
        </extensions>
      </trkpt>
      <trkpt lat="49.1435061581432819366455078125" lon="6.1537866108119487762451171875">
        <ele>170</ele>
        <time>2026-07-29T20:20:26.000Z</time>
        <extensions>
          <ns3:TrackPointExtension>
            <ns3:atemp>28.0</ns3:atemp>
            <ns3:hr>152</ns3:hr>
            <ns3:cad>84</ns3:cad>
          </ns3:TrackPointExtension>
        </extensions>
      </trkpt>
      <trkpt lat="49.14351562969386577606201171875" lon="6.153827346861362457275390625">
        <ele>170.1999969482421875</ele>
        <time>2026-07-29T20:20:27.000Z</time>
        <extensions>
          <ns3:TrackPointExtension>
            <ns3:atemp>28.0</ns3:atemp>
            <ns3:hr>152</ns3:hr>
            <ns3:cad>84</ns3:cad>
          </ns3:TrackPointExtension>
        </extensions>
      </trkpt>
      <trkpt lat="49.14352920837700366973876953125" lon="6.1538551747798919677734375">
        <ele>170.1999969482421875</ele>
        <time>2026-07-29T20:20:28.000Z</time>
        <extensions>
          <ns3:TrackPointExtension>
            <ns3:atemp>28.0</ns3:atemp>
            <ns3:hr>152</ns3:hr>
            <ns3:cad>84</ns3:cad>
          </ns3:TrackPointExtension>
        </extensions>
      </trkpt>
      <trkpt lat="49.1435427032411098480224609375" lon="6.153899095952510833740234375">
        <ele>170.1999969482421875</ele>
        <time>2026-07-29T20:20:29.000Z</time>
        <extensions>
          <ns3:TrackPointExtension>
            <ns3:atemp>28.0</ns3:atemp>
            <ns3:hr>152</ns3:hr>
            <ns3:cad>84</ns3:cad>
          </ns3:TrackPointExtension>
        </extensions>
      </trkpt>
      <trkpt lat="49.14355225861072540283203125" lon="6.1539314500987529754638671875">
        <ele>170.1999969482421875</ele>
        <time>2026-07-29T20:20:30.000Z</time>
        <extensions>
          <ns3:TrackPointExtension>
            <ns3:atemp>28.0</ns3:atemp>
            <ns3:hr>152</ns3:hr>
            <ns3:cad>84</ns3:cad>
          </ns3:TrackPointExtension>
        </extensions>
      </trkpt>
      <trkpt lat="49.14356424473226070404052734375" lon="6.1539669893682003021240234375">
        <ele>170.1999969482421875</ele>
        <time>2026-07-29T20:20:31.000Z</time>
        <extensions>
          <ns3:TrackPointExtension>
            <ns3:atemp>28.0</ns3:atemp>
            <ns3:hr>152</ns3:hr>
            <ns3:cad>84</ns3:cad>
          </ns3:TrackPointExtension>
        </extensions>
      </trkpt>
      <trkpt lat="49.143575727939605712890625" lon="6.15400630049407482147216796875">
        <ele>170.1999969482421875</ele>
        <time>2026-07-29T20:20:32.000Z</time>
        <extensions>
          <ns3:TrackPointExtension>
            <ns3:atemp>28.0</ns3:atemp>
            <ns3:hr>152</ns3:hr>
            <ns3:cad>84</ns3:cad>
          </ns3:TrackPointExtension>
        </extensions>
      </trkpt>
      <trkpt lat="49.1435886360704898834228515625" lon="6.154034547507762908935546875">
        <ele>170.1999969482421875</ele>
        <time>2026-07-29T20:20:33.000Z</time>
        <extensions>
          <ns3:TrackPointExtension>
            <ns3:atemp>28.0</ns3:atemp>
            <ns3:hr>152</ns3:hr>
            <ns3:cad>84</ns3:cad>
          </ns3:TrackPointExtension>
        </extensions>
      </trkpt>
      <trkpt lat="49.14360146038234233856201171875" lon="6.1540756188333034515380859375">
        <ele>170.1999969482421875</ele>
        <time>2026-07-29T20:20:34.000Z</time>
        <extensions>
          <ns3:TrackPointExtension>
            <ns3:atemp>28.0</ns3:atemp>
            <ns3:hr>151</ns3:hr>
            <ns3:cad>84</ns3:cad>
          </ns3:TrackPointExtension>
        </extensions>
      </trkpt>
      <trkpt lat="49.1436107642948627471923828125" lon="6.15411174483597278594970703125">
        <ele>170.1999969482421875</ele>
        <time>2026-07-29T20:20:35.000Z</time>
        <extensions>
          <ns3:TrackPointExtension>
            <ns3:atemp>28.0</ns3:atemp>
            <ns3:hr>151</ns3:hr>
            <ns3:cad>84</ns3:cad>
          </ns3:TrackPointExtension>
        </extensions>
      </trkpt>
      <trkpt lat="49.143623001873493194580078125" lon="6.1541460268199443817138671875">
        <ele>170.1999969482421875</ele>
        <time>2026-07-29T20:20:36.000Z</time>
        <extensions>
          <ns3:TrackPointExtension>
            <ns3:atemp>28.0</ns3:atemp>
            <ns3:hr>151</ns3:hr>
            <ns3:cad>83</ns3:cad>
          </ns3:TrackPointExtension>
        </extensions>
      </trkpt>
      <trkpt lat="49.14363079704344272613525390625" lon="6.1541862599551677703857421875">
        <ele>170.1999969482421875</ele>
        <time>2026-07-29T20:20:37.000Z</time>
        <extensions>
          <ns3:TrackPointExtension>
            <ns3:atemp>28.0</ns3:atemp>
            <ns3:hr>151</ns3:hr>
            <ns3:cad>83</ns3:cad>
          </ns3:TrackPointExtension>
        </extensions>
      </trkpt>
      <trkpt lat="49.143644459545612335205078125" lon="6.1542160995304584503173828125">
        <ele>170.1999969482421875</ele>
        <time>2026-07-29T20:20:38.000Z</time>
        <extensions>
          <ns3:TrackPointExtension>
            <ns3:atemp>28.0</ns3:atemp>
            <ns3:hr>151</ns3:hr>
            <ns3:cad>83</ns3:cad>
          </ns3:TrackPointExtension>
        </extensions>
      </trkpt>
      <trkpt lat="49.14365745149552822113037109375" lon="6.1542610265314579010009765625">
        <ele>170.1999969482421875</ele>
        <time>2026-07-29T20:20:39.000Z</time>
        <extensions>
          <ns3:TrackPointExtension>
            <ns3:atemp>28.0</ns3:atemp>
            <ns3:hr>151</ns3:hr>
            <ns3:cad>83</ns3:cad>
          </ns3:TrackPointExtension>
        </extensions>
      </trkpt>
      <trkpt lat="49.14366549812257289886474609375" lon="6.15429614670574665069580078125">
        <ele>170.1999969482421875</ele>
        <time>2026-07-29T20:20:40.000Z</time>
        <extensions>
          <ns3:TrackPointExtension>
            <ns3:atemp>28.0</ns3:atemp>
            <ns3:hr>151</ns3:hr>
            <ns3:cad>83</ns3:cad>
          </ns3:TrackPointExtension>
        </extensions>
      </trkpt>
      <trkpt lat="49.14367832243442535400390625" lon="6.1543274112045764923095703125">
        <ele>170.1999969482421875</ele>
        <time>2026-07-29T20:20:41.000Z</time>
        <extensions>
          <ns3:TrackPointExtension>
            <ns3:atemp>28.0</ns3:atemp>
            <ns3:hr>151</ns3:hr>
            <ns3:cad>83</ns3:cad>
          </ns3:TrackPointExtension>
        </extensions>
      </trkpt>
      <trkpt lat="49.14368905127048492431640625" lon="6.15437082946300506591796875">
        <ele>170.1999969482421875</ele>
        <time>2026-07-29T20:20:42.000Z</time>
        <extensions>
          <ns3:TrackPointExtension>
            <ns3:atemp>28.0</ns3:atemp>
            <ns3:hr>151</ns3:hr>
            <ns3:cad>83</ns3:cad>
          </ns3:TrackPointExtension>
        </extensions>
      </trkpt>
      <trkpt lat="49.14370715618133544921875" lon="6.15439555607736110687255859375">
        <ele>170.1999969482421875</ele>
        <time>2026-07-29T20:20:43.000Z</time>
        <extensions>
          <ns3:TrackPointExtension>
            <ns3:atemp>28.0</ns3:atemp>
            <ns3:hr>151</ns3:hr>
            <ns3:cad>83</ns3:cad>
          </ns3:TrackPointExtension>
        </extensions>
      </trkpt>
      <trkpt lat="49.14372601546347141265869140625" lon="6.15443025715649127960205078125">
        <ele>170.1999969482421875</ele>
        <time>2026-07-29T20:20:44.000Z</time>
        <extensions>
          <ns3:TrackPointExtension>
            <ns3:atemp>28.0</ns3:atemp>
            <ns3:hr>152</ns3:hr>
            <ns3:cad>83</ns3:cad>
          </ns3:TrackPointExtension>
        </extensions>
      </trkpt>
      <trkpt lat="49.143743701279163360595703125" lon="6.15446269512176513671875">
        <ele>170.1999969482421875</ele>
        <time>2026-07-29T20:20:45.000Z</time>
        <extensions>
          <ns3:TrackPointExtension>
            <ns3:atemp>28.0</ns3:atemp>
            <ns3:hr>152</ns3:hr>
            <ns3:cad>83</ns3:cad>
          </ns3:TrackPointExtension>
        </extensions>
      </trkpt>
      <trkpt lat="49.14376155473291873931884765625" lon="6.154481135308742523193359375">
        <ele>170</ele>
        <time>2026-07-29T20:20:46.000Z</time>
        <extensions>
          <ns3:TrackPointExtension>
            <ns3:atemp>28.0</ns3:atemp>
            <ns3:hr>152</ns3:hr>
            <ns3:cad>83</ns3:cad>
          </ns3:TrackPointExtension>
        </extensions>
      </trkpt>
      <trkpt lat="49.1437810845673084259033203125" lon="6.15451709367334842681884765625">
        <ele>170</ele>
        <time>2026-07-29T20:20:47.000Z</time>
        <extensions>
          <ns3:TrackPointExtension>
            <ns3:atemp>28.0</ns3:atemp>
            <ns3:hr>151</ns3:hr>
            <ns3:cad>83</ns3:cad>
          </ns3:TrackPointExtension>
        </extensions>
      </trkpt>
      <trkpt lat="49.14380027912557125091552734375" lon="6.1545349471271038055419921875">
        <ele>170</ele>
        <time>2026-07-29T20:20:48.000Z</time>
        <extensions>
          <ns3:TrackPointExtension>
            <ns3:atemp>28.0</ns3:atemp>
            <ns3:hr>151</ns3:hr>
            <ns3:cad>84</ns3:cad>
          </ns3:TrackPointExtension>
        </extensions>
      </trkpt>
      <trkpt lat="49.14382307790219783782958984375" lon="6.15455967374145984649658203125">
        <ele>170</ele>
        <time>2026-07-29T20:20:49.000Z</time>
        <extensions>
          <ns3:TrackPointExtension>
            <ns3:atemp>28.0</ns3:atemp>
            <ns3:hr>151</ns3:hr>
            <ns3:cad>84</ns3:cad>
          </ns3:TrackPointExtension>
        </extensions>
      </trkpt>
      <trkpt lat="49.14384336210787296295166015625" lon="6.154585070908069610595703125">
        <ele>170</ele>
        <time>2026-07-29T20:20:50.000Z</time>
        <extensions>
          <ns3:TrackPointExtension>
            <ns3:atemp>28.0</ns3:atemp>
            <ns3:hr>151</ns3:hr>
            <ns3:cad>84</ns3:cad>
          </ns3:TrackPointExtension>
        </extensions>
      </trkpt>
      <trkpt lat="49.14386339485645294189453125" lon="6.1545889265835285186767578125">
        <ele>170</ele>
        <time>2026-07-29T20:20:51.000Z</time>
        <extensions>
          <ns3:TrackPointExtension>
            <ns3:atemp>28.0</ns3:atemp>
            <ns3:hr>151</ns3:hr>
            <ns3:cad>84</ns3:cad>
          </ns3:TrackPointExtension>
        </extensions>
      </trkpt>
      <trkpt lat="49.14389113895595073699951171875" lon="6.15460962988436222076416015625">
        <ele>169.8000030517578125</ele>
        <time>2026-07-29T20:20:52.000Z</time>
        <extensions>
          <ns3:TrackPointExtension>
            <ns3:atemp>28.0</ns3:atemp>
            <ns3:hr>151</ns3:hr>
            <ns3:cad>84</ns3:cad>
          </ns3:TrackPointExtension>
        </extensions>
      </trkpt>
      <trkpt lat="49.14391242899000644683837890625" lon="6.15461633540689945220947265625">
        <ele>169.8000030517578125</ele>
        <time>2026-07-29T20:20:53.000Z</time>
        <extensions>
          <ns3:TrackPointExtension>
            <ns3:atemp>28.0</ns3:atemp>
            <ns3:hr>151</ns3:hr>
            <ns3:cad>84</ns3:cad>
          </ns3:TrackPointExtension>
        </extensions>
      </trkpt>
      <trkpt lat="49.14393807761371135711669921875" lon="6.15461499430239200592041015625">
        <ele>169.8000030517578125</ele>
        <time>2026-07-29T20:20:54.000Z</time>
        <extensions>
          <ns3:TrackPointExtension>
            <ns3:atemp>28.0</ns3:atemp>
            <ns3:hr>151</ns3:hr>
            <ns3:cad>84</ns3:cad>
          </ns3:TrackPointExtension>
        </extensions>
      </trkpt>
      <trkpt lat="49.14396397769451141357421875" lon="6.15462002344429492950439453125">
        <ele>169.8000030517578125</ele>
        <time>2026-07-29T20:20:55.000Z</time>
        <extensions>
          <ns3:TrackPointExtension>
            <ns3:atemp>28.0</ns3:atemp>
            <ns3:hr>151</ns3:hr>
            <ns3:cad>84</ns3:cad>
          </ns3:TrackPointExtension>
        </extensions>
      </trkpt>
      <trkpt lat="49.14398333989083766937255859375" lon="6.15461449138820171356201171875">
        <ele>169.8000030517578125</ele>
        <time>2026-07-29T20:20:56.000Z</time>
        <extensions>
          <ns3:TrackPointExtension>
            <ns3:atemp>28.0</ns3:atemp>
            <ns3:hr>151</ns3:hr>
            <ns3:cad>83</ns3:cad>
          </ns3:TrackPointExtension>
        </extensions>
      </trkpt>
      <trkpt lat="49.14401301182806491851806640625" lon="6.1546157486736774444580078125">
        <ele>169.8000030517578125</ele>
        <time>2026-07-29T20:20:57.000Z</time>
        <extensions>
          <ns3:TrackPointExtension>
            <ns3:atemp>28.0</ns3:atemp>
            <ns3:hr>151</ns3:hr>
            <ns3:cad>83</ns3:cad>
          </ns3:TrackPointExtension>
        </extensions>
      </trkpt>
      <trkpt lat="49.1440384089946746826171875" lon="6.1546169221401214599609375">
        <ele>169.8000030517578125</ele>
        <time>2026-07-29T20:20:58.000Z</time>
        <extensions>
          <ns3:TrackPointExtension>
            <ns3:atemp>28.0</ns3:atemp>
            <ns3:hr>152</ns3:hr>
            <ns3:cad>83</ns3:cad>
          </ns3:TrackPointExtension>
        </extensions>
      </trkpt>
      <trkpt lat="49.1440607048571109771728515625" lon="6.15460879169404506683349609375">
        <ele>169.8000030517578125</ele>
        <time>2026-07-29T20:20:59.000Z</time>
        <extensions>
          <ns3:TrackPointExtension>
            <ns3:atemp>28.0</ns3:atemp>
            <ns3:hr>152</ns3:hr>
            <ns3:cad>82</ns3:cad>
          </ns3:TrackPointExtension>
        </extensions>
      </trkpt>
      <trkpt lat="49.1440893709659576416015625" lon="6.15460644476115703582763671875">
        <ele>169.8000030517578125</ele>
        <time>2026-07-29T20:21:00.000Z</time>
        <extensions>
          <ns3:TrackPointExtension>
            <ns3:atemp>28.0</ns3:atemp>
            <ns3:hr>152</ns3:hr>
            <ns3:cad>82</ns3:cad>
          </ns3:TrackPointExtension>
        </extensions>
      </trkpt>
      <trkpt lat="49.14410873316228389739990234375" lon="6.15459253080189228057861328125">
        <ele>170</ele>
        <time>2026-07-29T20:21:01.000Z</time>
        <extensions>
          <ns3:TrackPointExtension>
            <ns3:atemp>28.0</ns3:atemp>
            <ns3:hr>152</ns3:hr>
            <ns3:cad>82</ns3:cad>
          </ns3:TrackPointExtension>
        </extensions>
      </trkpt>
      <trkpt lat="49.1441349685192108154296875" lon="6.154580377042293548583984375">
        <ele>170</ele>
        <time>2026-07-29T20:21:02.000Z</time>
        <extensions>
          <ns3:TrackPointExtension>
            <ns3:atemp>28.0</ns3:atemp>
            <ns3:hr>152</ns3:hr>
            <ns3:cad>82</ns3:cad>
          </ns3:TrackPointExtension>
        </extensions>
      </trkpt>
      <trkpt lat="49.14415969513356685638427734375" lon="6.154573000967502593994140625">
        <ele>170</ele>
        <time>2026-07-29T20:21:03.000Z</time>
        <extensions>
          <ns3:TrackPointExtension>
            <ns3:atemp>28.0</ns3:atemp>
            <ns3:hr>152</ns3:hr>
            <ns3:cad>83</ns3:cad>
          </ns3:TrackPointExtension>
        </extensions>
      </trkpt>
      <trkpt lat="49.14418081752955913543701171875" lon="6.15455724298954010009765625">
        <ele>170</ele>
        <time>2026-07-29T20:21:04.000Z</time>
        <extensions>
          <ns3:TrackPointExtension>
            <ns3:atemp>28.0</ns3:atemp>
            <ns3:hr>152</ns3:hr>
            <ns3:cad>83</ns3:cad>
          </ns3:TrackPointExtension>
        </extensions>
      </trkpt>
      <trkpt lat="49.144211746752262115478515625" lon="6.1545490287244319915771484375">
        <ele>170</ele>
        <time>2026-07-29T20:21:05.000Z</time>
        <extensions>
          <ns3:TrackPointExtension>
            <ns3:atemp>28.0</ns3:atemp>
            <ns3:hr>152</ns3:hr>
            <ns3:cad>83</ns3:cad>
          </ns3:TrackPointExtension>
        </extensions>
      </trkpt>
      <trkpt lat="49.14423286914825439453125" lon="6.15453419275581836700439453125">
        <ele>170</ele>
        <time>2026-07-29T20:21:06.000Z</time>
        <extensions>
          <ns3:TrackPointExtension>
            <ns3:atemp>28.0</ns3:atemp>
            <ns3:hr>152</ns3:hr>
            <ns3:cad>83</ns3:cad>
          </ns3:TrackPointExtension>
        </extensions>
      </trkpt>
      <trkpt lat="49.1442588530480861663818359375" lon="6.15452237427234649658203125">
        <ele>170</ele>
        <time>2026-07-29T20:21:07.000Z</time>
        <extensions>
          <ns3:TrackPointExtension>
            <ns3:atemp>28.0</ns3:atemp>
            <ns3:hr>152</ns3:hr>
            <ns3:cad>83</ns3:cad>
          </ns3:TrackPointExtension>
        </extensions>
      </trkpt>
      <trkpt lat="49.14428659714758396148681640625" lon="6.15451441146433353424072265625">
        <ele>170</ele>
        <time>2026-07-29T20:21:08.000Z</time>
        <extensions>
          <ns3:TrackPointExtension>
            <ns3:atemp>28.0</ns3:atemp>
            <ns3:hr>152</ns3:hr>
            <ns3:cad>84</ns3:cad>
          </ns3:TrackPointExtension>
        </extensions>
      </trkpt>
      <trkpt lat="49.14430788718163967132568359375" lon="6.15449714474380016326904296875">
        <ele>170.1999969482421875</ele>
        <time>2026-07-29T20:21:09.000Z</time>
        <extensions>
          <ns3:TrackPointExtension>
            <ns3:atemp>28.0</ns3:atemp>
            <ns3:hr>152</ns3:hr>
            <ns3:cad>83</ns3:cad>
          </ns3:TrackPointExtension>
        </extensions>
      </trkpt>
      <trkpt lat="49.14433412253856658935546875" lon="6.15448507480323314666748046875">
        <ele>170.1999969482421875</ele>
        <time>2026-07-29T20:21:10.000Z</time>
        <extensions>
          <ns3:TrackPointExtension>
            <ns3:atemp>28.0</ns3:atemp>
            <ns3:hr>152</ns3:hr>
            <ns3:cad>83</ns3:cad>
          </ns3:TrackPointExtension>
        </extensions>
      </trkpt>
      <trkpt lat="49.14435767568647861480712890625" lon="6.1544766090810298919677734375">
        <ele>170.1999969482421875</ele>
        <time>2026-07-29T20:21:11.000Z</time>
        <extensions>
          <ns3:TrackPointExtension>
            <ns3:atemp>28.0</ns3:atemp>
            <ns3:hr>152</ns3:hr>
            <ns3:cad>84</ns3:cad>
          </ns3:TrackPointExtension>
        </extensions>
      </trkpt>
      <trkpt lat="49.1443802230060100555419921875" lon="6.15446143783628940582275390625">
        <ele>170.399993896484375</ele>
        <time>2026-07-29T20:21:12.000Z</time>
        <extensions>
          <ns3:TrackPointExtension>
            <ns3:atemp>28.0</ns3:atemp>
            <ns3:hr>152</ns3:hr>
            <ns3:cad>83</ns3:cad>
          </ns3:TrackPointExtension>
        </extensions>
      </trkpt>
      <trkpt lat="49.14440545253455638885498046875" lon="6.15445121191442012786865234375">
        <ele>170.399993896484375</ele>
        <time>2026-07-29T20:21:13.000Z</time>
        <extensions>
          <ns3:TrackPointExtension>
            <ns3:atemp>28.0</ns3:atemp>
            <ns3:hr>153</ns3:hr>
            <ns3:cad>83</ns3:cad>
          </ns3:TrackPointExtension>
        </extensions>
      </trkpt>
      <trkpt lat="49.14442607201635837554931640625" lon="6.1544410698115825653076171875">
        <ele>170.399993896484375</ele>
        <time>2026-07-29T20:21:14.000Z</time>
        <extensions>
          <ns3:TrackPointExtension>
            <ns3:atemp>28.0</ns3:atemp>
            <ns3:hr>153</ns3:hr>
            <ns3:cad>83</ns3:cad>
          </ns3:TrackPointExtension>
        </extensions>
      </trkpt>
      <trkpt lat="49.14445071481168270111083984375" lon="6.1544269882142543792724609375">
        <ele>170.399993896484375</ele>
        <time>2026-07-29T20:21:15.000Z</time>
        <extensions>
          <ns3:TrackPointExtension>
            <ns3:atemp>28.0</ns3:atemp>
            <ns3:hr>153</ns3:hr>
            <ns3:cad>83</ns3:cad>
          </ns3:TrackPointExtension>
        </extensions>
      </trkpt>
      <trkpt lat="49.14447552524507045745849609375" lon="6.1544165946543216705322265625">
        <ele>170.399993896484375</ele>
        <time>2026-07-29T20:21:16.000Z</time>
        <extensions>
          <ns3:TrackPointExtension>
            <ns3:atemp>28.0</ns3:atemp>
            <ns3:hr>152</ns3:hr>
            <ns3:cad>83</ns3:cad>
          </ns3:TrackPointExtension>
        </extensions>
      </trkpt>
      <trkpt lat="49.14449798874557018280029296875" lon="6.15440343506634235382080078125">
        <ele>170.399993896484375</ele>
        <time>2026-07-29T20:21:17.000Z</time>
        <extensions>
          <ns3:TrackPointExtension>
            <ns3:atemp>28.0</ns3:atemp>
            <ns3:hr>152</ns3:hr>
            <ns3:cad>83</ns3:cad>
          </ns3:TrackPointExtension>
        </extensions>
      </trkpt>
      <trkpt lat="49.14452816359698772430419921875" lon="6.15439890883862972259521484375">
        <ele>170.399993896484375</ele>
        <time>2026-07-29T20:21:18.000Z</time>
        <extensions>
          <ns3:TrackPointExtension>
            <ns3:atemp>28.0</ns3:atemp>
            <ns3:hr>152</ns3:hr>
            <ns3:cad>84</ns3:cad>
          </ns3:TrackPointExtension>
        </extensions>
      </trkpt>
      <trkpt lat="49.14454911835491657257080078125" lon="6.15438281558454036712646484375">
        <ele>170.399993896484375</ele>
        <time>2026-07-29T20:21:19.000Z</time>
        <extensions>
          <ns3:TrackPointExtension>
            <ns3:atemp>28.0</ns3:atemp>
            <ns3:hr>152</ns3:hr>
            <ns3:cad>83</ns3:cad>
          </ns3:TrackPointExtension>
        </extensions>
      </trkpt>
      <trkpt lat="49.144573844969272613525390625" lon="6.15436722524464130401611328125">
        <ele>170.399993896484375</ele>
        <time>2026-07-29T20:21:20.000Z</time>
        <extensions>
          <ns3:TrackPointExtension>
            <ns3:atemp>28.0</ns3:atemp>
            <ns3:hr>152</ns3:hr>
            <ns3:cad>84</ns3:cad>
          </ns3:TrackPointExtension>
        </extensions>
      </trkpt>
      <trkpt lat="49.14459706284105777740478515625" lon="6.15435247309505939483642578125">
        <ele>170.600006103515625</ele>
        <time>2026-07-29T20:21:21.000Z</time>
        <extensions>
          <ns3:TrackPointExtension>
            <ns3:atemp>28.0</ns3:atemp>
            <ns3:hr>152</ns3:hr>
            <ns3:cad>83</ns3:cad>
          </ns3:TrackPointExtension>
        </extensions>
      </trkpt>
      <trkpt lat="49.14461784996092319488525390625" lon="6.15434107370674610137939453125">
        <ele>170.600006103515625</ele>
        <time>2026-07-29T20:21:22.000Z</time>
        <extensions>
          <ns3:TrackPointExtension>
            <ns3:atemp>28.0</ns3:atemp>
            <ns3:hr>153</ns3:hr>
            <ns3:cad>83</ns3:cad>
          </ns3:TrackPointExtension>
        </extensions>
      </trkpt>
      <trkpt lat="49.14464391767978668212890625" lon="6.1543260701000690460205078125">
        <ele>170.600006103515625</ele>
        <time>2026-07-29T20:21:23.000Z</time>
        <extensions>
          <ns3:TrackPointExtension>
            <ns3:atemp>28.0</ns3:atemp>
            <ns3:hr>153</ns3:hr>
            <ns3:cad>83</ns3:cad>
          </ns3:TrackPointExtension>
        </extensions>
      </trkpt>
      <trkpt lat="49.1446621902287006378173828125" lon="6.1543057858943939208984375">
        <ele>170.399993896484375</ele>
        <time>2026-07-29T20:21:24.000Z</time>
        <extensions>
          <ns3:TrackPointExtension>
            <ns3:atemp>28.0</ns3:atemp>
            <ns3:hr>153</ns3:hr>
            <ns3:cad>83</ns3:cad>
          </ns3:TrackPointExtension>
        </extensions>
      </trkpt>
      <trkpt lat="49.14468892849981784820556640625" lon="6.154288351535797119140625">
        <ele>170.1999969482421875</ele>
        <time>2026-07-29T20:21:25.000Z</time>
        <extensions>
          <ns3:TrackPointExtension>
            <ns3:atemp>28.0</ns3:atemp>
            <ns3:hr>153</ns3:hr>
            <ns3:cad>83</ns3:cad>
          </ns3:TrackPointExtension>
        </extensions>
      </trkpt>
      <trkpt lat="49.1447081230580806732177734375" lon="6.1542690731585025787353515625">
        <ele>170</ele>
        <time>2026-07-29T20:21:26.000Z</time>
        <extensions>
          <ns3:TrackPointExtension>
            <ns3:atemp>28.0</ns3:atemp>
            <ns3:hr>154</ns3:hr>
            <ns3:cad>84</ns3:cad>
          </ns3:TrackPointExtension>
        </extensions>
      </trkpt>
      <trkpt lat="49.144723713397979736328125" lon="6.1542492918670177459716796875">
        <ele>169.8000030517578125</ele>
        <time>2026-07-29T20:21:27.000Z</time>
        <extensions>
          <ns3:TrackPointExtension>
            <ns3:atemp>28.0</ns3:atemp>
            <ns3:hr>154</ns3:hr>
            <ns3:cad>84</ns3:cad>
          </ns3:TrackPointExtension>
        </extensions>
      </trkpt>
      <trkpt lat="49.14474542252719402313232421875" lon="6.1542254872620105743408203125">
        <ele>169.8000030517578125</ele>
        <time>2026-07-29T20:21:28.000Z</time>
        <extensions>
          <ns3:TrackPointExtension>
            <ns3:atemp>28.0</ns3:atemp>
            <ns3:hr>154</ns3:hr>
            <ns3:cad>84</ns3:cad>
          </ns3:TrackPointExtension>
        </extensions>
      </trkpt>
      <trkpt lat="49.14476034231483936309814453125" lon="6.15420092828571796417236328125">
        <ele>169.8000030517578125</ele>
        <time>2026-07-29T20:21:29.000Z</time>
        <extensions>
          <ns3:TrackPointExtension>
            <ns3:atemp>28.0</ns3:atemp>
            <ns3:hr>154</ns3:hr>
            <ns3:cad>83</ns3:cad>
          </ns3:TrackPointExtension>
        </extensions>
      </trkpt>
      <trkpt lat="49.14478230290114879608154296875" lon="6.1541778780519962310791015625">
        <ele>169.8000030517578125</ele>
        <time>2026-07-29T20:21:30.000Z</time>
        <extensions>
          <ns3:TrackPointExtension>
            <ns3:atemp>28.0</ns3:atemp>
            <ns3:hr>154</ns3:hr>
            <ns3:cad>83</ns3:cad>
          </ns3:TrackPointExtension>
        </extensions>
      </trkpt>
      <trkpt lat="49.14480225183069705963134765625" lon="6.15415449254214763641357421875">
        <ele>169.8000030517578125</ele>
        <time>2026-07-29T20:21:31.000Z</time>
        <extensions>
          <ns3:TrackPointExtension>
            <ns3:atemp>28.0</ns3:atemp>
            <ns3:hr>155</ns3:hr>
            <ns3:cad>83</ns3:cad>
          </ns3:TrackPointExtension>
        </extensions>
      </trkpt>
      <trkpt lat="49.1448157466948032379150390625" lon="6.15413119085133075714111328125">
        <ele>169.8000030517578125</ele>
        <time>2026-07-29T20:21:32.000Z</time>
        <extensions>
          <ns3:TrackPointExtension>
            <ns3:atemp>28.0</ns3:atemp>
            <ns3:hr>155</ns3:hr>
            <ns3:cad>83</ns3:cad>
          </ns3:TrackPointExtension>
        </extensions>
      </trkpt>
      <trkpt lat="49.1448412276804447174072265625" lon="6.1541034467518329620361328125">
        <ele>170</ele>
        <time>2026-07-29T20:21:33.000Z</time>
        <extensions>
          <ns3:TrackPointExtension>
            <ns3:atemp>28.0</ns3:atemp>
            <ns3:hr>154</ns3:hr>
            <ns3:cad>83</ns3:cad>
          </ns3:TrackPointExtension>
        </extensions>
      </trkpt>
      <trkpt lat="49.14485774002969264984130859375" lon="6.15407905541360378265380859375">
        <ele>170</ele>
        <time>2026-07-29T20:21:34.000Z</time>
        <extensions>
          <ns3:TrackPointExtension>
            <ns3:atemp>28.0</ns3:atemp>
            <ns3:hr>154</ns3:hr>
            <ns3:cad>83</ns3:cad>
          </ns3:TrackPointExtension>
        </extensions>
      </trkpt>
      <trkpt lat="49.14487726986408233642578125" lon="6.15405424498021602630615234375">
        <ele>170</ele>
        <time>2026-07-29T20:21:35.000Z</time>
        <extensions>
          <ns3:TrackPointExtension>
            <ns3:atemp>28.0</ns3:atemp>
            <ns3:hr>154</ns3:hr>
            <ns3:cad>83</ns3:cad>
          </ns3:TrackPointExtension>
        </extensions>
      </trkpt>
      <trkpt lat="49.1448978893458843231201171875" lon="6.15403312258422374725341796875">
        <ele>170</ele>
        <time>2026-07-29T20:21:36.000Z</time>
        <extensions>
          <ns3:TrackPointExtension>
            <ns3:atemp>28.0</ns3:atemp>
            <ns3:hr>154</ns3:hr>
            <ns3:cad>83</ns3:cad>
          </ns3:TrackPointExtension>
        </extensions>
      </trkpt>
      <trkpt lat="49.14491138420999050140380859375" lon="6.1540068872272968292236328125">
        <ele>170</ele>
        <time>2026-07-29T20:21:37.000Z</time>
        <extensions>
          <ns3:TrackPointExtension>
            <ns3:atemp>28.0</ns3:atemp>
            <ns3:hr>154</ns3:hr>
            <ns3:cad>83</ns3:cad>
          </ns3:TrackPointExtension>
        </extensions>
      </trkpt>
      <trkpt lat="49.1449394635856151580810546875" lon="6.153977550566196441650390625">
        <ele>170</ele>
        <time>2026-07-29T20:21:38.000Z</time>
        <extensions>
          <ns3:TrackPointExtension>
            <ns3:atemp>28.0</ns3:atemp>
            <ns3:hr>154</ns3:hr>
            <ns3:cad>83</ns3:cad>
          </ns3:TrackPointExtension>
        </extensions>
      </trkpt>
      <trkpt lat="49.14495916105806827545166015625" lon="6.1539596132934093475341796875">
        <ele>170</ele>
        <time>2026-07-29T20:21:39.000Z</time>
        <extensions>
          <ns3:TrackPointExtension>
            <ns3:atemp>28.0</ns3:atemp>
            <ns3:hr>154</ns3:hr>
            <ns3:cad>83</ns3:cad>
          </ns3:TrackPointExtension>
        </extensions>
      </trkpt>
      <trkpt lat="49.14497877471148967742919921875" lon="6.15393388085067272186279296875">
        <ele>170</ele>
        <time>2026-07-29T20:21:40.000Z</time>
        <extensions>
          <ns3:TrackPointExtension>
            <ns3:atemp>28.0</ns3:atemp>
            <ns3:hr>154</ns3:hr>
            <ns3:cad>83</ns3:cad>
          </ns3:TrackPointExtension>
        </extensions>
      </trkpt>
      <trkpt lat="49.1450018249452114105224609375" lon="6.15391158498823642730712890625">
        <ele>170</ele>
        <time>2026-07-29T20:21:41.000Z</time>
        <extensions>
          <ns3:TrackPointExtension>
            <ns3:atemp>28.0</ns3:atemp>
            <ns3:hr>155</ns3:hr>
            <ns3:cad>83</ns3:cad>
          </ns3:TrackPointExtension>
        </extensions>
      </trkpt>
      <trkpt lat="49.14501632563769817352294921875" lon="6.15389029495418071746826171875">
        <ele>170.1999969482421875</ele>
        <time>2026-07-29T20:21:42.000Z</time>
        <extensions>
          <ns3:TrackPointExtension>
            <ns3:atemp>28.0</ns3:atemp>
            <ns3:hr>155</ns3:hr>
            <ns3:cad>82</ns3:cad>
          </ns3:TrackPointExtension>
        </extensions>
      </trkpt>
      <trkpt lat="49.14503962732851505279541015625" lon="6.15386531688272953033447265625">
        <ele>170</ele>
        <time>2026-07-29T20:21:43.000Z</time>
        <extensions>
          <ns3:TrackPointExtension>
            <ns3:atemp>28.0</ns3:atemp>
            <ns3:hr>155</ns3:hr>
            <ns3:cad>82</ns3:cad>
          </ns3:TrackPointExtension>
        </extensions>
      </trkpt>
      <trkpt lat="49.145058654248714447021484375" lon="6.153844781219959259033203125">
        <ele>170</ele>
        <time>2026-07-29T20:21:44.000Z</time>
        <extensions>
          <ns3:TrackPointExtension>
            <ns3:atemp>28.0</ns3:atemp>
            <ns3:hr>155</ns3:hr>
            <ns3:cad>82</ns3:cad>
          </ns3:TrackPointExtension>
        </extensions>
      </trkpt>
      <trkpt lat="49.14507164619863033294677734375" lon="6.1538164503872394561767578125">
        <ele>170</ele>
        <time>2026-07-29T20:21:45.000Z</time>
        <extensions>
          <ns3:TrackPointExtension>
            <ns3:atemp>28.0</ns3:atemp>
            <ns3:hr>155</ns3:hr>
            <ns3:cad>83</ns3:cad>
          </ns3:TrackPointExtension>
        </extensions>
      </trkpt>
      <trkpt lat="49.14509184658527374267578125" lon="6.15378635935485363006591796875">
        <ele>170</ele>
        <time>2026-07-29T20:21:46.000Z</time>
        <extensions>
          <ns3:TrackPointExtension>
            <ns3:atemp>28.0</ns3:atemp>
            <ns3:hr>155</ns3:hr>
            <ns3:cad>83</ns3:cad>
          </ns3:TrackPointExtension>
        </extensions>
      </trkpt>
      <trkpt lat="49.1450967080891132354736328125" lon="6.1537581123411655426025390625">
        <ele>170</ele>
        <time>2026-07-29T20:21:47.000Z</time>
        <extensions>
          <ns3:TrackPointExtension>
            <ns3:atemp>28.0</ns3:atemp>
            <ns3:hr>155</ns3:hr>
            <ns3:cad>83</ns3:cad>
          </ns3:TrackPointExtension>
        </extensions>
      </trkpt>
      <trkpt lat="49.145105592906475067138671875" lon="6.1537202261388301849365234375">
        <ele>170</ele>
        <time>2026-07-29T20:21:48.000Z</time>
        <extensions>
          <ns3:TrackPointExtension>
            <ns3:atemp>28.0</ns3:atemp>
            <ns3:hr>154</ns3:hr>
            <ns3:cad>83</ns3:cad>
          </ns3:TrackPointExtension>
        </extensions>
      </trkpt>
      <trkpt lat="49.14511489681899547576904296875" lon="6.15368686616420745849609375">
        <ele>170.1999969482421875</ele>
        <time>2026-07-29T20:21:49.000Z</time>
        <extensions>
          <ns3:TrackPointExtension>
            <ns3:atemp>28.0</ns3:atemp>
            <ns3:hr>154</ns3:hr>
            <ns3:cad>83</ns3:cad>
          </ns3:TrackPointExtension>
        </extensions>
      </trkpt>
      <trkpt lat="49.14511372335255146026611328125" lon="6.15365610457956790924072265625">
        <ele>170.1999969482421875</ele>
        <time>2026-07-29T20:21:50.000Z</time>
        <extensions>
          <ns3:TrackPointExtension>
            <ns3:atemp>28.0</ns3:atemp>
            <ns3:hr>154</ns3:hr>
            <ns3:cad>83</ns3:cad>
          </ns3:TrackPointExtension>
        </extensions>
      </trkpt>
      <trkpt lat="49.1451158188283443450927734375" lon="6.15361453033983707427978515625">
        <ele>170.1999969482421875</ele>
        <time>2026-07-29T20:21:51.000Z</time>
        <extensions>
          <ns3:TrackPointExtension>
            <ns3:atemp>28.0</ns3:atemp>
            <ns3:hr>154</ns3:hr>
            <ns3:cad>83</ns3:cad>
          </ns3:TrackPointExtension>
        </extensions>
      </trkpt>
      <trkpt lat="49.14510928094387054443359375" lon="6.15358293056488037109375">
        <ele>170.1999969482421875</ele>
        <time>2026-07-29T20:21:52.000Z</time>
        <extensions>
          <ns3:TrackPointExtension>
            <ns3:atemp>28.0</ns3:atemp>
            <ns3:hr>154</ns3:hr>
            <ns3:cad>84</ns3:cad>
          </ns3:TrackPointExtension>
        </extensions>
      </trkpt>
      <trkpt lat="49.14510299451649188995361328125" lon="6.153539679944515228271484375">
        <ele>170.1999969482421875</ele>
        <time>2026-07-29T20:21:53.000Z</time>
        <extensions>
          <ns3:TrackPointExtension>
            <ns3:atemp>28.0</ns3:atemp>
            <ns3:hr>154</ns3:hr>
            <ns3:cad>84</ns3:cad>
          </ns3:TrackPointExtension>
        </extensions>
      </trkpt>
      <trkpt lat="49.14509729482233524322509765625" lon="6.1534996144473552703857421875">
        <ele>170.1999969482421875</ele>
        <time>2026-07-29T20:21:54.000Z</time>
        <extensions>
          <ns3:TrackPointExtension>
            <ns3:atemp>28.0</ns3:atemp>
            <ns3:hr>154</ns3:hr>
            <ns3:cad>83</ns3:cad>
          </ns3:TrackPointExtension>
        </extensions>
      </trkpt>
      <trkpt lat="49.14508773945271968841552734375" lon="6.15346080623567104339599609375">
        <ele>170.1999969482421875</ele>
        <time>2026-07-29T20:21:55.000Z</time>
        <extensions>
          <ns3:TrackPointExtension>
            <ns3:atemp>28.0</ns3:atemp>
            <ns3:hr>154</ns3:hr>
            <ns3:cad>84</ns3:cad>
          </ns3:TrackPointExtension>
        </extensions>
      </trkpt>
      <trkpt lat="49.14508136920630931854248046875" lon="6.15341369993984699249267578125">
        <ele>170.399993896484375</ele>
        <time>2026-07-29T20:21:56.000Z</time>
        <extensions>
          <ns3:TrackPointExtension>
            <ns3:atemp>28.0</ns3:atemp>
            <ns3:hr>154</ns3:hr>
            <ns3:cad>84</ns3:cad>
          </ns3:TrackPointExtension>
        </extensions>
      </trkpt>
      <trkpt lat="49.14507164619863033294677734375" lon="6.15338436327874660491943359375">
        <ele>170.399993896484375</ele>
        <time>2026-07-29T20:21:57.000Z</time>
        <extensions>
          <ns3:TrackPointExtension>
            <ns3:atemp>28.0</ns3:atemp>
            <ns3:hr>154</ns3:hr>
            <ns3:cad>85</ns3:cad>
          </ns3:TrackPointExtension>
        </extensions>
      </trkpt>
      <trkpt lat="49.1450631804764270782470703125" lon="6.15334111265838146209716796875">
        <ele>170.399993896484375</ele>
        <time>2026-07-29T20:21:58.000Z</time>
        <extensions>
          <ns3:TrackPointExtension>
            <ns3:atemp>28.0</ns3:atemp>
            <ns3:hr>154</ns3:hr>
            <ns3:cad>85</ns3:cad>
          </ns3:TrackPointExtension>
        </extensions>
      </trkpt>
      <trkpt lat="49.14505555294454097747802734375" lon="6.15330926142632961273193359375">
        <ele>170.399993896484375</ele>
        <time>2026-07-29T20:21:59.000Z</time>
        <extensions>
          <ns3:TrackPointExtension>
            <ns3:atemp>28.0</ns3:atemp>
            <ns3:hr>154</ns3:hr>
            <ns3:cad>85</ns3:cad>
          </ns3:TrackPointExtension>
        </extensions>
      </trkpt>
      <trkpt lat="49.14504549466073513031005859375" lon="6.1532786674797534942626953125">
        <ele>170.399993896484375</ele>
        <time>2026-07-29T20:22:00.000Z</time>
        <extensions>
          <ns3:TrackPointExtension>
            <ns3:atemp>28.0</ns3:atemp>
            <ns3:hr>154</ns3:hr>
            <ns3:cad>84</ns3:cad>
          </ns3:TrackPointExtension>
        </extensions>
      </trkpt>
      <trkpt lat="49.14503862150013446807861328125" lon="6.15323885343968868255615234375">
        <ele>170.399993896484375</ele>
        <time>2026-07-29T20:22:01.000Z</time>
        <extensions>
          <ns3:TrackPointExtension>
            <ns3:atemp>28.0</ns3:atemp>
            <ns3:hr>154</ns3:hr>
            <ns3:cad>84</ns3:cad>
          </ns3:TrackPointExtension>
        </extensions>
      </trkpt>
      <trkpt lat="49.145027138292789459228515625" lon="6.153211779892444610595703125">
        <ele>170.399993896484375</ele>
        <time>2026-07-29T20:22:02.000Z</time>
        <extensions>
          <ns3:TrackPointExtension>
            <ns3:atemp>28.0</ns3:atemp>
            <ns3:hr>154</ns3:hr>
            <ns3:cad>84</ns3:cad>
          </ns3:TrackPointExtension>
        </extensions>
      </trkpt>
      <trkpt lat="49.1450175829231739044189453125" lon="6.15317096002399921417236328125">
        <ele>170.399993896484375</ele>
        <time>2026-07-29T20:22:03.000Z</time>
        <extensions>
          <ns3:TrackPointExtension>
            <ns3:atemp>28.0</ns3:atemp>
            <ns3:hr>154</ns3:hr>
            <ns3:cad>84</ns3:cad>
          </ns3:TrackPointExtension>
        </extensions>
      </trkpt>
      <trkpt lat="49.1450120508670806884765625" lon="6.1531368456780910491943359375">
        <ele>170.399993896484375</ele>
        <time>2026-07-29T20:22:04.000Z</time>
        <extensions>
          <ns3:TrackPointExtension>
            <ns3:atemp>28.0</ns3:atemp>
            <ns3:hr>154</ns3:hr>
            <ns3:cad>84</ns3:cad>
          </ns3:TrackPointExtension>
        </extensions>
      </trkpt>
      <trkpt lat="49.145005010068416595458984375" lon="6.15310373716056346893310546875">
        <ele>170.399993896484375</ele>
        <time>2026-07-29T20:22:05.000Z</time>
        <extensions>
          <ns3:TrackPointExtension>
            <ns3:atemp>28.0</ns3:atemp>
            <ns3:hr>154</ns3:hr>
            <ns3:cad>83</ns3:cad>
          </ns3:TrackPointExtension>
        </extensions>
      </trkpt>
      <trkpt lat="49.14499989710748195648193359375" lon="6.15305914543569087982177734375">
        <ele>170.399993896484375</ele>
        <time>2026-07-29T20:22:06.000Z</time>
        <extensions>
          <ns3:TrackPointExtension>
            <ns3:atemp>28.0</ns3:atemp>
            <ns3:hr>154</ns3:hr>
            <ns3:cad>83</ns3:cad>
          </ns3:TrackPointExtension>
        </extensions>
      </trkpt>
      <trkpt lat="49.14498698897659778594970703125" lon="6.15302846767008304595947265625">
        <ele>170.600006103515625</ele>
        <time>2026-07-29T20:22:07.000Z</time>
        <extensions>
          <ns3:TrackPointExtension>
            <ns3:atemp>28.0</ns3:atemp>
            <ns3:hr>154</ns3:hr>
            <ns3:cad>83</ns3:cad>
          </ns3:TrackPointExtension>
        </extensions>
      </trkpt>
      <trkpt lat="49.14497852325439453125" lon="6.1529886536300182342529296875">
        <ele>170.600006103515625</ele>
        <time>2026-07-29T20:22:08.000Z</time>
        <extensions>
          <ns3:TrackPointExtension>
            <ns3:atemp>28.0</ns3:atemp>
            <ns3:hr>154</ns3:hr>
            <ns3:cad>83</ns3:cad>
          </ns3:TrackPointExtension>
        </extensions>
      </trkpt>
      <trkpt lat="49.14497391320765018463134765625" lon="6.15294615738093852996826171875">
        <ele>170.600006103515625</ele>
        <time>2026-07-29T20:22:09.000Z</time>
        <extensions>
          <ns3:TrackPointExtension>
            <ns3:atemp>28.0</ns3:atemp>
            <ns3:hr>154</ns3:hr>
            <ns3:cad>83</ns3:cad>
          </ns3:TrackPointExtension>
        </extensions>
      </trkpt>
      <trkpt lat="49.1449662856757640838623046875" lon="6.152914725244045257568359375">
        <ele>170.600006103515625</ele>
        <time>2026-07-29T20:22:10.000Z</time>
        <extensions>
          <ns3:TrackPointExtension>
            <ns3:atemp>28.0</ns3:atemp>
            <ns3:hr>154</ns3:hr>
            <ns3:cad>84</ns3:cad>
          </ns3:TrackPointExtension>
        </extensions>
      </trkpt>
      <trkpt lat="49.14496050216257572174072265625" lon="6.1528666131198406219482421875">
        <ele>170.600006103515625</ele>
        <time>2026-07-29T20:22:11.000Z</time>
        <extensions>
          <ns3:TrackPointExtension>
            <ns3:atemp>28.0</ns3:atemp>
            <ns3:hr>155</ns3:hr>
            <ns3:cad>84</ns3:cad>
          </ns3:TrackPointExtension>
        </extensions>
      </trkpt>
      <trkpt lat="49.14495178498327732086181640625" lon="6.152830235660076141357421875">
        <ele>170.600006103515625</ele>
        <time>2026-07-29T20:22:12.000Z</time>
        <extensions>
          <ns3:TrackPointExtension>
            <ns3:atemp>28.0</ns3:atemp>
            <ns3:hr>155</ns3:hr>
            <ns3:cad>84</ns3:cad>
          </ns3:TrackPointExtension>
        </extensions>
      </trkpt>
      <trkpt lat="49.14494323544204235076904296875" lon="6.15278991870582103729248046875">
        <ele>170.600006103515625</ele>
        <time>2026-07-29T20:22:13.000Z</time>
        <extensions>
          <ns3:TrackPointExtension>
            <ns3:atemp>28.0</ns3:atemp>
            <ns3:hr>155</ns3:hr>
            <ns3:cad>84</ns3:cad>
          </ns3:TrackPointExtension>
        </extensions>
      </trkpt>
      <trkpt lat="49.14493921212852001190185546875" lon="6.1527496017515659332275390625">
        <ele>170.600006103515625</ele>
        <time>2026-07-29T20:22:14.000Z</time>
        <extensions>
          <ns3:TrackPointExtension>
            <ns3:atemp>28.0</ns3:atemp>
            <ns3:hr>155</ns3:hr>
            <ns3:cad>83</ns3:cad>
          </ns3:TrackPointExtension>
        </extensions>
      </trkpt>
      <trkpt lat="49.1449270583689212799072265625" lon="6.15271565504372119903564453125">
        <ele>170.600006103515625</ele>
        <time>2026-07-29T20:22:15.000Z</time>
        <extensions>
          <ns3:TrackPointExtension>
            <ns3:atemp>28.0</ns3:atemp>
            <ns3:hr>155</ns3:hr>
            <ns3:cad>83</ns3:cad>
          </ns3:TrackPointExtension>
        </extensions>
      </trkpt>
      <trkpt lat="49.14491884410381317138671875" lon="6.1526731587946414947509765625">
        <ele>170.600006103515625</ele>
        <time>2026-07-29T20:22:16.000Z</time>
        <extensions>
          <ns3:TrackPointExtension>
            <ns3:atemp>28.0</ns3:atemp>
            <ns3:hr>155</ns3:hr>
            <ns3:cad>83</ns3:cad>
          </ns3:TrackPointExtension>
        </extensions>
      </trkpt>
      <trkpt lat="49.1449133120477199554443359375" lon="6.15263535641133785247802734375">
        <ele>170.399993896484375</ele>
        <time>2026-07-29T20:22:17.000Z</time>
        <extensions>
          <ns3:TrackPointExtension>
            <ns3:atemp>28.0</ns3:atemp>
            <ns3:hr>155</ns3:hr>
            <ns3:cad>83</ns3:cad>
          </ns3:TrackPointExtension>
        </extensions>
      </trkpt>
      <trkpt lat="49.14490543305873870849609375" lon="6.152598895132541656494140625">
        <ele>170.399993896484375</ele>
        <time>2026-07-29T20:22:18.000Z</time>
        <extensions>
          <ns3:TrackPointExtension>
            <ns3:atemp>28.0</ns3:atemp>
            <ns3:hr>155</ns3:hr>
            <ns3:cad>82</ns3:cad>
          </ns3:TrackPointExtension>
        </extensions>
      </trkpt>
      <trkpt lat="49.14491088129580020904541015625" lon="6.152555979788303375244140625">
        <ele>170.399993896484375</ele>
        <time>2026-07-29T20:22:19.000Z</time>
        <extensions>
          <ns3:TrackPointExtension>
            <ns3:atemp>28.0</ns3:atemp>
            <ns3:hr>155</ns3:hr>
            <ns3:cad>83</ns3:cad>
          </ns3:TrackPointExtension>
        </extensions>
      </trkpt>
      <trkpt lat="49.1449086181819438934326171875" lon="6.1525229550898075103759765625">
        <ele>170.399993896484375</ele>
        <time>2026-07-29T20:22:20.000Z</time>
        <extensions>
          <ns3:TrackPointExtension>
            <ns3:atemp>28.0</ns3:atemp>
            <ns3:hr>155</ns3:hr>
            <ns3:cad>83</ns3:cad>
          </ns3:TrackPointExtension>
        </extensions>
      </trkpt>
      <trkpt lat="49.144920520484447479248046875" lon="6.15247718989849090576171875">
        <ele>170.600006103515625</ele>
        <time>2026-07-29T20:22:21.000Z</time>
        <extensions>
          <ns3:TrackPointExtension>
            <ns3:atemp>28.0</ns3:atemp>
            <ns3:hr>155</ns3:hr>
            <ns3:cad>83</ns3:cad>
          </ns3:TrackPointExtension>
        </extensions>
      </trkpt>
      <trkpt lat="49.144934602081775665283203125" lon="6.15244843997061252593994140625">
        <ele>170.600006103515625</ele>
        <time>2026-07-29T20:22:22.000Z</time>
        <extensions>
          <ns3:TrackPointExtension>
            <ns3:atemp>28.0</ns3:atemp>
            <ns3:hr>155</ns3:hr>
            <ns3:cad>84</ns3:cad>
          </ns3:TrackPointExtension>
        </extensions>
      </trkpt>
      <trkpt lat="49.1449538804590702056884765625" lon="6.1524237133562564849853515625">
        <ele>170.600006103515625</ele>
        <time>2026-07-29T20:22:23.000Z</time>
        <extensions>
          <ns3:TrackPointExtension>
            <ns3:atemp>28.0</ns3:atemp>
            <ns3:hr>155</ns3:hr>
            <ns3:cad>84</ns3:cad>
          </ns3:TrackPointExtension>
        </extensions>
      </trkpt>
      <trkpt lat="49.1449783556163311004638671875" lon="6.15240854211151599884033203125">
        <ele>170.8000030517578125</ele>
        <time>2026-07-29T20:22:24.000Z</time>
        <extensions>
          <ns3:TrackPointExtension>
            <ns3:atemp>28.0</ns3:atemp>
            <ns3:hr>154</ns3:hr>
            <ns3:cad>84</ns3:cad>
          </ns3:TrackPointExtension>
        </extensions>
      </trkpt>
      <trkpt lat="49.14499662816524505615234375" lon="6.152386330068111419677734375">
        <ele>170.8000030517578125</ele>
        <time>2026-07-29T20:22:25.000Z</time>
        <extensions>
          <ns3:TrackPointExtension>
            <ns3:atemp>28.0</ns3:atemp>
            <ns3:hr>154</ns3:hr>
            <ns3:cad>85</ns3:cad>
          </ns3:TrackPointExtension>
        </extensions>
      </trkpt>
      <trkpt lat="49.145029149949550628662109375" lon="6.1523700691759586334228515625">
        <ele>170.8000030517578125</ele>
        <time>2026-07-29T20:22:26.000Z</time>
        <extensions>
          <ns3:TrackPointExtension>
            <ns3:atemp>28.0</ns3:atemp>
            <ns3:hr>154</ns3:hr>
            <ns3:cad>85</ns3:cad>
          </ns3:TrackPointExtension>
        </extensions>
      </trkpt>
      <trkpt lat="49.14505404420197010040283203125" lon="6.15235422737896442413330078125">
        <ele>170.8000030517578125</ele>
        <time>2026-07-29T20:22:27.000Z</time>
        <extensions>
          <ns3:TrackPointExtension>
            <ns3:atemp>28.0</ns3:atemp>
            <ns3:hr>154</ns3:hr>
            <ns3:cad>85</ns3:cad>
          </ns3:TrackPointExtension>
        </extensions>
      </trkpt>
      <trkpt lat="49.14507843554019927978515625" lon="6.15234014578163623809814453125">
        <ele>170.8000030517578125</ele>
        <time>2026-07-29T20:22:28.000Z</time>
        <extensions>
          <ns3:TrackPointExtension>
            <ns3:atemp>28.0</ns3:atemp>
            <ns3:hr>154</ns3:hr>
            <ns3:cad>84</ns3:cad>
          </ns3:TrackPointExtension>
        </extensions>
      </trkpt>
      <trkpt lat="49.145107604563236236572265625" lon="6.15233142860233783721923828125">
        <ele>170.8000030517578125</ele>
        <time>2026-07-29T20:22:29.000Z</time>
        <extensions>
          <ns3:TrackPointExtension>
            <ns3:atemp>28.0</ns3:atemp>
            <ns3:hr>154</ns3:hr>
            <ns3:cad>83</ns3:cad>
          </ns3:TrackPointExtension>
        </extensions>
      </trkpt>
      <trkpt lat="49.145128391683101654052734375" lon="6.1523117311298847198486328125">
        <ele>170.8000030517578125</ele>
        <time>2026-07-29T20:22:30.000Z</time>
        <extensions>
          <ns3:TrackPointExtension>
            <ns3:atemp>28.0</ns3:atemp>
            <ns3:hr>154</ns3:hr>
            <ns3:cad>83</ns3:cad>
          </ns3:TrackPointExtension>
        </extensions>
      </trkpt>
      <trkpt lat="49.14516158401966094970703125" lon="6.1522989906370639801025390625">
        <ele>170.8000030517578125</ele>
        <time>2026-07-29T20:22:31.000Z</time>
        <extensions>
          <ns3:TrackPointExtension>
            <ns3:atemp>28.0</ns3:atemp>
            <ns3:hr>154</ns3:hr>
            <ns3:cad>85</ns3:cad>
          </ns3:TrackPointExtension>
        </extensions>
      </trkpt>
      <trkpt lat="49.14518279023468494415283203125" lon="6.15228448994457721710205078125">
        <ele>170.8000030517578125</ele>
        <time>2026-07-29T20:22:32.000Z</time>
        <extensions>
          <ns3:TrackPointExtension>
            <ns3:atemp>28.0</ns3:atemp>
            <ns3:hr>154</ns3:hr>
            <ns3:cad>84</ns3:cad>
          </ns3:TrackPointExtension>
        </extensions>
      </trkpt>
      <trkpt lat="49.14520977996289730072021484375" lon="6.1522698216140270233154296875">
        <ele>170.8000030517578125</ele>
        <time>2026-07-29T20:22:33.000Z</time>
        <extensions>
          <ns3:TrackPointExtension>
            <ns3:atemp>28.0</ns3:atemp>
            <ns3:hr>154</ns3:hr>
            <ns3:cad>84</ns3:cad>
          </ns3:TrackPointExtension>
        </extensions>
      </trkpt>
      <trkpt lat="49.14523266255855560302734375" lon="6.15226035006344318389892578125">
        <ele>170.8000030517578125</ele>
        <time>2026-07-29T20:22:34.000Z</time>
        <extensions>
          <ns3:TrackPointExtension>
            <ns3:atemp>28.0</ns3:atemp>
            <ns3:hr>154</ns3:hr>
            <ns3:cad>84</ns3:cad>
          </ns3:TrackPointExtension>
        </extensions>
      </trkpt>
      <trkpt lat="49.1452522762119770050048828125" lon="6.15224375389516353607177734375">
        <ele>170.8000030517578125</ele>
        <time>2026-07-29T20:22:35.000Z</time>
        <extensions>
          <ns3:TrackPointExtension>
            <ns3:atemp>28.0</ns3:atemp>
            <ns3:hr>154</ns3:hr>
            <ns3:cad>85</ns3:cad>
          </ns3:TrackPointExtension>
        </extensions>
      </trkpt>
      <trkpt lat="49.14527834393084049224853515625" lon="6.1522356234490871429443359375">
        <ele>170.8000030517578125</ele>
        <time>2026-07-29T20:22:36.000Z</time>
        <extensions>
          <ns3:TrackPointExtension>
            <ns3:atemp>28.0</ns3:atemp>
            <ns3:hr>154</ns3:hr>
            <ns3:cad>85</ns3:cad>
          </ns3:TrackPointExtension>
        </extensions>
      </trkpt>
      <trkpt lat="49.1452975384891033172607421875" lon="6.1522178538143634796142578125">
        <ele>170.8000030517578125</ele>
        <time>2026-07-29T20:22:37.000Z</time>
        <extensions>
          <ns3:TrackPointExtension>
            <ns3:atemp>28.0</ns3:atemp>
            <ns3:hr>154</ns3:hr>
            <ns3:cad>85</ns3:cad>
          </ns3:TrackPointExtension>
        </extensions>
      </trkpt>
      <trkpt lat="49.14532830007374286651611328125" lon="6.152203269302845001220703125">
        <ele>170.8000030517578125</ele>
        <time>2026-07-29T20:22:38.000Z</time>
        <extensions>
          <ns3:TrackPointExtension>
            <ns3:atemp>28.0</ns3:atemp>
            <ns3:hr>154</ns3:hr>
            <ns3:cad>85</ns3:cad>
          </ns3:TrackPointExtension>
        </extensions>
      </trkpt>
      <trkpt lat="49.145351350307464599609375" lon="6.15218793042004108428955078125">
        <ele>170.8000030517578125</ele>
        <time>2026-07-29T20:22:39.000Z</time>
        <extensions>
          <ns3:TrackPointExtension>
            <ns3:atemp>28.0</ns3:atemp>
            <ns3:hr>154</ns3:hr>
            <ns3:cad>85</ns3:cad>
          </ns3:TrackPointExtension>
        </extensions>
      </trkpt>
      <trkpt lat="49.1453749872744083404541015625" lon="6.152170412242412567138671875">
        <ele>170.8000030517578125</ele>
        <time>2026-07-29T20:22:40.000Z</time>
        <extensions>
          <ns3:TrackPointExtension>
            <ns3:atemp>28.0</ns3:atemp>
            <ns3:hr>154</ns3:hr>
            <ns3:cad>85</ns3:cad>
          </ns3:TrackPointExtension>
        </extensions>
      </trkpt>
      <trkpt lat="49.1454028151929378509521484375" lon="6.1521585099399089813232421875">
        <ele>170.8000030517578125</ele>
        <time>2026-07-29T20:22:41.000Z</time>
        <extensions>
          <ns3:TrackPointExtension>
            <ns3:atemp>28.0</ns3:atemp>
            <ns3:hr>154</ns3:hr>
            <ns3:cad>85</ns3:cad>
          </ns3:TrackPointExtension>
        </extensions>
      </trkpt>
      <trkpt lat="49.1454215906560420989990234375" lon="6.1521370522677898406982421875">
        <ele>170.8000030517578125</ele>
        <time>2026-07-29T20:22:42.000Z</time>
        <extensions>
          <ns3:TrackPointExtension>
            <ns3:atemp>28.0</ns3:atemp>
            <ns3:hr>154</ns3:hr>
            <ns3:cad>85</ns3:cad>
          </ns3:TrackPointExtension>
        </extensions>
      </trkpt>
      <trkpt lat="49.14545285515487194061279296875" lon="6.1521199531853199005126953125">
        <ele>170.8000030517578125</ele>
        <time>2026-07-29T20:22:43.000Z</time>
        <extensions>
          <ns3:TrackPointExtension>
            <ns3:atemp>28.0</ns3:atemp>
            <ns3:hr>154</ns3:hr>
            <ns3:cad>84</ns3:cad>
          </ns3:TrackPointExtension>
        </extensions>
      </trkpt>
      <trkpt lat="49.1454718820750713348388671875" lon="6.15210478194057941436767578125">
        <ele>170.8000030517578125</ele>
        <time>2026-07-29T20:22:44.000Z</time>
        <extensions>
          <ns3:TrackPointExtension>
            <ns3:atemp>28.0</ns3:atemp>
            <ns3:hr>154</ns3:hr>
            <ns3:cad>84</ns3:cad>
          </ns3:TrackPointExtension>
        </extensions>
      </trkpt>
      <trkpt lat="49.1454976983368396759033203125" lon="6.1520857550203800201416015625">
        <ele>170.8000030517578125</ele>
        <time>2026-07-29T20:22:45.000Z</time>
        <extensions>
          <ns3:TrackPointExtension>
            <ns3:atemp>28.0</ns3:atemp>
            <ns3:hr>154</ns3:hr>
            <ns3:cad>84</ns3:cad>
          </ns3:TrackPointExtension>
        </extensions>
      </trkpt>
      <trkpt lat="49.14552594535052776336669921875" lon="6.152075864374637603759765625">
        <ele>170.8000030517578125</ele>
        <time>2026-07-29T20:22:46.000Z</time>
        <extensions>
          <ns3:TrackPointExtension>
            <ns3:atemp>28.0</ns3:atemp>
            <ns3:hr>154</ns3:hr>
            <ns3:cad>85</ns3:cad>
          </ns3:TrackPointExtension>
        </extensions>
      </trkpt>
      <trkpt lat="49.14554555900394916534423828125" lon="6.1520569212734699249267578125">
        <ele>170.8000030517578125</ele>
        <time>2026-07-29T20:22:47.000Z</time>
        <extensions>
          <ns3:TrackPointExtension>
            <ns3:atemp>28.0</ns3:atemp>
            <ns3:hr>154</ns3:hr>
            <ns3:cad>85</ns3:cad>
          </ns3:TrackPointExtension>
        </extensions>
      </trkpt>
      <trkpt lat="49.145574308931827545166015625" lon="6.152041666209697723388671875">
        <ele>170.8000030517578125</ele>
        <time>2026-07-29T20:22:48.000Z</time>
        <extensions>
          <ns3:TrackPointExtension>
            <ns3:atemp>28.0</ns3:atemp>
            <ns3:hr>155</ns3:hr>
            <ns3:cad>85</ns3:cad>
          </ns3:TrackPointExtension>
        </extensions>
      </trkpt>
      <trkpt lat="49.14559417404234409332275390625" lon="6.152026914060115814208984375">
        <ele>170.8000030517578125</ele>
        <time>2026-07-29T20:22:49.000Z</time>
        <extensions>
          <ns3:TrackPointExtension>
            <ns3:atemp>28.0</ns3:atemp>
            <ns3:hr>155</ns3:hr>
            <ns3:cad>84</ns3:cad>
          </ns3:TrackPointExtension>
        </extensions>
      </trkpt>
      <trkpt lat="49.145616553723812103271484375" lon="6.152012161910533905029296875">
        <ele>171</ele>
        <time>2026-07-29T20:22:50.000Z</time>
        <extensions>
          <ns3:TrackPointExtension>
            <ns3:atemp>28.0</ns3:atemp>
            <ns3:hr>154</ns3:hr>
            <ns3:cad>84</ns3:cad>
          </ns3:TrackPointExtension>
        </extensions>
      </trkpt>
      <trkpt lat="49.145642705261707305908203125" lon="6.15200403146445751190185546875">
        <ele>171</ele>
        <time>2026-07-29T20:22:51.000Z</time>
        <extensions>
          <ns3:TrackPointExtension>
            <ns3:atemp>28.0</ns3:atemp>
            <ns3:hr>154</ns3:hr>
            <ns3:cad>84</ns3:cad>
          </ns3:TrackPointExtension>
        </extensions>
      </trkpt>
      <trkpt lat="49.14566315710544586181640625" lon="6.1519851721823215484619140625">
        <ele>171</ele>
        <time>2026-07-29T20:22:52.000Z</time>
        <extensions>
          <ns3:TrackPointExtension>
            <ns3:atemp>28.0</ns3:atemp>
            <ns3:hr>154</ns3:hr>
            <ns3:cad>84</ns3:cad>
          </ns3:TrackPointExtension>
        </extensions>
      </trkpt>
      <trkpt lat="49.1456934995949268341064453125" lon="6.15197167731821537017822265625">
        <ele>171</ele>
        <time>2026-07-29T20:22:53.000Z</time>
        <extensions>
          <ns3:TrackPointExtension>
            <ns3:atemp>28.0</ns3:atemp>
            <ns3:hr>154</ns3:hr>
            <ns3:cad>84</ns3:cad>
          </ns3:TrackPointExtension>
        </extensions>
      </trkpt>
      <trkpt lat="49.1457156278192996978759765625" lon="6.15196027792990207672119140625">
        <ele>171</ele>
        <time>2026-07-29T20:22:54.000Z</time>
        <extensions>
          <ns3:TrackPointExtension>
            <ns3:atemp>28.0</ns3:atemp>
            <ns3:hr>154</ns3:hr>
            <ns3:cad>83</ns3:cad>
          </ns3:TrackPointExtension>
        </extensions>
      </trkpt>
      <trkpt lat="49.1457394324243068695068359375" lon="6.15194669924676418304443359375">
        <ele>171.1999969482421875</ele>
        <time>2026-07-29T20:22:55.000Z</time>
        <extensions>
          <ns3:TrackPointExtension>
            <ns3:atemp>28.0</ns3:atemp>
            <ns3:hr>154</ns3:hr>
            <ns3:cad>83</ns3:cad>
          </ns3:TrackPointExtension>
        </extensions>
      </trkpt>
      <trkpt lat="49.14576684124767780303955078125" lon="6.15194217301905155181884765625">
        <ele>171.1999969482421875</ele>
        <time>2026-07-29T20:22:56.000Z</time>
        <extensions>
          <ns3:TrackPointExtension>
            <ns3:atemp>28.0</ns3:atemp>
            <ns3:hr>154</ns3:hr>
            <ns3:cad>83</ns3:cad>
          </ns3:TrackPointExtension>
        </extensions>
      </trkpt>
      <trkpt lat="49.1457867063581943511962890625" lon="6.15192490629851818084716796875">
        <ele>171.1999969482421875</ele>
        <time>2026-07-29T20:22:57.000Z</time>
        <extensions>
          <ns3:TrackPointExtension>
            <ns3:atemp>28.0</ns3:atemp>
            <ns3:hr>153</ns3:hr>
            <ns3:cad>83</ns3:cad>
          </ns3:TrackPointExtension>
        </extensions>
      </trkpt>
      <trkpt lat="49.1458145342767238616943359375" lon="6.15191015414893627166748046875">
        <ele>171.1999969482421875</ele>
        <time>2026-07-29T20:22:58.000Z</time>
        <extensions>
          <ns3:TrackPointExtension>
            <ns3:atemp>28.0</ns3:atemp>
            <ns3:hr>153</ns3:hr>
            <ns3:cad>83</ns3:cad>
          </ns3:TrackPointExtension>
        </extensions>
      </trkpt>
      <trkpt lat="49.145838506519794464111328125" lon="6.15189976058900356292724609375">
        <ele>171.1999969482421875</ele>
        <time>2026-07-29T20:22:59.000Z</time>
        <extensions>
          <ns3:TrackPointExtension>
            <ns3:atemp>28.0</ns3:atemp>
            <ns3:hr>153</ns3:hr>
            <ns3:cad>83</ns3:cad>
          </ns3:TrackPointExtension>
        </extensions>
      </trkpt>
      <trkpt lat="49.1458581201732158660888671875" lon="6.15188433788716793060302734375">
        <ele>171.1999969482421875</ele>
        <time>2026-07-29T20:23:00.000Z</time>
        <extensions>
          <ns3:TrackPointExtension>
            <ns3:atemp>28.0</ns3:atemp>
            <ns3:hr>153</ns3:hr>
            <ns3:cad>83</ns3:cad>
          </ns3:TrackPointExtension>
        </extensions>
      </trkpt>
      <trkpt lat="49.1458862833678722381591796875" lon="6.15186966955661773681640625">
        <ele>171.1999969482421875</ele>
        <time>2026-07-29T20:23:01.000Z</time>
        <extensions>
          <ns3:TrackPointExtension>
            <ns3:atemp>28.0</ns3:atemp>
            <ns3:hr>153</ns3:hr>
            <ns3:cad>83</ns3:cad>
          </ns3:TrackPointExtension>
        </extensions>
      </trkpt>
      <trkpt lat="49.145902208983898162841796875" lon="6.15185013972222805023193359375">
        <ele>171.1999969482421875</ele>
        <time>2026-07-29T20:23:02.000Z</time>
        <extensions>
          <ns3:TrackPointExtension>
            <ns3:atemp>28.0</ns3:atemp>
            <ns3:hr>153</ns3:hr>
            <ns3:cad>83</ns3:cad>
          </ns3:TrackPointExtension>
        </extensions>
      </trkpt>
      <trkpt lat="49.14592576213181018829345703125" lon="6.15182901732623577117919921875">
        <ele>171.1999969482421875</ele>
        <time>2026-07-29T20:23:03.000Z</time>
        <extensions>
          <ns3:TrackPointExtension>
            <ns3:atemp>28.0</ns3:atemp>
            <ns3:hr>152</ns3:hr>
            <ns3:cad>83</ns3:cad>
          </ns3:TrackPointExtension>
        </extensions>
      </trkpt>
      <trkpt lat="49.145949147641658782958984375" lon="6.15181493572890758514404296875">
        <ele>171.1999969482421875</ele>
        <time>2026-07-29T20:23:04.000Z</time>
        <extensions>
          <ns3:TrackPointExtension>
            <ns3:atemp>28.0</ns3:atemp>
            <ns3:hr>153</ns3:hr>
            <ns3:cad>83</ns3:cad>
          </ns3:TrackPointExtension>
        </extensions>
      </trkpt>
      <trkpt lat="49.14596381597220897674560546875" lon="6.15178920328617095947265625">
        <ele>171.1999969482421875</ele>
        <time>2026-07-29T20:23:05.000Z</time>
        <extensions>
          <ns3:TrackPointExtension>
            <ns3:atemp>28.0</ns3:atemp>
            <ns3:hr>153</ns3:hr>
            <ns3:cad>83</ns3:cad>
          </ns3:TrackPointExtension>
        </extensions>
      </trkpt>
      <trkpt lat="49.145986028015613555908203125" lon="6.1517618782818317413330078125">
        <ele>171.1999969482421875</ele>
        <time>2026-07-29T20:23:06.000Z</time>
        <extensions>
          <ns3:TrackPointExtension>
            <ns3:atemp>28.0</ns3:atemp>
            <ns3:hr>153</ns3:hr>
            <ns3:cad>83</ns3:cad>
          </ns3:TrackPointExtension>
        </extensions>
      </trkpt>
      <trkpt lat="49.145994074642658233642578125" lon="6.15173019468784332275390625">
        <ele>171.1999969482421875</ele>
        <time>2026-07-29T20:23:07.000Z</time>
        <extensions>
          <ns3:TrackPointExtension>
            <ns3:atemp>28.0</ns3:atemp>
            <ns3:hr>153</ns3:hr>
            <ns3:cad>83</ns3:cad>
          </ns3:TrackPointExtension>
        </extensions>
      </trkpt>
      <trkpt lat="49.14600589312613010406494140625" lon="6.1516958288848400115966796875">
        <ele>171.1999969482421875</ele>
        <time>2026-07-29T20:23:08.000Z</time>
        <extensions>
          <ns3:TrackPointExtension>
            <ns3:atemp>28.0</ns3:atemp>
            <ns3:hr>154</ns3:hr>
            <ns3:cad>84</ns3:cad>
          </ns3:TrackPointExtension>
        </extensions>
      </trkpt>
      <trkpt lat="49.14601461030542850494384765625" lon="6.151660792529582977294921875">
        <ele>171.1999969482421875</ele>
        <time>2026-07-29T20:23:09.000Z</time>
        <extensions>
          <ns3:TrackPointExtension>
            <ns3:atemp>28.0</ns3:atemp>
            <ns3:hr>154</ns3:hr>
            <ns3:cad>84</ns3:cad>
          </ns3:TrackPointExtension>
        </extensions>
      </trkpt>
      <trkpt lat="49.1460151970386505126953125" lon="6.151629947125911712646484375">
        <ele>171.399993896484375</ele>
        <time>2026-07-29T20:23:10.000Z</time>
        <extensions>
          <ns3:TrackPointExtension>
            <ns3:atemp>28.0</ns3:atemp>
            <ns3:hr>154</ns3:hr>
            <ns3:cad>84</ns3:cad>
          </ns3:TrackPointExtension>
        </extensions>
      </trkpt>
      <trkpt lat="49.14601880125701427459716796875" lon="6.15157999098300933837890625">
        <ele>171.399993896484375</ele>
        <time>2026-07-29T20:23:11.000Z</time>
        <extensions>
          <ns3:TrackPointExtension>
            <ns3:atemp>28.0</ns3:atemp>
            <ns3:hr>154</ns3:hr>
            <ns3:cad>84</ns3:cad>
          </ns3:TrackPointExtension>
        </extensions>
      </trkpt>
      <trkpt lat="49.14601880125701427459716796875" lon="6.1515459604561328887939453125">
        <ele>171.600006103515625</ele>
        <time>2026-07-29T20:23:12.000Z</time>
        <extensions>
          <ns3:TrackPointExtension>
            <ns3:atemp>28.0</ns3:atemp>
            <ns3:hr>154</ns3:hr>
            <ns3:cad>83</ns3:cad>
          </ns3:TrackPointExtension>
        </extensions>
      </trkpt>
      <trkpt lat="49.1460167057812213897705078125" lon="6.1515037156641483306884765625">
        <ele>171.600006103515625</ele>
        <time>2026-07-29T20:23:13.000Z</time>
        <extensions>
          <ns3:TrackPointExtension>
            <ns3:atemp>28.0</ns3:atemp>
            <ns3:hr>154</ns3:hr>
            <ns3:cad>83</ns3:cad>
          </ns3:TrackPointExtension>
        </extensions>
      </trkpt>
      <trkpt lat="49.14601963944733142852783203125" lon="6.15146440453827381134033203125">
        <ele>171.600006103515625</ele>
        <time>2026-07-29T20:23:14.000Z</time>
        <extensions>
          <ns3:TrackPointExtension>
            <ns3:atemp>28.0</ns3:atemp>
            <ns3:hr>154</ns3:hr>
            <ns3:cad>83</ns3:cad>
          </ns3:TrackPointExtension>
        </extensions>
      </trkpt>
      <trkpt lat="49.146016202867031097412109375" lon="6.15143238566815853118896484375">
        <ele>171.600006103515625</ele>
        <time>2026-07-29T20:23:15.000Z</time>
        <extensions>
          <ns3:TrackPointExtension>
            <ns3:atemp>28.0</ns3:atemp>
            <ns3:hr>154</ns3:hr>
            <ns3:cad>82</ns3:cad>
          </ns3:TrackPointExtension>
        </extensions>
      </trkpt>
      <trkpt lat="49.14601511321961879730224609375" lon="6.15138460882008075714111328125">
        <ele>171.600006103515625</ele>
        <time>2026-07-29T20:23:16.000Z</time>
        <extensions>
          <ns3:TrackPointExtension>
            <ns3:atemp>28.0</ns3:atemp>
            <ns3:hr>154</ns3:hr>
            <ns3:cad>82</ns3:cad>
          </ns3:TrackPointExtension>
        </extensions>
      </trkpt>
      <trkpt lat="49.146013520658016204833984375" lon="6.1513473093509674072265625">
        <ele>171.399993896484375</ele>
        <time>2026-07-29T20:23:17.000Z</time>
        <extensions>
          <ns3:TrackPointExtension>
            <ns3:atemp>28.0</ns3:atemp>
            <ns3:hr>154</ns3:hr>
            <ns3:cad>83</ns3:cad>
          </ns3:TrackPointExtension>
        </extensions>
      </trkpt>
      <trkpt lat="49.1460125148296356201171875" lon="6.15130548365414142608642578125">
        <ele>171.399993896484375</ele>
        <time>2026-07-29T20:23:18.000Z</time>
        <extensions>
          <ns3:TrackPointExtension>
            <ns3:atemp>28.0</ns3:atemp>
            <ns3:hr>155</ns3:hr>
            <ns3:cad>83</ns3:cad>
          </ns3:TrackPointExtension>
        </extensions>
      </trkpt>
      <trkpt lat="49.14601695723831653594970703125" lon="6.151264496147632598876953125">
        <ele>171.399993896484375</ele>
        <time>2026-07-29T20:23:19.000Z</time>
        <extensions>
          <ns3:TrackPointExtension>
            <ns3:atemp>28.0</ns3:atemp>
            <ns3:hr>155</ns3:hr>
            <ns3:cad>83</ns3:cad>
          </ns3:TrackPointExtension>
        </extensions>
      </trkpt>
      <trkpt lat="49.1460150294005870819091796875" lon="6.151227615773677825927734375">
        <ele>171.600006103515625</ele>
        <time>2026-07-29T20:23:20.000Z</time>
        <extensions>
          <ns3:TrackPointExtension>
            <ns3:atemp>28.0</ns3:atemp>
            <ns3:hr>155</ns3:hr>
            <ns3:cad>84</ns3:cad>
          </ns3:TrackPointExtension>
        </extensions>
      </trkpt>
      <trkpt lat="49.14601963944733142852783203125" lon="6.15117791108787059783935546875">
        <ele>171.600006103515625</ele>
        <time>2026-07-29T20:23:21.000Z</time>
        <extensions>
          <ns3:TrackPointExtension>
            <ns3:atemp>28.0</ns3:atemp>
            <ns3:hr>155</ns3:hr>
            <ns3:cad>84</ns3:cad>
          </ns3:TrackPointExtension>
        </extensions>
      </trkpt>
      <trkpt lat="49.1460227407515048980712890625" lon="6.151139773428440093994140625">
        <ele>171.600006103515625</ele>
        <time>2026-07-29T20:23:22.000Z</time>
        <extensions>
          <ns3:TrackPointExtension>
            <ns3:atemp>28.0</ns3:atemp>
            <ns3:hr>155</ns3:hr>
            <ns3:cad>84</ns3:cad>
          </ns3:TrackPointExtension>
        </extensions>
      </trkpt>
      <trkpt lat="49.14601880125701427459716796875" lon="6.15111152641475200653076171875">
        <ele>171.600006103515625</ele>
        <time>2026-07-29T20:23:23.000Z</time>
        <extensions>
          <ns3:TrackPointExtension>
            <ns3:atemp>28.0</ns3:atemp>
            <ns3:hr>156</ns3:hr>
            <ns3:cad>83</ns3:cad>
          </ns3:TrackPointExtension>
        </extensions>
      </trkpt>
      <trkpt lat="49.14601712487637996673583984375" lon="6.15108185447752475738525390625">
        <ele>171.600006103515625</ele>
        <time>2026-07-29T20:23:24.000Z</time>
        <extensions>
          <ns3:TrackPointExtension>
            <ns3:atemp>28.0</ns3:atemp>
            <ns3:hr>156</ns3:hr>
            <ns3:cad>83</ns3:cad>
          </ns3:TrackPointExtension>
        </extensions>
      </trkpt>
      <trkpt lat="49.146016202867031097412109375" lon="6.1510562896728515625">
        <ele>171.600006103515625</ele>
        <time>2026-07-29T20:23:25.000Z</time>
        <extensions>
          <ns3:TrackPointExtension>
            <ns3:atemp>28.0</ns3:atemp>
            <ns3:hr>156</ns3:hr>
            <ns3:cad>83</ns3:cad>
          </ns3:TrackPointExtension>
        </extensions>
      </trkpt>
      <trkpt lat="49.1460156999528408050537109375" lon="6.1510361731052398681640625">
        <ele>171.600006103515625</ele>
        <time>2026-07-29T20:23:26.000Z</time>
        <extensions>
          <ns3:TrackPointExtension>
            <ns3:atemp>28.0</ns3:atemp>
            <ns3:hr>156</ns3:hr>
            <ns3:cad>83</ns3:cad>
          </ns3:TrackPointExtension>
        </extensions>
      </trkpt>
      <trkpt lat="49.1460190527141094207763671875" lon="6.151016056537628173828125">
        <ele>171.600006103515625</ele>
        <time>2026-07-29T20:23:27.000Z</time>
        <extensions>
          <ns3:TrackPointExtension>
            <ns3:atemp>28.0</ns3:atemp>
            <ns3:hr>156</ns3:hr>
            <ns3:cad>83</ns3:cad>
          </ns3:TrackPointExtension>
        </extensions>
      </trkpt>
      <trkpt lat="49.14602299220860004425048828125" lon="6.1509991250932216644287109375">
        <ele>171.600006103515625</ele>
        <time>2026-07-29T20:23:28.000Z</time>
        <extensions>
          <ns3:TrackPointExtension>
            <ns3:atemp>28.0</ns3:atemp>
            <ns3:hr>156</ns3:hr>
            <ns3:cad>83</ns3:cad>
          </ns3:TrackPointExtension>
        </extensions>
      </trkpt>
      <trkpt lat="49.146028943359851837158203125" lon="6.1509863846004009246826171875">
        <ele>171.600006103515625</ele>
        <time>2026-07-29T20:23:29.000Z</time>
        <extensions>
          <ns3:TrackPointExtension>
            <ns3:atemp>28.0</ns3:atemp>
            <ns3:hr>156</ns3:hr>
            <ns3:cad>83</ns3:cad>
          </ns3:TrackPointExtension>
        </extensions>
      </trkpt>
      <trkpt lat="49.1460361517965793609619140625" lon="6.15098110400140285491943359375">
        <ele>171.600006103515625</ele>
        <time>2026-07-29T20:23:30.000Z</time>
        <extensions>
          <ns3:TrackPointExtension>
            <ns3:atemp>28.0</ns3:atemp>
            <ns3:hr>156</ns3:hr>
            <ns3:cad>83</ns3:cad>
          </ns3:TrackPointExtension>
        </extensions>
      </trkpt>
      <trkpt lat="49.14603975601494312286376953125" lon="6.1509739793837070465087890625">
        <ele>171.8000030517578125</ele>
        <time>2026-07-29T20:23:31.000Z</time>
        <extensions>
          <ns3:TrackPointExtension>
            <ns3:atemp>28.0</ns3:atemp>
            <ns3:hr>156</ns3:hr>
            <ns3:cad>83</ns3:cad>
          </ns3:TrackPointExtension>
        </extensions>
      </trkpt>
      <trkpt lat="49.146044366061687469482421875" lon="6.1509652622044086456298828125">
        <ele>171.8000030517578125</ele>
        <time>2026-07-29T20:23:32.000Z</time>
        <extensions>
          <ns3:TrackPointExtension>
            <ns3:atemp>28.0</ns3:atemp>
            <ns3:hr>155</ns3:hr>
            <ns3:cad>52</ns3:cad>
          </ns3:TrackPointExtension>
        </extensions>
      </trkpt>
      <trkpt lat="49.14605232886970043182373046875" lon="6.1509557068347930908203125">
        <ele>171.8000030517578125</ele>
        <time>2026-07-29T20:23:33.000Z</time>
        <extensions>
          <ns3:TrackPointExtension>
            <ns3:atemp>28.0</ns3:atemp>
            <ns3:hr>154</ns3:hr>
            <ns3:cad>52</ns3:cad>
          </ns3:TrackPointExtension>
        </extensions>
      </trkpt>
      <trkpt lat="49.14606414735317230224609375" lon="6.15094606764614582061767578125">
        <ele>171.8000030517578125</ele>
        <time>2026-07-29T20:23:34.000Z</time>
        <extensions>
          <ns3:TrackPointExtension>
            <ns3:atemp>28.0</ns3:atemp>
            <ns3:hr>153</ns3:hr>
            <ns3:cad>53</ns3:cad>
          </ns3:TrackPointExtension>
        </extensions>
      </trkpt>
      <trkpt lat="49.14608828723430633544921875" lon="6.150926537811756134033203125">
        <ele>171.8000030517578125</ele>
        <time>2026-07-29T20:23:35.000Z</time>
        <extensions>
          <ns3:TrackPointExtension>
            <ns3:atemp>28.0</ns3:atemp>
            <ns3:hr>153</ns3:hr>
            <ns3:cad>53</ns3:cad>
          </ns3:TrackPointExtension>
        </extensions>
      </trkpt>
      <trkpt lat="49.1461050510406494140625" lon="6.15090684033930301666259765625">
        <ele>171.8000030517578125</ele>
        <time>2026-07-29T20:23:36.000Z</time>
        <extensions>
          <ns3:TrackPointExtension>
            <ns3:atemp>28.0</ns3:atemp>
            <ns3:hr>152</ns3:hr>
            <ns3:cad>53</ns3:cad>
          </ns3:TrackPointExtension>
        </extensions>
      </trkpt>
      <trkpt lat="49.14612826891243457794189453125" lon="6.150884293019771575927734375">
        <ele>171.8000030517578125</ele>
        <time>2026-07-29T20:23:37.000Z</time>
        <extensions>
          <ns3:TrackPointExtension>
            <ns3:atemp>28.0</ns3:atemp>
            <ns3:hr>151</ns3:hr>
            <ns3:cad>53</ns3:cad>
          </ns3:TrackPointExtension>
        </extensions>
      </trkpt>
      <trkpt lat="49.1461519896984100341796875" lon="6.1508744023740291595458984375">
        <ele>171.8000030517578125</ele>
        <time>2026-07-29T20:23:38.000Z</time>
        <extensions>
          <ns3:TrackPointExtension>
            <ns3:atemp>28.0</ns3:atemp>
            <ns3:hr>151</ns3:hr>
            <ns3:cad>53</ns3:cad>
          </ns3:TrackPointExtension>
        </extensions>
      </trkpt>
      <trkpt lat="49.14617269299924373626708984375" lon="6.15085738711059093475341796875">
        <ele>171.8000030517578125</ele>
        <time>2026-07-29T20:23:39.000Z</time>
        <extensions>
          <ns3:TrackPointExtension>
            <ns3:atemp>28.0</ns3:atemp>
            <ns3:hr>151</ns3:hr>
            <ns3:cad>83</ns3:cad>
          </ns3:TrackPointExtension>
        </extensions>
      </trkpt>
      <trkpt lat="49.14620270021259784698486328125" lon="6.15084640681743621826171875">
        <ele>171.8000030517578125</ele>
        <time>2026-07-29T20:23:40.000Z</time>
        <extensions>
          <ns3:TrackPointExtension>
            <ns3:atemp>28.0</ns3:atemp>
            <ns3:hr>150</ns3:hr>
            <ns3:cad>84</ns3:cad>
          </ns3:TrackPointExtension>
        </extensions>
      </trkpt>
      <trkpt lat="49.1462244093418121337890625" lon="6.1508350074291229248046875">
        <ele>171.8000030517578125</ele>
        <time>2026-07-29T20:23:41.000Z</time>
        <extensions>
          <ns3:TrackPointExtension>
            <ns3:atemp>28.0</ns3:atemp>
            <ns3:hr>150</ns3:hr>
            <ns3:cad>83</ns3:cad>
          </ns3:TrackPointExtension>
        </extensions>
      </trkpt>
      <trkpt lat="49.1462470404803752899169921875" lon="6.15083022974431514739990234375">
        <ele>171.8000030517578125</ele>
        <time>2026-07-29T20:23:42.000Z</time>
        <extensions>
          <ns3:TrackPointExtension>
            <ns3:atemp>28.0</ns3:atemp>
            <ns3:hr>150</ns3:hr>
            <ns3:cad>83</ns3:cad>
          </ns3:TrackPointExtension>
        </extensions>
      </trkpt>
      <trkpt lat="49.14627201855182647705078125" lon="6.1508288048207759857177734375">
        <ele>171.8000030517578125</ele>
        <time>2026-07-29T20:23:43.000Z</time>
        <extensions>
          <ns3:TrackPointExtension>
            <ns3:atemp>28.0</ns3:atemp>
            <ns3:hr>150</ns3:hr>
            <ns3:cad>83</ns3:cad>
          </ns3:TrackPointExtension>
        </extensions>
      </trkpt>
      <trkpt lat="49.14628953672945499420166015625" lon="6.15081698633730411529541015625">
        <ele>171.8000030517578125</ele>
        <time>2026-07-29T20:23:44.000Z</time>
        <extensions>
          <ns3:TrackPointExtension>
            <ns3:atemp>28.0</ns3:atemp>
            <ns3:hr>150</ns3:hr>
            <ns3:cad>83</ns3:cad>
          </ns3:TrackPointExtension>
        </extensions>
      </trkpt>
      <trkpt lat="49.14631920866668224334716796875" lon="6.1508123762905597686767578125">
        <ele>171.8000030517578125</ele>
        <time>2026-07-29T20:23:45.000Z</time>
        <extensions>
          <ns3:TrackPointExtension>
            <ns3:atemp>28.0</ns3:atemp>
            <ns3:hr>149</ns3:hr>
            <ns3:cad>83</ns3:cad>
          </ns3:TrackPointExtension>
        </extensions>
      </trkpt>
      <trkpt lat="49.14634267799556255340576171875" lon="6.150801815092563629150390625">
        <ele>171.8000030517578125</ele>
        <time>2026-07-29T20:23:46.000Z</time>
        <extensions>
          <ns3:TrackPointExtension>
            <ns3:atemp>28.0</ns3:atemp>
            <ns3:hr>149</ns3:hr>
            <ns3:cad>83</ns3:cad>
          </ns3:TrackPointExtension>
        </extensions>
      </trkpt>
      <trkpt lat="49.1463674046099185943603515625" lon="6.15079117007553577423095703125">
        <ele>171.8000030517578125</ele>
        <time>2026-07-29T20:23:47.000Z</time>
        <extensions>
          <ns3:TrackPointExtension>
            <ns3:atemp>28.0</ns3:atemp>
            <ns3:hr>149</ns3:hr>
            <ns3:cad>83</ns3:cad>
          </ns3:TrackPointExtension>
        </extensions>
      </trkpt>
      <trkpt lat="49.14639405906200408935546875" lon="6.150787733495235443115234375">
        <ele>171.8000030517578125</ele>
        <time>2026-07-29T20:23:48.000Z</time>
        <extensions>
          <ns3:TrackPointExtension>
            <ns3:atemp>28.0</ns3:atemp>
            <ns3:hr>149</ns3:hr>
            <ns3:cad>84</ns3:cad>
          </ns3:TrackPointExtension>
        </extensions>
      </trkpt>
      <trkpt lat="49.14641543291509151458740234375" lon="6.15077801048755645751953125">
        <ele>172</ele>
        <time>2026-07-29T20:23:49.000Z</time>
        <extensions>
          <ns3:TrackPointExtension>
            <ns3:atemp>28.0</ns3:atemp>
            <ns3:hr>149</ns3:hr>
            <ns3:cad>85</ns3:cad>
          </ns3:TrackPointExtension>
        </extensions>
      </trkpt>
      <trkpt lat="49.146444685757160186767578125" lon="6.15078077651560306549072265625">
        <ele>172</ele>
        <time>2026-07-29T20:23:50.000Z</time>
        <extensions>
          <ns3:TrackPointExtension>
            <ns3:atemp>28.0</ns3:atemp>
            <ns3:hr>149</ns3:hr>
            <ns3:cad>85</ns3:cad>
          </ns3:TrackPointExtension>
        </extensions>
      </trkpt>
      <trkpt lat="49.14646605961024761199951171875" lon="6.15076820366084575653076171875">
        <ele>172</ele>
        <time>2026-07-29T20:23:51.000Z</time>
        <extensions>
          <ns3:TrackPointExtension>
            <ns3:atemp>28.0</ns3:atemp>
            <ns3:hr>149</ns3:hr>
            <ns3:cad>85</ns3:cad>
          </ns3:TrackPointExtension>
        </extensions>
      </trkpt>
      <trkpt lat="49.14649137295782566070556640625" lon="6.150764934718608856201171875">
        <ele>172</ele>
        <time>2026-07-29T20:23:52.000Z</time>
        <extensions>
          <ns3:TrackPointExtension>
            <ns3:atemp>28.0</ns3:atemp>
            <ns3:hr>149</ns3:hr>
            <ns3:cad>84</ns3:cad>
          </ns3:TrackPointExtension>
        </extensions>
      </trkpt>
      <trkpt lat="49.14651534520089626312255859375" lon="6.150758564472198486328125">
        <ele>172</ele>
        <time>2026-07-29T20:23:53.000Z</time>
        <extensions>
          <ns3:TrackPointExtension>
            <ns3:atemp>28.0</ns3:atemp>
            <ns3:hr>149</ns3:hr>
            <ns3:cad>84</ns3:cad>
          </ns3:TrackPointExtension>
        </extensions>
      </trkpt>
      <trkpt lat="49.1465377248823642730712890625" lon="6.15075076930224895477294921875">
        <ele>171.8000030517578125</ele>
        <time>2026-07-29T20:23:54.000Z</time>
        <extensions>
          <ns3:TrackPointExtension>
            <ns3:atemp>28.0</ns3:atemp>
            <ns3:hr>148</ns3:hr>
            <ns3:cad>84</ns3:cad>
          </ns3:TrackPointExtension>
        </extensions>
      </trkpt>
      <trkpt lat="49.146561361849308013916015625" lon="6.15073819644749164581298828125">
        <ele>172</ele>
        <time>2026-07-29T20:23:55.000Z</time>
        <extensions>
          <ns3:TrackPointExtension>
            <ns3:atemp>28.0</ns3:atemp>
            <ns3:hr>148</ns3:hr>
            <ns3:cad>84</ns3:cad>
          </ns3:TrackPointExtension>
        </extensions>
      </trkpt>
      <trkpt lat="49.14658172987401485443115234375" lon="6.15072813816368579864501953125">
        <ele>172</ele>
        <time>2026-07-29T20:23:56.000Z</time>
        <extensions>
          <ns3:TrackPointExtension>
            <ns3:atemp>28.0</ns3:atemp>
            <ns3:hr>148</ns3:hr>
            <ns3:cad>84</ns3:cad>
          </ns3:TrackPointExtension>
        </extensions>
      </trkpt>
      <trkpt lat="49.14660385809838771820068359375" lon="6.1507215164601802825927734375">
        <ele>172</ele>
        <time>2026-07-29T20:23:57.000Z</time>
        <extensions>
          <ns3:TrackPointExtension>
            <ns3:atemp>28.0</ns3:atemp>
            <ns3:hr>147</ns3:hr>
            <ns3:cad>84</ns3:cad>
          </ns3:TrackPointExtension>
        </extensions>
      </trkpt>
      <trkpt lat="49.1466272436082363128662109375" lon="6.15071053616702556610107421875">
        <ele>172</ele>
        <time>2026-07-29T20:23:58.000Z</time>
        <extensions>
          <ns3:TrackPointExtension>
            <ns3:atemp>28.0</ns3:atemp>
            <ns3:hr>147</ns3:hr>
            <ns3:cad>84</ns3:cad>
          </ns3:TrackPointExtension>
        </extensions>
      </trkpt>
      <trkpt lat="49.1466473601758480072021484375" lon="6.15069746039807796478271484375">
        <ele>172</ele>
        <time>2026-07-29T20:23:59.000Z</time>
        <extensions>
          <ns3:TrackPointExtension>
            <ns3:atemp>28.0</ns3:atemp>
            <ns3:hr>147</ns3:hr>
            <ns3:cad>84</ns3:cad>
          </ns3:TrackPointExtension>
        </extensions>
      </trkpt>
      <trkpt lat="49.1466755233705043792724609375" lon="6.15068019367754459381103515625">
        <ele>172</ele>
        <time>2026-07-29T20:24:00.000Z</time>
        <extensions>
          <ns3:TrackPointExtension>
            <ns3:atemp>28.0</ns3:atemp>
            <ns3:hr>147</ns3:hr>
            <ns3:cad>84</ns3:cad>
          </ns3:TrackPointExtension>
        </extensions>
      </trkpt>
      <trkpt lat="49.146696813404560089111328125" lon="6.15067340433597564697265625">
        <ele>172</ele>
        <time>2026-07-29T20:24:01.000Z</time>
        <extensions>
          <ns3:TrackPointExtension>
            <ns3:atemp>28.0</ns3:atemp>
            <ns3:hr>147</ns3:hr>
            <ns3:cad>84</ns3:cad>
          </ns3:TrackPointExtension>
        </extensions>
      </trkpt>
      <trkpt lat="49.1467206180095672607421875" lon="6.15066058002412319183349609375">
        <ele>172</ele>
        <time>2026-07-29T20:24:02.000Z</time>
        <extensions>
          <ns3:TrackPointExtension>
            <ns3:atemp>28.0</ns3:atemp>
            <ns3:hr>147</ns3:hr>
            <ns3:cad>83</ns3:cad>
          </ns3:TrackPointExtension>
        </extensions>
      </trkpt>
      <trkpt lat="49.14674668572843074798583984375" lon="6.15065773017704486846923828125">
        <ele>172</ele>
        <time>2026-07-29T20:24:03.000Z</time>
        <extensions>
          <ns3:TrackPointExtension>
            <ns3:atemp>28.0</ns3:atemp>
            <ns3:hr>147</ns3:hr>
            <ns3:cad>83</ns3:cad>
          </ns3:TrackPointExtension>
        </extensions>
      </trkpt>
      <trkpt lat="49.1467683948576450347900390625" lon="6.1506447382271289825439453125">
        <ele>172</ele>
        <time>2026-07-29T20:24:04.000Z</time>
        <extensions>
          <ns3:TrackPointExtension>
            <ns3:atemp>28.0</ns3:atemp>
            <ns3:hr>147</ns3:hr>
            <ns3:cad>83</ns3:cad>
          </ns3:TrackPointExtension>
        </extensions>
      </trkpt>
      <trkpt lat="49.14680049754679203033447265625" lon="6.1506306566298007965087890625">
        <ele>172</ele>
        <time>2026-07-29T20:24:05.000Z</time>
        <extensions>
          <ns3:TrackPointExtension>
            <ns3:atemp>28.0</ns3:atemp>
            <ns3:hr>147</ns3:hr>
            <ns3:cad>83</ns3:cad>
          </ns3:TrackPointExtension>
        </extensions>
      </trkpt>
      <trkpt lat="49.1468233801424503326416015625" lon="6.15062956698238849639892578125">
        <ele>172</ele>
        <time>2026-07-29T20:24:06.000Z</time>
        <extensions>
          <ns3:TrackPointExtension>
            <ns3:atemp>28.0</ns3:atemp>
            <ns3:hr>147</ns3:hr>
            <ns3:cad>83</ns3:cad>
          </ns3:TrackPointExtension>
        </extensions>
      </trkpt>
      <trkpt lat="49.146848358213901519775390625" lon="6.15062168799340724945068359375">
        <ele>172</ele>
        <time>2026-07-29T20:24:07.000Z</time>
        <extensions>
          <ns3:TrackPointExtension>
            <ns3:atemp>28.0</ns3:atemp>
            <ns3:hr>147</ns3:hr>
            <ns3:cad>83</ns3:cad>
          </ns3:TrackPointExtension>
        </extensions>
      </trkpt>
      <trkpt lat="49.146879874169826507568359375" lon="6.150616072118282318115234375">
        <ele>172</ele>
        <time>2026-07-29T20:24:08.000Z</time>
        <extensions>
          <ns3:TrackPointExtension>
            <ns3:atemp>28.0</ns3:atemp>
            <ns3:hr>147</ns3:hr>
            <ns3:cad>83</ns3:cad>
          </ns3:TrackPointExtension>
        </extensions>
      </trkpt>
      <trkpt lat="49.14690367877483367919921875" lon="6.150605343282222747802734375">
        <ele>172</ele>
        <time>2026-07-29T20:24:09.000Z</time>
        <extensions>
          <ns3:TrackPointExtension>
            <ns3:atemp>28.0</ns3:atemp>
            <ns3:hr>147</ns3:hr>
            <ns3:cad>83</ns3:cad>
          </ns3:TrackPointExtension>
        </extensions>
      </trkpt>
      <trkpt lat="49.14693511091172695159912109375" lon="6.150594614446163177490234375">
        <ele>172.1999969482421875</ele>
        <time>2026-07-29T20:24:10.000Z</time>
        <extensions>
          <ns3:TrackPointExtension>
            <ns3:atemp>28.0</ns3:atemp>
            <ns3:hr>148</ns3:hr>
            <ns3:cad>83</ns3:cad>
          </ns3:TrackPointExtension>
        </extensions>
      </trkpt>
      <trkpt lat="49.1469564847648143768310546875" lon="6.15058179013431072235107421875">
        <ele>172</ele>
        <time>2026-07-29T20:24:11.000Z</time>
        <extensions>
          <ns3:TrackPointExtension>
            <ns3:atemp>28.0</ns3:atemp>
            <ns3:hr>148</ns3:hr>
            <ns3:cad>84</ns3:cad>
          </ns3:TrackPointExtension>
        </extensions>
      </trkpt>
      <trkpt lat="49.1469769366085529327392578125" lon="6.15056812763214111328125">
        <ele>172</ele>
        <time>2026-07-29T20:24:12.000Z</time>
        <extensions>
          <ns3:TrackPointExtension>
            <ns3:atemp>28.0</ns3:atemp>
            <ns3:hr>148</ns3:hr>
            <ns3:cad>84</ns3:cad>
          </ns3:TrackPointExtension>
        </extensions>
      </trkpt>
      <trkpt lat="49.14700401015579700469970703125" lon="6.1505622602999210357666015625">
        <ele>172</ele>
        <time>2026-07-29T20:24:13.000Z</time>
        <extensions>
          <ns3:TrackPointExtension>
            <ns3:atemp>28.0</ns3:atemp>
            <ns3:hr>148</ns3:hr>
            <ns3:cad>84</ns3:cad>
          </ns3:TrackPointExtension>
        </extensions>
      </trkpt>
      <trkpt lat="49.14702437818050384521484375" lon="6.150553040206432342529296875">
        <ele>172.1999969482421875</ele>
        <time>2026-07-29T20:24:14.000Z</time>
        <extensions>
          <ns3:TrackPointExtension>
            <ns3:atemp>28.0</ns3:atemp>
            <ns3:hr>148</ns3:hr>
            <ns3:cad>84</ns3:cad>
          </ns3:TrackPointExtension>
        </extensions>
      </trkpt>
      <trkpt lat="49.1470537148416042327880859375" lon="6.15054222755134105682373046875">
        <ele>172.1999969482421875</ele>
        <time>2026-07-29T20:24:15.000Z</time>
        <extensions>
          <ns3:TrackPointExtension>
            <ns3:atemp>28.0</ns3:atemp>
            <ns3:hr>148</ns3:hr>
            <ns3:cad>84</ns3:cad>
          </ns3:TrackPointExtension>
        </extensions>
      </trkpt>
      <trkpt lat="49.1470773518085479736328125" lon="6.15053283981978893280029296875">
        <ele>172.1999969482421875</ele>
        <time>2026-07-29T20:24:16.000Z</time>
        <extensions>
          <ns3:TrackPointExtension>
            <ns3:atemp>28.0</ns3:atemp>
            <ns3:hr>148</ns3:hr>
            <ns3:cad>83</ns3:cad>
          </ns3:TrackPointExtension>
        </extensions>
      </trkpt>
      <trkpt lat="49.14709889329969882965087890625" lon="6.15051775239408016204833984375">
        <ele>172.1999969482421875</ele>
        <time>2026-07-29T20:24:17.000Z</time>
        <extensions>
          <ns3:TrackPointExtension>
            <ns3:atemp>28.0</ns3:atemp>
            <ns3:hr>149</ns3:hr>
            <ns3:cad>83</ns3:cad>
          </ns3:TrackPointExtension>
        </extensions>
      </trkpt>
      <trkpt lat="49.14712873287498950958251953125" lon="6.1504972167313098907470703125">
        <ele>172</ele>
        <time>2026-07-29T20:24:18.000Z</time>
        <extensions>
          <ns3:TrackPointExtension>
            <ns3:atemp>28.0</ns3:atemp>
            <ns3:hr>149</ns3:hr>
            <ns3:cad>83</ns3:cad>
          </ns3:TrackPointExtension>
        </extensions>
      </trkpt>
      <trkpt lat="49.14714851416647434234619140625" lon="6.15047626197338104248046875">
        <ele>172</ele>
        <time>2026-07-29T20:24:19.000Z</time>
        <extensions>
          <ns3:TrackPointExtension>
            <ns3:atemp>28.0</ns3:atemp>
            <ns3:hr>149</ns3:hr>
            <ns3:cad>83</ns3:cad>
          </ns3:TrackPointExtension>
        </extensions>
      </trkpt>
      <trkpt lat="49.14717718027532100677490234375" lon="6.15046016871929168701171875">
        <ele>172</ele>
        <time>2026-07-29T20:24:20.000Z</time>
        <extensions>
          <ns3:TrackPointExtension>
            <ns3:atemp>28.0</ns3:atemp>
            <ns3:hr>149</ns3:hr>
            <ns3:cad>83</ns3:cad>
          </ns3:TrackPointExtension>
        </extensions>
      </trkpt>
      <trkpt lat="49.147202074527740478515625" lon="6.1504516191780567169189453125">
        <ele>172</ele>
        <time>2026-07-29T20:24:21.000Z</time>
        <extensions>
          <ns3:TrackPointExtension>
            <ns3:atemp>28.0</ns3:atemp>
            <ns3:hr>149</ns3:hr>
            <ns3:cad>83</ns3:cad>
          </ns3:TrackPointExtension>
        </extensions>
      </trkpt>
      <trkpt lat="49.14722462184727191925048828125" lon="6.15043778903782367706298828125">
        <ele>172.1999969482421875</ele>
        <time>2026-07-29T20:24:22.000Z</time>
        <extensions>
          <ns3:TrackPointExtension>
            <ns3:atemp>28.0</ns3:atemp>
            <ns3:hr>149</ns3:hr>
            <ns3:cad>83</ns3:cad>
          </ns3:TrackPointExtension>
        </extensions>
      </trkpt>
      <trkpt lat="49.147255383431911468505859375" lon="6.15043359808623790740966796875">
        <ele>172.1999969482421875</ele>
        <time>2026-07-29T20:24:23.000Z</time>
        <extensions>
          <ns3:TrackPointExtension>
            <ns3:atemp>28.0</ns3:atemp>
            <ns3:hr>149</ns3:hr>
            <ns3:cad>83</ns3:cad>
          </ns3:TrackPointExtension>
        </extensions>
      </trkpt>
      <trkpt lat="49.1472776792943477630615234375" lon="6.1504234559834003448486328125">
        <ele>172.1999969482421875</ele>
        <time>2026-07-29T20:24:24.000Z</time>
        <extensions>
          <ns3:TrackPointExtension>
            <ns3:atemp>28.0</ns3:atemp>
            <ns3:hr>149</ns3:hr>
            <ns3:cad>83</ns3:cad>
          </ns3:TrackPointExtension>
        </extensions>
      </trkpt>
      <trkpt lat="49.14730341173708438873291015625" lon="6.15042068995535373687744140625">
        <ele>172.399993896484375</ele>
        <time>2026-07-29T20:24:25.000Z</time>
        <extensions>
          <ns3:TrackPointExtension>
            <ns3:atemp>28.0</ns3:atemp>
            <ns3:hr>149</ns3:hr>
            <ns3:cad>83</ns3:cad>
          </ns3:TrackPointExtension>
        </extensions>
      </trkpt>
      <trkpt lat="49.14732771925628185272216796875" lon="6.15041465498507022857666015625">
        <ele>172.399993896484375</ele>
        <time>2026-07-29T20:24:26.000Z</time>
        <extensions>
          <ns3:TrackPointExtension>
            <ns3:atemp>28.0</ns3:atemp>
            <ns3:hr>149</ns3:hr>
            <ns3:cad>83</ns3:cad>
          </ns3:TrackPointExtension>
        </extensions>
      </trkpt>
      <trkpt lat="49.147347249090671539306640625" lon="6.1503966338932514190673828125">
        <ele>172.399993896484375</ele>
        <time>2026-07-29T20:24:27.000Z</time>
        <extensions>
          <ns3:TrackPointExtension>
            <ns3:atemp>28.0</ns3:atemp>
            <ns3:hr>148</ns3:hr>
            <ns3:cad>83</ns3:cad>
          </ns3:TrackPointExtension>
        </extensions>
      </trkpt>
      <trkpt lat="49.14737650193274021148681640625" lon="6.15038665942847728729248046875">
        <ele>172.399993896484375</ele>
        <time>2026-07-29T20:24:28.000Z</time>
        <extensions>
          <ns3:TrackPointExtension>
            <ns3:atemp>28.0</ns3:atemp>
            <ns3:hr>148</ns3:hr>
            <ns3:cad>84</ns3:cad>
          </ns3:TrackPointExtension>
        </extensions>
      </trkpt>
      <trkpt lat="49.14739678613841533660888671875" lon="6.15037073381245136260986328125">
        <ele>172.399993896484375</ele>
        <time>2026-07-29T20:24:29.000Z</time>
        <extensions>
          <ns3:TrackPointExtension>
            <ns3:atemp>28.0</ns3:atemp>
            <ns3:hr>148</ns3:hr>
            <ns3:cad>84</ns3:cad>
          </ns3:TrackPointExtension>
        </extensions>
      </trkpt>
      <trkpt lat="49.14742629043757915496826171875" lon="6.15035681985318660736083984375">
        <ele>172.1999969482421875</ele>
        <time>2026-07-29T20:24:30.000Z</time>
        <extensions>
          <ns3:TrackPointExtension>
            <ns3:atemp>28.0</ns3:atemp>
            <ns3:hr>148</ns3:hr>
            <ns3:cad>84</ns3:cad>
          </ns3:TrackPointExtension>
        </extensions>
      </trkpt>
      <trkpt lat="49.14744959212839603424072265625" lon="6.15033972077071666717529296875">
        <ele>172.1999969482421875</ele>
        <time>2026-07-29T20:24:31.000Z</time>
        <extensions>
          <ns3:TrackPointExtension>
            <ns3:atemp>28.0</ns3:atemp>
            <ns3:hr>148</ns3:hr>
            <ns3:cad>84</ns3:cad>
          </ns3:TrackPointExtension>
        </extensions>
      </trkpt>
      <trkpt lat="49.1474689543247222900390625" lon="6.1503173410892486572265625">
        <ele>172.1999969482421875</ele>
        <time>2026-07-29T20:24:32.000Z</time>
        <extensions>
          <ns3:TrackPointExtension>
            <ns3:atemp>28.0</ns3:atemp>
            <ns3:hr>148</ns3:hr>
            <ns3:cad>83</ns3:cad>
          </ns3:TrackPointExtension>
        </extensions>
      </trkpt>
      <trkpt lat="49.14749954827129840850830078125" lon="6.15029789507389068603515625">
        <ele>172.399993896484375</ele>
        <time>2026-07-29T20:24:33.000Z</time>
        <extensions>
          <ns3:TrackPointExtension>
            <ns3:atemp>28.0</ns3:atemp>
            <ns3:hr>148</ns3:hr>
            <ns3:cad>83</ns3:cad>
          </ns3:TrackPointExtension>
        </extensions>
      </trkpt>
      <trkpt lat="49.1475214250385761260986328125" lon="6.1502829752862453460693359375">
        <ele>172.399993896484375</ele>
        <time>2026-07-29T20:24:34.000Z</time>
        <extensions>
          <ns3:TrackPointExtension>
            <ns3:atemp>28.0</ns3:atemp>
            <ns3:hr>148</ns3:hr>
            <ns3:cad>84</ns3:cad>
          </ns3:TrackPointExtension>
        </extensions>
      </trkpt>
      <trkpt lat="49.14754648692905902862548828125" lon="6.1502636969089508056640625">
        <ele>172.399993896484375</ele>
        <time>2026-07-29T20:24:35.000Z</time>
        <extensions>
          <ns3:TrackPointExtension>
            <ns3:atemp>28.0</ns3:atemp>
            <ns3:hr>149</ns3:hr>
            <ns3:cad>84</ns3:cad>
          </ns3:TrackPointExtension>
        </extensions>
      </trkpt>
      <trkpt lat="49.14757079444825649261474609375" lon="6.15024785511195659637451171875">
        <ele>172.600006103515625</ele>
        <time>2026-07-29T20:24:36.000Z</time>
        <extensions>
          <ns3:TrackPointExtension>
            <ns3:atemp>28.0</ns3:atemp>
            <ns3:hr>149</ns3:hr>
            <ns3:cad>84</ns3:cad>
          </ns3:TrackPointExtension>
        </extensions>
      </trkpt>
      <trkpt lat="49.147592000663280487060546875" lon="6.15023260004818439483642578125">
        <ele>172.600006103515625</ele>
        <time>2026-07-29T20:24:37.000Z</time>
        <extensions>
          <ns3:TrackPointExtension>
            <ns3:atemp>28.0</ns3:atemp>
            <ns3:hr>150</ns3:hr>
            <ns3:cad>84</ns3:cad>
          </ns3:TrackPointExtension>
        </extensions>
      </trkpt>
      <trkpt lat="49.1476191580295562744140625" lon="6.15021876990795135498046875">
        <ele>172.600006103515625</ele>
        <time>2026-07-29T20:24:38.000Z</time>
        <extensions>
          <ns3:TrackPointExtension>
            <ns3:atemp>28.0</ns3:atemp>
            <ns3:hr>150</ns3:hr>
            <ns3:cad>84</ns3:cad>
          </ns3:TrackPointExtension>
        </extensions>
      </trkpt>
      <trkpt lat="49.1476384364068508148193359375" lon="6.150201670825481414794921875">
        <ele>172.600006103515625</ele>
        <time>2026-07-29T20:24:39.000Z</time>
        <extensions>
          <ns3:TrackPointExtension>
            <ns3:atemp>28.0</ns3:atemp>
            <ns3:hr>151</ns3:hr>
            <ns3:cad>84</ns3:cad>
          </ns3:TrackPointExtension>
        </extensions>
      </trkpt>
      <trkpt lat="49.1476647555828094482421875" lon="6.150186248123645782470703125">
        <ele>172.600006103515625</ele>
        <time>2026-07-29T20:24:40.000Z</time>
        <extensions>
          <ns3:TrackPointExtension>
            <ns3:atemp>28.0</ns3:atemp>
            <ns3:hr>151</ns3:hr>
            <ns3:cad>84</ns3:cad>
          </ns3:TrackPointExtension>
        </extensions>
      </trkpt>
      <trkpt lat="49.147689901292324066162109375" lon="6.15017727948725223541259765625">
        <ele>172.600006103515625</ele>
        <time>2026-07-29T20:24:41.000Z</time>
        <extensions>
          <ns3:TrackPointExtension>
            <ns3:atemp>28.0</ns3:atemp>
            <ns3:hr>151</ns3:hr>
            <ns3:cad>85</ns3:cad>
          </ns3:TrackPointExtension>
        </extensions>
      </trkpt>
      <trkpt lat="49.14771110750734806060791015625" lon="6.15016085095703601837158203125">
        <ele>172.399993896484375</ele>
        <time>2026-07-29T20:24:42.000Z</time>
        <extensions>
          <ns3:TrackPointExtension>
            <ns3:atemp>28.0</ns3:atemp>
            <ns3:hr>152</ns3:hr>
            <ns3:cad>85</ns3:cad>
          </ns3:TrackPointExtension>
        </extensions>
      </trkpt>
      <trkpt lat="49.1477349959313869476318359375" lon="6.1501435004174709320068359375">
        <ele>172.399993896484375</ele>
        <time>2026-07-29T20:24:43.000Z</time>
        <extensions>
          <ns3:TrackPointExtension>
            <ns3:atemp>28.0</ns3:atemp>
            <ns3:hr>152</ns3:hr>
            <ns3:cad>85</ns3:cad>
          </ns3:TrackPointExtension>
        </extensions>
      </trkpt>
      <trkpt lat="49.1477537713944911956787109375" lon="6.15013402886688709259033203125">
        <ele>172.399993896484375</ele>
        <time>2026-07-29T20:24:44.000Z</time>
        <extensions>
          <ns3:TrackPointExtension>
            <ns3:atemp>28.0</ns3:atemp>
            <ns3:hr>152</ns3:hr>
            <ns3:cad>84</ns3:cad>
          </ns3:TrackPointExtension>
        </extensions>
      </trkpt>
      <trkpt lat="49.1477799229323863983154296875" lon="6.1501237191259860992431640625">
        <ele>172.399993896484375</ele>
        <time>2026-07-29T20:24:45.000Z</time>
        <extensions>
          <ns3:TrackPointExtension>
            <ns3:atemp>28.0</ns3:atemp>
            <ns3:hr>152</ns3:hr>
            <ns3:cad>83</ns3:cad>
          </ns3:TrackPointExtension>
        </extensions>
      </trkpt>
      <trkpt lat="49.14780481718480587005615234375" lon="6.15010787732899188995361328125">
        <ele>172.399993896484375</ele>
        <time>2026-07-29T20:24:46.000Z</time>
        <extensions>
          <ns3:TrackPointExtension>
            <ns3:atemp>28.0</ns3:atemp>
            <ns3:hr>153</ns3:hr>
            <ns3:cad>84</ns3:cad>
          </ns3:TrackPointExtension>
        </extensions>
      </trkpt>
      <trkpt lat="49.14782510139048099517822265625" lon="6.1500928737223148345947265625">
        <ele>172.399993896484375</ele>
        <time>2026-07-29T20:24:47.000Z</time>
        <extensions>
          <ns3:TrackPointExtension>
            <ns3:atemp>28.0</ns3:atemp>
            <ns3:hr>153</ns3:hr>
            <ns3:cad>84</ns3:cad>
          </ns3:TrackPointExtension>
        </extensions>
      </trkpt>
      <trkpt lat="49.14784639142453670501708984375" lon="6.1500598490238189697265625">
        <ele>172.600006103515625</ele>
        <time>2026-07-29T20:24:48.000Z</time>
        <extensions>
          <ns3:TrackPointExtension>
            <ns3:atemp>28.0</ns3:atemp>
            <ns3:hr>154</ns3:hr>
            <ns3:cad>84</ns3:cad>
          </ns3:TrackPointExtension>
        </extensions>
      </trkpt>
      <trkpt lat="49.1478632390499114990234375" lon="6.1500298418104648590087890625">
        <ele>172.600006103515625</ele>
        <time>2026-07-29T20:24:49.000Z</time>
        <extensions>
          <ns3:TrackPointExtension>
            <ns3:atemp>28.0</ns3:atemp>
            <ns3:hr>154</ns3:hr>
            <ns3:cad>83</ns3:cad>
          </ns3:TrackPointExtension>
        </extensions>
      </trkpt>
      <trkpt lat="49.14786935783922672271728515625" lon="6.14999706856906414031982421875">
        <ele>172.600006103515625</ele>
        <time>2026-07-29T20:24:50.000Z</time>
        <extensions>
          <ns3:TrackPointExtension>
            <ns3:atemp>28.0</ns3:atemp>
            <ns3:hr>154</ns3:hr>
            <ns3:cad>82</ns3:cad>
          </ns3:TrackPointExtension>
        </extensions>
      </trkpt>
      <trkpt lat="49.14787975139915943145751953125" lon="6.14995867945253849029541015625">
        <ele>172.399993896484375</ele>
        <time>2026-07-29T20:24:51.000Z</time>
        <extensions>
          <ns3:TrackPointExtension>
            <ns3:atemp>28.0</ns3:atemp>
            <ns3:hr>155</ns3:hr>
            <ns3:cad>82</ns3:cad>
          </ns3:TrackPointExtension>
        </extensions>
      </trkpt>
      <trkpt lat="49.14787841029465198516845703125" lon="6.1499299295246601104736328125">
        <ele>172.399993896484375</ele>
        <time>2026-07-29T20:24:52.000Z</time>
        <extensions>
          <ns3:TrackPointExtension>
            <ns3:atemp>28.0</ns3:atemp>
            <ns3:hr>155</ns3:hr>
            <ns3:cad>82</ns3:cad>
          </ns3:TrackPointExtension>
        </extensions>
      </trkpt>
      <trkpt lat="49.14787958376109600067138671875" lon="6.14987720735371112823486328125">
        <ele>172.399993896484375</ele>
        <time>2026-07-29T20:24:53.000Z</time>
        <extensions>
          <ns3:TrackPointExtension>
            <ns3:atemp>28.0</ns3:atemp>
            <ns3:hr>155</ns3:hr>
            <ns3:cad>83</ns3:cad>
          </ns3:TrackPointExtension>
        </extensions>
      </trkpt>
      <trkpt lat="49.14787572808563709259033203125" lon="6.14984049461781978607177734375">
        <ele>172.399993896484375</ele>
        <time>2026-07-29T20:24:54.000Z</time>
        <extensions>
          <ns3:TrackPointExtension>
            <ns3:atemp>28.0</ns3:atemp>
            <ns3:hr>155</ns3:hr>
            <ns3:cad>83</ns3:cad>
          </ns3:TrackPointExtension>
        </extensions>
      </trkpt>
      <trkpt lat="49.14787287823855876922607421875" lon="6.14979757927358150482177734375">
        <ele>172.399993896484375</ele>
        <time>2026-07-29T20:24:55.000Z</time>
        <extensions>
          <ns3:TrackPointExtension>
            <ns3:atemp>28.0</ns3:atemp>
            <ns3:hr>155</ns3:hr>
            <ns3:cad>83</ns3:cad>
          </ns3:TrackPointExtension>
        </extensions>
      </trkpt>
      <trkpt lat="49.14786927402019500732421875" lon="6.149754412472248077392578125">
        <ele>172.399993896484375</ele>
        <time>2026-07-29T20:24:56.000Z</time>
        <extensions>
          <ns3:TrackPointExtension>
            <ns3:atemp>28.0</ns3:atemp>
            <ns3:hr>154</ns3:hr>
            <ns3:cad>83</ns3:cad>
          </ns3:TrackPointExtension>
        </extensions>
      </trkpt>
      <trkpt lat="49.1478637419641017913818359375" lon="6.14972298033535480499267578125">
        <ele>172.399993896484375</ele>
        <time>2026-07-29T20:24:57.000Z</time>
        <extensions>
          <ns3:TrackPointExtension>
            <ns3:atemp>28.0</ns3:atemp>
            <ns3:hr>154</ns3:hr>
            <ns3:cad>84</ns3:cad>
          </ns3:TrackPointExtension>
        </extensions>
      </trkpt>
      <trkpt lat="49.1478583775460720062255859375" lon="6.14967470057308673858642578125">
        <ele>172.399993896484375</ele>
        <time>2026-07-29T20:24:58.000Z</time>
        <extensions>
          <ns3:TrackPointExtension>
            <ns3:atemp>28.0</ns3:atemp>
            <ns3:hr>154</ns3:hr>
            <ns3:cad>84</ns3:cad>
          </ns3:TrackPointExtension>
        </extensions>
      </trkpt>
      <trkpt lat="49.14785225875675678253173828125" lon="6.14963429979979991912841796875">
        <ele>172.399993896484375</ele>
        <time>2026-07-29T20:24:59.000Z</time>
        <extensions>
          <ns3:TrackPointExtension>
            <ns3:atemp>28.0</ns3:atemp>
            <ns3:hr>153</ns3:hr>
            <ns3:cad>84</ns3:cad>
          </ns3:TrackPointExtension>
        </extensions>
      </trkpt>
      <trkpt lat="49.1478436253964900970458984375" lon="6.1495943181216716766357421875">
        <ele>172.600006103515625</ele>
        <time>2026-07-29T20:25:00.000Z</time>
        <extensions>
          <ns3:TrackPointExtension>
            <ns3:atemp>28.0</ns3:atemp>
            <ns3:hr>153</ns3:hr>
            <ns3:cad>84</ns3:cad>
          </ns3:TrackPointExtension>
        </extensions>
      </trkpt>
      <trkpt lat="49.1478406079113483428955078125" lon="6.1495537497103214263916015625">
        <ele>172.600006103515625</ele>
        <time>2026-07-29T20:25:01.000Z</time>
        <extensions>
          <ns3:TrackPointExtension>
            <ns3:atemp>28.0</ns3:atemp>
            <ns3:hr>152</ns3:hr>
            <ns3:cad>84</ns3:cad>
          </ns3:TrackPointExtension>
        </extensions>
      </trkpt>
      <trkpt lat="49.14783331565558910369873046875" lon="6.14952407777309417724609375">
        <ele>172.600006103515625</ele>
        <time>2026-07-29T20:25:02.000Z</time>
        <extensions>
          <ns3:TrackPointExtension>
            <ns3:atemp>28.0</ns3:atemp>
            <ns3:hr>152</ns3:hr>
            <ns3:cad>84</ns3:cad>
          </ns3:TrackPointExtension>
        </extensions>
      </trkpt>
      <trkpt lat="49.1478255204856395721435546875" lon="6.14947848021984100341796875">
        <ele>172.600006103515625</ele>
        <time>2026-07-29T20:25:03.000Z</time>
        <extensions>
          <ns3:TrackPointExtension>
            <ns3:atemp>28.0</ns3:atemp>
            <ns3:hr>152</ns3:hr>
            <ns3:cad>83</ns3:cad>
          </ns3:TrackPointExtension>
        </extensions>
      </trkpt>
      <trkpt lat="49.14781906642019748687744140625" lon="6.14944361150264739990234375">
        <ele>172.600006103515625</ele>
        <time>2026-07-29T20:25:04.000Z</time>
        <extensions>
          <ns3:TrackPointExtension>
            <ns3:atemp>28.0</ns3:atemp>
            <ns3:hr>152</ns3:hr>
            <ns3:cad>83</ns3:cad>
          </ns3:TrackPointExtension>
        </extensions>
      </trkpt>
      <trkpt lat="49.14780800230801105499267578125" lon="6.1494109220802783966064453125">
        <ele>172.8000030517578125</ele>
        <time>2026-07-29T20:25:05.000Z</time>
        <extensions>
          <ns3:TrackPointExtension>
            <ns3:atemp>28.0</ns3:atemp>
            <ns3:hr>152</ns3:hr>
            <ns3:cad>83</ns3:cad>
          </ns3:TrackPointExtension>
        </extensions>
      </trkpt>
      <trkpt lat="49.14780079387128353118896484375" lon="6.14936473779380321502685546875">
        <ele>172.8000030517578125</ele>
        <time>2026-07-29T20:25:06.000Z</time>
        <extensions>
          <ns3:TrackPointExtension>
            <ns3:atemp>28.0</ns3:atemp>
            <ns3:hr>151</ns3:hr>
            <ns3:cad>83</ns3:cad>
          </ns3:TrackPointExtension>
        </extensions>
      </trkpt>
      <trkpt lat="49.14778872393071651458740234375" lon="6.14933556877076625823974609375">
        <ele>172.8000030517578125</ele>
        <time>2026-07-29T20:25:07.000Z</time>
        <extensions>
          <ns3:TrackPointExtension>
            <ns3:atemp>28.0</ns3:atemp>
            <ns3:hr>151</ns3:hr>
            <ns3:cad>83</ns3:cad>
          </ns3:TrackPointExtension>
        </extensions>
      </trkpt>
      <trkpt lat="49.1477752290666103363037109375" lon="6.14929340779781341552734375">
        <ele>172.8000030517578125</ele>
        <time>2026-07-29T20:25:08.000Z</time>
        <extensions>
          <ns3:TrackPointExtension>
            <ns3:atemp>28.0</ns3:atemp>
            <ns3:hr>151</ns3:hr>
            <ns3:cad>83</ns3:cad>
          </ns3:TrackPointExtension>
        </extensions>
      </trkpt>
      <trkpt lat="49.14776408113539218902587890625" lon="6.149259544909000396728515625">
        <ele>172.8000030517578125</ele>
        <time>2026-07-29T20:25:09.000Z</time>
        <extensions>
          <ns3:TrackPointExtension>
            <ns3:atemp>28.0</ns3:atemp>
            <ns3:hr>151</ns3:hr>
            <ns3:cad>83</ns3:cad>
          </ns3:TrackPointExtension>
        </extensions>
      </trkpt>
      <trkpt lat="49.14775134064257144927978515625" lon="6.1492292024195194244384765625">
        <ele>172.8000030517578125</ele>
        <time>2026-07-29T20:25:10.000Z</time>
        <extensions>
          <ns3:TrackPointExtension>
            <ns3:atemp>28.0</ns3:atemp>
            <ns3:hr>151</ns3:hr>
            <ns3:cad>83</ns3:cad>
          </ns3:TrackPointExtension>
        </extensions>
      </trkpt>
      <trkpt lat="49.147742204368114471435546875" lon="6.14918888546526432037353515625">
        <ele>172.8000030517578125</ele>
        <time>2026-07-29T20:25:11.000Z</time>
        <extensions>
          <ns3:TrackPointExtension>
            <ns3:atemp>28.0</ns3:atemp>
            <ns3:hr>151</ns3:hr>
            <ns3:cad>83</ns3:cad>
          </ns3:TrackPointExtension>
        </extensions>
      </trkpt>
      <trkpt lat="49.147728793323040008544921875" lon="6.1491675116121768951416015625">
        <ele>172.8000030517578125</ele>
        <time>2026-07-29T20:25:12.000Z</time>
        <extensions>
          <ns3:TrackPointExtension>
            <ns3:atemp>28.0</ns3:atemp>
            <ns3:hr>152</ns3:hr>
            <ns3:cad>83</ns3:cad>
          </ns3:TrackPointExtension>
        </extensions>
      </trkpt>
      <trkpt lat="49.1477155499160289764404296875" lon="6.149130798876285552978515625">
        <ele>173</ele>
        <time>2026-07-29T20:25:13.000Z</time>
        <extensions>
          <ns3:TrackPointExtension>
            <ns3:atemp>28.0</ns3:atemp>
            <ns3:hr>152</ns3:hr>
            <ns3:cad>83</ns3:cad>
          </ns3:TrackPointExtension>
        </extensions>
      </trkpt>
      <trkpt lat="49.14770205505192279815673828125" lon="6.14910054020583629608154296875">
        <ele>173</ele>
        <time>2026-07-29T20:25:14.000Z</time>
        <extensions>
          <ns3:TrackPointExtension>
            <ns3:atemp>28.0</ns3:atemp>
            <ns3:hr>152</ns3:hr>
            <ns3:cad>84</ns3:cad>
          </ns3:TrackPointExtension>
        </extensions>
      </trkpt>
      <trkpt lat="49.14768562652170658111572265625" lon="6.14907472394406795501708984375">
        <ele>173</ele>
        <time>2026-07-29T20:25:15.000Z</time>
        <extensions>
          <ns3:TrackPointExtension>
            <ns3:atemp>28.0</ns3:atemp>
            <ns3:hr>152</ns3:hr>
            <ns3:cad>84</ns3:cad>
          </ns3:TrackPointExtension>
        </extensions>
      </trkpt>
      <trkpt lat="49.1476696170866489410400390625" lon="6.14903968758881092071533203125">
        <ele>173.1999969482421875</ele>
        <time>2026-07-29T20:25:16.000Z</time>
        <extensions>
          <ns3:TrackPointExtension>
            <ns3:atemp>28.0</ns3:atemp>
            <ns3:hr>153</ns3:hr>
            <ns3:cad>84</ns3:cad>
          </ns3:TrackPointExtension>
        </extensions>
      </trkpt>
      <trkpt lat="49.14765360765159130096435546875" lon="6.14901554770767688751220703125">
        <ele>173.1999969482421875</ele>
        <time>2026-07-29T20:25:17.000Z</time>
        <extensions>
          <ns3:TrackPointExtension>
            <ns3:atemp>28.0</ns3:atemp>
            <ns3:hr>153</ns3:hr>
            <ns3:cad>84</ns3:cad>
          </ns3:TrackPointExtension>
        </extensions>
      </trkpt>
      <trkpt lat="49.1476370953023433685302734375" lon="6.14898017607629299163818359375">
        <ele>173.1999969482421875</ele>
        <time>2026-07-29T20:25:18.000Z</time>
        <extensions>
          <ns3:TrackPointExtension>
            <ns3:atemp>28.0</ns3:atemp>
            <ns3:hr>154</ns3:hr>
            <ns3:cad>83</ns3:cad>
          </ns3:TrackPointExtension>
        </extensions>
      </trkpt>
      <trkpt lat="49.14762309752404689788818359375" lon="6.1489593051373958587646484375">
        <ele>173.1999969482421875</ele>
        <time>2026-07-29T20:25:19.000Z</time>
        <extensions>
          <ns3:TrackPointExtension>
            <ns3:atemp>28.0</ns3:atemp>
            <ns3:hr>154</ns3:hr>
            <ns3:cad>83</ns3:cad>
          </ns3:TrackPointExtension>
        </extensions>
      </trkpt>
      <trkpt lat="49.1476072557270526885986328125" lon="6.14893742837011814117431640625">
        <ele>173.1999969482421875</ele>
        <time>2026-07-29T20:25:20.000Z</time>
        <extensions>
          <ns3:TrackPointExtension>
            <ns3:atemp>28.0</ns3:atemp>
            <ns3:hr>155</ns3:hr>
            <ns3:cad>83</ns3:cad>
          </ns3:TrackPointExtension>
        </extensions>
      </trkpt>
      <trkpt lat="49.14758822880685329437255859375" lon="6.14891211502254009246826171875">
        <ele>173.1999969482421875</ele>
        <time>2026-07-29T20:25:21.000Z</time>
        <extensions>
          <ns3:TrackPointExtension>
            <ns3:atemp>28.0</ns3:atemp>
            <ns3:hr>155</ns3:hr>
            <ns3:cad>83</ns3:cad>
          </ns3:TrackPointExtension>
        </extensions>
      </trkpt>
      <trkpt lat="49.14757112972438335418701171875" lon="6.14888730458915233612060546875">
        <ele>173.1999969482421875</ele>
        <time>2026-07-29T20:25:22.000Z</time>
        <extensions>
          <ns3:TrackPointExtension>
            <ns3:atemp>28.0</ns3:atemp>
            <ns3:hr>155</ns3:hr>
            <ns3:cad>84</ns3:cad>
          </ns3:TrackPointExtension>
        </extensions>
      </trkpt>
      <trkpt lat="49.14755788631737232208251953125" lon="6.148854196071624755859375">
        <ele>173.399993896484375</ele>
        <time>2026-07-29T20:25:23.000Z</time>
        <extensions>
          <ns3:TrackPointExtension>
            <ns3:atemp>28.0</ns3:atemp>
            <ns3:hr>155</ns3:hr>
            <ns3:cad>84</ns3:cad>
          </ns3:TrackPointExtension>
        </extensions>
      </trkpt>
      <trkpt lat="49.14753525517880916595458984375" lon="6.1488260328769683837890625">
        <ele>173.399993896484375</ele>
        <time>2026-07-29T20:25:24.000Z</time>
        <extensions>
          <ns3:TrackPointExtension>
            <ns3:atemp>28.0</ns3:atemp>
            <ns3:hr>156</ns3:hr>
            <ns3:cad>84</ns3:cad>
          </ns3:TrackPointExtension>
        </extensions>
      </trkpt>
      <trkpt lat="49.147513210773468017578125" lon="6.14880030043423175811767578125">
        <ele>173.1999969482421875</ele>
        <time>2026-07-29T20:25:25.000Z</time>
        <extensions>
          <ns3:TrackPointExtension>
            <ns3:atemp>28.0</ns3:atemp>
            <ns3:hr>156</ns3:hr>
            <ns3:cad>84</ns3:cad>
          </ns3:TrackPointExtension>
        </extensions>
      </trkpt>
      <trkpt lat="49.14749653078615665435791015625" lon="6.14876241423189640045166015625">
        <ele>173.1999969482421875</ele>
        <time>2026-07-29T20:25:26.000Z</time>
        <extensions>
          <ns3:TrackPointExtension>
            <ns3:atemp>28.0</ns3:atemp>
            <ns3:hr>156</ns3:hr>
            <ns3:cad>84</ns3:cad>
          </ns3:TrackPointExtension>
        </extensions>
      </trkpt>
      <trkpt lat="49.14748026989400386810302734375" lon="6.148735173046588897705078125">
        <ele>173</ele>
        <time>2026-07-29T20:25:27.000Z</time>
        <extensions>
          <ns3:TrackPointExtension>
            <ns3:atemp>28.0</ns3:atemp>
            <ns3:hr>156</ns3:hr>
            <ns3:cad>84</ns3:cad>
          </ns3:TrackPointExtension>
        </extensions>
      </trkpt>
      <trkpt lat="49.14746157824993133544921875" lon="6.148697622120380401611328125">
        <ele>173</ele>
        <time>2026-07-29T20:25:28.000Z</time>
        <extensions>
          <ns3:TrackPointExtension>
            <ns3:atemp>28.0</ns3:atemp>
            <ns3:hr>156</ns3:hr>
            <ns3:cad>84</ns3:cad>
          </ns3:TrackPointExtension>
        </extensions>
      </trkpt>
      <trkpt lat="49.14743886329233646392822265625" lon="6.1486726440489292144775390625">
        <ele>173</ele>
        <time>2026-07-29T20:25:29.000Z</time>
        <extensions>
          <ns3:TrackPointExtension>
            <ns3:atemp>28.0</ns3:atemp>
            <ns3:hr>156</ns3:hr>
            <ns3:cad>84</ns3:cad>
          </ns3:TrackPointExtension>
        </extensions>
      </trkpt>
      <trkpt lat="49.14741690270602703094482421875" lon="6.14864640869200229644775390625">
        <ele>173</ele>
        <time>2026-07-29T20:25:30.000Z</time>
        <extensions>
          <ns3:TrackPointExtension>
            <ns3:atemp>28.0</ns3:atemp>
            <ns3:hr>156</ns3:hr>
            <ns3:cad>84</ns3:cad>
          </ns3:TrackPointExtension>
        </extensions>
      </trkpt>
      <trkpt lat="49.147400222718715667724609375" lon="6.14860835485160350799560546875">
        <ele>172.8000030517578125</ele>
        <time>2026-07-29T20:25:31.000Z</time>
        <extensions>
          <ns3:TrackPointExtension>
            <ns3:atemp>28.0</ns3:atemp>
            <ns3:hr>156</ns3:hr>
            <ns3:cad>84</ns3:cad>
          </ns3:TrackPointExtension>
        </extensions>
      </trkpt>
      <trkpt lat="49.14738303981721401214599609375" lon="6.1485837958753108978271484375">
        <ele>172.8000030517578125</ele>
        <time>2026-07-29T20:25:32.000Z</time>
        <extensions>
          <ns3:TrackPointExtension>
            <ns3:atemp>28.0</ns3:atemp>
            <ns3:hr>156</ns3:hr>
            <ns3:cad>84</ns3:cad>
          </ns3:TrackPointExtension>
        </extensions>
      </trkpt>
      <trkpt lat="49.14736501872539520263671875" lon="6.14854264073073863983154296875">
        <ele>172.8000030517578125</ele>
        <time>2026-07-29T20:25:33.000Z</time>
        <extensions>
          <ns3:TrackPointExtension>
            <ns3:atemp>28.0</ns3:atemp>
            <ns3:hr>156</ns3:hr>
            <ns3:cad>84</ns3:cad>
          </ns3:TrackPointExtension>
        </extensions>
      </trkpt>
      <trkpt lat="49.1473482549190521240234375" lon="6.1485083587467670440673828125">
        <ele>172.8000030517578125</ele>
        <time>2026-07-29T20:25:34.000Z</time>
        <extensions>
          <ns3:TrackPointExtension>
            <ns3:atemp>28.0</ns3:atemp>
            <ns3:hr>156</ns3:hr>
            <ns3:cad>84</ns3:cad>
          </ns3:TrackPointExtension>
        </extensions>
      </trkpt>
      <trkpt lat="49.14732872508466243743896484375" lon="6.14847659133374691009521484375">
        <ele>172.8000030517578125</ele>
        <time>2026-07-29T20:25:35.000Z</time>
        <extensions>
          <ns3:TrackPointExtension>
            <ns3:atemp>28.0</ns3:atemp>
            <ns3:hr>156</ns3:hr>
            <ns3:cad>84</ns3:cad>
          </ns3:TrackPointExtension>
        </extensions>
      </trkpt>
      <trkpt lat="49.1473115421831607818603515625" lon="6.14844105206429958343505859375">
        <ele>172.8000030517578125</ele>
        <time>2026-07-29T20:25:36.000Z</time>
        <extensions>
          <ns3:TrackPointExtension>
            <ns3:atemp>28.0</ns3:atemp>
            <ns3:hr>156</ns3:hr>
            <ns3:cad>84</ns3:cad>
          </ns3:TrackPointExtension>
        </extensions>
      </trkpt>
      <trkpt lat="49.14729419164359569549560546875" lon="6.14841858856379985809326171875">
        <ele>172.8000030517578125</ele>
        <time>2026-07-29T20:25:37.000Z</time>
        <extensions>
          <ns3:TrackPointExtension>
            <ns3:atemp>28.0</ns3:atemp>
            <ns3:hr>155</ns3:hr>
            <ns3:cad>83</ns3:cad>
          </ns3:TrackPointExtension>
        </extensions>
      </trkpt>
      <trkpt lat="49.14727658964693546295166015625" lon="6.148385144770145416259765625">
        <ele>172.600006103515625</ele>
        <time>2026-07-29T20:25:38.000Z</time>
        <extensions>
          <ns3:TrackPointExtension>
            <ns3:atemp>28.0</ns3:atemp>
            <ns3:hr>155</ns3:hr>
            <ns3:cad>83</ns3:cad>
          </ns3:TrackPointExtension>
        </extensions>
      </trkpt>
      <trkpt lat="49.1472602449357509613037109375" lon="6.148356311023235321044921875">
        <ele>172.600006103515625</ele>
        <time>2026-07-29T20:25:39.000Z</time>
        <extensions>
          <ns3:TrackPointExtension>
            <ns3:atemp>28.0</ns3:atemp>
            <ns3:hr>155</ns3:hr>
            <ns3:cad>84</ns3:cad>
          </ns3:TrackPointExtension>
        </extensions>
      </trkpt>
      <trkpt lat="49.1472428105771541595458984375" lon="6.1483246274292469024658203125">
        <ele>172.600006103515625</ele>
        <time>2026-07-29T20:25:40.000Z</time>
        <extensions>
          <ns3:TrackPointExtension>
            <ns3:atemp>28.0</ns3:atemp>
            <ns3:hr>155</ns3:hr>
            <ns3:cad>84</ns3:cad>
          </ns3:TrackPointExtension>
        </extensions>
      </trkpt>
      <trkpt lat="49.14722495712339878082275390625" lon="6.14829302765429019927978515625">
        <ele>172.600006103515625</ele>
        <time>2026-07-29T20:25:41.000Z</time>
        <extensions>
          <ns3:TrackPointExtension>
            <ns3:atemp>28.0</ns3:atemp>
            <ns3:hr>156</ns3:hr>
            <ns3:cad>84</ns3:cad>
          </ns3:TrackPointExtension>
        </extensions>
      </trkpt>
      <trkpt lat="49.147207438945770263671875" lon="6.148270480334758758544921875">
        <ele>172.600006103515625</ele>
        <time>2026-07-29T20:25:42.000Z</time>
        <extensions>
          <ns3:TrackPointExtension>
            <ns3:atemp>28.0</ns3:atemp>
            <ns3:hr>156</ns3:hr>
            <ns3:cad>84</ns3:cad>
          </ns3:TrackPointExtension>
        </extensions>
      </trkpt>
      <trkpt lat="49.1471888311207294464111328125" lon="6.14823452197015285491943359375">
        <ele>172.600006103515625</ele>
        <time>2026-07-29T20:25:43.000Z</time>
        <extensions>
          <ns3:TrackPointExtension>
            <ns3:atemp>28.0</ns3:atemp>
            <ns3:hr>157</ns3:hr>
            <ns3:cad>84</ns3:cad>
          </ns3:TrackPointExtension>
        </extensions>
      </trkpt>
      <trkpt lat="49.14717215113341808319091796875" lon="6.14821272902190685272216796875">
        <ele>172.600006103515625</ele>
        <time>2026-07-29T20:25:44.000Z</time>
        <extensions>
          <ns3:TrackPointExtension>
            <ns3:atemp>28.0</ns3:atemp>
            <ns3:hr>157</ns3:hr>
            <ns3:cad>85</ns3:cad>
          </ns3:TrackPointExtension>
        </extensions>
      </trkpt>
      <trkpt lat="49.1471497714519500732421875" lon="6.14818104542791843414306640625">
        <ele>172.600006103515625</ele>
        <time>2026-07-29T20:25:45.000Z</time>
        <extensions>
          <ns3:TrackPointExtension>
            <ns3:atemp>28.0</ns3:atemp>
            <ns3:hr>158</ns3:hr>
            <ns3:cad>85</ns3:cad>
          </ns3:TrackPointExtension>
        </extensions>
      </trkpt>
      <trkpt lat="49.1471336781978607177734375" lon="6.14815020002424716949462890625">
        <ele>172.600006103515625</ele>
        <time>2026-07-29T20:25:46.000Z</time>
        <extensions>
          <ns3:TrackPointExtension>
            <ns3:atemp>28.0</ns3:atemp>
            <ns3:hr>158</ns3:hr>
            <ns3:cad>84</ns3:cad>
          </ns3:TrackPointExtension>
        </extensions>
      </trkpt>
      <trkpt lat="49.1471143998205661773681640625" lon="6.14812530577182769775390625">
        <ele>172.600006103515625</ele>
        <time>2026-07-29T20:25:47.000Z</time>
        <extensions>
          <ns3:TrackPointExtension>
            <ns3:atemp>28.0</ns3:atemp>
            <ns3:hr>158</ns3:hr>
            <ns3:cad>84</ns3:cad>
          </ns3:TrackPointExtension>
        </extensions>
      </trkpt>
      <trkpt lat="49.14709545671939849853515625" lon="6.14809052087366580963134765625">
        <ele>172.600006103515625</ele>
        <time>2026-07-29T20:25:48.000Z</time>
        <extensions>
          <ns3:TrackPointExtension>
            <ns3:atemp>28.0</ns3:atemp>
            <ns3:hr>158</ns3:hr>
            <ns3:cad>84</ns3:cad>
          </ns3:TrackPointExtension>
        </extensions>
      </trkpt>
      <trkpt lat="49.14707626216113567352294921875" lon="6.14807459525763988494873046875">
        <ele>172.600006103515625</ele>
        <time>2026-07-29T20:25:49.000Z</time>
        <extensions>
          <ns3:TrackPointExtension>
            <ns3:atemp>28.0</ns3:atemp>
            <ns3:hr>157</ns3:hr>
            <ns3:cad>84</ns3:cad>
          </ns3:TrackPointExtension>
        </extensions>
      </trkpt>
      <trkpt lat="49.1470520384609699249267578125" lon="6.14803972654044628143310546875">
        <ele>172.8000030517578125</ele>
        <time>2026-07-29T20:25:50.000Z</time>
        <extensions>
          <ns3:TrackPointExtension>
            <ns3:atemp>28.0</ns3:atemp>
            <ns3:hr>157</ns3:hr>
            <ns3:cad>84</ns3:cad>
          </ns3:TrackPointExtension>
        </extensions>
      </trkpt>
      <trkpt lat="49.14703150279819965362548828125" lon="6.1480178497731685638427734375">
        <ele>172.8000030517578125</ele>
        <time>2026-07-29T20:25:51.000Z</time>
        <extensions>
          <ns3:TrackPointExtension>
            <ns3:atemp>28.0</ns3:atemp>
            <ns3:hr>158</ns3:hr>
            <ns3:cad>84</ns3:cad>
          </ns3:TrackPointExtension>
        </extensions>
      </trkpt>
      <trkpt lat="49.14701071567833423614501953125" lon="6.14798985421657562255859375">
        <ele>172.8000030517578125</ele>
        <time>2026-07-29T20:25:52.000Z</time>
        <extensions>
          <ns3:TrackPointExtension>
            <ns3:atemp>28.0</ns3:atemp>
            <ns3:hr>158</ns3:hr>
            <ns3:cad>84</ns3:cad>
          </ns3:TrackPointExtension>
        </extensions>
      </trkpt>
      <trkpt lat="49.14698825217783451080322265625" lon="6.14796227775514125823974609375">
        <ele>172.8000030517578125</ele>
        <time>2026-07-29T20:25:53.000Z</time>
        <extensions>
          <ns3:TrackPointExtension>
            <ns3:atemp>28.0</ns3:atemp>
            <ns3:hr>158</ns3:hr>
            <ns3:cad>84</ns3:cad>
          </ns3:TrackPointExtension>
        </extensions>
      </trkpt>
      <trkpt lat="49.1469695605337619781494140625" lon="6.1479424126446247100830078125">
        <ele>172.8000030517578125</ele>
        <time>2026-07-29T20:25:54.000Z</time>
        <extensions>
          <ns3:TrackPointExtension>
            <ns3:atemp>28.0</ns3:atemp>
            <ns3:hr>158</ns3:hr>
            <ns3:cad>84</ns3:cad>
          </ns3:TrackPointExtension>
        </extensions>
      </trkpt>
      <trkpt lat="49.14694927632808685302734375" lon="6.14792145788669586181640625">
        <ele>172.8000030517578125</ele>
        <time>2026-07-29T20:25:55.000Z</time>
        <extensions>
          <ns3:TrackPointExtension>
            <ns3:atemp>28.0</ns3:atemp>
            <ns3:hr>158</ns3:hr>
            <ns3:cad>84</ns3:cad>
          </ns3:TrackPointExtension>
        </extensions>
      </trkpt>
      <trkpt lat="49.14693460799753665924072265625" lon="6.14790058694779872894287109375">
        <ele>172.8000030517578125</ele>
        <time>2026-07-29T20:25:56.000Z</time>
        <extensions>
          <ns3:TrackPointExtension>
            <ns3:atemp>28.0</ns3:atemp>
            <ns3:hr>158</ns3:hr>
            <ns3:cad>84</ns3:cad>
          </ns3:TrackPointExtension>
        </extensions>
      </trkpt>
      <trkpt lat="49.14691968820989131927490234375" lon="6.1478921212255954742431640625">
        <ele>172.8000030517578125</ele>
        <time>2026-07-29T20:25:57.000Z</time>
        <extensions>
          <ns3:TrackPointExtension>
            <ns3:atemp>28.0</ns3:atemp>
            <ns3:hr>158</ns3:hr>
            <ns3:cad>84</ns3:cad>
          </ns3:TrackPointExtension>
        </extensions>
      </trkpt>
      <trkpt lat="49.1468998230993747711181640625" lon="6.1478656344115734100341796875">
        <ele>172.8000030517578125</ele>
        <time>2026-07-29T20:25:58.000Z</time>
        <extensions>
          <ns3:TrackPointExtension>
            <ns3:atemp>28.0</ns3:atemp>
            <ns3:hr>157</ns3:hr>
            <ns3:cad>84</ns3:cad>
          </ns3:TrackPointExtension>
        </extensions>
      </trkpt>
      <trkpt lat="49.14688079617917537689208984375" lon="6.14785306155681610107421875">
        <ele>172.8000030517578125</ele>
        <time>2026-07-29T20:25:59.000Z</time>
        <extensions>
          <ns3:TrackPointExtension>
            <ns3:atemp>28.0</ns3:atemp>
            <ns3:hr>157</ns3:hr>
            <ns3:cad>83</ns3:cad>
          </ns3:TrackPointExtension>
        </extensions>
      </trkpt>
      <trkpt lat="49.14685808122158050537109375" lon="6.1478364653885364532470703125">
        <ele>172.8000030517578125</ele>
        <time>2026-07-29T20:26:00.000Z</time>
        <extensions>
          <ns3:TrackPointExtension>
            <ns3:atemp>28.0</ns3:atemp>
            <ns3:hr>157</ns3:hr>
            <ns3:cad>82</ns3:cad>
          </ns3:TrackPointExtension>
        </extensions>
      </trkpt>
      <trkpt lat="49.14683737792074680328369140625" lon="6.14781551063060760498046875">
        <ele>172.8000030517578125</ele>
        <time>2026-07-29T20:26:01.000Z</time>
        <extensions>
          <ns3:TrackPointExtension>
            <ns3:atemp>28.0</ns3:atemp>
            <ns3:hr>156</ns3:hr>
            <ns3:cad>82</ns3:cad>
          </ns3:TrackPointExtension>
        </extensions>
      </trkpt>
      <trkpt lat="49.14681675843894481658935546875" lon="6.14780746400356292724609375">
        <ele>172.600006103515625</ele>
        <time>2026-07-29T20:26:02.000Z</time>
        <extensions>
          <ns3:TrackPointExtension>
            <ns3:atemp>28.0</ns3:atemp>
            <ns3:hr>156</ns3:hr>
            <ns3:cad>84</ns3:cad>
          </ns3:TrackPointExtension>
        </extensions>
      </trkpt>
      <trkpt lat="49.14679010398685932159423828125" lon="6.147783659398555755615234375">
        <ele>172.8000030517578125</ele>
        <time>2026-07-29T20:26:03.000Z</time>
        <extensions>
          <ns3:TrackPointExtension>
            <ns3:atemp>28.0</ns3:atemp>
            <ns3:hr>156</ns3:hr>
            <ns3:cad>84</ns3:cad>
          </ns3:TrackPointExtension>
        </extensions>
      </trkpt>
      <trkpt lat="49.14676931686699390411376953125" lon="6.1477692425251007080078125">
        <ele>172.8000030517578125</ele>
        <time>2026-07-29T20:26:04.000Z</time>
        <extensions>
          <ns3:TrackPointExtension>
            <ns3:atemp>28.0</ns3:atemp>
            <ns3:hr>156</ns3:hr>
            <ns3:cad>84</ns3:cad>
          </ns3:TrackPointExtension>
        </extensions>
      </trkpt>
      <trkpt lat="49.14674542844295501708984375" lon="6.14775138907134532928466796875">
        <ele>172.8000030517578125</ele>
        <time>2026-07-29T20:26:05.000Z</time>
        <extensions>
          <ns3:TrackPointExtension>
            <ns3:atemp>28.0</ns3:atemp>
            <ns3:hr>156</ns3:hr>
            <ns3:cad>84</ns3:cad>
          </ns3:TrackPointExtension>
        </extensions>
      </trkpt>
      <trkpt lat="49.1467254795134067535400390625" lon="6.1477291770279407501220703125">
        <ele>172.8000030517578125</ele>
        <time>2026-07-29T20:26:06.000Z</time>
        <extensions>
          <ns3:TrackPointExtension>
            <ns3:atemp>28.0</ns3:atemp>
            <ns3:hr>156</ns3:hr>
            <ns3:cad>84</ns3:cad>
          </ns3:TrackPointExtension>
        </extensions>
      </trkpt>
      <trkpt lat="49.1467063687741756439208984375" lon="6.1477174423635005950927734375">
        <ele>173</ele>
        <time>2026-07-29T20:26:07.000Z</time>
        <extensions>
          <ns3:TrackPointExtension>
            <ns3:atemp>28.0</ns3:atemp>
            <ns3:hr>155</ns3:hr>
            <ns3:cad>83</ns3:cad>
          </ns3:TrackPointExtension>
        </extensions>
      </trkpt>
      <trkpt lat="49.14668030105531215667724609375" lon="6.14769103936851024627685546875">
        <ele>173</ele>
        <time>2026-07-29T20:26:08.000Z</time>
        <extensions>
          <ns3:TrackPointExtension>
            <ns3:atemp>28.0</ns3:atemp>
            <ns3:hr>155</ns3:hr>
            <ns3:cad>84</ns3:cad>
          </ns3:TrackPointExtension>
        </extensions>
      </trkpt>
      <trkpt lat="49.1466590948402881622314453125" lon="6.14768349565565586090087890625">
        <ele>173</ele>
        <time>2026-07-29T20:26:09.000Z</time>
        <extensions>
          <ns3:TrackPointExtension>
            <ns3:atemp>28.0</ns3:atemp>
            <ns3:hr>155</ns3:hr>
            <ns3:cad>84</ns3:cad>
          </ns3:TrackPointExtension>
        </extensions>
      </trkpt>
      <trkpt lat="49.1466305963695049285888671875" lon="6.1476708389818668365478515625">
        <ele>173</ele>
        <time>2026-07-29T20:26:10.000Z</time>
        <extensions>
          <ns3:TrackPointExtension>
            <ns3:atemp>28.0</ns3:atemp>
            <ns3:hr>155</ns3:hr>
            <ns3:cad>84</ns3:cad>
          </ns3:TrackPointExtension>
        </extensions>
      </trkpt>
      <trkpt lat="49.14660654030740261077880859375" lon="6.1476594395935535430908203125">
        <ele>173</ele>
        <time>2026-07-29T20:26:11.000Z</time>
        <extensions>
          <ns3:TrackPointExtension>
            <ns3:atemp>28.0</ns3:atemp>
            <ns3:hr>155</ns3:hr>
            <ns3:cad>84</ns3:cad>
          </ns3:TrackPointExtension>
        </extensions>
      </trkpt>
      <trkpt lat="49.14658441208302974700927734375" lon="6.147652901709079742431640625">
        <ele>173</ele>
        <time>2026-07-29T20:26:12.000Z</time>
        <extensions>
          <ns3:TrackPointExtension>
            <ns3:atemp>28.0</ns3:atemp>
            <ns3:hr>155</ns3:hr>
            <ns3:cad>84</ns3:cad>
          </ns3:TrackPointExtension>
        </extensions>
      </trkpt>
      <trkpt lat="49.1465598531067371368408203125" lon="6.14763806574046611785888671875">
        <ele>173</ele>
        <time>2026-07-29T20:26:13.000Z</time>
        <extensions>
          <ns3:TrackPointExtension>
            <ns3:atemp>28.0</ns3:atemp>
            <ns3:hr>155</ns3:hr>
            <ns3:cad>85</ns3:cad>
          </ns3:TrackPointExtension>
        </extensions>
      </trkpt>
      <trkpt lat="49.14653889834880828857421875" lon="6.14763320423662662506103515625">
        <ele>173.1999969482421875</ele>
        <time>2026-07-29T20:26:14.000Z</time>
        <extensions>
          <ns3:TrackPointExtension>
            <ns3:atemp>28.0</ns3:atemp>
            <ns3:hr>155</ns3:hr>
            <ns3:cad>85</ns3:cad>
          </ns3:TrackPointExtension>
        </extensions>
      </trkpt>
      <trkpt lat="49.1465162672102451324462890625" lon="6.14762180484831333160400390625">
        <ele>173.1999969482421875</ele>
        <time>2026-07-29T20:26:15.000Z</time>
        <extensions>
          <ns3:TrackPointExtension>
            <ns3:atemp>28.0</ns3:atemp>
            <ns3:hr>155</ns3:hr>
            <ns3:cad>84</ns3:cad>
          </ns3:TrackPointExtension>
        </extensions>
      </trkpt>
      <trkpt lat="49.1464921273291110992431640625" lon="6.1476135067641735076904296875">
        <ele>173.1999969482421875</ele>
        <time>2026-07-29T20:26:16.000Z</time>
        <extensions>
          <ns3:TrackPointExtension>
            <ns3:atemp>28.0</ns3:atemp>
            <ns3:hr>155</ns3:hr>
            <ns3:cad>84</ns3:cad>
          </ns3:TrackPointExtension>
        </extensions>
      </trkpt>
      <trkpt lat="49.1464720107614994049072265625" lon="6.1476155184209346771240234375">
        <ele>173.399993896484375</ele>
        <time>2026-07-29T20:26:17.000Z</time>
        <extensions>
          <ns3:TrackPointExtension>
            <ns3:atemp>28.0</ns3:atemp>
            <ns3:hr>155</ns3:hr>
            <ns3:cad>84</ns3:cad>
          </ns3:TrackPointExtension>
        </extensions>
      </trkpt>
      <trkpt lat="49.14644376374781131744384765625" lon="6.14761057309806346893310546875">
        <ele>173.399993896484375</ele>
        <time>2026-07-29T20:26:18.000Z</time>
        <extensions>
          <ns3:TrackPointExtension>
            <ns3:atemp>28.0</ns3:atemp>
            <ns3:hr>155</ns3:hr>
            <ns3:cad>83</ns3:cad>
          </ns3:TrackPointExtension>
        </extensions>
      </trkpt>
      <trkpt lat="49.14642222225666046142578125" lon="6.14762239158153533935546875">
        <ele>173.600006103515625</ele>
        <time>2026-07-29T20:26:19.000Z</time>
        <extensions>
          <ns3:TrackPointExtension>
            <ns3:atemp>28.0</ns3:atemp>
            <ns3:hr>156</ns3:hr>
            <ns3:cad>83</ns3:cad>
          </ns3:TrackPointExtension>
        </extensions>
      </trkpt>
      <trkpt lat="49.146391041576862335205078125" lon="6.14762566052377223968505859375">
        <ele>173.600006103515625</ele>
        <time>2026-07-29T20:26:20.000Z</time>
        <extensions>
          <ns3:TrackPointExtension>
            <ns3:atemp>28.0</ns3:atemp>
            <ns3:hr>156</ns3:hr>
            <ns3:cad>83</ns3:cad>
          </ns3:TrackPointExtension>
        </extensions>
      </trkpt>
      <trkpt lat="49.1463657282292842864990234375" lon="6.1476386524736881256103515625">
        <ele>173.8000030517578125</ele>
        <time>2026-07-29T20:26:21.000Z</time>
        <extensions>
          <ns3:TrackPointExtension>
            <ns3:atemp>28.0</ns3:atemp>
            <ns3:hr>156</ns3:hr>
            <ns3:cad>83</ns3:cad>
          </ns3:TrackPointExtension>
        </extensions>
      </trkpt>
      <trkpt lat="49.1463452763855457305908203125" lon="6.1476513929665088653564453125">
        <ele>173.8000030517578125</ele>
        <time>2026-07-29T20:26:22.000Z</time>
        <extensions>
          <ns3:TrackPointExtension>
            <ns3:atemp>28.0</ns3:atemp>
            <ns3:hr>156</ns3:hr>
            <ns3:cad>84</ns3:cad>
          </ns3:TrackPointExtension>
        </extensions>
      </trkpt>
      <trkpt lat="49.1463184542953968048095703125" lon="6.14765918813645839691162109375">
        <ele>174</ele>
        <time>2026-07-29T20:26:23.000Z</time>
        <extensions>
          <ns3:TrackPointExtension>
            <ns3:atemp>28.0</ns3:atemp>
            <ns3:hr>156</ns3:hr>
            <ns3:cad>85</ns3:cad>
          </ns3:TrackPointExtension>
        </extensions>
      </trkpt>
      <trkpt lat="49.14629775099456310272216796875" lon="6.147671677172183990478515625">
        <ele>174.1999969482421875</ele>
        <time>2026-07-29T20:26:24.000Z</time>
        <extensions>
          <ns3:TrackPointExtension>
            <ns3:atemp>28.0</ns3:atemp>
            <ns3:hr>156</ns3:hr>
            <ns3:cad>85</ns3:cad>
          </ns3:TrackPointExtension>
        </extensions>
      </trkpt>
      <trkpt lat="49.146265648305416107177734375" lon="6.14768207073211669921875">
        <ele>174.1999969482421875</ele>
        <time>2026-07-29T20:26:25.000Z</time>
        <extensions>
          <ns3:TrackPointExtension>
            <ns3:atemp>28.0</ns3:atemp>
            <ns3:hr>156</ns3:hr>
            <ns3:cad>85</ns3:cad>
          </ns3:TrackPointExtension>
        </extensions>
      </trkpt>
      <trkpt lat="49.146243520081043243408203125" lon="6.14769405685365200042724609375">
        <ele>174.1999969482421875</ele>
        <time>2026-07-29T20:26:26.000Z</time>
        <extensions>
          <ns3:TrackPointExtension>
            <ns3:atemp>28.0</ns3:atemp>
            <ns3:hr>157</ns3:hr>
            <ns3:cad>84</ns3:cad>
          </ns3:TrackPointExtension>
        </extensions>
      </trkpt>
      <trkpt lat="49.1462244093418121337890625" lon="6.147710569202899932861328125">
        <ele>174.399993896484375</ele>
        <time>2026-07-29T20:26:27.000Z</time>
        <extensions>
          <ns3:TrackPointExtension>
            <ns3:atemp>28.0</ns3:atemp>
            <ns3:hr>157</ns3:hr>
            <ns3:cad>84</ns3:cad>
          </ns3:TrackPointExtension>
        </extensions>
      </trkpt>
      <trkpt lat="49.146201275289058685302734375" lon="6.14771953783929347991943359375">
        <ele>174.399993896484375</ele>
        <time>2026-07-29T20:26:28.000Z</time>
        <extensions>
          <ns3:TrackPointExtension>
            <ns3:atemp>28.0</ns3:atemp>
            <ns3:hr>157</ns3:hr>
            <ns3:cad>83</ns3:cad>
          </ns3:TrackPointExtension>
        </extensions>
      </trkpt>
      <trkpt lat="49.14618459530174732208251953125" lon="6.1477311886847019195556640625">
        <ele>174.399993896484375</ele>
        <time>2026-07-29T20:26:29.000Z</time>
        <extensions>
          <ns3:TrackPointExtension>
            <ns3:atemp>28.0</ns3:atemp>
            <ns3:hr>157</ns3:hr>
            <ns3:cad>83</ns3:cad>
          </ns3:TrackPointExtension>
        </extensions>
      </trkpt>
      <trkpt lat="49.14615995250642299652099609375" lon="6.147747449576854705810546875">
        <ele>174.399993896484375</ele>
        <time>2026-07-29T20:26:30.000Z</time>
        <extensions>
          <ns3:TrackPointExtension>
            <ns3:atemp>28.0</ns3:atemp>
            <ns3:hr>156</ns3:hr>
            <ns3:cad>83</ns3:cad>
          </ns3:TrackPointExtension>
        </extensions>
      </trkpt>
      <trkpt lat="49.14613799192011356353759765625" lon="6.14776211790740489959716796875">
        <ele>174.600006103515625</ele>
        <time>2026-07-29T20:26:31.000Z</time>
        <extensions>
          <ns3:TrackPointExtension>
            <ns3:atemp>28.0</ns3:atemp>
            <ns3:hr>156</ns3:hr>
            <ns3:cad>83</ns3:cad>
          </ns3:TrackPointExtension>
        </extensions>
      </trkpt>
      <trkpt lat="49.14611921645700931549072265625" lon="6.14777871407568454742431640625">
        <ele>174.600006103515625</ele>
        <time>2026-07-29T20:26:32.000Z</time>
        <extensions>
          <ns3:TrackPointExtension>
            <ns3:atemp>28.0</ns3:atemp>
            <ns3:hr>156</ns3:hr>
            <ns3:cad>83</ns3:cad>
          </ns3:TrackPointExtension>
        </extensions>
      </trkpt>
      <trkpt lat="49.14608904160559177398681640625" lon="6.1477891914546489715576171875">
        <ele>174.600006103515625</ele>
        <time>2026-07-29T20:26:33.000Z</time>
        <extensions>
          <ns3:TrackPointExtension>
            <ns3:atemp>28.0</ns3:atemp>
            <ns3:hr>156</ns3:hr>
            <ns3:cad>83</ns3:cad>
          </ns3:TrackPointExtension>
        </extensions>
      </trkpt>
      <trkpt lat="49.14607227779924869537353515625" lon="6.147795058786869049072265625">
        <ele>174.8000030517578125</ele>
        <time>2026-07-29T20:26:34.000Z</time>
        <extensions>
          <ns3:TrackPointExtension>
            <ns3:atemp>28.0</ns3:atemp>
            <ns3:hr>155</ns3:hr>
            <ns3:cad>83</ns3:cad>
          </ns3:TrackPointExtension>
        </extensions>
      </trkpt>
      <trkpt lat="49.14604813791811466217041015625" lon="6.1478049494326114654541015625">
        <ele>174.8000030517578125</ele>
        <time>2026-07-29T20:26:35.000Z</time>
        <extensions>
          <ns3:TrackPointExtension>
            <ns3:atemp>28.0</ns3:atemp>
            <ns3:hr>155</ns3:hr>
            <ns3:cad>83</ns3:cad>
          </ns3:TrackPointExtension>
        </extensions>
      </trkpt>
      <trkpt lat="49.14602265693247318267822265625" lon="6.1478160135447978973388671875">
        <ele>174.8000030517578125</ele>
        <time>2026-07-29T20:26:36.000Z</time>
        <extensions>
          <ns3:TrackPointExtension>
            <ns3:atemp>28.0</ns3:atemp>
            <ns3:hr>155</ns3:hr>
            <ns3:cad>83</ns3:cad>
          </ns3:TrackPointExtension>
        </extensions>
      </trkpt>
      <trkpt lat="49.1460022889077663421630859375" lon="6.147830598056316375732421875">
        <ele>174.8000030517578125</ele>
        <time>2026-07-29T20:26:37.000Z</time>
        <extensions>
          <ns3:TrackPointExtension>
            <ns3:atemp>28.0</ns3:atemp>
            <ns3:hr>155</ns3:hr>
            <ns3:cad>84</ns3:cad>
          </ns3:TrackPointExtension>
        </extensions>
      </trkpt>
      <trkpt lat="49.14597337134182453155517578125" lon="6.14783789031207561492919921875">
        <ele>175</ele>
        <time>2026-07-29T20:26:38.000Z</time>
        <extensions>
          <ns3:TrackPointExtension>
            <ns3:atemp>28.0</ns3:atemp>
            <ns3:hr>155</ns3:hr>
            <ns3:cad>84</ns3:cad>
          </ns3:TrackPointExtension>
        </extensions>
      </trkpt>
      <trkpt lat="49.1459556855261325836181640625" lon="6.14784643985331058502197265625">
        <ele>175</ele>
        <time>2026-07-29T20:26:39.000Z</time>
        <extensions>
          <ns3:TrackPointExtension>
            <ns3:atemp>28.0</ns3:atemp>
            <ns3:hr>155</ns3:hr>
            <ns3:cad>83</ns3:cad>
          </ns3:TrackPointExtension>
        </extensions>
      </trkpt>
      <trkpt lat="49.14593095891177654266357421875" lon="6.14784778095781803131103515625">
        <ele>175.1999969482421875</ele>
        <time>2026-07-29T20:26:40.000Z</time>
        <extensions>
          <ns3:TrackPointExtension>
            <ns3:atemp>28.0</ns3:atemp>
            <ns3:hr>155</ns3:hr>
            <ns3:cad>83</ns3:cad>
          </ns3:TrackPointExtension>
        </extensions>
      </trkpt>
      <trkpt lat="49.14590531028807163238525390625" lon="6.147846020758152008056640625">
        <ele>175.1999969482421875</ele>
        <time>2026-07-29T20:26:41.000Z</time>
        <extensions>
          <ns3:TrackPointExtension>
            <ns3:atemp>28.0</ns3:atemp>
            <ns3:hr>155</ns3:hr>
            <ns3:cad>84</ns3:cad>
          </ns3:TrackPointExtension>
        </extensions>
      </trkpt>
      <trkpt lat="49.14588636718690395355224609375" lon="6.1478569172322750091552734375">
        <ele>175.1999969482421875</ele>
        <time>2026-07-29T20:26:42.000Z</time>
        <extensions>
          <ns3:TrackPointExtension>
            <ns3:atemp>28.0</ns3:atemp>
            <ns3:hr>155</ns3:hr>
            <ns3:cad>84</ns3:cad>
          </ns3:TrackPointExtension>
        </extensions>
      </trkpt>
      <trkpt lat="49.1458527557551860809326171875" lon="6.14785901270806789398193359375">
        <ele>175.1999969482421875</ele>
        <time>2026-07-29T20:26:43.000Z</time>
        <extensions>
          <ns3:TrackPointExtension>
            <ns3:atemp>28.0</ns3:atemp>
            <ns3:hr>155</ns3:hr>
            <ns3:cad>83</ns3:cad>
          </ns3:TrackPointExtension>
        </extensions>
      </trkpt>
      <trkpt lat="49.14582819677889347076416015625" lon="6.14786404184997081756591796875">
        <ele>175</ele>
        <time>2026-07-29T20:26:44.000Z</time>
        <extensions>
          <ns3:TrackPointExtension>
            <ns3:atemp>28.0</ns3:atemp>
            <ns3:hr>155</ns3:hr>
            <ns3:cad>83</ns3:cad>
          </ns3:TrackPointExtension>
        </extensions>
      </trkpt>
      <trkpt lat="49.14580238051712512969970703125" lon="6.147871501743793487548828125">
        <ele>175</ele>
        <time>2026-07-29T20:26:45.000Z</time>
        <extensions>
          <ns3:TrackPointExtension>
            <ns3:atemp>28.0</ns3:atemp>
            <ns3:hr>155</ns3:hr>
            <ns3:cad>83</ns3:cad>
          </ns3:TrackPointExtension>
        </extensions>
      </trkpt>
      <trkpt lat="49.14577580988407135009765625" lon="6.14787393249571323394775390625">
        <ele>175</ele>
        <time>2026-07-29T20:26:46.000Z</time>
        <extensions>
          <ns3:TrackPointExtension>
            <ns3:atemp>28.0</ns3:atemp>
            <ns3:hr>155</ns3:hr>
            <ns3:cad>83</ns3:cad>
          </ns3:TrackPointExtension>
        </extensions>
      </trkpt>
      <trkpt lat="49.1457568667829036712646484375" lon="6.1478844098746776580810546875">
        <ele>174.8000030517578125</ele>
        <time>2026-07-29T20:26:47.000Z</time>
        <extensions>
          <ns3:TrackPointExtension>
            <ns3:atemp>28.0</ns3:atemp>
            <ns3:hr>155</ns3:hr>
            <ns3:cad>83</ns3:cad>
          </ns3:TrackPointExtension>
        </extensions>
      </trkpt>
      <trkpt lat="49.14572744630277156829833984375" lon="6.14788885228335857391357421875">
        <ele>174.8000030517578125</ele>
        <time>2026-07-29T20:26:48.000Z</time>
        <extensions>
          <ns3:TrackPointExtension>
            <ns3:atemp>28.0</ns3:atemp>
            <ns3:hr>155</ns3:hr>
            <ns3:cad>83</ns3:cad>
          </ns3:TrackPointExtension>
        </extensions>
      </trkpt>
      <trkpt lat="49.14570045657455921173095703125" lon="6.14789136685431003570556640625">
        <ele>174.600006103515625</ele>
        <time>2026-07-29T20:26:49.000Z</time>
        <extensions>
          <ns3:TrackPointExtension>
            <ns3:atemp>28.0</ns3:atemp>
            <ns3:hr>155</ns3:hr>
            <ns3:cad>83</ns3:cad>
          </ns3:TrackPointExtension>
        </extensions>
      </trkpt>
      <trkpt lat="49.14567598141729831695556640625" lon="6.14790209569036960601806640625">
        <ele>174.600006103515625</ele>
        <time>2026-07-29T20:26:50.000Z</time>
        <extensions>
          <ns3:TrackPointExtension>
            <ns3:atemp>28.0</ns3:atemp>
            <ns3:hr>155</ns3:hr>
            <ns3:cad>83</ns3:cad>
          </ns3:TrackPointExtension>
        </extensions>
      </trkpt>
      <trkpt lat="49.1456477344036102294921875" lon="6.147899664938449859619140625">
        <ele>174.399993896484375</ele>
        <time>2026-07-29T20:26:51.000Z</time>
        <extensions>
          <ns3:TrackPointExtension>
            <ns3:atemp>28.0</ns3:atemp>
            <ns3:hr>155</ns3:hr>
            <ns3:cad>83</ns3:cad>
          </ns3:TrackPointExtension>
        </extensions>
      </trkpt>
      <trkpt lat="49.14562602527439594268798828125" lon="6.14790930412709712982177734375">
        <ele>174.399993896484375</ele>
        <time>2026-07-29T20:26:52.000Z</time>
        <extensions>
          <ns3:TrackPointExtension>
            <ns3:atemp>28.0</ns3:atemp>
            <ns3:hr>155</ns3:hr>
            <ns3:cad>83</ns3:cad>
          </ns3:TrackPointExtension>
        </extensions>
      </trkpt>
      <trkpt lat="49.14559132419526576995849609375" lon="6.14790670573711395263671875">
        <ele>174.399993896484375</ele>
        <time>2026-07-29T20:26:53.000Z</time>
        <extensions>
          <ns3:TrackPointExtension>
            <ns3:atemp>28.0</ns3:atemp>
            <ns3:hr>155</ns3:hr>
            <ns3:cad>83</ns3:cad>
          </ns3:TrackPointExtension>
        </extensions>
      </trkpt>
      <trkpt lat="49.1455645859241485595703125" lon="6.14791902713477611541748046875">
        <ele>174.399993896484375</ele>
        <time>2026-07-29T20:26:54.000Z</time>
        <extensions>
          <ns3:TrackPointExtension>
            <ns3:atemp>28.0</ns3:atemp>
            <ns3:hr>155</ns3:hr>
            <ns3:cad>83</ns3:cad>
          </ns3:TrackPointExtension>
        </extensions>
      </trkpt>
      <trkpt lat="49.14553734473884105682373046875" lon="6.1479320190846920013427734375">
        <ele>174.1999969482421875</ele>
        <time>2026-07-29T20:26:55.000Z</time>
        <extensions>
          <ns3:TrackPointExtension>
            <ns3:atemp>28.0</ns3:atemp>
            <ns3:hr>155</ns3:hr>
            <ns3:cad>85</ns3:cad>
          </ns3:TrackPointExtension>
        </extensions>
      </trkpt>
      <trkpt lat="49.14550851099193096160888671875" lon="6.14793478511273860931396484375">
        <ele>174.1999969482421875</ele>
        <time>2026-07-29T20:26:56.000Z</time>
        <extensions>
          <ns3:TrackPointExtension>
            <ns3:atemp>28.0</ns3:atemp>
            <ns3:hr>155</ns3:hr>
            <ns3:cad>85</ns3:cad>
          </ns3:TrackPointExtension>
        </extensions>
      </trkpt>
      <trkpt lat="49.145485460758209228515625" lon="6.147947944700717926025390625">
        <ele>174.1999969482421875</ele>
        <time>2026-07-29T20:26:57.000Z</time>
        <extensions>
          <ns3:TrackPointExtension>
            <ns3:atemp>28.0</ns3:atemp>
            <ns3:hr>155</ns3:hr>
            <ns3:cad>85</ns3:cad>
          </ns3:TrackPointExtension>
        </extensions>
      </trkpt>
      <trkpt lat="49.14545017294585704803466796875" lon="6.1479462683200836181640625">
        <ele>174</ele>
        <time>2026-07-29T20:26:58.000Z</time>
        <extensions>
          <ns3:TrackPointExtension>
            <ns3:atemp>28.0</ns3:atemp>
            <ns3:hr>155</ns3:hr>
            <ns3:cad>85</ns3:cad>
          </ns3:TrackPointExtension>
        </extensions>
      </trkpt>
      <trkpt lat="49.14542133919894695281982421875" lon="6.14795506931841373443603515625">
        <ele>174</ele>
        <time>2026-07-29T20:26:59.000Z</time>
        <extensions>
          <ns3:TrackPointExtension>
            <ns3:atemp>28.0</ns3:atemp>
            <ns3:hr>155</ns3:hr>
            <ns3:cad>85</ns3:cad>
          </ns3:TrackPointExtension>
        </extensions>
      </trkpt>
      <trkpt lat="49.14539250545203685760498046875" lon="6.1479561589658260345458984375">
        <ele>174</ele>
        <time>2026-07-29T20:27:00.000Z</time>
        <extensions>
          <ns3:TrackPointExtension>
            <ns3:atemp>28.0</ns3:atemp>
            <ns3:hr>155</ns3:hr>
            <ns3:cad>84</ns3:cad>
          </ns3:TrackPointExtension>
        </extensions>
      </trkpt>
      <trkpt lat="49.145361073315143585205078125" lon="6.14795322529971599578857421875">
        <ele>174</ele>
        <time>2026-07-29T20:27:01.000Z</time>
        <extensions>
          <ns3:TrackPointExtension>
            <ns3:atemp>28.0</ns3:atemp>
            <ns3:hr>155</ns3:hr>
            <ns3:cad>84</ns3:cad>
          </ns3:TrackPointExtension>
        </extensions>
      </trkpt>
      <trkpt lat="49.14533567614853382110595703125" lon="6.14795708097517490386962890625">
        <ele>174</ele>
        <time>2026-07-29T20:27:02.000Z</time>
        <extensions>
          <ns3:TrackPointExtension>
            <ns3:atemp>28.0</ns3:atemp>
            <ns3:hr>155</ns3:hr>
            <ns3:cad>84</ns3:cad>
          </ns3:TrackPointExtension>
        </extensions>
      </trkpt>
      <trkpt lat="49.1453052498400211334228515625" lon="6.14794953726232051849365234375">
        <ele>174</ele>
        <time>2026-07-29T20:27:03.000Z</time>
        <extensions>
          <ns3:TrackPointExtension>
            <ns3:atemp>28.0</ns3:atemp>
            <ns3:hr>155</ns3:hr>
            <ns3:cad>84</ns3:cad>
          </ns3:TrackPointExtension>
        </extensions>
      </trkpt>
      <trkpt lat="49.14528228342533111572265625" lon="6.14794827997684478759765625">
        <ele>173.8000030517578125</ele>
        <time>2026-07-29T20:27:04.000Z</time>
        <extensions>
          <ns3:TrackPointExtension>
            <ns3:atemp>28.0</ns3:atemp>
            <ns3:hr>154</ns3:hr>
            <ns3:cad>84</ns3:cad>
          </ns3:TrackPointExtension>
        </extensions>
      </trkpt>
      <trkpt lat="49.1452505998313426971435546875" lon="6.147948615252971649169921875">
        <ele>173.8000030517578125</ele>
        <time>2026-07-29T20:27:05.000Z</time>
        <extensions>
          <ns3:TrackPointExtension>
            <ns3:atemp>28.0</ns3:atemp>
            <ns3:hr>154</ns3:hr>
            <ns3:cad>84</ns3:cad>
          </ns3:TrackPointExtension>
        </extensions>
      </trkpt>
      <trkpt lat="49.1452212631702423095703125" lon="6.14794869907200336456298828125">
        <ele>173.8000030517578125</ele>
        <time>2026-07-29T20:27:06.000Z</time>
        <extensions>
          <ns3:TrackPointExtension>
            <ns3:atemp>28.0</ns3:atemp>
            <ns3:hr>154</ns3:hr>
            <ns3:cad>85</ns3:cad>
          </ns3:TrackPointExtension>
        </extensions>
      </trkpt>
      <trkpt lat="49.145196117460727691650390625" lon="6.14795255474746227264404296875">
        <ele>173.600006103515625</ele>
        <time>2026-07-29T20:27:07.000Z</time>
        <extensions>
          <ns3:TrackPointExtension>
            <ns3:atemp>28.0</ns3:atemp>
            <ns3:hr>154</ns3:hr>
            <ns3:cad>85</ns3:cad>
          </ns3:TrackPointExtension>
        </extensions>
      </trkpt>
      <trkpt lat="49.14516099728643894195556640625" lon="6.14795188419520854949951171875">
        <ele>173.600006103515625</ele>
        <time>2026-07-29T20:27:08.000Z</time>
        <extensions>
          <ns3:TrackPointExtension>
            <ns3:atemp>28.0</ns3:atemp>
            <ns3:hr>153</ns3:hr>
            <ns3:cad>85</ns3:cad>
          </ns3:TrackPointExtension>
        </extensions>
      </trkpt>
      <trkpt lat="49.1451382823288440704345703125" lon="6.14795557223260402679443359375">
        <ele>173.399993896484375</ele>
        <time>2026-07-29T20:27:09.000Z</time>
        <extensions>
          <ns3:TrackPointExtension>
            <ns3:atemp>28.0</ns3:atemp>
            <ns3:hr>153</ns3:hr>
            <ns3:cad>84</ns3:cad>
          </ns3:TrackPointExtension>
        </extensions>
      </trkpt>
      <trkpt lat="49.145108945667743682861328125" lon="6.14795004017651081085205078125">
        <ele>173.399993896484375</ele>
        <time>2026-07-29T20:27:10.000Z</time>
        <extensions>
          <ns3:TrackPointExtension>
            <ns3:atemp>28.0</ns3:atemp>
            <ns3:hr>153</ns3:hr>
            <ns3:cad>84</ns3:cad>
          </ns3:TrackPointExtension>
        </extensions>
      </trkpt>
      <trkpt lat="49.1450843028724193572998046875" lon="6.14794651977717876434326171875">
        <ele>173.399993896484375</ele>
        <time>2026-07-29T20:27:11.000Z</time>
        <extensions>
          <ns3:TrackPointExtension>
            <ns3:atemp>28.0</ns3:atemp>
            <ns3:hr>153</ns3:hr>
            <ns3:cad>83</ns3:cad>
          </ns3:TrackPointExtension>
        </extensions>
      </trkpt>
      <trkpt lat="49.145059995353221893310546875" lon="6.1479514651000499725341796875">
        <ele>173.399993896484375</ele>
        <time>2026-07-29T20:27:12.000Z</time>
        <extensions>
          <ns3:TrackPointExtension>
            <ns3:atemp>28.0</ns3:atemp>
            <ns3:hr>153</ns3:hr>
            <ns3:cad>83</ns3:cad>
          </ns3:TrackPointExtension>
        </extensions>
      </trkpt>
      <trkpt lat="49.1450316645205020904541015625" lon="6.14794350229203701019287109375">
        <ele>173.399993896484375</ele>
        <time>2026-07-29T20:27:13.000Z</time>
        <extensions>
          <ns3:TrackPointExtension>
            <ns3:atemp>28.0</ns3:atemp>
            <ns3:hr>153</ns3:hr>
            <ns3:cad>83</ns3:cad>
          </ns3:TrackPointExtension>
        </extensions>
      </trkpt>
      <trkpt lat="49.145005010068416595458984375" lon="6.14794425666332244873046875">
        <ele>173.399993896484375</ele>
        <time>2026-07-29T20:27:14.000Z</time>
        <extensions>
          <ns3:TrackPointExtension>
            <ns3:atemp>28.0</ns3:atemp>
            <ns3:hr>153</ns3:hr>
            <ns3:cad>84</ns3:cad>
          </ns3:TrackPointExtension>
        </extensions>
      </trkpt>
      <trkpt lat="49.14497458375990390777587890625" lon="6.14793947897851467132568359375">
        <ele>173.399993896484375</ele>
        <time>2026-07-29T20:27:15.000Z</time>
        <extensions>
          <ns3:TrackPointExtension>
            <ns3:atemp>28.0</ns3:atemp>
            <ns3:hr>153</ns3:hr>
            <ns3:cad>84</ns3:cad>
          </ns3:TrackPointExtension>
        </extensions>
      </trkpt>
      <trkpt lat="49.144946672022342681884765625" lon="6.14794115535914897918701171875">
        <ele>173.1999969482421875</ele>
        <time>2026-07-29T20:27:16.000Z</time>
        <extensions>
          <ns3:TrackPointExtension>
            <ns3:atemp>28.0</ns3:atemp>
            <ns3:hr>154</ns3:hr>
            <ns3:cad>84</ns3:cad>
          </ns3:TrackPointExtension>
        </extensions>
      </trkpt>
      <trkpt lat="49.14492077194154262542724609375" lon="6.14794425666332244873046875">
        <ele>173.1999969482421875</ele>
        <time>2026-07-29T20:27:17.000Z</time>
        <extensions>
          <ns3:TrackPointExtension>
            <ns3:atemp>28.0</ns3:atemp>
            <ns3:hr>154</ns3:hr>
            <ns3:cad>84</ns3:cad>
          </ns3:TrackPointExtension>
        </extensions>
      </trkpt>
      <trkpt lat="49.144890345633029937744140625" lon="6.14794333465397357940673828125">
        <ele>173.1999969482421875</ele>
        <time>2026-07-29T20:27:18.000Z</time>
        <extensions>
          <ns3:TrackPointExtension>
            <ns3:atemp>28.0</ns3:atemp>
            <ns3:hr>154</ns3:hr>
            <ns3:cad>84</ns3:cad>
          </ns3:TrackPointExtension>
        </extensions>
      </trkpt>
      <trkpt lat="49.14486696012318134307861328125" lon="6.14794987253844738006591796875">
        <ele>173</ele>
        <time>2026-07-29T20:27:19.000Z</time>
        <extensions>
          <ns3:TrackPointExtension>
            <ns3:atemp>28.0</ns3:atemp>
            <ns3:hr>154</ns3:hr>
            <ns3:cad>85</ns3:cad>
          </ns3:TrackPointExtension>
        </extensions>
      </trkpt>
      <trkpt lat="49.14483427070081233978271484375" lon="6.14794970490038394927978515625">
        <ele>173</ele>
        <time>2026-07-29T20:27:20.000Z</time>
        <extensions>
          <ns3:TrackPointExtension>
            <ns3:atemp>28.0</ns3:atemp>
            <ns3:hr>155</ns3:hr>
            <ns3:cad>85</ns3:cad>
          </ns3:TrackPointExtension>
        </extensions>
      </trkpt>
      <trkpt lat="49.14480728097259998321533203125" lon="6.14795456640422344207763671875">
        <ele>173.1999969482421875</ele>
        <time>2026-07-29T20:27:21.000Z</time>
        <extensions>
          <ns3:TrackPointExtension>
            <ns3:atemp>28.0</ns3:atemp>
            <ns3:hr>155</ns3:hr>
            <ns3:cad>85</ns3:cad>
          </ns3:TrackPointExtension>
        </extensions>
      </trkpt>
      <trkpt lat="49.1447818838059902191162109375" lon="6.14796512760221958160400390625">
        <ele>173.1999969482421875</ele>
        <time>2026-07-29T20:27:22.000Z</time>
        <extensions>
          <ns3:TrackPointExtension>
            <ns3:atemp>28.0</ns3:atemp>
            <ns3:hr>155</ns3:hr>
            <ns3:cad>85</ns3:cad>
          </ns3:TrackPointExtension>
        </extensions>
      </trkpt>
      <trkpt lat="49.1447532176971435546875" lon="6.147965379059314727783203125">
        <ele>173.1999969482421875</ele>
        <time>2026-07-29T20:27:23.000Z</time>
        <extensions>
          <ns3:TrackPointExtension>
            <ns3:atemp>28.0</ns3:atemp>
            <ns3:hr>155</ns3:hr>
            <ns3:cad>84</ns3:cad>
          </ns3:TrackPointExtension>
        </extensions>
      </trkpt>
      <trkpt lat="49.144732095301151275634765625" lon="6.147978790104389190673828125">
        <ele>173.1999969482421875</ele>
        <time>2026-07-29T20:27:24.000Z</time>
        <extensions>
          <ns3:TrackPointExtension>
            <ns3:atemp>28.0</ns3:atemp>
            <ns3:hr>155</ns3:hr>
            <ns3:cad>84</ns3:cad>
          </ns3:TrackPointExtension>
        </extensions>
      </trkpt>
      <trkpt lat="49.144702255725860595703125" lon="6.1479836516082286834716796875">
        <ele>173.1999969482421875</ele>
        <time>2026-07-29T20:27:25.000Z</time>
        <extensions>
          <ns3:TrackPointExtension>
            <ns3:atemp>28.0</ns3:atemp>
            <ns3:hr>155</ns3:hr>
            <ns3:cad>84</ns3:cad>
          </ns3:TrackPointExtension>
        </extensions>
      </trkpt>
      <trkpt lat="49.1446756012737751007080078125" lon="6.14799144677817821502685546875">
        <ele>173</ele>
        <time>2026-07-29T20:27:26.000Z</time>
        <extensions>
          <ns3:TrackPointExtension>
            <ns3:atemp>28.0</ns3:atemp>
            <ns3:hr>155</ns3:hr>
            <ns3:cad>84</ns3:cad>
          </ns3:TrackPointExtension>
        </extensions>
      </trkpt>
      <trkpt lat="49.144648946821689605712890625" lon="6.1480052769184112548828125">
        <ele>173</ele>
        <time>2026-07-29T20:27:27.000Z</time>
        <extensions>
          <ns3:TrackPointExtension>
            <ns3:atemp>28.0</ns3:atemp>
            <ns3:hr>155</ns3:hr>
            <ns3:cad>84</ns3:cad>
          </ns3:TrackPointExtension>
        </extensions>
      </trkpt>
      <trkpt lat="49.1446192748844623565673828125" lon="6.1480160057544708251953125">
        <ele>173</ele>
        <time>2026-07-29T20:27:28.000Z</time>
        <extensions>
          <ns3:TrackPointExtension>
            <ns3:atemp>28.0</ns3:atemp>
            <ns3:hr>155</ns3:hr>
            <ns3:cad>84</ns3:cad>
          </ns3:TrackPointExtension>
        </extensions>
      </trkpt>
      <trkpt lat="49.1445978172123432159423828125" lon="6.14803419448435306549072265625">
        <ele>173</ele>
        <time>2026-07-29T20:27:29.000Z</time>
        <extensions>
          <ns3:TrackPointExtension>
            <ns3:atemp>28.0</ns3:atemp>
            <ns3:hr>156</ns3:hr>
            <ns3:cad>84</ns3:cad>
          </ns3:TrackPointExtension>
        </extensions>
      </trkpt>
      <trkpt lat="49.14456420578062534332275390625" lon="6.148043833673000335693359375">
        <ele>172.8000030517578125</ele>
        <time>2026-07-29T20:27:30.000Z</time>
        <extensions>
          <ns3:TrackPointExtension>
            <ns3:atemp>28.0</ns3:atemp>
            <ns3:hr>156</ns3:hr>
            <ns3:cad>84</ns3:cad>
          </ns3:TrackPointExtension>
        </extensions>
      </trkpt>
      <trkpt lat="49.14454006589949131011962890625" lon="6.14805682562291622161865234375">
        <ele>172.8000030517578125</ele>
        <time>2026-07-29T20:27:31.000Z</time>
        <extensions>
          <ns3:TrackPointExtension>
            <ns3:atemp>28.0</ns3:atemp>
            <ns3:hr>156</ns3:hr>
            <ns3:cad>85</ns3:cad>
          </ns3:TrackPointExtension>
        </extensions>
      </trkpt>
      <trkpt lat="49.14451248943805694580078125" lon="6.14807124249637126922607421875">
        <ele>172.8000030517578125</ele>
        <time>2026-07-29T20:27:32.000Z</time>
        <extensions>
          <ns3:TrackPointExtension>
            <ns3:atemp>28.0</ns3:atemp>
            <ns3:hr>157</ns3:hr>
            <ns3:cad>85</ns3:cad>
          </ns3:TrackPointExtension>
        </extensions>
      </trkpt>
      <trkpt lat="49.14448575116693973541259765625" lon="6.14807912148535251617431640625">
        <ele>172.8000030517578125</ele>
        <time>2026-07-29T20:27:33.000Z</time>
        <extensions>
          <ns3:TrackPointExtension>
            <ns3:atemp>28.0</ns3:atemp>
            <ns3:hr>157</ns3:hr>
            <ns3:cad>85</ns3:cad>
          </ns3:TrackPointExtension>
        </extensions>
      </trkpt>
      <trkpt lat="49.14446580223739147186279296875" lon="6.14809169434010982513427734375">
        <ele>173</ele>
        <time>2026-07-29T20:27:34.000Z</time>
        <extensions>
          <ns3:TrackPointExtension>
            <ns3:atemp>28.0</ns3:atemp>
            <ns3:hr>157</ns3:hr>
            <ns3:cad>85</ns3:cad>
          </ns3:TrackPointExtension>
        </extensions>
      </trkpt>
      <trkpt lat="49.1444368846714496612548828125" lon="6.1480991542339324951171875">
        <ele>173</ele>
        <time>2026-07-29T20:27:35.000Z</time>
        <extensions>
          <ns3:TrackPointExtension>
            <ns3:atemp>28.0</ns3:atemp>
            <ns3:hr>158</ns3:hr>
            <ns3:cad>85</ns3:cad>
          </ns3:TrackPointExtension>
        </extensions>
      </trkpt>
      <trkpt lat="49.14441148750483989715576171875" lon="6.1481093801558017730712890625">
        <ele>173</ele>
        <time>2026-07-29T20:27:36.000Z</time>
        <extensions>
          <ns3:TrackPointExtension>
            <ns3:atemp>28.0</ns3:atemp>
            <ns3:hr>158</ns3:hr>
            <ns3:cad>85</ns3:cad>
          </ns3:TrackPointExtension>
        </extensions>
      </trkpt>
      <trkpt lat="49.1443845815956592559814453125" lon="6.148120276629924774169921875">
        <ele>173.1999969482421875</ele>
        <time>2026-07-29T20:27:37.000Z</time>
        <extensions>
          <ns3:TrackPointExtension>
            <ns3:atemp>28.0</ns3:atemp>
            <ns3:hr>158</ns3:hr>
            <ns3:cad>85</ns3:cad>
          </ns3:TrackPointExtension>
        </extensions>
      </trkpt>
      <trkpt lat="49.1443602740764617919921875" lon="6.148124299943447113037109375">
        <ele>173.1999969482421875</ele>
        <time>2026-07-29T20:27:38.000Z</time>
        <extensions>
          <ns3:TrackPointExtension>
            <ns3:atemp>28.0</ns3:atemp>
            <ns3:hr>158</ns3:hr>
            <ns3:cad>84</ns3:cad>
          </ns3:TrackPointExtension>
        </extensions>
      </trkpt>
      <trkpt lat="49.14434275589883327484130859375" lon="6.1481358669698238372802734375">
        <ele>173.1999969482421875</ele>
        <time>2026-07-29T20:27:39.000Z</time>
        <extensions>
          <ns3:TrackPointExtension>
            <ns3:atemp>28.0</ns3:atemp>
            <ns3:hr>158</ns3:hr>
            <ns3:cad>84</ns3:cad>
          </ns3:TrackPointExtension>
        </extensions>
      </trkpt>
      <trkpt lat="49.14431559853255748748779296875" lon="6.1481445841491222381591796875">
        <ele>173.1999969482421875</ele>
        <time>2026-07-29T20:27:40.000Z</time>
        <extensions>
          <ns3:TrackPointExtension>
            <ns3:atemp>28.0</ns3:atemp>
            <ns3:hr>158</ns3:hr>
            <ns3:cad>84</ns3:cad>
          </ns3:TrackPointExtension>
        </extensions>
      </trkpt>
      <trkpt lat="49.144294559955596923828125" lon="6.1481533013284206390380859375">
        <ele>173.1999969482421875</ele>
        <time>2026-07-29T20:27:41.000Z</time>
        <extensions>
          <ns3:TrackPointExtension>
            <ns3:atemp>28.0</ns3:atemp>
            <ns3:hr>158</ns3:hr>
            <ns3:cad>83</ns3:cad>
          </ns3:TrackPointExtension>
        </extensions>
      </trkpt>
      <trkpt lat="49.1442719288170337677001953125" lon="6.14816361106932163238525390625">
        <ele>173.1999969482421875</ele>
        <time>2026-07-29T20:27:42.000Z</time>
        <extensions>
          <ns3:TrackPointExtension>
            <ns3:atemp>28.0</ns3:atemp>
            <ns3:hr>158</ns3:hr>
            <ns3:cad>83</ns3:cad>
          </ns3:TrackPointExtension>
        </extensions>
      </trkpt>
      <trkpt lat="49.14424519054591655731201171875" lon="6.14816076122224330902099609375">
        <ele>173.1999969482421875</ele>
        <time>2026-07-29T20:27:43.000Z</time>
        <extensions>
          <ns3:TrackPointExtension>
            <ns3:atemp>28.0</ns3:atemp>
            <ns3:hr>158</ns3:hr>
            <ns3:cad>83</ns3:cad>
          </ns3:TrackPointExtension>
        </extensions>
      </trkpt>
      <trkpt lat="49.14422423578798770904541015625" lon="6.148166544735431671142578125">
        <ele>173.1999969482421875</ele>
        <time>2026-07-29T20:27:44.000Z</time>
        <extensions>
          <ns3:TrackPointExtension>
            <ns3:atemp>28.0</ns3:atemp>
            <ns3:hr>158</ns3:hr>
            <ns3:cad>83</ns3:cad>
          </ns3:TrackPointExtension>
        </extensions>
      </trkpt>
      <trkpt lat="49.14419221691787242889404296875" lon="6.148163191974163055419921875">
        <ele>173.1999969482421875</ele>
        <time>2026-07-29T20:27:45.000Z</time>
        <extensions>
          <ns3:TrackPointExtension>
            <ns3:atemp>28.0</ns3:atemp>
            <ns3:hr>158</ns3:hr>
            <ns3:cad>83</ns3:cad>
          </ns3:TrackPointExtension>
        </extensions>
      </trkpt>
      <trkpt lat="49.14416623301804065704345703125" lon="6.14816528744995594024658203125">
        <ele>173.1999969482421875</ele>
        <time>2026-07-29T20:27:46.000Z</time>
        <extensions>
          <ns3:TrackPointExtension>
            <ns3:atemp>28.0</ns3:atemp>
            <ns3:hr>157</ns3:hr>
            <ns3:cad>83</ns3:cad>
          </ns3:TrackPointExtension>
        </extensions>
      </trkpt>
      <trkpt lat="49.144138991832733154296875" lon="6.148171238601207733154296875">
        <ele>173.1999969482421875</ele>
        <time>2026-07-29T20:27:47.000Z</time>
        <extensions>
          <ns3:TrackPointExtension>
            <ns3:atemp>28.0</ns3:atemp>
            <ns3:hr>157</ns3:hr>
            <ns3:cad>83</ns3:cad>
          </ns3:TrackPointExtension>
        </extensions>
      </trkpt>
      <trkpt lat="49.1441109962761402130126953125" lon="6.1481747590005397796630859375">
        <ele>173.1999969482421875</ele>
        <time>2026-07-29T20:27:48.000Z</time>
        <extensions>
          <ns3:TrackPointExtension>
            <ns3:atemp>28.0</ns3:atemp>
            <ns3:hr>157</ns3:hr>
            <ns3:cad>84</ns3:cad>
          </ns3:TrackPointExtension>
        </extensions>
      </trkpt>
      <trkpt lat="49.14408945478498935699462890625" lon="6.14818523637950420379638671875">
        <ele>173.1999969482421875</ele>
        <time>2026-07-29T20:27:49.000Z</time>
        <extensions>
          <ns3:TrackPointExtension>
            <ns3:atemp>28.0</ns3:atemp>
            <ns3:hr>157</ns3:hr>
            <ns3:cad>84</ns3:cad>
          </ns3:TrackPointExtension>
        </extensions>
      </trkpt>
      <trkpt lat="49.144058860838413238525390625" lon="6.14818322472274303436279296875">
        <ele>173.1999969482421875</ele>
        <time>2026-07-29T20:27:50.000Z</time>
        <extensions>
          <ns3:TrackPointExtension>
            <ns3:atemp>28.0</ns3:atemp>
            <ns3:hr>157</ns3:hr>
            <ns3:cad>84</ns3:cad>
          </ns3:TrackPointExtension>
        </extensions>
      </trkpt>
      <trkpt lat="49.1440348885953426361083984375" lon="6.1481796205043792724609375">
        <ele>173.1999969482421875</ele>
        <time>2026-07-29T20:27:51.000Z</time>
        <extensions>
          <ns3:TrackPointExtension>
            <ns3:atemp>28.0</ns3:atemp>
            <ns3:hr>157</ns3:hr>
            <ns3:cad>84</ns3:cad>
          </ns3:TrackPointExtension>
        </extensions>
      </trkpt>
      <trkpt lat="49.14401385001838207244873046875" lon="6.1481774412095546722412109375">
        <ele>173.399993896484375</ele>
        <time>2026-07-29T20:27:52.000Z</time>
        <extensions>
          <ns3:TrackPointExtension>
            <ns3:atemp>28.0</ns3:atemp>
            <ns3:hr>157</ns3:hr>
            <ns3:cad>83</ns3:cad>
          </ns3:TrackPointExtension>
        </extensions>
      </trkpt>
      <trkpt lat="49.14398677647113800048828125" lon="6.14816092886030673980712890625">
        <ele>173.399993896484375</ele>
        <time>2026-07-29T20:27:53.000Z</time>
        <extensions>
          <ns3:TrackPointExtension>
            <ns3:atemp>28.0</ns3:atemp>
            <ns3:hr>156</ns3:hr>
            <ns3:cad>83</ns3:cad>
          </ns3:TrackPointExtension>
        </extensions>
      </trkpt>
      <trkpt lat="49.1439644806087017059326171875" lon="6.148158498108386993408203125">
        <ele>173.399993896484375</ele>
        <time>2026-07-29T20:27:54.000Z</time>
        <extensions>
          <ns3:TrackPointExtension>
            <ns3:atemp>28.0</ns3:atemp>
            <ns3:hr>156</ns3:hr>
            <ns3:cad>83</ns3:cad>
          </ns3:TrackPointExtension>
        </extensions>
      </trkpt>
      <trkpt lat="49.143937490880489349365234375" lon="6.148148439824581146240234375">
        <ele>173.399993896484375</ele>
        <time>2026-07-29T20:27:55.000Z</time>
        <extensions>
          <ns3:TrackPointExtension>
            <ns3:atemp>28.0</ns3:atemp>
            <ns3:hr>155</ns3:hr>
            <ns3:cad>83</ns3:cad>
          </ns3:TrackPointExtension>
        </extensions>
      </trkpt>
      <trkpt lat="49.14391309954226016998291015625" lon="6.14813427440822124481201171875">
        <ele>173.399993896484375</ele>
        <time>2026-07-29T20:27:56.000Z</time>
        <extensions>
          <ns3:TrackPointExtension>
            <ns3:atemp>28.0</ns3:atemp>
            <ns3:hr>155</ns3:hr>
            <ns3:cad>83</ns3:cad>
          </ns3:TrackPointExtension>
        </extensions>
      </trkpt>
      <trkpt lat="49.1438907198607921600341796875" lon="6.1481313407421112060546875">
        <ele>173.399993896484375</ele>
        <time>2026-07-29T20:27:57.000Z</time>
        <extensions>
          <ns3:TrackPointExtension>
            <ns3:atemp>28.0</ns3:atemp>
            <ns3:hr>155</ns3:hr>
            <ns3:cad>83</ns3:cad>
          </ns3:TrackPointExtension>
        </extensions>
      </trkpt>
      <trkpt lat="49.143861718475818634033203125" lon="6.14811214618384838104248046875">
        <ele>173.399993896484375</ele>
        <time>2026-07-29T20:27:58.000Z</time>
        <extensions>
          <ns3:TrackPointExtension>
            <ns3:atemp>28.0</ns3:atemp>
            <ns3:hr>155</ns3:hr>
            <ns3:cad>83</ns3:cad>
          </ns3:TrackPointExtension>
        </extensions>
      </trkpt>
      <trkpt lat="49.14384059607982635498046875" lon="6.14810518920421600341796875">
        <ele>173.399993896484375</ele>
        <time>2026-07-29T20:27:59.000Z</time>
        <extensions>
          <ns3:TrackPointExtension>
            <ns3:atemp>28.0</ns3:atemp>
            <ns3:hr>154</ns3:hr>
            <ns3:cad>83</ns3:cad>
          </ns3:TrackPointExtension>
        </extensions>
      </trkpt>
      <trkpt lat="49.14381369017064571380615234375" lon="6.14809437654912471771240234375">
        <ele>173.399993896484375</ele>
        <time>2026-07-29T20:28:00.000Z</time>
        <extensions>
          <ns3:TrackPointExtension>
            <ns3:atemp>28.0</ns3:atemp>
            <ns3:hr>154</ns3:hr>
            <ns3:cad>83</ns3:cad>
          </ns3:TrackPointExtension>
        </extensions>
      </trkpt>
      <trkpt lat="49.14379122667014598846435546875" lon="6.148078031837940216064453125">
        <ele>173.399993896484375</ele>
        <time>2026-07-29T20:28:01.000Z</time>
        <extensions>
          <ns3:TrackPointExtension>
            <ns3:atemp>28.0</ns3:atemp>
            <ns3:hr>154</ns3:hr>
            <ns3:cad>83</ns3:cad>
          </ns3:TrackPointExtension>
        </extensions>
      </trkpt>
      <trkpt lat="49.1437706910073757171630859375" lon="6.148072667419910430908203125">
        <ele>173.399993896484375</ele>
        <time>2026-07-29T20:28:02.000Z</time>
        <extensions>
          <ns3:TrackPointExtension>
            <ns3:atemp>28.0</ns3:atemp>
            <ns3:hr>154</ns3:hr>
            <ns3:cad>83</ns3:cad>
          </ns3:TrackPointExtension>
        </extensions>
      </trkpt>
      <trkpt lat="49.14374462328851222991943359375" lon="6.14804886281490325927734375">
        <ele>173.399993896484375</ele>
        <time>2026-07-29T20:28:03.000Z</time>
        <extensions>
          <ns3:TrackPointExtension>
            <ns3:atemp>28.0</ns3:atemp>
            <ns3:hr>154</ns3:hr>
            <ns3:cad>83</ns3:cad>
          </ns3:TrackPointExtension>
        </extensions>
      </trkpt>
      <trkpt lat="49.14372433908283710479736328125" lon="6.14803654141724109649658203125">
        <ele>173.399993896484375</ele>
        <time>2026-07-29T20:28:04.000Z</time>
        <extensions>
          <ns3:TrackPointExtension>
            <ns3:atemp>28.0</ns3:atemp>
            <ns3:hr>154</ns3:hr>
            <ns3:cad>83</ns3:cad>
          </ns3:TrackPointExtension>
        </extensions>
      </trkpt>
      <trkpt lat="49.14370246231555938720703125" lon="6.1480242200195789337158203125">
        <ele>173.399993896484375</ele>
        <time>2026-07-29T20:28:05.000Z</time>
        <extensions>
          <ns3:TrackPointExtension>
            <ns3:atemp>28.0</ns3:atemp>
            <ns3:hr>154</ns3:hr>
            <ns3:cad>83</ns3:cad>
          </ns3:TrackPointExtension>
        </extensions>
      </trkpt>
      <trkpt lat="49.1436764784157276153564453125" lon="6.14800167270004749298095703125">
        <ele>173.1999969482421875</ele>
        <time>2026-07-29T20:28:06.000Z</time>
        <extensions>
          <ns3:TrackPointExtension>
            <ns3:atemp>28.0</ns3:atemp>
            <ns3:hr>154</ns3:hr>
            <ns3:cad>83</ns3:cad>
          </ns3:TrackPointExtension>
        </extensions>
      </trkpt>
      <trkpt lat="49.1436543501913547515869140625" lon="6.1479980684816837310791015625">
        <ele>173.1999969482421875</ele>
        <time>2026-07-29T20:28:07.000Z</time>
        <extensions>
          <ns3:TrackPointExtension>
            <ns3:atemp>28.0</ns3:atemp>
            <ns3:hr>154</ns3:hr>
            <ns3:cad>84</ns3:cad>
          </ns3:TrackPointExtension>
        </extensions>
      </trkpt>
      <trkpt lat="49.14362643845379352569580078125" lon="6.14798256196081638336181640625">
        <ele>173</ele>
        <time>2026-07-29T20:28:08.000Z</time>
        <extensions>
          <ns3:TrackPointExtension>
            <ns3:atemp>28.0</ns3:atemp>
            <ns3:hr>154</ns3:hr>
            <ns3:cad>84</ns3:cad>
          </ns3:TrackPointExtension>
        </extensions>
      </trkpt>
      <trkpt lat="49.14360246621072292327880859375" lon="6.14796445704996585845947265625">
        <ele>173</ele>
        <time>2026-07-29T20:28:09.000Z</time>
        <extensions>
          <ns3:TrackPointExtension>
            <ns3:atemp>28.0</ns3:atemp>
            <ns3:hr>154</ns3:hr>
            <ns3:cad>82</ns3:cad>
          </ns3:TrackPointExtension>
        </extensions>
      </trkpt>
      <trkpt lat="49.143578745424747467041015625" lon="6.14795104600489139556884765625">
        <ele>173</ele>
        <time>2026-07-29T20:28:10.000Z</time>
        <extensions>
          <ns3:TrackPointExtension>
            <ns3:atemp>28.0</ns3:atemp>
            <ns3:hr>154</ns3:hr>
            <ns3:cad>82</ns3:cad>
          </ns3:TrackPointExtension>
        </extensions>
      </trkpt>
      <trkpt lat="49.14355703629553318023681640625" lon="6.1479216255247592926025390625">
        <ele>173</ele>
        <time>2026-07-29T20:28:11.000Z</time>
        <extensions>
          <ns3:TrackPointExtension>
            <ns3:atemp>28.0</ns3:atemp>
            <ns3:hr>154</ns3:hr>
            <ns3:cad>82</ns3:cad>
          </ns3:TrackPointExtension>
        </extensions>
      </trkpt>
      <trkpt lat="49.14353909902274608612060546875" lon="6.14790444262325763702392578125">
        <ele>173.1999969482421875</ele>
        <time>2026-07-29T20:28:12.000Z</time>
        <extensions>
          <ns3:TrackPointExtension>
            <ns3:atemp>28.0</ns3:atemp>
            <ns3:hr>154</ns3:hr>
            <ns3:cad>82</ns3:cad>
          </ns3:TrackPointExtension>
        </extensions>
      </trkpt>
      <trkpt lat="49.143513701856136322021484375" lon="6.147888265550136566162109375">
        <ele>173</ele>
        <time>2026-07-29T20:28:13.000Z</time>
        <extensions>
          <ns3:TrackPointExtension>
            <ns3:atemp>28.0</ns3:atemp>
            <ns3:hr>154</ns3:hr>
            <ns3:cad>82</ns3:cad>
          </ns3:TrackPointExtension>
        </extensions>
      </trkpt>
      <trkpt lat="49.14348646067082881927490234375" lon="6.14787560887634754180908203125">
        <ele>173</ele>
        <time>2026-07-29T20:28:14.000Z</time>
        <extensions>
          <ns3:TrackPointExtension>
            <ns3:atemp>28.0</ns3:atemp>
            <ns3:hr>154</ns3:hr>
            <ns3:cad>83</ns3:cad>
          </ns3:TrackPointExtension>
        </extensions>
      </trkpt>
      <trkpt lat="49.14346667937934398651123046875" lon="6.14786974154412746429443359375">
        <ele>173</ele>
        <time>2026-07-29T20:28:15.000Z</time>
        <extensions>
          <ns3:TrackPointExtension>
            <ns3:atemp>28.0</ns3:atemp>
            <ns3:hr>154</ns3:hr>
            <ns3:cad>84</ns3:cad>
          </ns3:TrackPointExtension>
        </extensions>
      </trkpt>
      <trkpt lat="49.1434349119663238525390625" lon="6.14785297773778438568115234375">
        <ele>173</ele>
        <time>2026-07-29T20:28:16.000Z</time>
        <extensions>
          <ns3:TrackPointExtension>
            <ns3:atemp>28.0</ns3:atemp>
            <ns3:hr>154</ns3:hr>
            <ns3:cad>84</ns3:cad>
          </ns3:TrackPointExtension>
        </extensions>
      </trkpt>
      <trkpt lat="49.14341144263744354248046875" lon="6.14784543402493000030517578125">
        <ele>173</ele>
        <time>2026-07-29T20:28:17.000Z</time>
        <extensions>
          <ns3:TrackPointExtension>
            <ns3:atemp>28.0</ns3:atemp>
            <ns3:hr>154</ns3:hr>
            <ns3:cad>82</ns3:cad>
          </ns3:TrackPointExtension>
        </extensions>
      </trkpt>
      <trkpt lat="49.14338621310889720916748046875" lon="6.1478425003588199615478515625">
        <ele>173</ele>
        <time>2026-07-29T20:28:18.000Z</time>
        <extensions>
          <ns3:TrackPointExtension>
            <ns3:atemp>28.0</ns3:atemp>
            <ns3:hr>154</ns3:hr>
            <ns3:cad>82</ns3:cad>
          </ns3:TrackPointExtension>
        </extensions>
      </trkpt>
      <trkpt lat="49.14335972629487514495849609375" lon="6.14783571101725101470947265625">
        <ele>173</ele>
        <time>2026-07-29T20:28:19.000Z</time>
        <extensions>
          <ns3:TrackPointExtension>
            <ns3:atemp>28.0</ns3:atemp>
            <ns3:hr>154</ns3:hr>
            <ns3:cad>84</ns3:cad>
          </ns3:TrackPointExtension>
        </extensions>
      </trkpt>
      <trkpt lat="49.14333575405180454254150390625" lon="6.14783219061791896820068359375">
        <ele>173</ele>
        <time>2026-07-29T20:28:20.000Z</time>
        <extensions>
          <ns3:TrackPointExtension>
            <ns3:atemp>28.0</ns3:atemp>
            <ns3:hr>154</ns3:hr>
            <ns3:cad>84</ns3:cad>
          </ns3:TrackPointExtension>
        </extensions>
      </trkpt>
      <trkpt lat="49.14330658502876758575439453125" lon="6.14782146178185939788818359375">
        <ele>173</ele>
        <time>2026-07-29T20:28:21.000Z</time>
        <extensions>
          <ns3:TrackPointExtension>
            <ns3:atemp>28.0</ns3:atemp>
            <ns3:hr>154</ns3:hr>
            <ns3:cad>84</ns3:cad>
          </ns3:TrackPointExtension>
        </extensions>
      </trkpt>
      <trkpt lat="49.14328135550022125244140625" lon="6.147815845906734466552734375">
        <ele>173</ele>
        <time>2026-07-29T20:28:22.000Z</time>
        <extensions>
          <ns3:TrackPointExtension>
            <ns3:atemp>28.0</ns3:atemp>
            <ns3:hr>154</ns3:hr>
            <ns3:cad>84</ns3:cad>
          </ns3:TrackPointExtension>
        </extensions>
      </trkpt>
      <trkpt lat="49.1432570479810237884521484375" lon="6.1478176899254322052001953125">
        <ele>173</ele>
        <time>2026-07-29T20:28:23.000Z</time>
        <extensions>
          <ns3:TrackPointExtension>
            <ns3:atemp>28.0</ns3:atemp>
            <ns3:hr>154</ns3:hr>
            <ns3:cad>84</ns3:cad>
          </ns3:TrackPointExtension>
        </extensions>
      </trkpt>
      <trkpt lat="49.14322963915765285491943359375" lon="6.147809810936450958251953125">
        <ele>173</ele>
        <time>2026-07-29T20:28:24.000Z</time>
        <extensions>
          <ns3:TrackPointExtension>
            <ns3:atemp>28.0</ns3:atemp>
            <ns3:hr>155</ns3:hr>
            <ns3:cad>83</ns3:cad>
          </ns3:TrackPointExtension>
        </extensions>
      </trkpt>
      <trkpt lat="49.1432067565619945526123046875" lon="6.14781014621257781982421875">
        <ele>173</ele>
        <time>2026-07-29T20:28:25.000Z</time>
        <extensions>
          <ns3:TrackPointExtension>
            <ns3:atemp>28.0</ns3:atemp>
            <ns3:hr>155</ns3:hr>
            <ns3:cad>83</ns3:cad>
          </ns3:TrackPointExtension>
        </extensions>
      </trkpt>
      <trkpt lat="49.1431732289493083953857421875" lon="6.1478054523468017578125">
        <ele>173</ele>
        <time>2026-07-29T20:28:26.000Z</time>
        <extensions>
          <ns3:TrackPointExtension>
            <ns3:atemp>28.0</ns3:atemp>
            <ns3:hr>155</ns3:hr>
            <ns3:cad>83</ns3:cad>
          </ns3:TrackPointExtension>
        </extensions>
      </trkpt>
      <trkpt lat="49.14314313791692256927490234375" lon="6.1478072963654994964599609375">
        <ele>173</ele>
        <time>2026-07-29T20:28:27.000Z</time>
        <extensions>
          <ns3:TrackPointExtension>
            <ns3:atemp>28.0</ns3:atemp>
            <ns3:hr>155</ns3:hr>
            <ns3:cad>84</ns3:cad>
          </ns3:TrackPointExtension>
        </extensions>
      </trkpt>
      <trkpt lat="49.143119752407073974609375" lon="6.1478113196790218353271484375">
        <ele>173</ele>
        <time>2026-07-29T20:28:28.000Z</time>
        <extensions>
          <ns3:TrackPointExtension>
            <ns3:atemp>28.0</ns3:atemp>
            <ns3:hr>155</ns3:hr>
            <ns3:cad>84</ns3:cad>
          </ns3:TrackPointExtension>
        </extensions>
      </trkpt>
      <trkpt lat="49.14309133775532245635986328125" lon="6.14780721254646778106689453125">
        <ele>173</ele>
        <time>2026-07-29T20:28:29.000Z</time>
        <extensions>
          <ns3:TrackPointExtension>
            <ns3:atemp>28.0</ns3:atemp>
            <ns3:hr>155</ns3:hr>
            <ns3:cad>83</ns3:cad>
          </ns3:TrackPointExtension>
        </extensions>
      </trkpt>
      <trkpt lat="49.1430662758648395538330078125" lon="6.1478039436042308807373046875">
        <ele>173</ele>
        <time>2026-07-29T20:28:30.000Z</time>
        <extensions>
          <ns3:TrackPointExtension>
            <ns3:atemp>28.0</ns3:atemp>
            <ns3:hr>155</ns3:hr>
            <ns3:cad>83</ns3:cad>
          </ns3:TrackPointExtension>
        </extensions>
      </trkpt>
      <trkpt lat="49.14303232915699481964111328125" lon="6.147804446518421173095703125">
        <ele>173</ele>
        <time>2026-07-29T20:28:31.000Z</time>
        <extensions>
          <ns3:TrackPointExtension>
            <ns3:atemp>28.0</ns3:atemp>
            <ns3:hr>155</ns3:hr>
            <ns3:cad>83</ns3:cad>
          </ns3:TrackPointExtension>
        </extensions>
      </trkpt>
      <trkpt lat="49.14300441741943359375" lon="6.14779380150139331817626953125">
        <ele>173</ele>
        <time>2026-07-29T20:28:32.000Z</time>
        <extensions>
          <ns3:TrackPointExtension>
            <ns3:atemp>28.0</ns3:atemp>
            <ns3:hr>155</ns3:hr>
            <ns3:cad>83</ns3:cad>
          </ns3:TrackPointExtension>
        </extensions>
      </trkpt>
      <trkpt lat="49.14297834970057010650634765625" lon="6.1477969028055667877197265625">
        <ele>172.8000030517578125</ele>
        <time>2026-07-29T20:28:33.000Z</time>
        <extensions>
          <ns3:TrackPointExtension>
            <ns3:atemp>28.0</ns3:atemp>
            <ns3:hr>155</ns3:hr>
            <ns3:cad>83</ns3:cad>
          </ns3:TrackPointExtension>
        </extensions>
      </trkpt>
      <trkpt lat="49.14294532500207424163818359375" lon="6.14778676070272922515869140625">
        <ele>173</ele>
        <time>2026-07-29T20:28:34.000Z</time>
        <extensions>
          <ns3:TrackPointExtension>
            <ns3:atemp>28.0</ns3:atemp>
            <ns3:hr>155</ns3:hr>
            <ns3:cad>83</ns3:cad>
          </ns3:TrackPointExtension>
        </extensions>
      </trkpt>
      <trkpt lat="49.142918922007083892822265625" lon="6.14779162220656871795654296875">
        <ele>173</ele>
        <time>2026-07-29T20:28:35.000Z</time>
        <extensions>
          <ns3:TrackPointExtension>
            <ns3:atemp>28.0</ns3:atemp>
            <ns3:hr>154</ns3:hr>
            <ns3:cad>83</ns3:cad>
          </ns3:TrackPointExtension>
        </extensions>
      </trkpt>
      <trkpt lat="49.14289109408855438232421875" lon="6.14779832772910594940185546875">
        <ele>173</ele>
        <time>2026-07-29T20:28:36.000Z</time>
        <extensions>
          <ns3:TrackPointExtension>
            <ns3:atemp>28.0</ns3:atemp>
            <ns3:hr>154</ns3:hr>
            <ns3:cad>83</ns3:cad>
          </ns3:TrackPointExtension>
        </extensions>
      </trkpt>
      <trkpt lat="49.14286603219807147979736328125" lon="6.14781157113611698150634765625">
        <ele>173</ele>
        <time>2026-07-29T20:28:37.000Z</time>
        <extensions>
          <ns3:TrackPointExtension>
            <ns3:atemp>28.0</ns3:atemp>
            <ns3:hr>153</ns3:hr>
            <ns3:cad>83</ns3:cad>
          </ns3:TrackPointExtension>
        </extensions>
      </trkpt>
      <trkpt lat="49.1428483463823795318603515625" lon="6.14783202297985553741455078125">
        <ele>173</ele>
        <time>2026-07-29T20:28:38.000Z</time>
        <extensions>
          <ns3:TrackPointExtension>
            <ns3:atemp>28.0</ns3:atemp>
            <ns3:hr>152</ns3:hr>
            <ns3:cad>83</ns3:cad>
          </ns3:TrackPointExtension>
        </extensions>
      </trkpt>
      <trkpt lat="49.1428245417773723602294921875" lon="6.1478451825678348541259765625">
        <ele>173</ele>
        <time>2026-07-29T20:28:39.000Z</time>
        <extensions>
          <ns3:TrackPointExtension>
            <ns3:atemp>28.0</ns3:atemp>
            <ns3:hr>152</ns3:hr>
            <ns3:cad>83</ns3:cad>
          </ns3:TrackPointExtension>
        </extensions>
      </trkpt>
      <trkpt lat="49.142811633646488189697265625" lon="6.14785850979387760162353515625">
        <ele>173</ele>
        <time>2026-07-29T20:28:40.000Z</time>
        <extensions>
          <ns3:TrackPointExtension>
            <ns3:atemp>28.0</ns3:atemp>
            <ns3:hr>152</ns3:hr>
            <ns3:cad>83</ns3:cad>
          </ns3:TrackPointExtension>
        </extensions>
      </trkpt>
      <trkpt lat="49.14278875105082988739013671875" lon="6.1478723399341106414794921875">
        <ele>173</ele>
        <time>2026-07-29T20:28:41.000Z</time>
        <extensions>
          <ns3:TrackPointExtension>
            <ns3:atemp>28.0</ns3:atemp>
            <ns3:hr>152</ns3:hr>
            <ns3:cad>84</ns3:cad>
          </ns3:TrackPointExtension>
        </extensions>
      </trkpt>
      <trkpt lat="49.14276494644582271575927734375" lon="6.14787988364696502685546875">
        <ele>173.1999969482421875</ele>
        <time>2026-07-29T20:28:42.000Z</time>
        <extensions>
          <ns3:TrackPointExtension>
            <ns3:atemp>28.0</ns3:atemp>
            <ns3:hr>152</ns3:hr>
            <ns3:cad>84</ns3:cad>
          </ns3:TrackPointExtension>
        </extensions>
      </trkpt>
      <trkpt lat="49.14274248294532299041748046875" lon="6.147889606654644012451171875">
        <ele>173</ele>
        <time>2026-07-29T20:28:43.000Z</time>
        <extensions>
          <ns3:TrackPointExtension>
            <ns3:atemp>28.0</ns3:atemp>
            <ns3:hr>152</ns3:hr>
            <ns3:cad>84</ns3:cad>
          </ns3:TrackPointExtension>
        </extensions>
      </trkpt>
      <trkpt lat="49.1427095420658588409423828125" lon="6.147897653281688690185546875">
        <ele>173</ele>
        <time>2026-07-29T20:28:44.000Z</time>
        <extensions>
          <ns3:TrackPointExtension>
            <ns3:atemp>28.0</ns3:atemp>
            <ns3:hr>152</ns3:hr>
            <ns3:cad>83</ns3:cad>
          </ns3:TrackPointExtension>
        </extensions>
      </trkpt>
      <trkpt lat="49.14268724620342254638671875" lon="6.14790528081357479095458984375">
        <ele>173</ele>
        <time>2026-07-29T20:28:45.000Z</time>
        <extensions>
          <ns3:TrackPointExtension>
            <ns3:atemp>28.0</ns3:atemp>
            <ns3:hr>152</ns3:hr>
            <ns3:cad>83</ns3:cad>
          </ns3:TrackPointExtension>
        </extensions>
      </trkpt>
      <trkpt lat="49.14265933446586132049560546875" lon="6.1479127407073974609375">
        <ele>173</ele>
        <time>2026-07-29T20:28:46.000Z</time>
        <extensions>
          <ns3:TrackPointExtension>
            <ns3:atemp>28.0</ns3:atemp>
            <ns3:hr>152</ns3:hr>
            <ns3:cad>83</ns3:cad>
          </ns3:TrackPointExtension>
        </extensions>
      </trkpt>
      <trkpt lat="49.142632596194744110107421875" lon="6.14791751839220523834228515625">
        <ele>173</ele>
        <time>2026-07-29T20:28:47.000Z</time>
        <extensions>
          <ns3:TrackPointExtension>
            <ns3:atemp>28.0</ns3:atemp>
            <ns3:hr>153</ns3:hr>
            <ns3:cad>85</ns3:cad>
          </ns3:TrackPointExtension>
        </extensions>
      </trkpt>
      <trkpt lat="49.1426079533994197845458984375" lon="6.147929169237613677978515625">
        <ele>173</ele>
        <time>2026-07-29T20:28:48.000Z</time>
        <extensions>
          <ns3:TrackPointExtension>
            <ns3:atemp>28.0</ns3:atemp>
            <ns3:hr>153</ns3:hr>
            <ns3:cad>86</ns3:cad>
          </ns3:TrackPointExtension>
        </extensions>
      </trkpt>
      <trkpt lat="49.14257769472897052764892578125" lon="6.14793746732175350189208984375">
        <ele>173</ele>
        <time>2026-07-29T20:28:49.000Z</time>
        <extensions>
          <ns3:TrackPointExtension>
            <ns3:atemp>28.0</ns3:atemp>
            <ns3:hr>153</ns3:hr>
            <ns3:cad>86</ns3:cad>
          </ns3:TrackPointExtension>
        </extensions>
      </trkpt>
      <trkpt lat="49.14255657233297824859619140625" lon="6.14794584922492504119873046875">
        <ele>173</ele>
        <time>2026-07-29T20:28:50.000Z</time>
        <extensions>
          <ns3:TrackPointExtension>
            <ns3:atemp>28.0</ns3:atemp>
            <ns3:hr>154</ns3:hr>
            <ns3:cad>84</ns3:cad>
          </ns3:TrackPointExtension>
        </extensions>
      </trkpt>
      <trkpt lat="49.14252555929124355316162109375" lon="6.14795071072876453399658203125">
        <ele>173</ele>
        <time>2026-07-29T20:28:51.000Z</time>
        <extensions>
          <ns3:TrackPointExtension>
            <ns3:atemp>28.0</ns3:atemp>
            <ns3:hr>154</ns3:hr>
            <ns3:cad>84</ns3:cad>
          </ns3:TrackPointExtension>
        </extensions>
      </trkpt>
      <trkpt lat="49.14250259287655353546142578125" lon="6.14795624278485774993896484375">
        <ele>173</ele>
        <time>2026-07-29T20:28:52.000Z</time>
        <extensions>
          <ns3:TrackPointExtension>
            <ns3:atemp>28.0</ns3:atemp>
            <ns3:hr>154</ns3:hr>
            <ns3:cad>83</ns3:cad>
          </ns3:TrackPointExtension>
        </extensions>
      </trkpt>
      <trkpt lat="49.1424818895757198333740234375" lon="6.147965379059314727783203125">
        <ele>173</ele>
        <time>2026-07-29T20:28:53.000Z</time>
        <extensions>
          <ns3:TrackPointExtension>
            <ns3:atemp>28.0</ns3:atemp>
            <ns3:hr>154</ns3:hr>
            <ns3:cad>84</ns3:cad>
          </ns3:TrackPointExtension>
        </extensions>
      </trkpt>
      <trkpt lat="49.14245397783815860748291015625" lon="6.147970743477344512939453125">
        <ele>173</ele>
        <time>2026-07-29T20:28:54.000Z</time>
        <extensions>
          <ns3:TrackPointExtension>
            <ns3:atemp>28.0</ns3:atemp>
            <ns3:hr>154</ns3:hr>
            <ns3:cad>84</ns3:cad>
          </ns3:TrackPointExtension>
        </extensions>
      </trkpt>
      <trkpt lat="49.142436124384403228759765625" lon="6.147978119552135467529296875">
        <ele>173</ele>
        <time>2026-07-29T20:28:55.000Z</time>
        <extensions>
          <ns3:TrackPointExtension>
            <ns3:atemp>28.0</ns3:atemp>
            <ns3:hr>154</ns3:hr>
            <ns3:cad>84</ns3:cad>
          </ns3:TrackPointExtension>
        </extensions>
      </trkpt>
      <trkpt lat="49.14241055957973003387451171875" lon="6.14798943512141704559326171875">
        <ele>173</ele>
        <time>2026-07-29T20:28:56.000Z</time>
        <extensions>
          <ns3:TrackPointExtension>
            <ns3:atemp>28.0</ns3:atemp>
            <ns3:hr>154</ns3:hr>
            <ns3:cad>84</ns3:cad>
          </ns3:TrackPointExtension>
        </extensions>
      </trkpt>
      <trkpt lat="49.14238625206053256988525390625" lon="6.1479927040636539459228515625">
        <ele>173</ele>
        <time>2026-07-29T20:28:57.000Z</time>
        <extensions>
          <ns3:TrackPointExtension>
            <ns3:atemp>28.0</ns3:atemp>
            <ns3:hr>154</ns3:hr>
            <ns3:cad>84</ns3:cad>
          </ns3:TrackPointExtension>
        </extensions>
      </trkpt>
      <trkpt lat="49.142366386950016021728515625" lon="6.1480061151087284088134765625">
        <ele>173</ele>
        <time>2026-07-29T20:28:58.000Z</time>
        <extensions>
          <ns3:TrackPointExtension>
            <ns3:atemp>27.0</ns3:atemp>
            <ns3:hr>154</ns3:hr>
            <ns3:cad>84</ns3:cad>
          </ns3:TrackPointExtension>
        </extensions>
      </trkpt>
      <trkpt lat="49.1423373855650424957275390625" lon="6.14800653420388698577880859375">
        <ele>173</ele>
        <time>2026-07-29T20:28:59.000Z</time>
        <extensions>
          <ns3:TrackPointExtension>
            <ns3:atemp>28.0</ns3:atemp>
            <ns3:hr>153</ns3:hr>
            <ns3:cad>83</ns3:cad>
          </ns3:TrackPointExtension>
        </extensions>
      </trkpt>
      <trkpt lat="49.14231299422681331634521484375" lon="6.14801374264061450958251953125">
        <ele>173.1999969482421875</ele>
        <time>2026-07-29T20:29:00.000Z</time>
        <extensions>
          <ns3:TrackPointExtension>
            <ns3:atemp>28.0</ns3:atemp>
            <ns3:hr>153</ns3:hr>
            <ns3:cad>83</ns3:cad>
          </ns3:TrackPointExtension>
        </extensions>
      </trkpt>
      <trkpt lat="49.14228491485118865966796875" lon="6.14802413620054721832275390625">
        <ele>173.1999969482421875</ele>
        <time>2026-07-29T20:29:01.000Z</time>
        <extensions>
          <ns3:TrackPointExtension>
            <ns3:atemp>28.0</ns3:atemp>
            <ns3:hr>153</ns3:hr>
            <ns3:cad>84</ns3:cad>
          </ns3:TrackPointExtension>
        </extensions>
      </trkpt>
      <trkpt lat="49.1422575898468494415283203125" lon="6.14802950061857700347900390625">
        <ele>173.1999969482421875</ele>
        <time>2026-07-29T20:29:02.000Z</time>
        <extensions>
          <ns3:TrackPointExtension>
            <ns3:atemp>28.0</ns3:atemp>
            <ns3:hr>153</ns3:hr>
            <ns3:cad>84</ns3:cad>
          </ns3:TrackPointExtension>
        </extensions>
      </trkpt>
      <trkpt lat="49.14223789237439632415771484375" lon="6.148044168949127197265625">
        <ele>173.1999969482421875</ele>
        <time>2026-07-29T20:29:03.000Z</time>
        <extensions>
          <ns3:TrackPointExtension>
            <ns3:atemp>28.0</ns3:atemp>
            <ns3:hr>153</ns3:hr>
            <ns3:cad>83</ns3:cad>
          </ns3:TrackPointExtension>
        </extensions>
      </trkpt>
      <trkpt lat="49.142204783856868743896484375" lon="6.1480466835200786590576171875">
        <ele>173.399993896484375</ele>
        <time>2026-07-29T20:29:04.000Z</time>
        <extensions>
          <ns3:TrackPointExtension>
            <ns3:atemp>28.0</ns3:atemp>
            <ns3:hr>153</ns3:hr>
            <ns3:cad>83</ns3:cad>
          </ns3:TrackPointExtension>
        </extensions>
      </trkpt>
      <trkpt lat="49.1421814821660518646240234375" lon="6.14804618060588836669921875">
        <ele>173.399993896484375</ele>
        <time>2026-07-29T20:29:05.000Z</time>
        <extensions>
          <ns3:TrackPointExtension>
            <ns3:atemp>28.0</ns3:atemp>
            <ns3:hr>153</ns3:hr>
            <ns3:cad>82</ns3:cad>
          </ns3:TrackPointExtension>
        </extensions>
      </trkpt>
      <trkpt lat="49.14215507917106151580810546875" lon="6.14805020391941070556640625">
        <ele>173.399993896484375</ele>
        <time>2026-07-29T20:29:06.000Z</time>
        <extensions>
          <ns3:TrackPointExtension>
            <ns3:atemp>28.0</ns3:atemp>
            <ns3:hr>153</ns3:hr>
            <ns3:cad>82</ns3:cad>
          </ns3:TrackPointExtension>
        </extensions>
      </trkpt>
      <trkpt lat="49.142126999795436859130859375" lon="6.14805129356682300567626953125">
        <ele>173.399993896484375</ele>
        <time>2026-07-29T20:29:07.000Z</time>
        <extensions>
          <ns3:TrackPointExtension>
            <ns3:atemp>28.0</ns3:atemp>
            <ns3:hr>153</ns3:hr>
            <ns3:cad>82</ns3:cad>
          </ns3:TrackPointExtension>
        </extensions>
      </trkpt>
      <trkpt lat="49.14210294373333454132080078125" lon="6.1480577476322650909423828125">
        <ele>173.1999969482421875</ele>
        <time>2026-07-29T20:29:08.000Z</time>
        <extensions>
          <ns3:TrackPointExtension>
            <ns3:atemp>28.0</ns3:atemp>
            <ns3:hr>154</ns3:hr>
            <ns3:cad>82</ns3:cad>
          </ns3:TrackPointExtension>
        </extensions>
      </trkpt>
      <trkpt lat="49.14207310415804386138916015625" lon="6.148056574165821075439453125">
        <ele>173.1999969482421875</ele>
        <time>2026-07-29T20:29:09.000Z</time>
        <extensions>
          <ns3:TrackPointExtension>
            <ns3:atemp>28.0</ns3:atemp>
            <ns3:hr>154</ns3:hr>
            <ns3:cad>82</ns3:cad>
          </ns3:TrackPointExtension>
        </extensions>
      </trkpt>
      <trkpt lat="49.14204753935337066650390625" lon="6.14805749617516994476318359375">
        <ele>173.1999969482421875</ele>
        <time>2026-07-29T20:29:10.000Z</time>
        <extensions>
          <ns3:TrackPointExtension>
            <ns3:atemp>27.0</ns3:atemp>
            <ns3:hr>154</ns3:hr>
            <ns3:cad>82</ns3:cad>
          </ns3:TrackPointExtension>
        </extensions>
      </trkpt>
      <trkpt lat="49.14202113635838031768798828125" lon="6.1480641178786754608154296875">
        <ele>173.399993896484375</ele>
        <time>2026-07-29T20:29:11.000Z</time>
        <extensions>
          <ns3:TrackPointExtension>
            <ns3:atemp>27.0</ns3:atemp>
            <ns3:hr>154</ns3:hr>
            <ns3:cad>83</ns3:cad>
          </ns3:TrackPointExtension>
        </extensions>
      </trkpt>
      <trkpt lat="49.14199230261147022247314453125" lon="6.14806671626865863800048828125">
        <ele>173.600006103515625</ele>
        <time>2026-07-29T20:29:12.000Z</time>
        <extensions>
          <ns3:TrackPointExtension>
            <ns3:atemp>28.0</ns3:atemp>
            <ns3:hr>154</ns3:hr>
            <ns3:cad>83</ns3:cad>
          </ns3:TrackPointExtension>
        </extensions>
      </trkpt>
      <trkpt lat="49.14196866564452648162841796875" lon="6.1480701528489589691162109375">
        <ele>173.600006103515625</ele>
        <time>2026-07-29T20:29:13.000Z</time>
        <extensions>
          <ns3:TrackPointExtension>
            <ns3:atemp>28.0</ns3:atemp>
            <ns3:hr>154</ns3:hr>
            <ns3:cad>83</ns3:cad>
          </ns3:TrackPointExtension>
        </extensions>
      </trkpt>
      <trkpt lat="49.14194351993501186370849609375" lon="6.14807476289570331573486328125">
        <ele>173.600006103515625</ele>
        <time>2026-07-29T20:29:14.000Z</time>
        <extensions>
          <ns3:TrackPointExtension>
            <ns3:atemp>28.0</ns3:atemp>
            <ns3:hr>154</ns3:hr>
            <ns3:cad>83</ns3:cad>
          </ns3:TrackPointExtension>
        </extensions>
      </trkpt>
      <trkpt lat="49.1419176198542118072509765625" lon="6.148071996867656707763671875">
        <ele>173.399993896484375</ele>
        <time>2026-07-29T20:29:15.000Z</time>
        <extensions>
          <ns3:TrackPointExtension>
            <ns3:atemp>28.0</ns3:atemp>
            <ns3:hr>154</ns3:hr>
            <ns3:cad>83</ns3:cad>
          </ns3:TrackPointExtension>
        </extensions>
      </trkpt>
      <trkpt lat="49.1418951563537120819091796875" lon="6.14808280952274799346923828125">
        <ele>173.399993896484375</ele>
        <time>2026-07-29T20:29:16.000Z</time>
        <extensions>
          <ns3:TrackPointExtension>
            <ns3:atemp>28.0</ns3:atemp>
            <ns3:hr>154</ns3:hr>
            <ns3:cad>83</ns3:cad>
          </ns3:TrackPointExtension>
        </extensions>
      </trkpt>
      <trkpt lat="49.14186305366456508636474609375" lon="6.148082725703716278076171875">
        <ele>173.399993896484375</ele>
        <time>2026-07-29T20:29:17.000Z</time>
        <extensions>
          <ns3:TrackPointExtension>
            <ns3:atemp>28.0</ns3:atemp>
            <ns3:hr>154</ns3:hr>
            <ns3:cad>83</ns3:cad>
          </ns3:TrackPointExtension>
        </extensions>
      </trkpt>
      <trkpt lat="49.1418378241360187530517578125" lon="6.14808364771306514739990234375">
        <ele>173.399993896484375</ele>
        <time>2026-07-29T20:29:18.000Z</time>
        <extensions>
          <ns3:TrackPointExtension>
            <ns3:atemp>28.0</ns3:atemp>
            <ns3:hr>154</ns3:hr>
            <ns3:cad>83</ns3:cad>
          </ns3:TrackPointExtension>
        </extensions>
      </trkpt>
      <trkpt lat="49.14181041531264781951904296875" lon="6.14809102378785610198974609375">
        <ele>173.399993896484375</ele>
        <time>2026-07-29T20:29:19.000Z</time>
        <extensions>
          <ns3:TrackPointExtension>
            <ns3:atemp>28.0</ns3:atemp>
            <ns3:hr>154</ns3:hr>
            <ns3:cad>83</ns3:cad>
          </ns3:TrackPointExtension>
        </extensions>
      </trkpt>
      <trkpt lat="49.14178158156573772430419921875" lon="6.14809270016849040985107421875">
        <ele>173.399993896484375</ele>
        <time>2026-07-29T20:29:20.000Z</time>
        <extensions>
          <ns3:TrackPointExtension>
            <ns3:atemp>28.0</ns3:atemp>
            <ns3:hr>154</ns3:hr>
            <ns3:cad>84</ns3:cad>
          </ns3:TrackPointExtension>
        </extensions>
      </trkpt>
      <trkpt lat="49.14175827987492084503173828125" lon="6.148100160062313079833984375">
        <ele>173.399993896484375</ele>
        <time>2026-07-29T20:29:21.000Z</time>
        <extensions>
          <ns3:TrackPointExtension>
            <ns3:atemp>27.0</ns3:atemp>
            <ns3:hr>154</ns3:hr>
            <ns3:cad>84</ns3:cad>
          </ns3:TrackPointExtension>
        </extensions>
      </trkpt>
      <trkpt lat="49.1417291946709156036376953125" lon="6.148098148405551910400390625">
        <ele>173.399993896484375</ele>
        <time>2026-07-29T20:29:22.000Z</time>
        <extensions>
          <ns3:TrackPointExtension>
            <ns3:atemp>28.0</ns3:atemp>
            <ns3:hr>154</ns3:hr>
            <ns3:cad>84</ns3:cad>
          </ns3:TrackPointExtension>
        </extensions>
      </trkpt>
      <trkpt lat="49.14170497097074985504150390625" lon="6.14810443483293056488037109375">
        <ele>173.399993896484375</ele>
        <time>2026-07-29T20:29:23.000Z</time>
        <extensions>
          <ns3:TrackPointExtension>
            <ns3:atemp>28.0</ns3:atemp>
            <ns3:hr>154</ns3:hr>
            <ns3:cad>83</ns3:cad>
          </ns3:TrackPointExtension>
        </extensions>
      </trkpt>
      <trkpt lat="49.14168267510831356048583984375" lon="6.14811834879219532012939453125">
        <ele>173.399993896484375</ele>
        <time>2026-07-29T20:29:24.000Z</time>
        <extensions>
          <ns3:TrackPointExtension>
            <ns3:atemp>28.0</ns3:atemp>
            <ns3:hr>154</ns3:hr>
            <ns3:cad>83</ns3:cad>
          </ns3:TrackPointExtension>
        </extensions>
      </trkpt>
      <trkpt lat="49.141655266284942626953125" lon="6.14812756888568401336669921875">
        <ele>173.399993896484375</ele>
        <time>2026-07-29T20:29:25.000Z</time>
        <extensions>
          <ns3:TrackPointExtension>
            <ns3:atemp>28.0</ns3:atemp>
            <ns3:hr>154</ns3:hr>
            <ns3:cad>83</ns3:cad>
          </ns3:TrackPointExtension>
        </extensions>
      </trkpt>
      <trkpt lat="49.14163556881248950958251953125" lon="6.14815372042357921600341796875">
        <ele>173.399993896484375</ele>
        <time>2026-07-29T20:29:26.000Z</time>
        <extensions>
          <ns3:TrackPointExtension>
            <ns3:atemp>27.0</ns3:atemp>
            <ns3:hr>154</ns3:hr>
            <ns3:cad>83</ns3:cad>
          </ns3:TrackPointExtension>
        </extensions>
      </trkpt>
      <trkpt lat="49.14161243475973606109619140625" lon="6.148175932466983795166015625">
        <ele>173.399993896484375</ele>
        <time>2026-07-29T20:29:27.000Z</time>
        <extensions>
          <ns3:TrackPointExtension>
            <ns3:atemp>28.0</ns3:atemp>
            <ns3:hr>155</ns3:hr>
            <ns3:cad>82</ns3:cad>
          </ns3:TrackPointExtension>
        </extensions>
      </trkpt>
      <trkpt lat="49.14159097708761692047119140625" lon="6.148197390139102935791015625">
        <ele>173.399993896484375</ele>
        <time>2026-07-29T20:29:28.000Z</time>
        <extensions>
          <ns3:TrackPointExtension>
            <ns3:atemp>28.0</ns3:atemp>
            <ns3:hr>155</ns3:hr>
            <ns3:cad>83</ns3:cad>
          </ns3:TrackPointExtension>
        </extensions>
      </trkpt>
      <trkpt lat="49.14157404564321041107177734375" lon="6.1482200212776660919189453125">
        <ele>173.399993896484375</ele>
        <time>2026-07-29T20:29:29.000Z</time>
        <extensions>
          <ns3:TrackPointExtension>
            <ns3:atemp>28.0</ns3:atemp>
            <ns3:hr>155</ns3:hr>
            <ns3:cad>84</ns3:cad>
          </ns3:TrackPointExtension>
        </extensions>
      </trkpt>
      <trkpt lat="49.1415514983236789703369140625" lon="6.148243658244609832763671875">
        <ele>173.399993896484375</ele>
        <time>2026-07-29T20:29:30.000Z</time>
        <extensions>
          <ns3:TrackPointExtension>
            <ns3:atemp>28.0</ns3:atemp>
            <ns3:hr>155</ns3:hr>
            <ns3:cad>84</ns3:cad>
          </ns3:TrackPointExtension>
        </extensions>
      </trkpt>
      <trkpt lat="49.141531549394130706787109375" lon="6.14825312979519367218017578125">
        <ele>173.399993896484375</ele>
        <time>2026-07-29T20:29:31.000Z</time>
        <extensions>
          <ns3:TrackPointExtension>
            <ns3:atemp>27.0</ns3:atemp>
            <ns3:hr>155</ns3:hr>
            <ns3:cad>84</ns3:cad>
          </ns3:TrackPointExtension>
        </extensions>
      </trkpt>
      <trkpt lat="49.1415183059871196746826171875" lon="6.14826838485896587371826171875">
        <ele>173.399993896484375</ele>
        <time>2026-07-29T20:29:32.000Z</time>
        <extensions>
          <ns3:TrackPointExtension>
            <ns3:atemp>28.0</ns3:atemp>
            <ns3:hr>155</ns3:hr>
            <ns3:cad>83</ns3:cad>
          </ns3:TrackPointExtension>
        </extensions>
      </trkpt>
      <trkpt lat="49.14148402400314807891845703125" lon="6.14827844314277172088623046875">
        <ele>173.399993896484375</ele>
        <time>2026-07-29T20:29:33.000Z</time>
        <extensions>
          <ns3:TrackPointExtension>
            <ns3:atemp>27.0</ns3:atemp>
            <ns3:hr>155</ns3:hr>
            <ns3:cad>83</ns3:cad>
          </ns3:TrackPointExtension>
        </extensions>
      </trkpt>
      <trkpt lat="49.1414603032171726226806640625" lon="6.1482914350926876068115234375">
        <ele>173.399993896484375</ele>
        <time>2026-07-29T20:29:34.000Z</time>
        <extensions>
          <ns3:TrackPointExtension>
            <ns3:atemp>27.0</ns3:atemp>
            <ns3:hr>155</ns3:hr>
            <ns3:cad>83</ns3:cad>
          </ns3:TrackPointExtension>
        </extensions>
      </trkpt>
      <trkpt lat="49.14143105037510395050048828125" lon="6.14830392412841320037841796875">
        <ele>173.399993896484375</ele>
        <time>2026-07-29T20:29:35.000Z</time>
        <extensions>
          <ns3:TrackPointExtension>
            <ns3:atemp>28.0</ns3:atemp>
            <ns3:hr>155</ns3:hr>
            <ns3:cad>80</ns3:cad>
          </ns3:TrackPointExtension>
        </extensions>
      </trkpt>
      <trkpt lat="49.1414043121039867401123046875" lon="6.14830811507999897003173828125">
        <ele>173.399993896484375</ele>
        <time>2026-07-29T20:29:36.000Z</time>
        <extensions>
          <ns3:TrackPointExtension>
            <ns3:atemp>28.0</ns3:atemp>
            <ns3:hr>155</ns3:hr>
            <ns3:cad>80</ns3:cad>
          </ns3:TrackPointExtension>
        </extensions>
      </trkpt>
      <trkpt lat="49.14137966930866241455078125" lon="6.1483162455260753631591796875">
        <ele>173.1999969482421875</ele>
        <time>2026-07-29T20:29:37.000Z</time>
        <extensions>
          <ns3:TrackPointExtension>
            <ns3:atemp>28.0</ns3:atemp>
            <ns3:hr>155</ns3:hr>
            <ns3:cad>80</ns3:cad>
          </ns3:TrackPointExtension>
        </extensions>
      </trkpt>
      <trkpt lat="49.1413523443043231964111328125" lon="6.1483226157724857330322265625">
        <ele>173.1999969482421875</ele>
        <time>2026-07-29T20:29:38.000Z</time>
        <extensions>
          <ns3:TrackPointExtension>
            <ns3:atemp>28.0</ns3:atemp>
            <ns3:hr>155</ns3:hr>
            <ns3:cad>80</ns3:cad>
          </ns3:TrackPointExtension>
        </extensions>
      </trkpt>
      <trkpt lat="49.14133147336542606353759765625" lon="6.148334853351116180419921875">
        <ele>173.1999969482421875</ele>
        <time>2026-07-29T20:29:39.000Z</time>
        <extensions>
          <ns3:TrackPointExtension>
            <ns3:atemp>28.0</ns3:atemp>
            <ns3:hr>155</ns3:hr>
            <ns3:cad>82</ns3:cad>
          </ns3:TrackPointExtension>
        </extensions>
      </trkpt>
      <trkpt lat="49.14129543118178844451904296875" lon="6.14834181033074855804443359375">
        <ele>173.1999969482421875</ele>
        <time>2026-07-29T20:29:40.000Z</time>
        <extensions>
          <ns3:TrackPointExtension>
            <ns3:atemp>28.0</ns3:atemp>
            <ns3:hr>155</ns3:hr>
            <ns3:cad>88</ns3:cad>
          </ns3:TrackPointExtension>
        </extensions>
      </trkpt>
      <trkpt lat="49.14126676507294178009033203125" lon="6.14834080450236797332763671875">
        <ele>173</ele>
        <time>2026-07-29T20:29:41.000Z</time>
        <extensions>
          <ns3:TrackPointExtension>
            <ns3:atemp>27.0</ns3:atemp>
            <ns3:hr>155</ns3:hr>
            <ns3:cad>88</ns3:cad>
          </ns3:TrackPointExtension>
        </extensions>
      </trkpt>
      <trkpt lat="49.1412408649921417236328125" lon="6.1483517847955226898193359375">
        <ele>173</ele>
        <time>2026-07-29T20:29:42.000Z</time>
        <extensions>
          <ns3:TrackPointExtension>
            <ns3:atemp>28.0</ns3:atemp>
            <ns3:hr>155</ns3:hr>
            <ns3:cad>88</ns3:cad>
          </ns3:TrackPointExtension>
        </extensions>
      </trkpt>
      <trkpt lat="49.1412162221968173980712890625" lon="6.14836293272674083709716796875">
        <ele>173</ele>
        <time>2026-07-29T20:29:43.000Z</time>
        <extensions>
          <ns3:TrackPointExtension>
            <ns3:atemp>28.0</ns3:atemp>
            <ns3:hr>155</ns3:hr>
            <ns3:cad>85</ns3:cad>
          </ns3:TrackPointExtension>
        </extensions>
      </trkpt>
      <trkpt lat="49.14119803346693515777587890625" lon="6.14837600849568843841552734375">
        <ele>173.1999969482421875</ele>
        <time>2026-07-29T20:29:44.000Z</time>
        <extensions>
          <ns3:TrackPointExtension>
            <ns3:atemp>28.0</ns3:atemp>
            <ns3:hr>155</ns3:hr>
            <ns3:cad>84</ns3:cad>
          </ns3:TrackPointExtension>
        </extensions>
      </trkpt>
      <trkpt lat="49.1411723010241985321044921875" lon="6.1483829654753208160400390625">
        <ele>173.1999969482421875</ele>
        <time>2026-07-29T20:29:45.000Z</time>
        <extensions>
          <ns3:TrackPointExtension>
            <ns3:atemp>28.0</ns3:atemp>
            <ns3:hr>155</ns3:hr>
            <ns3:cad>84</ns3:cad>
          </ns3:TrackPointExtension>
        </extensions>
      </trkpt>
      <trkpt lat="49.1411496698856353759765625" lon="6.14839495159685611724853515625">
        <ele>173.1999969482421875</ele>
        <time>2026-07-29T20:29:46.000Z</time>
        <extensions>
          <ns3:TrackPointExtension>
            <ns3:atemp>28.0</ns3:atemp>
            <ns3:hr>155</ns3:hr>
            <ns3:cad>84</ns3:cad>
          </ns3:TrackPointExtension>
        </extensions>
      </trkpt>
      <trkpt lat="49.14112812839448451995849609375" lon="6.1484007351100444793701171875">
        <ele>173.1999969482421875</ele>
        <time>2026-07-29T20:29:47.000Z</time>
        <extensions>
          <ns3:TrackPointExtension>
            <ns3:atemp>28.0</ns3:atemp>
            <ns3:hr>155</ns3:hr>
            <ns3:cad>83</ns3:cad>
          </ns3:TrackPointExtension>
        </extensions>
      </trkpt>
      <trkpt lat="49.1410982050001621246337890625" lon="6.1484138108789920806884765625">
        <ele>173.1999969482421875</ele>
        <time>2026-07-29T20:29:48.000Z</time>
        <extensions>
          <ns3:TrackPointExtension>
            <ns3:atemp>28.0</ns3:atemp>
            <ns3:hr>155</ns3:hr>
            <ns3:cad>83</ns3:cad>
          </ns3:TrackPointExtension>
        </extensions>
      </trkpt>
      <trkpt lat="49.14107733406126499176025390625" lon="6.1484201811254024505615234375">
        <ele>173.1999969482421875</ele>
        <time>2026-07-29T20:29:49.000Z</time>
        <extensions>
          <ns3:TrackPointExtension>
            <ns3:atemp>28.0</ns3:atemp>
            <ns3:hr>155</ns3:hr>
            <ns3:cad>83</ns3:cad>
          </ns3:TrackPointExtension>
        </extensions>
      </trkpt>
      <trkpt lat="49.1410448960959911346435546875" lon="6.14842998795211315155029296875">
        <ele>173.1999969482421875</ele>
        <time>2026-07-29T20:29:50.000Z</time>
        <extensions>
          <ns3:TrackPointExtension>
            <ns3:atemp>28.0</ns3:atemp>
            <ns3:hr>155</ns3:hr>
            <ns3:cad>83</ns3:cad>
          </ns3:TrackPointExtension>
        </extensions>
      </trkpt>
      <trkpt lat="49.14101698435842990875244140625" lon="6.1484339274466037750244140625">
        <ele>173</ele>
        <time>2026-07-29T20:29:51.000Z</time>
        <extensions>
          <ns3:TrackPointExtension>
            <ns3:atemp>28.0</ns3:atemp>
            <ns3:hr>155</ns3:hr>
            <ns3:cad>83</ns3:cad>
          </ns3:TrackPointExtension>
        </extensions>
      </trkpt>
      <trkpt lat="49.1409929282963275909423828125" lon="6.14844851195812225341796875">
        <ele>173</ele>
        <time>2026-07-29T20:29:52.000Z</time>
        <extensions>
          <ns3:TrackPointExtension>
            <ns3:atemp>28.0</ns3:atemp>
            <ns3:hr>155</ns3:hr>
            <ns3:cad>83</ns3:cad>
          </ns3:TrackPointExtension>
        </extensions>
      </trkpt>
      <trkpt lat="49.1409697942435741424560546875" lon="6.1484585702419281005859375">
        <ele>172.8000030517578125</ele>
        <time>2026-07-29T20:29:53.000Z</time>
        <extensions>
          <ns3:TrackPointExtension>
            <ns3:atemp>28.0</ns3:atemp>
            <ns3:hr>156</ns3:hr>
            <ns3:cad>82</ns3:cad>
          </ns3:TrackPointExtension>
        </extensions>
      </trkpt>
      <trkpt lat="49.140950180590152740478515625" lon="6.148472316563129425048828125">
        <ele>172.8000030517578125</ele>
        <time>2026-07-29T20:29:54.000Z</time>
        <extensions>
          <ns3:TrackPointExtension>
            <ns3:atemp>28.0</ns3:atemp>
            <ns3:hr>157</ns3:hr>
            <ns3:cad>82</ns3:cad>
          </ns3:TrackPointExtension>
        </extensions>
      </trkpt>
      <trkpt lat="49.14093308150768280029296875" lon="6.14850291050970554351806640625">
        <ele>172.8000030517578125</ele>
        <time>2026-07-29T20:29:55.000Z</time>
        <extensions>
          <ns3:TrackPointExtension>
            <ns3:atemp>28.0</ns3:atemp>
            <ns3:hr>157</ns3:hr>
            <ns3:cad>83</ns3:cad>
          </ns3:TrackPointExtension>
        </extensions>
      </trkpt>
      <trkpt lat="49.1409215144813060760498046875" lon="6.14854037761688232421875">
        <ele>172.8000030517578125</ele>
        <time>2026-07-29T20:29:56.000Z</time>
        <extensions>
          <ns3:TrackPointExtension>
            <ns3:atemp>27.0</ns3:atemp>
            <ns3:hr>157</ns3:hr>
            <ns3:cad>83</ns3:cad>
          </ns3:TrackPointExtension>
        </extensions>
      </trkpt>
      <trkpt lat="49.14091967046260833740234375" lon="6.1485747434198856353759765625">
        <ele>173</ele>
        <time>2026-07-29T20:29:57.000Z</time>
        <extensions>
          <ns3:TrackPointExtension>
            <ns3:atemp>27.0</ns3:atemp>
            <ns3:hr>157</ns3:hr>
            <ns3:cad>83</ns3:cad>
          </ns3:TrackPointExtension>
        </extensions>
      </trkpt>
      <trkpt lat="49.14092143066227436065673828125" lon="6.14862143062055110931396484375">
        <ele>173</ele>
        <time>2026-07-29T20:29:58.000Z</time>
        <extensions>
          <ns3:TrackPointExtension>
            <ns3:atemp>27.0</ns3:atemp>
            <ns3:hr>157</ns3:hr>
            <ns3:cad>83</ns3:cad>
          </ns3:TrackPointExtension>
        </extensions>
      </trkpt>
      <trkpt lat="49.14092377759516239166259765625" lon="6.14865562878549098968505859375">
        <ele>173</ele>
        <time>2026-07-29T20:29:59.000Z</time>
        <extensions>
          <ns3:TrackPointExtension>
            <ns3:atemp>28.0</ns3:atemp>
            <ns3:hr>157</ns3:hr>
            <ns3:cad>84</ns3:cad>
          </ns3:TrackPointExtension>
        </extensions>
      </trkpt>
      <trkpt lat="49.14092662744224071502685546875" lon="6.1486944369971752166748046875">
        <ele>173</ele>
        <time>2026-07-29T20:30:00.000Z</time>
        <extensions>
          <ns3:TrackPointExtension>
            <ns3:atemp>28.0</ns3:atemp>
            <ns3:hr>157</ns3:hr>
            <ns3:cad>84</ns3:cad>
          </ns3:TrackPointExtension>
        </extensions>
      </trkpt>
      <trkpt lat="49.140928052365779876708984375" lon="6.14873726852238178253173828125">
        <ele>173</ele>
        <time>2026-07-29T20:30:01.000Z</time>
        <extensions>
          <ns3:TrackPointExtension>
            <ns3:atemp>28.0</ns3:atemp>
            <ns3:hr>157</ns3:hr>
            <ns3:cad>84</ns3:cad>
          </ns3:TrackPointExtension>
        </extensions>
      </trkpt>
      <trkpt lat="49.140931069850921630859375" lon="6.14877582527697086334228515625">
        <ele>173</ele>
        <time>2026-07-29T20:30:02.000Z</time>
        <extensions>
          <ns3:TrackPointExtension>
            <ns3:atemp>28.0</ns3:atemp>
            <ns3:hr>157</ns3:hr>
            <ns3:cad>84</ns3:cad>
          </ns3:TrackPointExtension>
        </extensions>
      </trkpt>
      <trkpt lat="49.1409366019070148468017578125" lon="6.148822009563446044921875">
        <ele>172.8000030517578125</ele>
        <time>2026-07-29T20:30:03.000Z</time>
        <extensions>
          <ns3:TrackPointExtension>
            <ns3:atemp>28.0</ns3:atemp>
            <ns3:hr>157</ns3:hr>
            <ns3:cad>84</ns3:cad>
          </ns3:TrackPointExtension>
        </extensions>
      </trkpt>
      <trkpt lat="49.14094422943890094757080078125" lon="6.14886199124157428741455078125">
        <ele>172.8000030517578125</ele>
        <time>2026-07-29T20:30:04.000Z</time>
        <extensions>
          <ns3:TrackPointExtension>
            <ns3:atemp>28.0</ns3:atemp>
            <ns3:hr>157</ns3:hr>
            <ns3:cad>84</ns3:cad>
          </ns3:TrackPointExtension>
        </extensions>
      </trkpt>
      <trkpt lat="49.14095294661819934844970703125" lon="6.148901470005512237548828125">
        <ele>172.8000030517578125</ele>
        <time>2026-07-29T20:30:05.000Z</time>
        <extensions>
          <ns3:TrackPointExtension>
            <ns3:atemp>28.0</ns3:atemp>
            <ns3:hr>158</ns3:hr>
            <ns3:cad>84</ns3:cad>
          </ns3:TrackPointExtension>
        </extensions>
      </trkpt>
      <trkpt lat="49.14095319807529449462890625" lon="6.1489442177116870880126953125">
        <ele>172.8000030517578125</ele>
        <time>2026-07-29T20:30:06.000Z</time>
        <extensions>
          <ns3:TrackPointExtension>
            <ns3:atemp>28.0</ns3:atemp>
            <ns3:hr>158</ns3:hr>
            <ns3:cad>84</ns3:cad>
          </ns3:TrackPointExtension>
        </extensions>
      </trkpt>
      <trkpt lat="49.1409583948552608489990234375" lon="6.14897430874407291412353515625">
        <ele>172.8000030517578125</ele>
        <time>2026-07-29T20:30:07.000Z</time>
        <extensions>
          <ns3:TrackPointExtension>
            <ns3:atemp>28.0</ns3:atemp>
            <ns3:hr>158</ns3:hr>
            <ns3:cad>83</ns3:cad>
          </ns3:TrackPointExtension>
        </extensions>
      </trkpt>
      <trkpt lat="49.14096057415008544921875" lon="6.14901621825993061065673828125">
        <ele>172.8000030517578125</ele>
        <time>2026-07-29T20:30:08.000Z</time>
        <extensions>
          <ns3:TrackPointExtension>
            <ns3:atemp>28.0</ns3:atemp>
            <ns3:hr>159</ns3:hr>
            <ns3:cad>83</ns3:cad>
          </ns3:TrackPointExtension>
        </extensions>
      </trkpt>
      <trkpt lat="49.14096551947295665740966796875" lon="6.14905226044356822967529296875">
        <ele>172.8000030517578125</ele>
        <time>2026-07-29T20:30:09.000Z</time>
        <extensions>
          <ns3:TrackPointExtension>
            <ns3:atemp>28.0</ns3:atemp>
            <ns3:hr>159</ns3:hr>
            <ns3:cad>83</ns3:cad>
          </ns3:TrackPointExtension>
        </extensions>
      </trkpt>
      <trkpt lat="49.1409708000719547271728515625" lon="6.14908964373171329498291015625">
        <ele>172.8000030517578125</ele>
        <time>2026-07-29T20:30:10.000Z</time>
        <extensions>
          <ns3:TrackPointExtension>
            <ns3:atemp>27.0</ns3:atemp>
            <ns3:hr>159</ns3:hr>
            <ns3:cad>83</ns3:cad>
          </ns3:TrackPointExtension>
        </extensions>
      </trkpt>
      <trkpt lat="49.14097541011869907379150390625" lon="6.14913490600883960723876953125">
        <ele>172.8000030517578125</ele>
        <time>2026-07-29T20:30:11.000Z</time>
        <extensions>
          <ns3:TrackPointExtension>
            <ns3:atemp>28.0</ns3:atemp>
            <ns3:hr>159</ns3:hr>
            <ns3:cad>83</ns3:cad>
          </ns3:TrackPointExtension>
        </extensions>
      </trkpt>
      <trkpt lat="49.14098404347896575927734375" lon="6.1491701938211917877197265625">
        <ele>172.8000030517578125</ele>
        <time>2026-07-29T20:30:12.000Z</time>
        <extensions>
          <ns3:TrackPointExtension>
            <ns3:atemp>28.0</ns3:atemp>
            <ns3:hr>159</ns3:hr>
            <ns3:cad>83</ns3:cad>
          </ns3:TrackPointExtension>
        </extensions>
      </trkpt>
      <trkpt lat="49.1409919224679470062255859375" lon="6.14921294152736663818359375">
        <ele>172.8000030517578125</ele>
        <time>2026-07-29T20:30:13.000Z</time>
        <extensions>
          <ns3:TrackPointExtension>
            <ns3:atemp>28.0</ns3:atemp>
            <ns3:hr>159</ns3:hr>
            <ns3:cad>83</ns3:cad>
          </ns3:TrackPointExtension>
        </extensions>
      </trkpt>
      <trkpt lat="49.140997119247913360595703125" lon="6.1492489837110042572021484375">
        <ele>172.8000030517578125</ele>
        <time>2026-07-29T20:30:14.000Z</time>
        <extensions>
          <ns3:TrackPointExtension>
            <ns3:atemp>27.0</ns3:atemp>
            <ns3:hr>158</ns3:hr>
            <ns3:cad>83</ns3:cad>
          </ns3:TrackPointExtension>
        </extensions>
      </trkpt>
      <trkpt lat="49.14100348949432373046875" lon="6.14928879775106906890869140625">
        <ele>172.8000030517578125</ele>
        <time>2026-07-29T20:30:15.000Z</time>
        <extensions>
          <ns3:TrackPointExtension>
            <ns3:atemp>27.0</ns3:atemp>
            <ns3:hr>158</ns3:hr>
            <ns3:cad>83</ns3:cad>
          </ns3:TrackPointExtension>
        </extensions>
      </trkpt>
      <trkpt lat="49.14100742898881435394287109375" lon="6.1493331380188465118408203125">
        <ele>172.8000030517578125</ele>
        <time>2026-07-29T20:30:16.000Z</time>
        <extensions>
          <ns3:TrackPointExtension>
            <ns3:atemp>28.0</ns3:atemp>
            <ns3:hr>158</ns3:hr>
            <ns3:cad>84</ns3:cad>
          </ns3:TrackPointExtension>
        </extensions>
      </trkpt>
      <trkpt lat="49.14101497270166873931884765625" lon="6.14936524070799350738525390625">
        <ele>172.8000030517578125</ele>
        <time>2026-07-29T20:30:17.000Z</time>
        <extensions>
          <ns3:TrackPointExtension>
            <ns3:atemp>27.0</ns3:atemp>
            <ns3:hr>158</ns3:hr>
            <ns3:cad>84</ns3:cad>
          </ns3:TrackPointExtension>
        </extensions>
      </trkpt>
      <trkpt lat="49.14102033711969852447509765625" lon="6.149414442479610443115234375">
        <ele>172.8000030517578125</ele>
        <time>2026-07-29T20:30:18.000Z</time>
        <extensions>
          <ns3:TrackPointExtension>
            <ns3:atemp>28.0</ns3:atemp>
            <ns3:hr>158</ns3:hr>
            <ns3:cad>83</ns3:cad>
          </ns3:TrackPointExtension>
        </extensions>
      </trkpt>
      <trkpt lat="49.14102519862353801727294921875" lon="6.149452663958072662353515625">
        <ele>172.8000030517578125</ele>
        <time>2026-07-29T20:30:19.000Z</time>
        <extensions>
          <ns3:TrackPointExtension>
            <ns3:atemp>28.0</ns3:atemp>
            <ns3:hr>158</ns3:hr>
            <ns3:cad>83</ns3:cad>
          </ns3:TrackPointExtension>
        </extensions>
      </trkpt>
      <trkpt lat="49.1410311497747898101806640625" lon="6.14948920905590057373046875">
        <ele>172.600006103515625</ele>
        <time>2026-07-29T20:30:20.000Z</time>
        <extensions>
          <ns3:TrackPointExtension>
            <ns3:atemp>28.0</ns3:atemp>
            <ns3:hr>158</ns3:hr>
            <ns3:cad>83</ns3:cad>
          </ns3:TrackPointExtension>
        </extensions>
      </trkpt>
      <trkpt lat="49.14103575982153415679931640625" lon="6.1495289392769336700439453125">
        <ele>172.600006103515625</ele>
        <time>2026-07-29T20:30:21.000Z</time>
        <extensions>
          <ns3:TrackPointExtension>
            <ns3:atemp>28.0</ns3:atemp>
            <ns3:hr>157</ns3:hr>
            <ns3:cad>83</ns3:cad>
          </ns3:TrackPointExtension>
        </extensions>
      </trkpt>
      <trkpt lat="49.14104900322854518890380859375" lon="6.1495540849864482879638671875">
        <ele>172.600006103515625</ele>
        <time>2026-07-29T20:30:22.000Z</time>
        <extensions>
          <ns3:TrackPointExtension>
            <ns3:atemp>28.0</ns3:atemp>
            <ns3:hr>157</ns3:hr>
            <ns3:cad>83</ns3:cad>
          </ns3:TrackPointExtension>
        </extensions>
      </trkpt>
      <trkpt lat="49.1410583071410655975341796875" lon="6.1495936475694179534912109375">
        <ele>172.600006103515625</ele>
        <time>2026-07-29T20:30:23.000Z</time>
        <extensions>
          <ns3:TrackPointExtension>
            <ns3:atemp>28.0</ns3:atemp>
            <ns3:hr>157</ns3:hr>
            <ns3:cad>83</ns3:cad>
          </ns3:TrackPointExtension>
        </extensions>
      </trkpt>
      <trkpt lat="49.14105914533138275146484375" lon="6.149631701409816741943359375">
        <ele>172.8000030517578125</ele>
        <time>2026-07-29T20:30:24.000Z</time>
        <extensions>
          <ns3:TrackPointExtension>
            <ns3:atemp>27.0</ns3:atemp>
            <ns3:hr>157</ns3:hr>
            <ns3:cad>83</ns3:cad>
          </ns3:TrackPointExtension>
        </extensions>
      </trkpt>
      <trkpt lat="49.14106258191168308258056640625" lon="6.14966782741248607635498046875">
        <ele>172.8000030517578125</ele>
        <time>2026-07-29T20:30:25.000Z</time>
        <extensions>
          <ns3:TrackPointExtension>
            <ns3:atemp>28.0</ns3:atemp>
            <ns3:hr>157</ns3:hr>
            <ns3:cad>84</ns3:cad>
          </ns3:TrackPointExtension>
        </extensions>
      </trkpt>
      <trkpt lat="49.141064845025539398193359375" lon="6.149713508784770965576171875">
        <ele>172.8000030517578125</ele>
        <time>2026-07-29T20:30:26.000Z</time>
        <extensions>
          <ns3:TrackPointExtension>
            <ns3:atemp>28.0</ns3:atemp>
            <ns3:hr>157</ns3:hr>
            <ns3:cad>84</ns3:cad>
          </ns3:TrackPointExtension>
        </extensions>
      </trkpt>
      <trkpt lat="49.14106526412069797515869140625" lon="6.149747371673583984375">
        <ele>172.8000030517578125</ele>
        <time>2026-07-29T20:30:27.000Z</time>
        <extensions>
          <ns3:TrackPointExtension>
            <ns3:atemp>28.0</ns3:atemp>
            <ns3:hr>156</ns3:hr>
            <ns3:cad>83</ns3:cad>
          </ns3:TrackPointExtension>
        </extensions>
      </trkpt>
      <trkpt lat="49.1410660184919834136962890625" lon="6.14978131838142871856689453125">
        <ele>172.8000030517578125</ele>
        <time>2026-07-29T20:30:28.000Z</time>
        <extensions>
          <ns3:TrackPointExtension>
            <ns3:atemp>27.0</ns3:atemp>
            <ns3:hr>156</ns3:hr>
            <ns3:cad>81</ns3:cad>
          </ns3:TrackPointExtension>
        </extensions>
      </trkpt>
      <trkpt lat="49.14106182754039764404296875" lon="6.1498206295073032379150390625">
        <ele>172.8000030517578125</ele>
        <time>2026-07-29T20:30:29.000Z</time>
        <extensions>
          <ns3:TrackPointExtension>
            <ns3:atemp>28.0</ns3:atemp>
            <ns3:hr>156</ns3:hr>
            <ns3:cad>81</ns3:cad>
          </ns3:TrackPointExtension>
        </extensions>
      </trkpt>
      <trkpt lat="49.1410687007009983062744140625" lon="6.1498484574258327484130859375">
        <ele>172.8000030517578125</ele>
        <time>2026-07-29T20:30:30.000Z</time>
        <extensions>
          <ns3:TrackPointExtension>
            <ns3:atemp>28.0</ns3:atemp>
            <ns3:hr>156</ns3:hr>
            <ns3:cad>81</ns3:cad>
          </ns3:TrackPointExtension>
        </extensions>
      </trkpt>
      <trkpt lat="49.14107414893805980682373046875" lon="6.1498826555907726287841796875">
        <ele>172.600006103515625</ele>
        <time>2026-07-29T20:30:31.000Z</time>
        <extensions>
          <ns3:TrackPointExtension>
            <ns3:atemp>28.0</ns3:atemp>
            <ns3:hr>155</ns3:hr>
            <ns3:cad>81</ns3:cad>
          </ns3:TrackPointExtension>
        </extensions>
      </trkpt>
      <trkpt lat="49.1410744003951549530029296875" lon="6.14992238581180572509765625">
        <ele>172.600006103515625</ele>
        <time>2026-07-29T20:30:32.000Z</time>
        <extensions>
          <ns3:TrackPointExtension>
            <ns3:atemp>28.0</ns3:atemp>
            <ns3:hr>155</ns3:hr>
            <ns3:cad>81</ns3:cad>
          </ns3:TrackPointExtension>
        </extensions>
      </trkpt>
      <trkpt lat="49.14108186028897762298583984375" lon="6.149953901767730712890625">
        <ele>172.399993896484375</ele>
        <time>2026-07-29T20:30:33.000Z</time>
        <extensions>
          <ns3:TrackPointExtension>
            <ns3:atemp>28.0</ns3:atemp>
            <ns3:hr>155</ns3:hr>
            <ns3:cad>82</ns3:cad>
          </ns3:TrackPointExtension>
        </extensions>
      </trkpt>
      <trkpt lat="49.1410874761641025543212890625" lon="6.149994470179080963134765625">
        <ele>172.399993896484375</ele>
        <time>2026-07-29T20:30:34.000Z</time>
        <extensions>
          <ns3:TrackPointExtension>
            <ns3:atemp>28.0</ns3:atemp>
            <ns3:hr>155</ns3:hr>
            <ns3:cad>82</ns3:cad>
          </ns3:TrackPointExtension>
        </extensions>
      </trkpt>
      <trkpt lat="49.14109124802052974700927734375" lon="6.15003160201013088226318359375">
        <ele>172.399993896484375</ele>
        <time>2026-07-29T20:30:35.000Z</time>
        <extensions>
          <ns3:TrackPointExtension>
            <ns3:atemp>28.0</ns3:atemp>
            <ns3:hr>155</ns3:hr>
            <ns3:cad>82</ns3:cad>
          </ns3:TrackPointExtension>
        </extensions>
      </trkpt>
      <trkpt lat="49.1410961933434009552001953125" lon="6.15006588399410247802734375">
        <ele>172.399993896484375</ele>
        <time>2026-07-29T20:30:36.000Z</time>
        <extensions>
          <ns3:TrackPointExtension>
            <ns3:atemp>28.0</ns3:atemp>
            <ns3:hr>155</ns3:hr>
            <ns3:cad>82</ns3:cad>
          </ns3:TrackPointExtension>
        </extensions>
      </trkpt>
      <trkpt lat="49.141100384294986724853515625" lon="6.1500995792448520660400390625">
        <ele>172.399993896484375</ele>
        <time>2026-07-29T20:30:37.000Z</time>
        <extensions>
          <ns3:TrackPointExtension>
            <ns3:atemp>28.0</ns3:atemp>
            <ns3:hr>155</ns3:hr>
            <ns3:cad>82</ns3:cad>
          </ns3:TrackPointExtension>
        </extensions>
      </trkpt>
      <trkpt lat="49.14110717363655567169189453125" lon="6.150132603943347930908203125">
        <ele>172.399993896484375</ele>
        <time>2026-07-29T20:30:38.000Z</time>
        <extensions>
          <ns3:TrackPointExtension>
            <ns3:atemp>28.0</ns3:atemp>
            <ns3:hr>155</ns3:hr>
            <ns3:cad>82</ns3:cad>
          </ns3:TrackPointExtension>
        </extensions>
      </trkpt>
      <trkpt lat="49.1411129571497440338134765625" lon="6.15017040632665157318115234375">
        <ele>172.399993896484375</ele>
        <time>2026-07-29T20:30:39.000Z</time>
        <extensions>
          <ns3:TrackPointExtension>
            <ns3:atemp>28.0</ns3:atemp>
            <ns3:hr>154</ns3:hr>
            <ns3:cad>82</ns3:cad>
          </ns3:TrackPointExtension>
        </extensions>
      </trkpt>
      <trkpt lat="49.141114465892314910888671875" lon="6.150212399661540985107421875">
        <ele>172.399993896484375</ele>
        <time>2026-07-29T20:30:40.000Z</time>
        <extensions>
          <ns3:TrackPointExtension>
            <ns3:atemp>27.0</ns3:atemp>
            <ns3:hr>154</ns3:hr>
            <ns3:cad>82</ns3:cad>
          </ns3:TrackPointExtension>
        </extensions>
      </trkpt>
      <trkpt lat="49.1411189921200275421142578125" lon="6.1502484418451786041259765625">
        <ele>172.1999969482421875</ele>
        <time>2026-07-29T20:30:41.000Z</time>
        <extensions>
          <ns3:TrackPointExtension>
            <ns3:atemp>28.0</ns3:atemp>
            <ns3:hr>153</ns3:hr>
            <ns3:cad>82</ns3:cad>
          </ns3:TrackPointExtension>
        </extensions>
      </trkpt>
      <trkpt lat="49.1411206685006618499755859375" lon="6.150294207036495208740234375">
        <ele>172.399993896484375</ele>
        <time>2026-07-29T20:30:42.000Z</time>
        <extensions>
          <ns3:TrackPointExtension>
            <ns3:atemp>28.0</ns3:atemp>
            <ns3:hr>153</ns3:hr>
            <ns3:cad>82</ns3:cad>
          </ns3:TrackPointExtension>
        </extensions>
      </trkpt>
      <trkpt lat="49.1411193273961544036865234375" lon="6.150335781276226043701171875">
        <ele>172.399993896484375</ele>
        <time>2026-07-29T20:30:43.000Z</time>
        <extensions>
          <ns3:TrackPointExtension>
            <ns3:atemp>28.0</ns3:atemp>
            <ns3:hr>152</ns3:hr>
            <ns3:cad>83</ns3:cad>
          </ns3:TrackPointExtension>
        </extensions>
      </trkpt>
      <trkpt lat="49.141123853623867034912109375" lon="6.15037031471729278564453125">
        <ele>172.399993896484375</ele>
        <time>2026-07-29T20:30:44.000Z</time>
        <extensions>
          <ns3:TrackPointExtension>
            <ns3:atemp>28.0</ns3:atemp>
            <ns3:hr>152</ns3:hr>
            <ns3:cad>83</ns3:cad>
          </ns3:TrackPointExtension>
        </extensions>
      </trkpt>
      <trkpt lat="49.1411230154335498809814453125" lon="6.15041482262313365936279296875">
        <ele>172.399993896484375</ele>
        <time>2026-07-29T20:30:45.000Z</time>
        <extensions>
          <ns3:TrackPointExtension>
            <ns3:atemp>27.0</ns3:atemp>
            <ns3:hr>152</ns3:hr>
            <ns3:cad>83</ns3:cad>
          </ns3:TrackPointExtension>
        </extensions>
      </trkpt>
      <trkpt lat="49.14112762548029422760009765625" lon="6.1504496075212955474853515625">
        <ele>172.399993896484375</ele>
        <time>2026-07-29T20:30:46.000Z</time>
        <extensions>
          <ns3:TrackPointExtension>
            <ns3:atemp>27.0</ns3:atemp>
            <ns3:hr>152</ns3:hr>
            <ns3:cad>83</ns3:cad>
          </ns3:TrackPointExtension>
        </extensions>
      </trkpt>
      <trkpt lat="49.14113164879381656646728515625" lon="6.15049160085618495941162109375">
        <ele>172.1999969482421875</ele>
        <time>2026-07-29T20:30:47.000Z</time>
        <extensions>
          <ns3:TrackPointExtension>
            <ns3:atemp>28.0</ns3:atemp>
            <ns3:hr>152</ns3:hr>
            <ns3:cad>82</ns3:cad>
          </ns3:TrackPointExtension>
        </extensions>
      </trkpt>
      <trkpt lat="49.14113148115575313568115234375" lon="6.15053669549524784088134765625">
        <ele>172.1999969482421875</ele>
        <time>2026-07-29T20:30:48.000Z</time>
        <extensions>
          <ns3:TrackPointExtension>
            <ns3:atemp>28.0</ns3:atemp>
            <ns3:hr>152</ns3:hr>
            <ns3:cad>82</ns3:cad>
          </ns3:TrackPointExtension>
        </extensions>
      </trkpt>
      <trkpt lat="49.14113533683121204376220703125" lon="6.15056955255568027496337890625">
        <ele>172.1999969482421875</ele>
        <time>2026-07-29T20:30:49.000Z</time>
        <extensions>
          <ns3:TrackPointExtension>
            <ns3:atemp>28.0</ns3:atemp>
            <ns3:hr>152</ns3:hr>
            <ns3:cad>82</ns3:cad>
          </ns3:TrackPointExtension>
        </extensions>
      </trkpt>
      <trkpt lat="49.14113885723054409027099609375" lon="6.1506098695099353790283203125">
        <ele>172.1999969482421875</ele>
        <time>2026-07-29T20:30:50.000Z</time>
        <extensions>
          <ns3:TrackPointExtension>
            <ns3:atemp>28.0</ns3:atemp>
            <ns3:hr>152</ns3:hr>
            <ns3:cad>82</ns3:cad>
          </ns3:TrackPointExtension>
        </extensions>
      </trkpt>
      <trkpt lat="49.14114229381084442138671875" lon="6.1506445705890655517578125">
        <ele>172.1999969482421875</ele>
        <time>2026-07-29T20:30:51.000Z</time>
        <extensions>
          <ns3:TrackPointExtension>
            <ns3:atemp>28.0</ns3:atemp>
            <ns3:hr>152</ns3:hr>
            <ns3:cad>82</ns3:cad>
          </ns3:TrackPointExtension>
        </extensions>
      </trkpt>
      <trkpt lat="49.141144640743732452392578125" lon="6.15068220533430576324462890625">
        <ele>172.1999969482421875</ele>
        <time>2026-07-29T20:30:52.000Z</time>
        <extensions>
          <ns3:TrackPointExtension>
            <ns3:atemp>27.0</ns3:atemp>
            <ns3:hr>152</ns3:hr>
            <ns3:cad>82</ns3:cad>
          </ns3:TrackPointExtension>
        </extensions>
      </trkpt>
      <trkpt lat="49.14114472456276416778564453125" lon="6.15072168409824371337890625">
        <ele>172.1999969482421875</ele>
        <time>2026-07-29T20:30:53.000Z</time>
        <extensions>
          <ns3:TrackPointExtension>
            <ns3:atemp>28.0</ns3:atemp>
            <ns3:hr>153</ns3:hr>
            <ns3:cad>82</ns3:cad>
          </ns3:TrackPointExtension>
        </extensions>
      </trkpt>
      <trkpt lat="49.1411474905908107757568359375" lon="6.1507563851773738861083984375">
        <ele>172</ele>
        <time>2026-07-29T20:30:54.000Z</time>
        <extensions>
          <ns3:TrackPointExtension>
            <ns3:atemp>28.0</ns3:atemp>
            <ns3:hr>153</ns3:hr>
            <ns3:cad>83</ns3:cad>
          </ns3:TrackPointExtension>
        </extensions>
      </trkpt>
      <trkpt lat="49.14114765822887420654296875" lon="6.15079946815967559814453125">
        <ele>172</ele>
        <time>2026-07-29T20:30:55.000Z</time>
        <extensions>
          <ns3:TrackPointExtension>
            <ns3:atemp>28.0</ns3:atemp>
            <ns3:hr>153</ns3:hr>
            <ns3:cad>83</ns3:cad>
          </ns3:TrackPointExtension>
        </extensions>
      </trkpt>
      <trkpt lat="49.14115092717111110687255859375" lon="6.15083425305783748626708984375">
        <ele>172.1999969482421875</ele>
        <time>2026-07-29T20:30:56.000Z</time>
        <extensions>
          <ns3:TrackPointExtension>
            <ns3:atemp>28.0</ns3:atemp>
            <ns3:hr>154</ns3:hr>
            <ns3:cad>83</ns3:cad>
          </ns3:TrackPointExtension>
        </extensions>
      </trkpt>
      <trkpt lat="49.14115444757044315338134765625" lon="6.15086811594665050506591796875">
        <ele>172.1999969482421875</ele>
        <time>2026-07-29T20:30:57.000Z</time>
        <extensions>
          <ns3:TrackPointExtension>
            <ns3:atemp>28.0</ns3:atemp>
            <ns3:hr>154</ns3:hr>
            <ns3:cad>83</ns3:cad>
          </ns3:TrackPointExtension>
        </extensions>
      </trkpt>
      <trkpt lat="49.14115293882787227630615234375" lon="6.15091538988053798675537109375">
        <ele>172.1999969482421875</ele>
        <time>2026-07-29T20:30:58.000Z</time>
        <extensions>
          <ns3:TrackPointExtension>
            <ns3:atemp>28.0</ns3:atemp>
            <ns3:hr>154</ns3:hr>
            <ns3:cad>83</ns3:cad>
          </ns3:TrackPointExtension>
        </extensions>
      </trkpt>
      <trkpt lat="49.1411598958075046539306640625" lon="6.15095310844480991363525390625">
        <ele>172.1999969482421875</ele>
        <time>2026-07-29T20:30:59.000Z</time>
        <extensions>
          <ns3:TrackPointExtension>
            <ns3:atemp>28.0</ns3:atemp>
            <ns3:hr>154</ns3:hr>
            <ns3:cad>84</ns3:cad>
          </ns3:TrackPointExtension>
        </extensions>
      </trkpt>
      <trkpt lat="49.14116316474974155426025390625" lon="6.1509991250932216644287109375">
        <ele>172.1999969482421875</ele>
        <time>2026-07-29T20:31:00.000Z</time>
        <extensions>
          <ns3:TrackPointExtension>
            <ns3:atemp>28.0</ns3:atemp>
            <ns3:hr>154</ns3:hr>
            <ns3:cad>84</ns3:cad>
          </ns3:TrackPointExtension>
        </extensions>
      </trkpt>
      <trkpt lat="49.141162745654582977294921875" lon="6.15104086697101593017578125">
        <ele>172.1999969482421875</ele>
        <time>2026-07-29T20:31:01.000Z</time>
        <extensions>
          <ns3:TrackPointExtension>
            <ns3:atemp>28.0</ns3:atemp>
            <ns3:hr>154</ns3:hr>
            <ns3:cad>84</ns3:cad>
          </ns3:TrackPointExtension>
        </extensions>
      </trkpt>
      <trkpt lat="49.14116643369197845458984375" lon="6.1510752327740192413330078125">
        <ele>172.1999969482421875</ele>
        <time>2026-07-29T20:31:02.000Z</time>
        <extensions>
          <ns3:TrackPointExtension>
            <ns3:atemp>28.0</ns3:atemp>
            <ns3:hr>155</ns3:hr>
            <ns3:cad>83</ns3:cad>
          </ns3:TrackPointExtension>
        </extensions>
      </trkpt>
      <trkpt lat="49.14116785861551761627197265625" lon="6.1511228419840335845947265625">
        <ele>172.1999969482421875</ele>
        <time>2026-07-29T20:31:03.000Z</time>
        <extensions>
          <ns3:TrackPointExtension>
            <ns3:atemp>28.0</ns3:atemp>
            <ns3:hr>155</ns3:hr>
            <ns3:cad>82</ns3:cad>
          </ns3:TrackPointExtension>
        </extensions>
      </trkpt>
      <trkpt lat="49.14117590524256229400634765625" lon="6.15115997381508350372314453125">
        <ele>172.1999969482421875</ele>
        <time>2026-07-29T20:31:04.000Z</time>
        <extensions>
          <ns3:TrackPointExtension>
            <ns3:atemp>28.0</ns3:atemp>
            <ns3:hr>155</ns3:hr>
            <ns3:cad>82</ns3:cad>
          </ns3:TrackPointExtension>
        </extensions>
      </trkpt>
      <trkpt lat="49.14117808453738689422607421875" lon="6.151203811168670654296875">
        <ele>172.1999969482421875</ele>
        <time>2026-07-29T20:31:05.000Z</time>
        <extensions>
          <ns3:TrackPointExtension>
            <ns3:atemp>28.0</ns3:atemp>
            <ns3:hr>155</ns3:hr>
            <ns3:cad>83</ns3:cad>
          </ns3:TrackPointExtension>
        </extensions>
      </trkpt>
      <trkpt lat="49.1411746479570865631103515625" lon="6.151243709027767181396484375">
        <ele>172</ele>
        <time>2026-07-29T20:31:06.000Z</time>
        <extensions>
          <ns3:TrackPointExtension>
            <ns3:atemp>27.0</ns3:atemp>
            <ns3:hr>155</ns3:hr>
            <ns3:cad>83</ns3:cad>
          </ns3:TrackPointExtension>
        </extensions>
      </trkpt>
      <trkpt lat="49.1411786712706089019775390625" lon="6.1512775719165802001953125">
        <ele>172</ele>
        <time>2026-07-29T20:31:07.000Z</time>
        <extensions>
          <ns3:TrackPointExtension>
            <ns3:atemp>28.0</ns3:atemp>
            <ns3:hr>155</ns3:hr>
            <ns3:cad>83</ns3:cad>
          </ns3:TrackPointExtension>
        </extensions>
      </trkpt>
      <trkpt lat="49.1411791741847991943359375" lon="6.15132627077400684356689453125">
        <ele>172</ele>
        <time>2026-07-29T20:31:08.000Z</time>
        <extensions>
          <ns3:TrackPointExtension>
            <ns3:atemp>28.0</ns3:atemp>
            <ns3:hr>155</ns3:hr>
            <ns3:cad>83</ns3:cad>
          </ns3:TrackPointExtension>
        </extensions>
      </trkpt>
      <trkpt lat="49.141181521117687225341796875" lon="6.1513642407953739166259765625">
        <ele>172</ele>
        <time>2026-07-29T20:31:09.000Z</time>
        <extensions>
          <ns3:TrackPointExtension>
            <ns3:atemp>28.0</ns3:atemp>
            <ns3:hr>154</ns3:hr>
            <ns3:cad>82</ns3:cad>
          </ns3:TrackPointExtension>
        </extensions>
      </trkpt>
      <trkpt lat="49.1411845386028289794921875" lon="6.15140388719737529754638671875">
        <ele>172</ele>
        <time>2026-07-29T20:31:10.000Z</time>
        <extensions>
          <ns3:TrackPointExtension>
            <ns3:atemp>28.0</ns3:atemp>
            <ns3:hr>154</ns3:hr>
            <ns3:cad>82</ns3:cad>
          </ns3:TrackPointExtension>
        </extensions>
      </trkpt>
      <trkpt lat="49.14118411950767040252685546875" lon="6.15144864656031131744384765625">
        <ele>172</ele>
        <time>2026-07-29T20:31:11.000Z</time>
        <extensions>
          <ns3:TrackPointExtension>
            <ns3:atemp>28.0</ns3:atemp>
            <ns3:hr>154</ns3:hr>
            <ns3:cad>82</ns3:cad>
          </ns3:TrackPointExtension>
        </extensions>
      </trkpt>
      <trkpt lat="49.14118546061217784881591796875" lon="6.1514852754771709442138671875">
        <ele>172</ele>
        <time>2026-07-29T20:31:12.000Z</time>
        <extensions>
          <ns3:TrackPointExtension>
            <ns3:atemp>28.0</ns3:atemp>
            <ns3:hr>154</ns3:hr>
            <ns3:cad>82</ns3:cad>
          </ns3:TrackPointExtension>
        </extensions>
      </trkpt>
      <trkpt lat="49.14118361659348011016845703125" lon="6.15153833292424678802490234375">
        <ele>172</ele>
        <time>2026-07-29T20:31:13.000Z</time>
        <extensions>
          <ns3:TrackPointExtension>
            <ns3:atemp>28.0</ns3:atemp>
            <ns3:hr>153</ns3:hr>
            <ns3:cad>82</ns3:cad>
          </ns3:TrackPointExtension>
        </extensions>
      </trkpt>
      <trkpt lat="49.1411863826215267181396484375" lon="6.15157588385045528411865234375">
        <ele>172</ele>
        <time>2026-07-29T20:31:14.000Z</time>
        <extensions>
          <ns3:TrackPointExtension>
            <ns3:atemp>28.0</ns3:atemp>
            <ns3:hr>153</ns3:hr>
            <ns3:cad>83</ns3:cad>
          </ns3:TrackPointExtension>
        </extensions>
      </trkpt>
      <trkpt lat="49.1411907412111759185791015625" lon="6.15161444060504436492919921875">
        <ele>172</ele>
        <time>2026-07-29T20:31:15.000Z</time>
        <extensions>
          <ns3:TrackPointExtension>
            <ns3:atemp>28.0</ns3:atemp>
            <ns3:hr>153</ns3:hr>
            <ns3:cad>83</ns3:cad>
          </ns3:TrackPointExtension>
        </extensions>
      </trkpt>
      <trkpt lat="49.1411910764873027801513671875" lon="6.15166104398667812347412109375">
        <ele>172</ele>
        <time>2026-07-29T20:31:16.000Z</time>
        <extensions>
          <ns3:TrackPointExtension>
            <ns3:atemp>28.0</ns3:atemp>
            <ns3:hr>154</ns3:hr>
            <ns3:cad>84</ns3:cad>
          </ns3:TrackPointExtension>
        </extensions>
      </trkpt>
      <trkpt lat="49.14119585417211055755615234375" lon="6.15169624797999858856201171875">
        <ele>172</ele>
        <time>2026-07-29T20:31:17.000Z</time>
        <extensions>
          <ns3:TrackPointExtension>
            <ns3:atemp>28.0</ns3:atemp>
            <ns3:hr>154</ns3:hr>
            <ns3:cad>84</ns3:cad>
          </ns3:TrackPointExtension>
        </extensions>
      </trkpt>
      <trkpt lat="49.1411994583904743194580078125" lon="6.1517454497516155242919921875">
        <ele>172</ele>
        <time>2026-07-29T20:31:18.000Z</time>
        <extensions>
          <ns3:TrackPointExtension>
            <ns3:atemp>28.0</ns3:atemp>
            <ns3:hr>154</ns3:hr>
            <ns3:cad>83</ns3:cad>
          </ns3:TrackPointExtension>
        </extensions>
      </trkpt>
      <trkpt lat="49.14119786582887172698974609375" lon="6.1517887003719806671142578125">
        <ele>172</ele>
        <time>2026-07-29T20:31:19.000Z</time>
        <extensions>
          <ns3:TrackPointExtension>
            <ns3:atemp>28.0</ns3:atemp>
            <ns3:hr>154</ns3:hr>
            <ns3:cad>83</ns3:cad>
          </ns3:TrackPointExtension>
        </extensions>
      </trkpt>
      <trkpt lat="49.1412006318569183349609375" lon="6.151827089488506317138671875">
        <ele>171.8000030517578125</ele>
        <time>2026-07-29T20:31:20.000Z</time>
        <extensions>
          <ns3:TrackPointExtension>
            <ns3:atemp>28.0</ns3:atemp>
            <ns3:hr>154</ns3:hr>
            <ns3:cad>83</ns3:cad>
          </ns3:TrackPointExtension>
        </extensions>
      </trkpt>
      <trkpt lat="49.14119048975408077239990234375" lon="6.15187729708850383758544921875">
        <ele>172</ele>
        <time>2026-07-29T20:31:21.000Z</time>
        <extensions>
          <ns3:TrackPointExtension>
            <ns3:atemp>28.0</ns3:atemp>
            <ns3:hr>154</ns3:hr>
            <ns3:cad>83</ns3:cad>
          </ns3:TrackPointExtension>
        </extensions>
      </trkpt>
      <trkpt lat="49.1411940939724445343017578125" lon="6.1519105732440948486328125">
        <ele>172</ele>
        <time>2026-07-29T20:31:22.000Z</time>
        <extensions>
          <ns3:TrackPointExtension>
            <ns3:atemp>28.0</ns3:atemp>
            <ns3:hr>154</ns3:hr>
            <ns3:cad>83</ns3:cad>
          </ns3:TrackPointExtension>
        </extensions>
      </trkpt>
      <trkpt lat="49.1412001289427280426025390625" lon="6.15195340476930141448974609375">
        <ele>172</ele>
        <time>2026-07-29T20:31:23.000Z</time>
        <extensions>
          <ns3:TrackPointExtension>
            <ns3:atemp>28.0</ns3:atemp>
            <ns3:hr>154</ns3:hr>
            <ns3:cad>83</ns3:cad>
          </ns3:TrackPointExtension>
        </extensions>
      </trkpt>
      <trkpt lat="49.14119870401918888092041015625" lon="6.1519975773990154266357421875">
        <ele>171.8000030517578125</ele>
        <time>2026-07-29T20:31:24.000Z</time>
        <extensions>
          <ns3:TrackPointExtension>
            <ns3:atemp>28.0</ns3:atemp>
            <ns3:hr>153</ns3:hr>
            <ns3:cad>83</ns3:cad>
          </ns3:TrackPointExtension>
        </extensions>
      </trkpt>
      <trkpt lat="49.14120591245591640472412109375" lon="6.1520300991833209991455078125">
        <ele>171.8000030517578125</ele>
        <time>2026-07-29T20:31:25.000Z</time>
        <extensions>
          <ns3:TrackPointExtension>
            <ns3:atemp>27.0</ns3:atemp>
            <ns3:hr>153</ns3:hr>
            <ns3:cad>83</ns3:cad>
          </ns3:TrackPointExtension>
        </extensions>
      </trkpt>
      <trkpt lat="49.1412071697413921356201171875" lon="6.15207963623106479644775390625">
        <ele>171.8000030517578125</ele>
        <time>2026-07-29T20:31:26.000Z</time>
        <extensions>
          <ns3:TrackPointExtension>
            <ns3:atemp>28.0</ns3:atemp>
            <ns3:hr>153</ns3:hr>
            <ns3:cad>83</ns3:cad>
          </ns3:TrackPointExtension>
        </extensions>
      </trkpt>
      <trkpt lat="49.14121211506426334381103515625" lon="6.1521139182150363922119140625">
        <ele>171.8000030517578125</ele>
        <time>2026-07-29T20:31:27.000Z</time>
        <extensions>
          <ns3:TrackPointExtension>
            <ns3:atemp>28.0</ns3:atemp>
            <ns3:hr>153</ns3:hr>
            <ns3:cad>83</ns3:cad>
          </ns3:TrackPointExtension>
        </extensions>
      </trkpt>
      <trkpt lat="49.14121605455875396728515625" lon="6.15216161124408245086669921875">
        <ele>171.8000030517578125</ele>
        <time>2026-07-29T20:31:28.000Z</time>
        <extensions>
          <ns3:TrackPointExtension>
            <ns3:atemp>28.0</ns3:atemp>
            <ns3:hr>153</ns3:hr>
            <ns3:cad>83</ns3:cad>
          </ns3:TrackPointExtension>
        </extensions>
      </trkpt>
      <trkpt lat="49.14121731184422969818115234375" lon="6.1522064544260501861572265625">
        <ele>171.8000030517578125</ele>
        <time>2026-07-29T20:31:29.000Z</time>
        <extensions>
          <ns3:TrackPointExtension>
            <ns3:atemp>28.0</ns3:atemp>
            <ns3:hr>154</ns3:hr>
            <ns3:cad>83</ns3:cad>
          </ns3:TrackPointExtension>
        </extensions>
      </trkpt>
      <trkpt lat="49.14122619666159152984619140625" lon="6.15224249660968780517578125">
        <ele>171.8000030517578125</ele>
        <time>2026-07-29T20:31:30.000Z</time>
        <extensions>
          <ns3:TrackPointExtension>
            <ns3:atemp>28.0</ns3:atemp>
            <ns3:hr>154</ns3:hr>
            <ns3:cad>83</ns3:cad>
          </ns3:TrackPointExtension>
        </extensions>
      </trkpt>
      <trkpt lat="49.1412220895290374755859375" lon="6.1522959731519222259521484375">
        <ele>171.8000030517578125</ele>
        <time>2026-07-29T20:31:31.000Z</time>
        <extensions>
          <ns3:TrackPointExtension>
            <ns3:atemp>28.0</ns3:atemp>
            <ns3:hr>154</ns3:hr>
            <ns3:cad>83</ns3:cad>
          </ns3:TrackPointExtension>
        </extensions>
      </trkpt>
      <trkpt lat="49.1412309743463993072509765625" lon="6.15233394317328929901123046875">
        <ele>171.8000030517578125</ele>
        <time>2026-07-29T20:31:32.000Z</time>
        <extensions>
          <ns3:TrackPointExtension>
            <ns3:atemp>28.0</ns3:atemp>
            <ns3:hr>154</ns3:hr>
            <ns3:cad>84</ns3:cad>
          </ns3:TrackPointExtension>
        </extensions>
      </trkpt>
      <trkpt lat="49.1412289626896381378173828125" lon="6.15237568505108356475830078125">
        <ele>171.8000030517578125</ele>
        <time>2026-07-29T20:31:33.000Z</time>
        <extensions>
          <ns3:TrackPointExtension>
            <ns3:atemp>28.0</ns3:atemp>
            <ns3:hr>154</ns3:hr>
            <ns3:cad>84</ns3:cad>
          </ns3:TrackPointExtension>
        </extensions>
      </trkpt>
      <trkpt lat="49.14121865294873714447021484375" lon="6.1524183489382266998291015625">
        <ele>171.8000030517578125</ele>
        <time>2026-07-29T20:31:34.000Z</time>
        <extensions>
          <ns3:TrackPointExtension>
            <ns3:atemp>28.0</ns3:atemp>
            <ns3:hr>154</ns3:hr>
            <ns3:cad>84</ns3:cad>
          </ns3:TrackPointExtension>
        </extensions>
      </trkpt>
      <trkpt lat="49.14122334681451320648193359375" lon="6.15245061926543712615966796875">
        <ele>171.8000030517578125</ele>
        <time>2026-07-29T20:31:35.000Z</time>
        <extensions>
          <ns3:TrackPointExtension>
            <ns3:atemp>28.0</ns3:atemp>
            <ns3:hr>155</ns3:hr>
            <ns3:cad>84</ns3:cad>
          </ns3:TrackPointExtension>
        </extensions>
      </trkpt>
      <trkpt lat="49.141219742596149444580078125" lon="6.15249504335224628448486328125">
        <ele>171.8000030517578125</ele>
        <time>2026-07-29T20:31:36.000Z</time>
        <extensions>
          <ns3:TrackPointExtension>
            <ns3:atemp>28.0</ns3:atemp>
            <ns3:hr>155</ns3:hr>
            <ns3:cad>84</ns3:cad>
          </ns3:TrackPointExtension>
        </extensions>
      </trkpt>
      <trkpt lat="49.1412145458161830902099609375" lon="6.15253007970750331878662109375">
        <ele>171.8000030517578125</ele>
        <time>2026-07-29T20:31:37.000Z</time>
        <extensions>
          <ns3:TrackPointExtension>
            <ns3:atemp>28.0</ns3:atemp>
            <ns3:hr>155</ns3:hr>
            <ns3:cad>83</ns3:cad>
          </ns3:TrackPointExtension>
        </extensions>
      </trkpt>
      <trkpt lat="49.14120725356042385101318359375" lon="6.1525596678256988525390625">
        <ele>171.8000030517578125</ele>
        <time>2026-07-29T20:31:38.000Z</time>
        <extensions>
          <ns3:TrackPointExtension>
            <ns3:atemp>28.0</ns3:atemp>
            <ns3:hr>155</ns3:hr>
            <ns3:cad>83</ns3:cad>
          </ns3:TrackPointExtension>
        </extensions>
      </trkpt>
      <trkpt lat="49.14118529297411441802978515625" lon="6.15258674137294292449951171875">
        <ele>171.8000030517578125</ele>
        <time>2026-07-29T20:31:39.000Z</time>
        <extensions>
          <ns3:TrackPointExtension>
            <ns3:atemp>28.0</ns3:atemp>
            <ns3:hr>155</ns3:hr>
            <ns3:cad>83</ns3:cad>
          </ns3:TrackPointExtension>
        </extensions>
      </trkpt>
      <trkpt lat="49.1411699540913105010986328125" lon="6.15260467864573001861572265625">
        <ele>171.8000030517578125</ele>
        <time>2026-07-29T20:31:40.000Z</time>
        <extensions>
          <ns3:TrackPointExtension>
            <ns3:atemp>28.0</ns3:atemp>
            <ns3:hr>155</ns3:hr>
            <ns3:cad>82</ns3:cad>
          </ns3:TrackPointExtension>
        </extensions>
      </trkpt>
      <trkpt lat="49.1411451436579227447509765625" lon="6.152625717222690582275390625">
        <ele>171.8000030517578125</ele>
        <time>2026-07-29T20:31:41.000Z</time>
        <extensions>
          <ns3:TrackPointExtension>
            <ns3:atemp>28.0</ns3:atemp>
            <ns3:hr>155</ns3:hr>
            <ns3:cad>82</ns3:cad>
          </ns3:TrackPointExtension>
        </extensions>
      </trkpt>
      <trkpt lat="49.1411240212619304656982421875" lon="6.15264021791517734527587890625">
        <ele>171.8000030517578125</ele>
        <time>2026-07-29T20:31:42.000Z</time>
        <extensions>
          <ns3:TrackPointExtension>
            <ns3:atemp>27.0</ns3:atemp>
            <ns3:hr>155</ns3:hr>
            <ns3:cad>83</ns3:cad>
          </ns3:TrackPointExtension>
        </extensions>
      </trkpt>
      <trkpt lat="49.14110382087528705596923828125" lon="6.15265849046409130096435546875">
        <ele>171.8000030517578125</ele>
        <time>2026-07-29T20:31:43.000Z</time>
        <extensions>
          <ns3:TrackPointExtension>
            <ns3:atemp>28.0</ns3:atemp>
            <ns3:hr>154</ns3:hr>
            <ns3:cad>83</ns3:cad>
          </ns3:TrackPointExtension>
        </extensions>
      </trkpt>
      <trkpt lat="49.141078256070613861083984375" lon="6.15267223678529262542724609375">
        <ele>171.8000030517578125</ele>
        <time>2026-07-29T20:31:44.000Z</time>
        <extensions>
          <ns3:TrackPointExtension>
            <ns3:atemp>28.0</ns3:atemp>
            <ns3:hr>154</ns3:hr>
            <ns3:cad>83</ns3:cad>
          </ns3:TrackPointExtension>
        </extensions>
      </trkpt>
      <trkpt lat="49.141053445637226104736328125" lon="6.15268279798328876495361328125">
        <ele>171.8000030517578125</ele>
        <time>2026-07-29T20:31:45.000Z</time>
        <extensions>
          <ns3:TrackPointExtension>
            <ns3:atemp>28.0</ns3:atemp>
            <ns3:hr>154</ns3:hr>
            <ns3:cad>83</ns3:cad>
          </ns3:TrackPointExtension>
        </extensions>
      </trkpt>
      <trkpt lat="49.1410262882709503173828125" lon="6.15269755013287067413330078125">
        <ele>171.600006103515625</ele>
        <time>2026-07-29T20:31:46.000Z</time>
        <extensions>
          <ns3:TrackPointExtension>
            <ns3:atemp>28.0</ns3:atemp>
            <ns3:hr>154</ns3:hr>
            <ns3:cad>83</ns3:cad>
          </ns3:TrackPointExtension>
        </extensions>
      </trkpt>
      <trkpt lat="49.1410013101994991302490234375" lon="6.1527083627879619598388671875">
        <ele>171.600006103515625</ele>
        <time>2026-07-29T20:31:47.000Z</time>
        <extensions>
          <ns3:TrackPointExtension>
            <ns3:atemp>28.0</ns3:atemp>
            <ns3:hr>154</ns3:hr>
            <ns3:cad>83</ns3:cad>
          </ns3:TrackPointExtension>
        </extensions>
      </trkpt>
      <trkpt lat="49.1409825347363948822021484375" lon="6.1527241207659244537353515625">
        <ele>171.600006103515625</ele>
        <time>2026-07-29T20:31:48.000Z</time>
        <extensions>
          <ns3:TrackPointExtension>
            <ns3:atemp>28.0</ns3:atemp>
            <ns3:hr>154</ns3:hr>
            <ns3:cad>83</ns3:cad>
          </ns3:TrackPointExtension>
        </extensions>
      </trkpt>
      <trkpt lat="49.14095009677112102508544921875" lon="6.1527331732213497161865234375">
        <ele>171.600006103515625</ele>
        <time>2026-07-29T20:31:49.000Z</time>
        <extensions>
          <ns3:TrackPointExtension>
            <ns3:atemp>28.0</ns3:atemp>
            <ns3:hr>155</ns3:hr>
            <ns3:cad>83</ns3:cad>
          </ns3:TrackPointExtension>
        </extensions>
      </trkpt>
      <trkpt lat="49.140925705432891845703125" lon="6.15274264477193355560302734375">
        <ele>171.600006103515625</ele>
        <time>2026-07-29T20:31:50.000Z</time>
        <extensions>
          <ns3:TrackPointExtension>
            <ns3:atemp>28.0</ns3:atemp>
            <ns3:hr>155</ns3:hr>
            <ns3:cad>83</ns3:cad>
          </ns3:TrackPointExtension>
        </extensions>
      </trkpt>
      <trkpt lat="49.140904247760772705078125" lon="6.15275639109313488006591796875">
        <ele>171.8000030517578125</ele>
        <time>2026-07-29T20:31:51.000Z</time>
        <extensions>
          <ns3:TrackPointExtension>
            <ns3:atemp>28.0</ns3:atemp>
            <ns3:hr>155</ns3:hr>
            <ns3:cad>83</ns3:cad>
          </ns3:TrackPointExtension>
        </extensions>
      </trkpt>
      <trkpt lat="49.14087918587028980255126953125" lon="6.15276779048144817352294921875">
        <ele>171.8000030517578125</ele>
        <time>2026-07-29T20:31:52.000Z</time>
        <extensions>
          <ns3:TrackPointExtension>
            <ns3:atemp>28.0</ns3:atemp>
            <ns3:hr>155</ns3:hr>
            <ns3:cad>82</ns3:cad>
          </ns3:TrackPointExtension>
        </extensions>
      </trkpt>
      <trkpt lat="49.14085663855075836181640625" lon="6.1527861468493938446044921875">
        <ele>171.600006103515625</ele>
        <time>2026-07-29T20:31:53.000Z</time>
        <extensions>
          <ns3:TrackPointExtension>
            <ns3:atemp>28.0</ns3:atemp>
            <ns3:hr>156</ns3:hr>
            <ns3:cad>82</ns3:cad>
          </ns3:TrackPointExtension>
        </extensions>
      </trkpt>
      <trkpt lat="49.14082788862287998199462890625" lon="6.152802072465419769287109375">
        <ele>171.600006103515625</ele>
        <time>2026-07-29T20:31:54.000Z</time>
        <extensions>
          <ns3:TrackPointExtension>
            <ns3:atemp>28.0</ns3:atemp>
            <ns3:hr>156</ns3:hr>
            <ns3:cad>82</ns3:cad>
          </ns3:TrackPointExtension>
        </extensions>
      </trkpt>
      <trkpt lat="49.14080022834241390228271484375" lon="6.15281171165406703948974609375">
        <ele>171.600006103515625</ele>
        <time>2026-07-29T20:31:55.000Z</time>
        <extensions>
          <ns3:TrackPointExtension>
            <ns3:atemp>28.0</ns3:atemp>
            <ns3:hr>156</ns3:hr>
            <ns3:cad>82</ns3:cad>
          </ns3:TrackPointExtension>
        </extensions>
      </trkpt>
      <trkpt lat="49.1407773457467555999755859375" lon="6.1528277210891246795654296875">
        <ele>171.600006103515625</ele>
        <time>2026-07-29T20:31:56.000Z</time>
        <extensions>
          <ns3:TrackPointExtension>
            <ns3:atemp>28.0</ns3:atemp>
            <ns3:hr>157</ns3:hr>
            <ns3:cad>82</ns3:cad>
          </ns3:TrackPointExtension>
        </extensions>
      </trkpt>
      <trkpt lat="49.14074775762856006622314453125" lon="6.15284071303904056549072265625">
        <ele>171.600006103515625</ele>
        <time>2026-07-29T20:31:57.000Z</time>
        <extensions>
          <ns3:TrackPointExtension>
            <ns3:atemp>28.0</ns3:atemp>
            <ns3:hr>157</ns3:hr>
            <ns3:cad>83</ns3:cad>
          </ns3:TrackPointExtension>
        </extensions>
      </trkpt>
      <trkpt lat="49.140730910003185272216796875" lon="6.15286183543503284454345703125">
        <ele>171.600006103515625</ele>
        <time>2026-07-29T20:31:58.000Z</time>
        <extensions>
          <ns3:TrackPointExtension>
            <ns3:atemp>28.0</ns3:atemp>
            <ns3:hr>157</ns3:hr>
            <ns3:cad>83</ns3:cad>
          </ns3:TrackPointExtension>
        </extensions>
      </trkpt>
      <trkpt lat="49.14070643484592437744140625" lon="6.1528800241649150848388671875">
        <ele>171.600006103515625</ele>
        <time>2026-07-29T20:31:59.000Z</time>
        <extensions>
          <ns3:TrackPointExtension>
            <ns3:atemp>28.0</ns3:atemp>
            <ns3:hr>157</ns3:hr>
            <ns3:cad>83</ns3:cad>
          </ns3:TrackPointExtension>
        </extensions>
      </trkpt>
      <trkpt lat="49.140679948031902313232421875" lon="6.1528909206390380859375">
        <ele>171.600006103515625</ele>
        <time>2026-07-29T20:32:00.000Z</time>
        <extensions>
          <ns3:TrackPointExtension>
            <ns3:atemp>28.0</ns3:atemp>
            <ns3:hr>157</ns3:hr>
            <ns3:cad>82</ns3:cad>
          </ns3:TrackPointExtension>
        </extensions>
      </trkpt>
      <trkpt lat="49.14066310040652751922607421875" lon="6.1529029905796051025390625">
        <ele>171.600006103515625</ele>
        <time>2026-07-29T20:32:01.000Z</time>
        <extensions>
          <ns3:TrackPointExtension>
            <ns3:atemp>28.0</ns3:atemp>
            <ns3:hr>157</ns3:hr>
            <ns3:cad>82</ns3:cad>
          </ns3:TrackPointExtension>
        </extensions>
      </trkpt>
      <trkpt lat="49.14062957279384136199951171875" lon="6.15292117930948734283447265625">
        <ele>171.600006103515625</ele>
        <time>2026-07-29T20:32:02.000Z</time>
        <extensions>
          <ns3:TrackPointExtension>
            <ns3:atemp>28.0</ns3:atemp>
            <ns3:hr>157</ns3:hr>
            <ns3:cad>82</ns3:cad>
          </ns3:TrackPointExtension>
        </extensions>
      </trkpt>
      <trkpt lat="49.1406066901981830596923828125" lon="6.15293559618294239044189453125">
        <ele>171.600006103515625</ele>
        <time>2026-07-29T20:32:03.000Z</time>
        <extensions>
          <ns3:TrackPointExtension>
            <ns3:atemp>28.0</ns3:atemp>
            <ns3:hr>157</ns3:hr>
            <ns3:cad>82</ns3:cad>
          </ns3:TrackPointExtension>
        </extensions>
      </trkpt>
      <trkpt lat="49.14057794027030467987060546875" lon="6.15295252762734889984130859375">
        <ele>171.600006103515625</ele>
        <time>2026-07-29T20:32:04.000Z</time>
        <extensions>
          <ns3:TrackPointExtension>
            <ns3:atemp>28.0</ns3:atemp>
            <ns3:hr>157</ns3:hr>
            <ns3:cad>83</ns3:cad>
          </ns3:TrackPointExtension>
        </extensions>
      </trkpt>
      <trkpt lat="49.14054684340953826904296875" lon="6.1529655195772647857666015625">
        <ele>171.600006103515625</ele>
        <time>2026-07-29T20:32:05.000Z</time>
        <extensions>
          <ns3:TrackPointExtension>
            <ns3:atemp>28.0</ns3:atemp>
            <ns3:hr>157</ns3:hr>
            <ns3:cad>83</ns3:cad>
          </ns3:TrackPointExtension>
        </extensions>
      </trkpt>
      <trkpt lat="49.14052538573741912841796875" lon="6.152980439364910125732421875">
        <ele>171.8000030517578125</ele>
        <time>2026-07-29T20:32:06.000Z</time>
        <extensions>
          <ns3:TrackPointExtension>
            <ns3:atemp>28.0</ns3:atemp>
            <ns3:hr>157</ns3:hr>
            <ns3:cad>83</ns3:cad>
          </ns3:TrackPointExtension>
        </extensions>
      </trkpt>
      <trkpt lat="49.140498898923397064208984375" lon="6.15299083292484283447265625">
        <ele>171.8000030517578125</ele>
        <time>2026-07-29T20:32:07.000Z</time>
        <extensions>
          <ns3:TrackPointExtension>
            <ns3:atemp>28.0</ns3:atemp>
            <ns3:hr>157</ns3:hr>
            <ns3:cad>83</ns3:cad>
          </ns3:TrackPointExtension>
        </extensions>
      </trkpt>
      <trkpt lat="49.14047400467097759246826171875" lon="6.15300692617893218994140625">
        <ele>171.8000030517578125</ele>
        <time>2026-07-29T20:32:08.000Z</time>
        <extensions>
          <ns3:TrackPointExtension>
            <ns3:atemp>28.0</ns3:atemp>
            <ns3:hr>157</ns3:hr>
            <ns3:cad>84</ns3:cad>
          </ns3:TrackPointExtension>
        </extensions>
      </trkpt>
      <trkpt lat="49.1404561512172222137451171875" lon="6.153030730783939361572265625">
        <ele>171.8000030517578125</ele>
        <time>2026-07-29T20:32:09.000Z</time>
        <extensions>
          <ns3:TrackPointExtension>
            <ns3:atemp>28.0</ns3:atemp>
            <ns3:hr>157</ns3:hr>
            <ns3:cad>83</ns3:cad>
          </ns3:TrackPointExtension>
        </extensions>
      </trkpt>
      <trkpt lat="49.14043025113642215728759765625" lon="6.15304179489612579345703125">
        <ele>171.8000030517578125</ele>
        <time>2026-07-29T20:32:10.000Z</time>
        <extensions>
          <ns3:TrackPointExtension>
            <ns3:atemp>28.0</ns3:atemp>
            <ns3:hr>157</ns3:hr>
            <ns3:cad>83</ns3:cad>
          </ns3:TrackPointExtension>
        </extensions>
      </trkpt>
      <trkpt lat="49.140407703816890716552734375" lon="6.1530540324747562408447265625">
        <ele>171.8000030517578125</ele>
        <time>2026-07-29T20:32:11.000Z</time>
        <extensions>
          <ns3:TrackPointExtension>
            <ns3:atemp>28.0</ns3:atemp>
            <ns3:hr>157</ns3:hr>
            <ns3:cad>83</ns3:cad>
          </ns3:TrackPointExtension>
        </extensions>
      </trkpt>
      <trkpt lat="49.14038448594510555267333984375" lon="6.15306920371949672698974609375">
        <ele>171.8000030517578125</ele>
        <time>2026-07-29T20:32:12.000Z</time>
        <extensions>
          <ns3:TrackPointExtension>
            <ns3:atemp>28.0</ns3:atemp>
            <ns3:hr>157</ns3:hr>
            <ns3:cad>83</ns3:cad>
          </ns3:TrackPointExtension>
        </extensions>
      </trkpt>
      <trkpt lat="49.1403595916926860809326171875" lon="6.15308244712650775909423828125">
        <ele>171.600006103515625</ele>
        <time>2026-07-29T20:32:13.000Z</time>
        <extensions>
          <ns3:TrackPointExtension>
            <ns3:atemp>28.0</ns3:atemp>
            <ns3:hr>157</ns3:hr>
            <ns3:cad>83</ns3:cad>
          </ns3:TrackPointExtension>
        </extensions>
      </trkpt>
      <trkpt lat="49.14034073241055011749267578125" lon="6.15309451706707477569580078125">
        <ele>171.600006103515625</ele>
        <time>2026-07-29T20:32:14.000Z</time>
        <extensions>
          <ns3:TrackPointExtension>
            <ns3:atemp>28.0</ns3:atemp>
            <ns3:hr>156</ns3:hr>
            <ns3:cad>82</ns3:cad>
          </ns3:TrackPointExtension>
        </extensions>
      </trkpt>
      <trkpt lat="49.1403113119304180145263671875" lon="6.15310977213084697723388671875">
        <ele>171.8000030517578125</ele>
        <time>2026-07-29T20:32:15.000Z</time>
        <extensions>
          <ns3:TrackPointExtension>
            <ns3:atemp>28.0</ns3:atemp>
            <ns3:hr>156</ns3:hr>
            <ns3:cad>82</ns3:cad>
          </ns3:TrackPointExtension>
        </extensions>
      </trkpt>
      <trkpt lat="49.14028876461088657379150390625" lon="6.15311999805271625518798828125">
        <ele>171.8000030517578125</ele>
        <time>2026-07-29T20:32:16.000Z</time>
        <extensions>
          <ns3:TrackPointExtension>
            <ns3:atemp>28.0</ns3:atemp>
            <ns3:hr>156</ns3:hr>
            <ns3:cad>82</ns3:cad>
          </ns3:TrackPointExtension>
        </extensions>
      </trkpt>
      <trkpt lat="49.14026479236781597137451171875" lon="6.15313835442066192626953125">
        <ele>171.8000030517578125</ele>
        <time>2026-07-29T20:32:17.000Z</time>
        <extensions>
          <ns3:TrackPointExtension>
            <ns3:atemp>28.0</ns3:atemp>
            <ns3:hr>156</ns3:hr>
            <ns3:cad>83</ns3:cad>
          </ns3:TrackPointExtension>
        </extensions>
      </trkpt>
      <trkpt lat="49.140238724648952484130859375" lon="6.15314682014286518096923828125">
        <ele>172</ele>
        <time>2026-07-29T20:32:18.000Z</time>
        <extensions>
          <ns3:TrackPointExtension>
            <ns3:atemp>28.0</ns3:atemp>
            <ns3:hr>156</ns3:hr>
            <ns3:cad>83</ns3:cad>
          </ns3:TrackPointExtension>
        </extensions>
      </trkpt>
      <trkpt lat="49.14022229611873626708984375" lon="6.15316241048276424407958984375">
        <ele>172</ele>
        <time>2026-07-29T20:32:19.000Z</time>
        <extensions>
          <ns3:TrackPointExtension>
            <ns3:atemp>28.0</ns3:atemp>
            <ns3:hr>155</ns3:hr>
            <ns3:cad>83</ns3:cad>
          </ns3:TrackPointExtension>
        </extensions>
      </trkpt>
      <trkpt lat="49.1402124054729938507080078125" lon="6.15317900665104389190673828125">
        <ele>172</ele>
        <time>2026-07-29T20:32:20.000Z</time>
        <extensions>
          <ns3:TrackPointExtension>
            <ns3:atemp>28.0</ns3:atemp>
            <ns3:hr>155</ns3:hr>
            <ns3:cad>83</ns3:cad>
          </ns3:TrackPointExtension>
        </extensions>
      </trkpt>
      <trkpt lat="49.1402026824653148651123046875" lon="6.15318956784904003143310546875">
        <ele>172</ele>
        <time>2026-07-29T20:32:21.000Z</time>
        <extensions>
          <ns3:TrackPointExtension>
            <ns3:atemp>28.0</ns3:atemp>
            <ns3:hr>155</ns3:hr>
            <ns3:cad>83</ns3:cad>
          </ns3:TrackPointExtension>
        </extensions>
      </trkpt>
      <trkpt lat="49.14019388146698474884033203125" lon="6.15319761447608470916748046875">
        <ele>171.8000030517578125</ele>
        <time>2026-07-29T20:32:22.000Z</time>
        <extensions>
          <ns3:TrackPointExtension>
            <ns3:atemp>28.0</ns3:atemp>
            <ns3:hr>155</ns3:hr>
            <ns3:cad>83</ns3:cad>
          </ns3:TrackPointExtension>
        </extensions>
      </trkpt>
      <trkpt lat="49.14019145071506500244140625" lon="6.15319610573351383209228515625">
        <ele>171.8000030517578125</ele>
        <time>2026-07-29T20:32:23.000Z</time>
        <extensions>
          <ns3:TrackPointExtension>
            <ns3:atemp>28.0</ns3:atemp>
            <ns3:hr>155</ns3:hr>
            <ns3:cad>83</ns3:cad>
          </ns3:TrackPointExtension>
        </extensions>
      </trkpt>
      <trkpt lat="49.1401879303157329559326171875" lon="6.15319593809545040130615234375">
        <ele>171.600006103515625</ele>
        <time>2026-07-29T20:32:24.000Z</time>
        <extensions>
          <ns3:TrackPointExtension>
            <ns3:atemp>28.0</ns3:atemp>
            <ns3:hr>155</ns3:hr>
            <ns3:cad>83</ns3:cad>
          </ns3:TrackPointExtension>
        </extensions>
      </trkpt>
      <trkpt lat="49.14018700830638408660888671875" lon="6.153195016086101531982421875">
        <ele>171.600006103515625</ele>
        <time>2026-07-29T20:32:25.000Z</time>
        <extensions>
          <ns3:TrackPointExtension>
            <ns3:atemp>28.0</ns3:atemp>
            <ns3:hr>154</ns3:hr>
            <ns3:cad>0</ns3:cad>
          </ns3:TrackPointExtension>
        </extensions>
      </trkpt>
      <trkpt lat="49.14018700830638408660888671875" lon="6.153195016086101531982421875">
        <ele>171.399993896484375</ele>
        <time>2026-07-29T20:32:26.000Z</time>
        <extensions>
          <ns3:TrackPointExtension>
            <ns3:atemp>28.0</ns3:atemp>
            <ns3:hr>154</ns3:hr>
            <ns3:cad>0</ns3:cad>
          </ns3:TrackPointExtension>
        </extensions>
      </trkpt>
      <trkpt lat="49.14018700830638408660888671875" lon="6.153195016086101531982421875">
        <ele>171.399993896484375</ele>
        <time>2026-07-29T20:32:27.000Z</time>
        <extensions>
          <ns3:TrackPointExtension>
            <ns3:atemp>28.0</ns3:atemp>
            <ns3:hr>153</ns3:hr>
            <ns3:cad>0</ns3:cad>
          </ns3:TrackPointExtension>
        </extensions>
      </trkpt>
      <trkpt lat="49.140187092125415802001953125" lon="6.15319493226706981658935546875">
        <ele>171.399993896484375</ele>
        <time>2026-07-29T20:32:28.000Z</time>
        <extensions>
          <ns3:TrackPointExtension>
            <ns3:atemp>28.0</ns3:atemp>
            <ns3:hr>152</ns3:hr>
            <ns3:cad>0</ns3:cad>
          </ns3:TrackPointExtension>
        </extensions>
      </trkpt>
      <trkpt lat="49.1401782073080539703369140625" lon="6.15319602191448211669921875">
        <ele>171.600006103515625</ele>
        <time>2026-07-29T20:32:29.000Z</time>
        <extensions>
          <ns3:TrackPointExtension>
            <ns3:atemp>28.0</ns3:atemp>
            <ns3:hr>151</ns3:hr>
            <ns3:cad>0</ns3:cad>
          </ns3:TrackPointExtension>
        </extensions>
      </trkpt>
      <trkpt lat="49.14016102440655231475830078125" lon="6.15320398472249507904052734375">
        <ele>171.8000030517578125</ele>
        <time>2026-07-29T20:32:30.000Z</time>
        <extensions>
          <ns3:TrackPointExtension>
            <ns3:atemp>28.0</ns3:atemp>
            <ns3:hr>149</ns3:hr>
            <ns3:cad>0</ns3:cad>
          </ns3:TrackPointExtension>
        </extensions>
      </trkpt>
      <trkpt lat="49.14014157839119434356689453125" lon="6.153213120996952056884765625">
        <ele>172</ele>
        <time>2026-07-29T20:32:31.000Z</time>
        <extensions>
          <ns3:TrackPointExtension>
            <ns3:atemp>28.0</ns3:atemp>
            <ns3:hr>148</ns3:hr>
            <ns3:cad>0</ns3:cad>
          </ns3:TrackPointExtension>
        </extensions>
      </trkpt>
      <trkpt lat="49.14011475630104541778564453125" lon="6.15322426892817020416259765625">
        <ele>172</ele>
        <time>2026-07-29T20:32:32.000Z</time>
        <extensions>
          <ns3:TrackPointExtension>
            <ns3:atemp>28.0</ns3:atemp>
            <ns3:hr>147</ns3:hr>
            <ns3:cad>0</ns3:cad>
          </ns3:TrackPointExtension>
        </extensions>
      </trkpt>
      <trkpt lat="49.14009665139019489288330078125" lon="6.15323332138359546661376953125">
        <ele>172.1999969482421875</ele>
        <time>2026-07-29T20:32:33.000Z</time>
        <extensions>
          <ns3:TrackPointExtension>
            <ns3:atemp>28.0</ns3:atemp>
            <ns3:hr>146</ns3:hr>
            <ns3:cad>0</ns3:cad>
          </ns3:TrackPointExtension>
        </extensions>
      </trkpt>
      <trkpt lat="49.14007049985229969024658203125" lon="6.1532411165535449981689453125">
        <ele>172.1999969482421875</ele>
        <time>2026-07-29T20:32:34.000Z</time>
        <extensions>
          <ns3:TrackPointExtension>
            <ns3:atemp>28.0</ns3:atemp>
            <ns3:hr>145</ns3:hr>
            <ns3:cad>0</ns3:cad>
          </ns3:TrackPointExtension>
        </extensions>
      </trkpt>
      <trkpt lat="49.1400445997714996337890625" lon="6.15324832499027252197265625">
        <ele>172.1999969482421875</ele>
        <time>2026-07-29T20:32:35.000Z</time>
        <extensions>
          <ns3:TrackPointExtension>
            <ns3:atemp>28.0</ns3:atemp>
            <ns3:hr>145</ns3:hr>
            <ns3:cad>81</ns3:cad>
          </ns3:TrackPointExtension>
        </extensions>
      </trkpt>
      <trkpt lat="49.14002272300422191619873046875" lon="6.15325729362666606903076171875">
        <ele>172</ele>
        <time>2026-07-29T20:32:36.000Z</time>
        <extensions>
          <ns3:TrackPointExtension>
            <ns3:atemp>28.0</ns3:atemp>
            <ns3:hr>146</ns3:hr>
            <ns3:cad>82</ns3:cad>
          </ns3:TrackPointExtension>
        </extensions>
      </trkpt>
      <trkpt lat="49.13999590091407299041748046875" lon="6.15327053703367710113525390625">
        <ele>172</ele>
        <time>2026-07-29T20:32:37.000Z</time>
        <extensions>
          <ns3:TrackPointExtension>
            <ns3:atemp>28.0</ns3:atemp>
            <ns3:hr>146</ns3:hr>
            <ns3:cad>81</ns3:cad>
          </ns3:TrackPointExtension>
        </extensions>
      </trkpt>
      <trkpt lat="49.1399720124900341033935546875" lon="6.1532811820507049560546875">
        <ele>172</ele>
        <time>2026-07-29T20:32:38.000Z</time>
        <extensions>
          <ns3:TrackPointExtension>
            <ns3:atemp>28.0</ns3:atemp>
            <ns3:hr>147</ns3:hr>
            <ns3:cad>82</ns3:cad>
          </ns3:TrackPointExtension>
        </extensions>
      </trkpt>
      <trkpt lat="49.139947034418582916259765625" lon="6.15328864194452762603759765625">
        <ele>171.8000030517578125</ele>
        <time>2026-07-29T20:32:39.000Z</time>
        <extensions>
          <ns3:TrackPointExtension>
            <ns3:atemp>28.0</ns3:atemp>
            <ns3:hr>148</ns3:hr>
            <ns3:cad>82</ns3:cad>
          </ns3:TrackPointExtension>
        </extensions>
      </trkpt>
      <trkpt lat="49.13991711102426052093505859375" lon="6.1532887257635593414306640625">
        <ele>171.8000030517578125</ele>
        <time>2026-07-29T20:32:40.000Z</time>
        <extensions>
          <ns3:TrackPointExtension>
            <ns3:atemp>28.0</ns3:atemp>
            <ns3:hr>148</ns3:hr>
            <ns3:cad>83</ns3:cad>
          </ns3:TrackPointExtension>
        </extensions>
      </trkpt>
      <trkpt lat="49.13989548571407794952392578125" lon="6.15330020897090435028076171875">
        <ele>171.8000030517578125</ele>
        <time>2026-07-29T20:32:41.000Z</time>
        <extensions>
          <ns3:TrackPointExtension>
            <ns3:atemp>28.0</ns3:atemp>
            <ns3:hr>148</ns3:hr>
            <ns3:cad>83</ns3:cad>
          </ns3:TrackPointExtension>
        </extensions>
      </trkpt>
      <trkpt lat="49.13986396975815296173095703125" lon="6.1533085070550441741943359375">
        <ele>171.8000030517578125</ele>
        <time>2026-07-29T20:32:42.000Z</time>
        <extensions>
          <ns3:TrackPointExtension>
            <ns3:atemp>28.0</ns3:atemp>
            <ns3:hr>148</ns3:hr>
            <ns3:cad>84</ns3:cad>
          </ns3:TrackPointExtension>
        </extensions>
      </trkpt>
      <trkpt lat="49.13984200917184352874755859375" lon="6.1533158831298351287841796875">
        <ele>171.600006103515625</ele>
        <time>2026-07-29T20:32:43.000Z</time>
        <extensions>
          <ns3:TrackPointExtension>
            <ns3:atemp>28.0</ns3:atemp>
            <ns3:hr>148</ns3:hr>
            <ns3:cad>84</ns3:cad>
          </ns3:TrackPointExtension>
        </extensions>
      </trkpt>
      <trkpt lat="49.13981652818620204925537109375" lon="6.15332803688943386077880859375">
        <ele>171.600006103515625</ele>
        <time>2026-07-29T20:32:44.000Z</time>
        <extensions>
          <ns3:TrackPointExtension>
            <ns3:atemp>28.0</ns3:atemp>
            <ns3:hr>148</ns3:hr>
            <ns3:cad>83</ns3:cad>
          </ns3:TrackPointExtension>
        </extensions>
      </trkpt>
      <trkpt lat="49.13978870026767253875732421875" lon="6.15333289839327335357666015625">
        <ele>171.600006103515625</ele>
        <time>2026-07-29T20:32:45.000Z</time>
        <extensions>
          <ns3:TrackPointExtension>
            <ns3:atemp>28.0</ns3:atemp>
            <ns3:hr>148</ns3:hr>
            <ns3:cad>83</ns3:cad>
          </ns3:TrackPointExtension>
        </extensions>
      </trkpt>
      <trkpt lat="49.13976673968136310577392578125" lon="6.1533457227051258087158203125">
        <ele>171.600006103515625</ele>
        <time>2026-07-29T20:32:46.000Z</time>
        <extensions>
          <ns3:TrackPointExtension>
            <ns3:atemp>28.0</ns3:atemp>
            <ns3:hr>148</ns3:hr>
            <ns3:cad>83</ns3:cad>
          </ns3:TrackPointExtension>
        </extensions>
      </trkpt>
      <trkpt lat="49.13973790593445301055908203125" lon="6.15335234440863132476806640625">
        <ele>171.399993896484375</ele>
        <time>2026-07-29T20:32:47.000Z</time>
        <extensions>
          <ns3:TrackPointExtension>
            <ns3:atemp>28.0</ns3:atemp>
            <ns3:hr>149</ns3:hr>
            <ns3:cad>84</ns3:cad>
          </ns3:TrackPointExtension>
        </extensions>
      </trkpt>
      <trkpt lat="49.13971133530139923095703125" lon="6.153358630836009979248046875">
        <ele>171.399993896484375</ele>
        <time>2026-07-29T20:32:48.000Z</time>
        <extensions>
          <ns3:TrackPointExtension>
            <ns3:atemp>28.0</ns3:atemp>
            <ns3:hr>149</ns3:hr>
            <ns3:cad>84</ns3:cad>
          </ns3:TrackPointExtension>
        </extensions>
      </trkpt>
      <trkpt lat="49.13968853652477264404296875" lon="6.1533661745488643646240234375">
        <ele>171.1999969482421875</ele>
        <time>2026-07-29T20:32:49.000Z</time>
        <extensions>
          <ns3:TrackPointExtension>
            <ns3:atemp>28.0</ns3:atemp>
            <ns3:hr>149</ns3:hr>
            <ns3:cad>84</ns3:cad>
          </ns3:TrackPointExtension>
        </extensions>
      </trkpt>
      <trkpt lat="49.13965593092143535614013671875" lon="6.1533670127391815185546875">
        <ele>171.1999969482421875</ele>
        <time>2026-07-29T20:32:50.000Z</time>
        <extensions>
          <ns3:TrackPointExtension>
            <ns3:atemp>28.0</ns3:atemp>
            <ns3:hr>149</ns3:hr>
            <ns3:cad>83</ns3:cad>
          </ns3:TrackPointExtension>
        </extensions>
      </trkpt>
      <trkpt lat="49.139633215963840484619140625" lon="6.15337899886071681976318359375">
        <ele>171.1999969482421875</ele>
        <time>2026-07-29T20:32:51.000Z</time>
        <extensions>
          <ns3:TrackPointExtension>
            <ns3:atemp>28.0</ns3:atemp>
            <ns3:hr>149</ns3:hr>
            <ns3:cad>83</ns3:cad>
          </ns3:TrackPointExtension>
        </extensions>
      </trkpt>
      <trkpt lat="49.139606058597564697265625" lon="6.15338654257357120513916015625">
        <ele>171.1999969482421875</ele>
        <time>2026-07-29T20:32:52.000Z</time>
        <extensions>
          <ns3:TrackPointExtension>
            <ns3:atemp>28.0</ns3:atemp>
            <ns3:hr>149</ns3:hr>
            <ns3:cad>83</ns3:cad>
          </ns3:TrackPointExtension>
        </extensions>
      </trkpt>
      <trkpt lat="49.139580242335796356201171875" lon="6.15338754840195178985595703125">
        <ele>171.1999969482421875</ele>
        <time>2026-07-29T20:32:53.000Z</time>
        <extensions>
          <ns3:TrackPointExtension>
            <ns3:atemp>28.0</ns3:atemp>
            <ns3:hr>149</ns3:hr>
            <ns3:cad>83</ns3:cad>
          </ns3:TrackPointExtension>
        </extensions>
      </trkpt>
      <trkpt lat="49.1395589523017406463623046875" lon="6.15339995361864566802978515625">
        <ele>171.1999969482421875</ele>
        <time>2026-07-29T20:32:54.000Z</time>
        <extensions>
          <ns3:TrackPointExtension>
            <ns3:atemp>28.0</ns3:atemp>
            <ns3:hr>149</ns3:hr>
            <ns3:cad>83</ns3:cad>
          </ns3:TrackPointExtension>
        </extensions>
      </trkpt>
      <trkpt lat="49.139527268707752227783203125" lon="6.15340498276054859161376953125">
        <ele>171.1999969482421875</ele>
        <time>2026-07-29T20:32:55.000Z</time>
        <extensions>
          <ns3:TrackPointExtension>
            <ns3:atemp>28.0</ns3:atemp>
            <ns3:hr>149</ns3:hr>
            <ns3:cad>83</ns3:cad>
          </ns3:TrackPointExtension>
        </extensions>
      </trkpt>
      <trkpt lat="49.139505140483379364013671875" lon="6.15341152064502239227294921875">
        <ele>171</ele>
        <time>2026-07-29T20:32:56.000Z</time>
        <extensions>
          <ns3:TrackPointExtension>
            <ns3:atemp>28.0</ns3:atemp>
            <ns3:hr>148</ns3:hr>
            <ns3:cad>83</ns3:cad>
          </ns3:TrackPointExtension>
        </extensions>
      </trkpt>
      <trkpt lat="49.13948007859289646148681640625" lon="6.15342040546238422393798828125">
        <ele>171</ele>
        <time>2026-07-29T20:32:57.000Z</time>
        <extensions>
          <ns3:TrackPointExtension>
            <ns3:atemp>28.0</ns3:atemp>
            <ns3:hr>148</ns3:hr>
            <ns3:cad>83</ns3:cad>
          </ns3:TrackPointExtension>
        </extensions>
      </trkpt>
      <trkpt lat="49.139451496303081512451171875" lon="6.1534238420426845550537109375">
        <ele>171</ele>
        <time>2026-07-29T20:32:58.000Z</time>
        <extensions>
          <ns3:TrackPointExtension>
            <ns3:atemp>28.0</ns3:atemp>
            <ns3:hr>148</ns3:hr>
            <ns3:cad>83</ns3:cad>
          </ns3:TrackPointExtension>
        </extensions>
      </trkpt>
      <trkpt lat="49.1394305415451526641845703125" lon="6.153435744345188140869140625">
        <ele>171</ele>
        <time>2026-07-29T20:32:59.000Z</time>
        <extensions>
          <ns3:TrackPointExtension>
            <ns3:atemp>28.0</ns3:atemp>
            <ns3:hr>148</ns3:hr>
            <ns3:cad>83</ns3:cad>
          </ns3:TrackPointExtension>
        </extensions>
      </trkpt>
      <trkpt lat="49.1393970139324665069580078125" lon="6.15344454534351825714111328125">
        <ele>171</ele>
        <time>2026-07-29T20:33:00.000Z</time>
        <extensions>
          <ns3:TrackPointExtension>
            <ns3:atemp>28.0</ns3:atemp>
            <ns3:hr>148</ns3:hr>
            <ns3:cad>83</ns3:cad>
          </ns3:TrackPointExtension>
        </extensions>
      </trkpt>
      <trkpt lat="49.13937413133680820465087890625" lon="6.1534449644386768341064453125">
        <ele>171</ele>
        <time>2026-07-29T20:33:01.000Z</time>
        <extensions>
          <ns3:TrackPointExtension>
            <ns3:atemp>28.0</ns3:atemp>
            <ns3:hr>147</ns3:hr>
            <ns3:cad>83</ns3:cad>
          </ns3:TrackPointExtension>
        </extensions>
      </trkpt>
      <trkpt lat="49.13935300894081592559814453125" lon="6.1534496583044528961181640625">
        <ele>171</ele>
        <time>2026-07-29T20:33:02.000Z</time>
        <extensions>
          <ns3:TrackPointExtension>
            <ns3:atemp>28.0</ns3:atemp>
            <ns3:hr>148</ns3:hr>
            <ns3:cad>83</ns3:cad>
          </ns3:TrackPointExtension>
        </extensions>
      </trkpt>
      <trkpt lat="49.1393242590129375457763671875" lon="6.1534493230283260345458984375">
        <ele>171</ele>
        <time>2026-07-29T20:33:03.000Z</time>
        <extensions>
          <ns3:TrackPointExtension>
            <ns3:atemp>28.0</ns3:atemp>
            <ns3:hr>148</ns3:hr>
            <ns3:cad>83</ns3:cad>
          </ns3:TrackPointExtension>
        </extensions>
      </trkpt>
      <trkpt lat="49.13930154405534267425537109375" lon="6.15345192141830921173095703125">
        <ele>171</ele>
        <time>2026-07-29T20:33:04.000Z</time>
        <extensions>
          <ns3:TrackPointExtension>
            <ns3:atemp>28.0</ns3:atemp>
            <ns3:hr>148</ns3:hr>
            <ns3:cad>82</ns3:cad>
          </ns3:TrackPointExtension>
        </extensions>
      </trkpt>
      <trkpt lat="49.1392729617655277252197265625" lon="6.15344773046672344207763671875">
        <ele>171</ele>
        <time>2026-07-29T20:33:05.000Z</time>
        <extensions>
          <ns3:TrackPointExtension>
            <ns3:atemp>28.0</ns3:atemp>
            <ns3:hr>148</ns3:hr>
            <ns3:cad>82</ns3:cad>
          </ns3:TrackPointExtension>
        </extensions>
      </trkpt>
      <trkpt lat="49.13924731314182281494140625" lon="6.1534476466476917266845703125">
        <ele>171</ele>
        <time>2026-07-29T20:33:06.000Z</time>
        <extensions>
          <ns3:TrackPointExtension>
            <ns3:atemp>28.0</ns3:atemp>
            <ns3:hr>148</ns3:hr>
            <ns3:cad>83</ns3:cad>
          </ns3:TrackPointExtension>
        </extensions>
      </trkpt>
      <trkpt lat="49.13922610692679882049560546875" lon="6.15345376543700695037841796875">
        <ele>171</ele>
        <time>2026-07-29T20:33:07.000Z</time>
        <extensions>
          <ns3:TrackPointExtension>
            <ns3:atemp>28.0</ns3:atemp>
            <ns3:hr>148</ns3:hr>
            <ns3:cad>83</ns3:cad>
          </ns3:TrackPointExtension>
        </extensions>
      </trkpt>
      <trkpt lat="49.13919693790376186370849609375" lon="6.1534499935805797576904296875">
        <ele>171</ele>
        <time>2026-07-29T20:33:08.000Z</time>
        <extensions>
          <ns3:TrackPointExtension>
            <ns3:atemp>28.0</ns3:atemp>
            <ns3:hr>147</ns3:hr>
            <ns3:cad>83</ns3:cad>
          </ns3:TrackPointExtension>
        </extensions>
      </trkpt>
      <trkpt lat="49.13917397148907184600830078125" lon="6.15345091558992862701416015625">
        <ele>171.1999969482421875</ele>
        <time>2026-07-29T20:33:09.000Z</time>
        <extensions>
          <ns3:TrackPointExtension>
            <ns3:atemp>28.0</ns3:atemp>
            <ns3:hr>147</ns3:hr>
            <ns3:cad>83</ns3:cad>
          </ns3:TrackPointExtension>
        </extensions>
      </trkpt>
      <trkpt lat="49.13914949633181095123291015625" lon="6.15345560945570468902587890625">
        <ele>171.1999969482421875</ele>
        <time>2026-07-29T20:33:10.000Z</time>
        <extensions>
          <ns3:TrackPointExtension>
            <ns3:atemp>28.0</ns3:atemp>
            <ns3:hr>147</ns3:hr>
            <ns3:cad>83</ns3:cad>
          </ns3:TrackPointExtension>
        </extensions>
      </trkpt>
      <trkpt lat="49.1391230933368206024169921875" lon="6.153453849256038665771484375">
        <ele>171.1999969482421875</ele>
        <time>2026-07-29T20:33:11.000Z</time>
        <extensions>
          <ns3:TrackPointExtension>
            <ns3:atemp>28.0</ns3:atemp>
            <ns3:hr>147</ns3:hr>
            <ns3:cad>83</ns3:cad>
          </ns3:TrackPointExtension>
        </extensions>
      </trkpt>
      <trkpt lat="49.13910255767405033111572265625" lon="6.1534623987972736358642578125">
        <ele>171.1999969482421875</ele>
        <time>2026-07-29T20:33:12.000Z</time>
        <extensions>
          <ns3:TrackPointExtension>
            <ns3:atemp>28.0</ns3:atemp>
            <ns3:hr>147</ns3:hr>
            <ns3:cad>83</ns3:cad>
          </ns3:TrackPointExtension>
        </extensions>
      </trkpt>
      <trkpt lat="49.1390714608132839202880859375" lon="6.153464578092098236083984375">
        <ele>171.1999969482421875</ele>
        <time>2026-07-29T20:33:13.000Z</time>
        <extensions>
          <ns3:TrackPointExtension>
            <ns3:atemp>28.0</ns3:atemp>
            <ns3:hr>146</ns3:hr>
            <ns3:cad>83</ns3:cad>
          </ns3:TrackPointExtension>
        </extensions>
      </trkpt>
      <trkpt lat="49.13904371671378612518310546875" lon="6.153471283614635467529296875">
        <ele>171.1999969482421875</ele>
        <time>2026-07-29T20:33:14.000Z</time>
        <extensions>
          <ns3:TrackPointExtension>
            <ns3:atemp>28.0</ns3:atemp>
            <ns3:hr>146</ns3:hr>
            <ns3:cad>83</ns3:cad>
          </ns3:TrackPointExtension>
        </extensions>
      </trkpt>
      <trkpt lat="49.1390199959278106689453125" lon="6.15347723476588726043701171875">
        <ele>171.1999969482421875</ele>
        <time>2026-07-29T20:33:15.000Z</time>
        <extensions>
          <ns3:TrackPointExtension>
            <ns3:atemp>28.0</ns3:atemp>
            <ns3:hr>146</ns3:hr>
            <ns3:cad>83</ns3:cad>
          </ns3:TrackPointExtension>
        </extensions>
      </trkpt>
      <trkpt lat="49.1389896534383296966552734375" lon="6.15348033607006072998046875">
        <ele>171.1999969482421875</ele>
        <time>2026-07-29T20:33:16.000Z</time>
        <extensions>
          <ns3:TrackPointExtension>
            <ns3:atemp>28.0</ns3:atemp>
            <ns3:hr>146</ns3:hr>
            <ns3:cad>83</ns3:cad>
          </ns3:TrackPointExtension>
        </extensions>
      </trkpt>
      <trkpt lat="49.13896693848073482513427734375" lon="6.153489388525485992431640625">
        <ele>171.1999969482421875</ele>
        <time>2026-07-29T20:33:17.000Z</time>
        <extensions>
          <ns3:TrackPointExtension>
            <ns3:atemp>28.0</ns3:atemp>
            <ns3:hr>146</ns3:hr>
            <ns3:cad>83</ns3:cad>
          </ns3:TrackPointExtension>
        </extensions>
      </trkpt>
      <trkpt lat="49.1389323212206363677978515625" lon="6.15349634550511837005615234375">
        <ele>171</ele>
        <time>2026-07-29T20:33:18.000Z</time>
        <extensions>
          <ns3:TrackPointExtension>
            <ns3:atemp>28.0</ns3:atemp>
            <ns3:hr>146</ns3:hr>
            <ns3:cad>84</ns3:cad>
          </ns3:TrackPointExtension>
        </extensions>
      </trkpt>
      <trkpt lat="49.1389078460633754730224609375" lon="6.15350020118057727813720703125">
        <ele>171</ele>
        <time>2026-07-29T20:33:19.000Z</time>
        <extensions>
          <ns3:TrackPointExtension>
            <ns3:atemp>28.0</ns3:atemp>
            <ns3:hr>146</ns3:hr>
            <ns3:cad>84</ns3:cad>
          </ns3:TrackPointExtension>
        </extensions>
      </trkpt>
      <trkpt lat="49.13887876085937023162841796875" lon="6.15351009182631969451904296875">
        <ele>171</ele>
        <time>2026-07-29T20:33:20.000Z</time>
        <extensions>
          <ns3:TrackPointExtension>
            <ns3:atemp>28.0</ns3:atemp>
            <ns3:hr>146</ns3:hr>
            <ns3:cad>84</ns3:cad>
          </ns3:TrackPointExtension>
        </extensions>
      </trkpt>
      <trkpt lat="49.13885026238858699798583984375" lon="6.15351612679660320281982421875">
        <ele>171</ele>
        <time>2026-07-29T20:33:21.000Z</time>
        <extensions>
          <ns3:TrackPointExtension>
            <ns3:atemp>28.0</ns3:atemp>
            <ns3:hr>147</ns3:hr>
            <ns3:cad>84</ns3:cad>
          </ns3:TrackPointExtension>
        </extensions>
      </trkpt>
      <trkpt lat="49.1388243623077869415283203125" lon="6.15352450869977474212646484375">
        <ele>171</ele>
        <time>2026-07-29T20:33:22.000Z</time>
        <extensions>
          <ns3:TrackPointExtension>
            <ns3:atemp>28.0</ns3:atemp>
            <ns3:hr>147</ns3:hr>
            <ns3:cad>84</ns3:cad>
          </ns3:TrackPointExtension>
        </extensions>
      </trkpt>
      <trkpt lat="49.1387931816279888153076171875" lon="6.15353037603199481964111328125">
        <ele>171</ele>
        <time>2026-07-29T20:33:23.000Z</time>
        <extensions>
          <ns3:TrackPointExtension>
            <ns3:atemp>28.0</ns3:atemp>
            <ns3:hr>147</ns3:hr>
            <ns3:cad>84</ns3:cad>
          </ns3:TrackPointExtension>
        </extensions>
      </trkpt>
      <trkpt lat="49.138767533004283905029296875" lon="6.15352937020361423492431640625">
        <ele>171</ele>
        <time>2026-07-29T20:33:24.000Z</time>
        <extensions>
          <ns3:TrackPointExtension>
            <ns3:atemp>28.0</ns3:atemp>
            <ns3:hr>148</ns3:hr>
            <ns3:cad>84</ns3:cad>
          </ns3:TrackPointExtension>
        </extensions>
      </trkpt>
      <trkpt lat="49.1387385316193103790283203125" lon="6.1535311304032802581787109375">
        <ele>171</ele>
        <time>2026-07-29T20:33:25.000Z</time>
        <extensions>
          <ns3:TrackPointExtension>
            <ns3:atemp>28.0</ns3:atemp>
            <ns3:hr>148</ns3:hr>
            <ns3:cad>85</ns3:cad>
          </ns3:TrackPointExtension>
        </extensions>
      </trkpt>
      <trkpt lat="49.13871363736689090728759765625" lon="6.15353406406939029693603515625">
        <ele>171</ele>
        <time>2026-07-29T20:33:26.000Z</time>
        <extensions>
          <ns3:TrackPointExtension>
            <ns3:atemp>28.0</ns3:atemp>
            <ns3:hr>148</ns3:hr>
            <ns3:cad>86</ns3:cad>
          </ns3:TrackPointExtension>
        </extensions>
      </trkpt>
      <trkpt lat="49.13868798874318599700927734375" lon="6.15354462526738643646240234375">
        <ele>171</ele>
        <time>2026-07-29T20:33:27.000Z</time>
        <extensions>
          <ns3:TrackPointExtension>
            <ns3:atemp>28.0</ns3:atemp>
            <ns3:hr>148</ns3:hr>
            <ns3:cad>86</ns3:cad>
          </ns3:TrackPointExtension>
        </extensions>
      </trkpt>
      <trkpt lat="49.1386570595204830169677734375" lon="6.1535495705902576446533203125">
        <ele>171</ele>
        <time>2026-07-29T20:33:28.000Z</time>
        <extensions>
          <ns3:TrackPointExtension>
            <ns3:atemp>28.0</ns3:atemp>
            <ns3:hr>148</ns3:hr>
            <ns3:cad>85</ns3:cad>
          </ns3:TrackPointExtension>
        </extensions>
      </trkpt>
      <trkpt lat="49.13863317109644412994384765625" lon="6.15355602465569972991943359375">
        <ele>170.8000030517578125</ele>
        <time>2026-07-29T20:33:29.000Z</time>
        <extensions>
          <ns3:TrackPointExtension>
            <ns3:atemp>28.0</ns3:atemp>
            <ns3:hr>148</ns3:hr>
            <ns3:cad>83</ns3:cad>
          </ns3:TrackPointExtension>
        </extensions>
      </trkpt>
      <trkpt lat="49.138606600463390350341796875" lon="6.15356616675853729248046875">
        <ele>170.8000030517578125</ele>
        <time>2026-07-29T20:33:30.000Z</time>
        <extensions>
          <ns3:TrackPointExtension>
            <ns3:atemp>28.0</ns3:atemp>
            <ns3:hr>148</ns3:hr>
            <ns3:cad>83</ns3:cad>
          </ns3:TrackPointExtension>
        </extensions>
      </trkpt>
      <trkpt lat="49.13858388550579547882080078125" lon="6.153575889766216278076171875">
        <ele>170.8000030517578125</ele>
        <time>2026-07-29T20:33:31.000Z</time>
        <extensions>
          <ns3:TrackPointExtension>
            <ns3:atemp>28.0</ns3:atemp>
            <ns3:hr>148</ns3:hr>
            <ns3:cad>83</ns3:cad>
          </ns3:TrackPointExtension>
        </extensions>
      </trkpt>
      <trkpt lat="49.1385635174810886383056640625" lon="6.1535918153822422027587890625">
        <ele>170.8000030517578125</ele>
        <time>2026-07-29T20:33:32.000Z</time>
        <extensions>
          <ns3:TrackPointExtension>
            <ns3:atemp>28.0</ns3:atemp>
            <ns3:hr>148</ns3:hr>
            <ns3:cad>84</ns3:cad>
          </ns3:TrackPointExtension>
        </extensions>
      </trkpt>
      <trkpt lat="49.138534851372241973876953125" lon="6.153612434864044189453125">
        <ele>171</ele>
        <time>2026-07-29T20:33:33.000Z</time>
        <extensions>
          <ns3:TrackPointExtension>
            <ns3:atemp>28.0</ns3:atemp>
            <ns3:hr>148</ns3:hr>
            <ns3:cad>84</ns3:cad>
          </ns3:TrackPointExtension>
        </extensions>
      </trkpt>
      <trkpt lat="49.13851297460496425628662109375" lon="6.15363079123198986053466796875">
        <ele>171</ele>
        <time>2026-07-29T20:33:34.000Z</time>
        <extensions>
          <ns3:TrackPointExtension>
            <ns3:atemp>28.0</ns3:atemp>
            <ns3:hr>148</ns3:hr>
            <ns3:cad>84</ns3:cad>
          </ns3:TrackPointExtension>
        </extensions>
      </trkpt>
      <trkpt lat="49.13848665542900562286376953125" lon="6.15365308709442615509033203125">
        <ele>171</ele>
        <time>2026-07-29T20:33:35.000Z</time>
        <extensions>
          <ns3:TrackPointExtension>
            <ns3:atemp>28.0</ns3:atemp>
            <ns3:hr>149</ns3:hr>
            <ns3:cad>84</ns3:cad>
          </ns3:TrackPointExtension>
        </extensions>
      </trkpt>
      <trkpt lat="49.1384632699191570281982421875" lon="6.15367504768073558807373046875">
        <ele>171</ele>
        <time>2026-07-29T20:33:36.000Z</time>
        <extensions>
          <ns3:TrackPointExtension>
            <ns3:atemp>28.0</ns3:atemp>
            <ns3:hr>149</ns3:hr>
            <ns3:cad>84</ns3:cad>
          </ns3:TrackPointExtension>
        </extensions>
      </trkpt>
      <trkpt lat="49.13844130933284759521484375" lon="6.15370186977088451385498046875">
        <ele>171</ele>
        <time>2026-07-29T20:33:37.000Z</time>
        <extensions>
          <ns3:TrackPointExtension>
            <ns3:atemp>28.0</ns3:atemp>
            <ns3:hr>149</ns3:hr>
            <ns3:cad>84</ns3:cad>
          </ns3:TrackPointExtension>
        </extensions>
      </trkpt>
      <trkpt lat="49.13841993547976016998291015625" lon="6.15372332744300365447998046875">
        <ele>171</ele>
        <time>2026-07-29T20:33:38.000Z</time>
        <extensions>
          <ns3:TrackPointExtension>
            <ns3:atemp>28.0</ns3:atemp>
            <ns3:hr>150</ns3:hr>
            <ns3:cad>84</ns3:cad>
          </ns3:TrackPointExtension>
        </extensions>
      </trkpt>
      <trkpt lat="49.13840233348309993743896484375" lon="6.15373841486871242523193359375">
        <ele>171</ele>
        <time>2026-07-29T20:33:39.000Z</time>
        <extensions>
          <ns3:TrackPointExtension>
            <ns3:atemp>28.0</ns3:atemp>
            <ns3:hr>150</ns3:hr>
            <ns3:cad>84</ns3:cad>
          </ns3:TrackPointExtension>
        </extensions>
      </trkpt>
      <trkpt lat="49.1383821330964565277099609375" lon="6.1537614651024341583251953125">
        <ele>171.1999969482421875</ele>
        <time>2026-07-29T20:33:40.000Z</time>
        <extensions>
          <ns3:TrackPointExtension>
            <ns3:atemp>28.0</ns3:atemp>
            <ns3:hr>150</ns3:hr>
            <ns3:cad>84</ns3:cad>
          </ns3:TrackPointExtension>
        </extensions>
      </trkpt>
      <trkpt lat="49.13836142979562282562255859375" lon="6.153784096240997314453125">
        <ele>171.1999969482421875</ele>
        <time>2026-07-29T20:33:41.000Z</time>
        <extensions>
          <ns3:TrackPointExtension>
            <ns3:atemp>28.0</ns3:atemp>
            <ns3:hr>150</ns3:hr>
            <ns3:cad>84</ns3:cad>
          </ns3:TrackPointExtension>
        </extensions>
      </trkpt>
      <trkpt lat="49.13834600709378719329833984375" lon="6.15380622446537017822265625">
        <ele>171</ele>
        <time>2026-07-29T20:33:42.000Z</time>
        <extensions>
          <ns3:TrackPointExtension>
            <ns3:atemp>28.0</ns3:atemp>
            <ns3:hr>151</ns3:hr>
            <ns3:cad>84</ns3:cad>
          </ns3:TrackPointExtension>
        </extensions>
      </trkpt>
      <trkpt lat="49.1383227892220020294189453125" lon="6.153841428458690643310546875">
        <ele>171</ele>
        <time>2026-07-29T20:33:43.000Z</time>
        <extensions>
          <ns3:TrackPointExtension>
            <ns3:atemp>28.0</ns3:atemp>
            <ns3:hr>151</ns3:hr>
            <ns3:cad>84</ns3:cad>
          </ns3:TrackPointExtension>
        </extensions>
      </trkpt>
      <trkpt lat="49.1383043490350246429443359375" lon="6.15386766381561756134033203125">
        <ele>171</ele>
        <time>2026-07-29T20:33:44.000Z</time>
        <extensions>
          <ns3:TrackPointExtension>
            <ns3:atemp>28.0</ns3:atemp>
            <ns3:hr>151</ns3:hr>
            <ns3:cad>83</ns3:cad>
          </ns3:TrackPointExtension>
        </extensions>
      </trkpt>
      <trkpt lat="49.13828666321933269500732421875" lon="6.15389985032379627227783203125">
        <ele>171.1999969482421875</ele>
        <time>2026-07-29T20:33:45.000Z</time>
        <extensions>
          <ns3:TrackPointExtension>
            <ns3:atemp>28.0</ns3:atemp>
            <ns3:hr>151</ns3:hr>
            <ns3:cad>83</ns3:cad>
          </ns3:TrackPointExtension>
        </extensions>
      </trkpt>
      <trkpt lat="49.13826587609946727752685546875" lon="6.1539374850690364837646484375">
        <ele>171.1999969482421875</ele>
        <time>2026-07-29T20:33:46.000Z</time>
        <extensions>
          <ns3:TrackPointExtension>
            <ns3:atemp>28.0</ns3:atemp>
            <ns3:hr>152</ns3:hr>
            <ns3:cad>83</ns3:cad>
          </ns3:TrackPointExtension>
        </extensions>
      </trkpt>
      <trkpt lat="49.1382528841495513916015625" lon="6.1539731919765472412109375">
        <ele>171</ele>
        <time>2026-07-29T20:33:47.000Z</time>
        <extensions>
          <ns3:TrackPointExtension>
            <ns3:atemp>28.0</ns3:atemp>
            <ns3:hr>152</ns3:hr>
            <ns3:cad>83</ns3:cad>
          </ns3:TrackPointExtension>
        </extensions>
      </trkpt>
      <trkpt lat="49.1382272355258464813232421875" lon="6.15400713868439197540283203125">
        <ele>171</ele>
        <time>2026-07-29T20:33:48.000Z</time>
        <extensions>
          <ns3:TrackPointExtension>
            <ns3:atemp>28.0</ns3:atemp>
            <ns3:hr>152</ns3:hr>
            <ns3:cad>83</ns3:cad>
          </ns3:TrackPointExtension>
        </extensions>
      </trkpt>
      <trkpt lat="49.138210974633693695068359375" lon="6.1540337093174457550048828125">
        <ele>171</ele>
        <time>2026-07-29T20:33:49.000Z</time>
        <extensions>
          <ns3:TrackPointExtension>
            <ns3:atemp>28.0</ns3:atemp>
            <ns3:hr>153</ns3:hr>
            <ns3:cad>83</ns3:cad>
          </ns3:TrackPointExtension>
        </extensions>
      </trkpt>
      <trkpt lat="49.138195216655731201171875" lon="6.15406849421560764312744140625">
        <ele>170.8000030517578125</ele>
        <time>2026-07-29T20:33:50.000Z</time>
        <extensions>
          <ns3:TrackPointExtension>
            <ns3:atemp>28.0</ns3:atemp>
            <ns3:hr>153</ns3:hr>
            <ns3:cad>84</ns3:cad>
          </ns3:TrackPointExtension>
        </extensions>
      </trkpt>
      <trkpt lat="49.1381705738604068756103515625" lon="6.154101602733135223388671875">
        <ele>170.8000030517578125</ele>
        <time>2026-07-29T20:33:51.000Z</time>
        <extensions>
          <ns3:TrackPointExtension>
            <ns3:atemp>28.0</ns3:atemp>
            <ns3:hr>153</ns3:hr>
            <ns3:cad>84</ns3:cad>
          </ns3:TrackPointExtension>
        </extensions>
      </trkpt>
      <trkpt lat="49.138160012662410736083984375" lon="6.15413521416485309600830078125">
        <ele>170.8000030517578125</ele>
        <time>2026-07-29T20:33:52.000Z</time>
        <extensions>
          <ns3:TrackPointExtension>
            <ns3:atemp>28.0</ns3:atemp>
            <ns3:hr>153</ns3:hr>
            <ns3:cad>84</ns3:cad>
          </ns3:TrackPointExtension>
        </extensions>
      </trkpt>
      <trkpt lat="49.13814450614154338836669921875" lon="6.15416966378688812255859375">
        <ele>170.600006103515625</ele>
        <time>2026-07-29T20:33:53.000Z</time>
        <extensions>
          <ns3:TrackPointExtension>
            <ns3:atemp>28.0</ns3:atemp>
            <ns3:hr>153</ns3:hr>
            <ns3:cad>83</ns3:cad>
          </ns3:TrackPointExtension>
        </extensions>
      </trkpt>
      <trkpt lat="49.1381227970123291015625" lon="6.1541986651718616485595703125">
        <ele>170.600006103515625</ele>
        <time>2026-07-29T20:33:54.000Z</time>
        <extensions>
          <ns3:TrackPointExtension>
            <ns3:atemp>28.0</ns3:atemp>
            <ns3:hr>153</ns3:hr>
            <ns3:cad>82</ns3:cad>
          </ns3:TrackPointExtension>
        </extensions>
      </trkpt>
      <trkpt lat="49.13810377009212970733642578125" lon="6.1542258225381374359130859375">
        <ele>170.600006103515625</ele>
        <time>2026-07-29T20:33:55.000Z</time>
        <extensions>
          <ns3:TrackPointExtension>
            <ns3:atemp>28.0</ns3:atemp>
            <ns3:hr>153</ns3:hr>
            <ns3:cad>81</ns3:cad>
          </ns3:TrackPointExtension>
        </extensions>
      </trkpt>
      <trkpt lat="49.13807493634521961212158203125" lon="6.15425859577953815460205078125">
        <ele>170.8000030517578125</ele>
        <time>2026-07-29T20:33:56.000Z</time>
        <extensions>
          <ns3:TrackPointExtension>
            <ns3:atemp>28.0</ns3:atemp>
            <ns3:hr>153</ns3:hr>
            <ns3:cad>82</ns3:cad>
          </ns3:TrackPointExtension>
        </extensions>
      </trkpt>
      <trkpt lat="49.13805599324405193328857421875" lon="6.1542764492332935333251953125">
        <ele>170.8000030517578125</ele>
        <time>2026-07-29T20:33:57.000Z</time>
        <extensions>
          <ns3:TrackPointExtension>
            <ns3:atemp>28.0</ns3:atemp>
            <ns3:hr>153</ns3:hr>
            <ns3:cad>82</ns3:cad>
          </ns3:TrackPointExtension>
        </extensions>
      </trkpt>
      <trkpt lat="49.1380374692380428314208984375" lon="6.154304444789886474609375">
        <ele>170.8000030517578125</ele>
        <time>2026-07-29T20:33:58.000Z</time>
        <extensions>
          <ns3:TrackPointExtension>
            <ns3:atemp>28.0</ns3:atemp>
            <ns3:hr>153</ns3:hr>
            <ns3:cad>82</ns3:cad>
          </ns3:TrackPointExtension>
        </extensions>
      </trkpt>
      <trkpt lat="49.13801425136625766754150390625" lon="6.1543321050703525543212890625">
        <ele>170.600006103515625</ele>
        <time>2026-07-29T20:33:59.000Z</time>
        <extensions>
          <ns3:TrackPointExtension>
            <ns3:atemp>28.0</ns3:atemp>
            <ns3:hr>153</ns3:hr>
            <ns3:cad>83</ns3:cad>
          </ns3:TrackPointExtension>
        </extensions>
      </trkpt>
      <trkpt lat="49.137995727360248565673828125" lon="6.1543589271605014801025390625">
        <ele>170.600006103515625</ele>
        <time>2026-07-29T20:34:00.000Z</time>
        <extensions>
          <ns3:TrackPointExtension>
            <ns3:atemp>28.0</ns3:atemp>
            <ns3:hr>153</ns3:hr>
            <ns3:cad>83</ns3:cad>
          </ns3:TrackPointExtension>
        </extensions>
      </trkpt>
      <trkpt lat="49.1379710845649242401123046875" lon="6.1543929576873779296875">
        <ele>170.600006103515625</ele>
        <time>2026-07-29T20:34:01.000Z</time>
        <extensions>
          <ns3:TrackPointExtension>
            <ns3:atemp>28.0</ns3:atemp>
            <ns3:hr>153</ns3:hr>
            <ns3:cad>83</ns3:cad>
          </ns3:TrackPointExtension>
        </extensions>
      </trkpt>
      <trkpt lat="49.1379524767398834228515625" lon="6.154417097568511962890625">
        <ele>170.600006103515625</ele>
        <time>2026-07-29T20:34:02.000Z</time>
        <extensions>
          <ns3:TrackPointExtension>
            <ns3:atemp>28.0</ns3:atemp>
            <ns3:hr>153</ns3:hr>
            <ns3:cad>83</ns3:cad>
          </ns3:TrackPointExtension>
        </extensions>
      </trkpt>
      <trkpt lat="49.137934707105159759521484375" lon="6.15444819442927837371826171875">
        <ele>170.600006103515625</ele>
        <time>2026-07-29T20:34:03.000Z</time>
        <extensions>
          <ns3:TrackPointExtension>
            <ns3:atemp>28.0</ns3:atemp>
            <ns3:hr>153</ns3:hr>
            <ns3:cad>83</ns3:cad>
          </ns3:TrackPointExtension>
        </extensions>
      </trkpt>
      <trkpt lat="49.1379127465188503265380859375" lon="6.1544813029468059539794921875">
        <ele>170.600006103515625</ele>
        <time>2026-07-29T20:34:04.000Z</time>
        <extensions>
          <ns3:TrackPointExtension>
            <ns3:atemp>28.0</ns3:atemp>
            <ns3:hr>153</ns3:hr>
            <ns3:cad>83</ns3:cad>
          </ns3:TrackPointExtension>
        </extensions>
      </trkpt>
      <trkpt lat="49.1378976590931415557861328125" lon="6.154508627951145172119140625">
        <ele>170.600006103515625</ele>
        <time>2026-07-29T20:34:05.000Z</time>
        <extensions>
          <ns3:TrackPointExtension>
            <ns3:atemp>28.0</ns3:atemp>
            <ns3:hr>153</ns3:hr>
            <ns3:cad>83</ns3:cad>
          </ns3:TrackPointExtension>
        </extensions>
      </trkpt>
      <trkpt lat="49.13788064382970333099365234375" lon="6.15454006008803844451904296875">
        <ele>170.600006103515625</ele>
        <time>2026-07-29T20:34:06.000Z</time>
        <extensions>
          <ns3:TrackPointExtension>
            <ns3:atemp>28.0</ns3:atemp>
            <ns3:hr>153</ns3:hr>
            <ns3:cad>83</ns3:cad>
          </ns3:TrackPointExtension>
        </extensions>
      </trkpt>
      <trkpt lat="49.1378601081669330596923828125" lon="6.15456604398787021636962890625">
        <ele>170.399993896484375</ele>
        <time>2026-07-29T20:34:07.000Z</time>
        <extensions>
          <ns3:TrackPointExtension>
            <ns3:atemp>28.0</ns3:atemp>
            <ns3:hr>153</ns3:hr>
            <ns3:cad>82</ns3:cad>
          </ns3:TrackPointExtension>
        </extensions>
      </trkpt>
      <trkpt lat="49.13784946314990520477294921875" lon="6.15459202788770198822021484375">
        <ele>170.399993896484375</ele>
        <time>2026-07-29T20:34:08.000Z</time>
        <extensions>
          <ns3:TrackPointExtension>
            <ns3:atemp>28.0</ns3:atemp>
            <ns3:hr>153</ns3:hr>
            <ns3:cad>82</ns3:cad>
          </ns3:TrackPointExtension>
        </extensions>
      </trkpt>
      <trkpt lat="49.13783052004873752593994140625" lon="6.15463226102292537689208984375">
        <ele>170.399993896484375</ele>
        <time>2026-07-29T20:34:09.000Z</time>
        <extensions>
          <ns3:TrackPointExtension>
            <ns3:atemp>28.0</ns3:atemp>
            <ns3:hr>154</ns3:hr>
            <ns3:cad>82</ns3:cad>
          </ns3:TrackPointExtension>
        </extensions>
      </trkpt>
      <trkpt lat="49.1378161869943141937255859375" lon="6.15466478280723094940185546875">
        <ele>170.600006103515625</ele>
        <time>2026-07-29T20:34:10.000Z</time>
        <extensions>
          <ns3:TrackPointExtension>
            <ns3:atemp>28.0</ns3:atemp>
            <ns3:hr>154</ns3:hr>
            <ns3:cad>82</ns3:cad>
          </ns3:TrackPointExtension>
        </extensions>
      </trkpt>
      <trkpt lat="49.137801267206668853759765625" lon="6.15469780750572681427001953125">
        <ele>170.600006103515625</ele>
        <time>2026-07-29T20:34:11.000Z</time>
        <extensions>
          <ns3:TrackPointExtension>
            <ns3:atemp>28.0</ns3:atemp>
            <ns3:hr>154</ns3:hr>
            <ns3:cad>82</ns3:cad>
          </ns3:TrackPointExtension>
        </extensions>
      </trkpt>
      <trkpt lat="49.137779809534549713134765625" lon="6.15472261793911457061767578125">
        <ele>170.600006103515625</ele>
        <time>2026-07-29T20:34:12.000Z</time>
        <extensions>
          <ns3:TrackPointExtension>
            <ns3:atemp>28.0</ns3:atemp>
            <ns3:hr>154</ns3:hr>
            <ns3:cad>82</ns3:cad>
          </ns3:TrackPointExtension>
        </extensions>
      </trkpt>
      <trkpt lat="49.13776765577495098114013671875" lon="6.15474910475313663482666015625">
        <ele>170.600006103515625</ele>
        <time>2026-07-29T20:34:13.000Z</time>
        <extensions>
          <ns3:TrackPointExtension>
            <ns3:atemp>28.0</ns3:atemp>
            <ns3:hr>154</ns3:hr>
            <ns3:cad>82</ns3:cad>
          </ns3:TrackPointExtension>
        </extensions>
      </trkpt>
      <trkpt lat="49.1377477906644344329833984375" lon="6.15477710030972957611083984375">
        <ele>170.600006103515625</ele>
        <time>2026-07-29T20:34:14.000Z</time>
        <extensions>
          <ns3:TrackPointExtension>
            <ns3:atemp>28.0</ns3:atemp>
            <ns3:hr>154</ns3:hr>
            <ns3:cad>82</ns3:cad>
          </ns3:TrackPointExtension>
        </extensions>
      </trkpt>
      <trkpt lat="49.1377293504774570465087890625" lon="6.1548055149614810943603515625">
        <ele>170.600006103515625</ele>
        <time>2026-07-29T20:34:15.000Z</time>
        <extensions>
          <ns3:TrackPointExtension>
            <ns3:atemp>28.0</ns3:atemp>
            <ns3:hr>154</ns3:hr>
            <ns3:cad>82</ns3:cad>
          </ns3:TrackPointExtension>
        </extensions>
      </trkpt>
      <trkpt lat="49.13772138766944408416748046875" lon="6.1548387072980403900146484375">
        <ele>170.600006103515625</ele>
        <time>2026-07-29T20:34:16.000Z</time>
        <extensions>
          <ns3:TrackPointExtension>
            <ns3:atemp>28.0</ns3:atemp>
            <ns3:hr>154</ns3:hr>
            <ns3:cad>83</ns3:cad>
          </ns3:TrackPointExtension>
        </extensions>
      </trkpt>
      <trkpt lat="49.1377011872828006744384765625" lon="6.15486997179687023162841796875">
        <ele>170.600006103515625</ele>
        <time>2026-07-29T20:34:17.000Z</time>
        <extensions>
          <ns3:TrackPointExtension>
            <ns3:atemp>28.0</ns3:atemp>
            <ns3:hr>154</ns3:hr>
            <ns3:cad>83</ns3:cad>
          </ns3:TrackPointExtension>
        </extensions>
      </trkpt>
      <trkpt lat="49.13768601603806018829345703125" lon="6.154905594885349273681640625">
        <ele>170.600006103515625</ele>
        <time>2026-07-29T20:34:18.000Z</time>
        <extensions>
          <ns3:TrackPointExtension>
            <ns3:atemp>28.0</ns3:atemp>
            <ns3:hr>154</ns3:hr>
            <ns3:cad>83</ns3:cad>
          </ns3:TrackPointExtension>
        </extensions>
      </trkpt>
      <trkpt lat="49.13766807876527309417724609375" lon="6.15493836812674999237060546875">
        <ele>170.600006103515625</ele>
        <time>2026-07-29T20:34:19.000Z</time>
        <extensions>
          <ns3:TrackPointExtension>
            <ns3:atemp>28.0</ns3:atemp>
            <ns3:hr>154</ns3:hr>
            <ns3:cad>83</ns3:cad>
          </ns3:TrackPointExtension>
        </extensions>
      </trkpt>
      <trkpt lat="49.13764997385442256927490234375" lon="6.15496669895946979522705078125">
        <ele>170.600006103515625</ele>
        <time>2026-07-29T20:34:20.000Z</time>
        <extensions>
          <ns3:TrackPointExtension>
            <ns3:atemp>28.0</ns3:atemp>
            <ns3:hr>154</ns3:hr>
            <ns3:cad>83</ns3:cad>
          </ns3:TrackPointExtension>
        </extensions>
      </trkpt>
      <trkpt lat="49.13763689808547496795654296875" lon="6.15499553270637989044189453125">
        <ele>170.600006103515625</ele>
        <time>2026-07-29T20:34:21.000Z</time>
        <extensions>
          <ns3:TrackPointExtension>
            <ns3:atemp>28.0</ns3:atemp>
            <ns3:hr>154</ns3:hr>
            <ns3:cad>83</ns3:cad>
          </ns3:TrackPointExtension>
        </extensions>
      </trkpt>
      <trkpt lat="49.1376150213181972503662109375" lon="6.155029647052288055419921875">
        <ele>170.600006103515625</ele>
        <time>2026-07-29T20:34:22.000Z</time>
        <extensions>
          <ns3:TrackPointExtension>
            <ns3:atemp>28.0</ns3:atemp>
            <ns3:hr>155</ns3:hr>
            <ns3:cad>83</ns3:cad>
          </ns3:TrackPointExtension>
        </extensions>
      </trkpt>
      <trkpt lat="49.13759532384574413299560546875" lon="6.1550583131611347198486328125">
        <ele>170.600006103515625</ele>
        <time>2026-07-29T20:34:23.000Z</time>
        <extensions>
          <ns3:TrackPointExtension>
            <ns3:atemp>28.0</ns3:atemp>
            <ns3:hr>155</ns3:hr>
            <ns3:cad>83</ns3:cad>
          </ns3:TrackPointExtension>
        </extensions>
      </trkpt>
      <trkpt lat="49.13758224807679653167724609375" lon="6.15509100258350372314453125">
        <ele>170.600006103515625</ele>
        <time>2026-07-29T20:34:24.000Z</time>
        <extensions>
          <ns3:TrackPointExtension>
            <ns3:atemp>28.0</ns3:atemp>
            <ns3:hr>155</ns3:hr>
            <ns3:cad>83</ns3:cad>
          </ns3:TrackPointExtension>
        </extensions>
      </trkpt>
      <trkpt lat="49.13756347261369228363037109375" lon="6.1551233567297458648681640625">
        <ele>170.600006103515625</ele>
        <time>2026-07-29T20:34:25.000Z</time>
        <extensions>
          <ns3:TrackPointExtension>
            <ns3:atemp>28.0</ns3:atemp>
            <ns3:hr>155</ns3:hr>
            <ns3:cad>83</ns3:cad>
          </ns3:TrackPointExtension>
        </extensions>
      </trkpt>
      <trkpt lat="49.13754821754992008209228515625" lon="6.1551478318870067596435546875">
        <ele>170.600006103515625</ele>
        <time>2026-07-29T20:34:26.000Z</time>
        <extensions>
          <ns3:TrackPointExtension>
            <ns3:atemp>28.0</ns3:atemp>
            <ns3:hr>155</ns3:hr>
            <ns3:cad>83</ns3:cad>
          </ns3:TrackPointExtension>
        </extensions>
      </trkpt>
      <trkpt lat="49.137533716857433319091796875" lon="6.15517951548099517822265625">
        <ele>170.600006103515625</ele>
        <time>2026-07-29T20:34:27.000Z</time>
        <extensions>
          <ns3:TrackPointExtension>
            <ns3:atemp>28.0</ns3:atemp>
            <ns3:hr>155</ns3:hr>
            <ns3:cad>82</ns3:cad>
          </ns3:TrackPointExtension>
        </extensions>
      </trkpt>
      <trkpt lat="49.1375130973756313323974609375" lon="6.1552111990749835968017578125">
        <ele>170.600006103515625</ele>
        <time>2026-07-29T20:34:28.000Z</time>
        <extensions>
          <ns3:TrackPointExtension>
            <ns3:atemp>28.0</ns3:atemp>
            <ns3:hr>155</ns3:hr>
            <ns3:cad>82</ns3:cad>
          </ns3:TrackPointExtension>
        </extensions>
      </trkpt>
      <trkpt lat="49.1375005245208740234375" lon="6.15524279884994029998779296875">
        <ele>170.600006103515625</ele>
        <time>2026-07-29T20:34:29.000Z</time>
        <extensions>
          <ns3:TrackPointExtension>
            <ns3:atemp>28.0</ns3:atemp>
            <ns3:hr>155</ns3:hr>
            <ns3:cad>82</ns3:cad>
          </ns3:TrackPointExtension>
        </extensions>
      </trkpt>
      <trkpt lat="49.13748116232454776763916015625" lon="6.15527716465294361114501953125">
        <ele>170.600006103515625</ele>
        <time>2026-07-29T20:34:30.000Z</time>
        <extensions>
          <ns3:TrackPointExtension>
            <ns3:atemp>28.0</ns3:atemp>
            <ns3:hr>155</ns3:hr>
            <ns3:cad>82</ns3:cad>
          </ns3:TrackPointExtension>
        </extensions>
      </trkpt>
      <trkpt lat="49.13746406324207782745361328125" lon="6.1553050763905048370361328125">
        <ele>170.600006103515625</ele>
        <time>2026-07-29T20:34:31.000Z</time>
        <extensions>
          <ns3:TrackPointExtension>
            <ns3:atemp>28.0</ns3:atemp>
            <ns3:hr>156</ns3:hr>
            <ns3:cad>82</ns3:cad>
          </ns3:TrackPointExtension>
        </extensions>
      </trkpt>
      <trkpt lat="49.137449562549591064453125" lon="6.1553272046148777008056640625">
        <ele>170.600006103515625</ele>
        <time>2026-07-29T20:34:32.000Z</time>
        <extensions>
          <ns3:TrackPointExtension>
            <ns3:atemp>28.0</ns3:atemp>
            <ns3:hr>156</ns3:hr>
            <ns3:cad>82</ns3:cad>
          </ns3:TrackPointExtension>
        </extensions>
      </trkpt>
      <trkpt lat="49.13742198608815670013427734375" lon="6.1553510092198848724365234375">
        <ele>170.600006103515625</ele>
        <time>2026-07-29T20:34:33.000Z</time>
        <extensions>
          <ns3:TrackPointExtension>
            <ns3:atemp>28.0</ns3:atemp>
            <ns3:hr>156</ns3:hr>
            <ns3:cad>83</ns3:cad>
          </ns3:TrackPointExtension>
        </extensions>
      </trkpt>
      <trkpt lat="49.137402959167957305908203125" lon="6.155371628701686859130859375">
        <ele>170.600006103515625</ele>
        <time>2026-07-29T20:34:34.000Z</time>
        <extensions>
          <ns3:TrackPointExtension>
            <ns3:atemp>28.0</ns3:atemp>
            <ns3:hr>156</ns3:hr>
            <ns3:cad>83</ns3:cad>
          </ns3:TrackPointExtension>
        </extensions>
      </trkpt>
      <trkpt lat="49.137379825115203857421875" lon="6.15540037862956523895263671875">
        <ele>170.600006103515625</ele>
        <time>2026-07-29T20:34:35.000Z</time>
        <extensions>
          <ns3:TrackPointExtension>
            <ns3:atemp>28.0</ns3:atemp>
            <ns3:hr>155</ns3:hr>
            <ns3:cad>83</ns3:cad>
          </ns3:TrackPointExtension>
        </extensions>
      </trkpt>
      <trkpt lat="49.13735627196729183197021484375" lon="6.15542435087263584136962890625">
        <ele>170.399993896484375</ele>
        <time>2026-07-29T20:34:36.000Z</time>
        <extensions>
          <ns3:TrackPointExtension>
            <ns3:atemp>28.0</ns3:atemp>
            <ns3:hr>155</ns3:hr>
            <ns3:cad>83</ns3:cad>
          </ns3:TrackPointExtension>
        </extensions>
      </trkpt>
      <trkpt lat="49.13733984343707561492919921875" lon="6.1554499156773090362548828125">
        <ele>170.399993896484375</ele>
        <time>2026-07-29T20:34:37.000Z</time>
        <extensions>
          <ns3:TrackPointExtension>
            <ns3:atemp>28.0</ns3:atemp>
            <ns3:hr>155</ns3:hr>
            <ns3:cad>83</ns3:cad>
          </ns3:TrackPointExtension>
        </extensions>
      </trkpt>
      <trkpt lat="49.1373176313936710357666015625" lon="6.1554696969687938690185546875">
        <ele>170.399993896484375</ele>
        <time>2026-07-29T20:34:38.000Z</time>
        <extensions>
          <ns3:TrackPointExtension>
            <ns3:atemp>28.0</ns3:atemp>
            <ns3:hr>155</ns3:hr>
            <ns3:cad>83</ns3:cad>
          </ns3:TrackPointExtension>
        </extensions>
      </trkpt>
      <trkpt lat="49.13729558698832988739013671875" lon="6.15549140609800815582275390625">
        <ele>170.399993896484375</ele>
        <time>2026-07-29T20:34:39.000Z</time>
        <extensions>
          <ns3:TrackPointExtension>
            <ns3:atemp>28.0</ns3:atemp>
            <ns3:hr>156</ns3:hr>
            <ns3:cad>83</ns3:cad>
          </ns3:TrackPointExtension>
        </extensions>
      </trkpt>
      <trkpt lat="49.13727547042071819305419921875" lon="6.15551554597914218902587890625">
        <ele>170.399993896484375</ele>
        <time>2026-07-29T20:34:40.000Z</time>
        <extensions>
          <ns3:TrackPointExtension>
            <ns3:atemp>28.0</ns3:atemp>
            <ns3:hr>156</ns3:hr>
            <ns3:cad>83</ns3:cad>
          </ns3:TrackPointExtension>
        </extensions>
      </trkpt>
      <trkpt lat="49.13725216872990131378173828125" lon="6.15553130395710468292236328125">
        <ele>170.399993896484375</ele>
        <time>2026-07-29T20:34:41.000Z</time>
        <extensions>
          <ns3:TrackPointExtension>
            <ns3:atemp>28.0</ns3:atemp>
            <ns3:hr>156</ns3:hr>
            <ns3:cad>83</ns3:cad>
          </ns3:TrackPointExtension>
        </extensions>
      </trkpt>
      <trkpt lat="49.13723490200936794281005859375" lon="6.15555259399116039276123046875">
        <ele>170.399993896484375</ele>
        <time>2026-07-29T20:34:42.000Z</time>
        <extensions>
          <ns3:TrackPointExtension>
            <ns3:atemp>28.0</ns3:atemp>
            <ns3:hr>156</ns3:hr>
            <ns3:cad>82</ns3:cad>
          </ns3:TrackPointExtension>
        </extensions>
      </trkpt>
      <trkpt lat="49.13720757700502872467041015625" lon="6.15557690151035785675048828125">
        <ele>170.399993896484375</ele>
        <time>2026-07-29T20:34:43.000Z</time>
        <extensions>
          <ns3:TrackPointExtension>
            <ns3:atemp>28.0</ns3:atemp>
            <ns3:hr>156</ns3:hr>
            <ns3:cad>83</ns3:cad>
          </ns3:TrackPointExtension>
        </extensions>
      </trkpt>
      <trkpt lat="49.13718528114259243011474609375" lon="6.15559257566928863525390625">
        <ele>170.399993896484375</ele>
        <time>2026-07-29T20:34:44.000Z</time>
        <extensions>
          <ns3:TrackPointExtension>
            <ns3:atemp>28.0</ns3:atemp>
            <ns3:hr>156</ns3:hr>
            <ns3:cad>83</ns3:cad>
          </ns3:TrackPointExtension>
        </extensions>
      </trkpt>
      <trkpt lat="49.137164242565631866455078125" lon="6.1556121893227100372314453125">
        <ele>170.399993896484375</ele>
        <time>2026-07-29T20:34:45.000Z</time>
        <extensions>
          <ns3:TrackPointExtension>
            <ns3:atemp>28.0</ns3:atemp>
            <ns3:hr>156</ns3:hr>
            <ns3:cad>83</ns3:cad>
          </ns3:TrackPointExtension>
        </extensions>
      </trkpt>
      <trkpt lat="49.13713783957064151763916015625" lon="6.1556292884051799774169921875">
        <ele>170.399993896484375</ele>
        <time>2026-07-29T20:34:46.000Z</time>
        <extensions>
          <ns3:TrackPointExtension>
            <ns3:atemp>28.0</ns3:atemp>
            <ns3:hr>155</ns3:hr>
            <ns3:cad>83</ns3:cad>
          </ns3:TrackPointExtension>
        </extensions>
      </trkpt>
      <trkpt lat="49.13712006993591785430908203125" lon="6.15565233863890171051025390625">
        <ele>170.399993896484375</ele>
        <time>2026-07-29T20:34:47.000Z</time>
        <extensions>
          <ns3:TrackPointExtension>
            <ns3:atemp>28.0</ns3:atemp>
            <ns3:hr>155</ns3:hr>
            <ns3:cad>83</ns3:cad>
          </ns3:TrackPointExtension>
        </extensions>
      </trkpt>
      <trkpt lat="49.13709349930286407470703125" lon="6.15567077882587909698486328125">
        <ele>170.399993896484375</ele>
        <time>2026-07-29T20:34:48.000Z</time>
        <extensions>
          <ns3:TrackPointExtension>
            <ns3:atemp>28.0</ns3:atemp>
            <ns3:hr>155</ns3:hr>
            <ns3:cad>83</ns3:cad>
          </ns3:TrackPointExtension>
        </extensions>
      </trkpt>
      <trkpt lat="49.137068353593349456787109375" lon="6.15568418987095355987548828125">
        <ele>170.399993896484375</ele>
        <time>2026-07-29T20:34:49.000Z</time>
        <extensions>
          <ns3:TrackPointExtension>
            <ns3:atemp>28.0</ns3:atemp>
            <ns3:hr>155</ns3:hr>
            <ns3:cad>83</ns3:cad>
          </ns3:TrackPointExtension>
        </extensions>
      </trkpt>
      <trkpt lat="49.13704882375895977020263671875" lon="6.155704222619533538818359375">
        <ele>170.399993896484375</ele>
        <time>2026-07-29T20:34:50.000Z</time>
        <extensions>
          <ns3:TrackPointExtension>
            <ns3:atemp>28.0</ns3:atemp>
            <ns3:hr>155</ns3:hr>
            <ns3:cad>83</ns3:cad>
          </ns3:TrackPointExtension>
        </extensions>
      </trkpt>
      <trkpt lat="49.1370192356407642364501953125" lon="6.15571537055075168609619140625">
        <ele>170.399993896484375</ele>
        <time>2026-07-29T20:34:51.000Z</time>
        <extensions>
          <ns3:TrackPointExtension>
            <ns3:atemp>28.0</ns3:atemp>
            <ns3:hr>155</ns3:hr>
            <ns3:cad>83</ns3:cad>
          </ns3:TrackPointExtension>
        </extensions>
      </trkpt>
      <trkpt lat="49.13699836470186710357666015625" lon="6.15572576411068439483642578125">
        <ele>170.399993896484375</ele>
        <time>2026-07-29T20:34:52.000Z</time>
        <extensions>
          <ns3:TrackPointExtension>
            <ns3:atemp>28.0</ns3:atemp>
            <ns3:hr>155</ns3:hr>
            <ns3:cad>83</ns3:cad>
          </ns3:TrackPointExtension>
        </extensions>
      </trkpt>
      <trkpt lat="49.13697439245879650115966796875" lon="6.15573942661285400390625">
        <ele>170.399993896484375</ele>
        <time>2026-07-29T20:34:53.000Z</time>
        <extensions>
          <ns3:TrackPointExtension>
            <ns3:atemp>28.0</ns3:atemp>
            <ns3:hr>155</ns3:hr>
            <ns3:cad>83</ns3:cad>
          </ns3:TrackPointExtension>
        </extensions>
      </trkpt>
      <trkpt lat="49.13694723509252071380615234375" lon="6.15574571304023265838623046875">
        <ele>170.399993896484375</ele>
        <time>2026-07-29T20:34:54.000Z</time>
        <extensions>
          <ns3:TrackPointExtension>
            <ns3:atemp>28.0</ns3:atemp>
            <ns3:hr>155</ns3:hr>
            <ns3:cad>83</ns3:cad>
          </ns3:TrackPointExtension>
        </extensions>
      </trkpt>
      <trkpt lat="49.1369278728961944580078125" lon="6.15576113574206829071044921875">
        <ele>170.1999969482421875</ele>
        <time>2026-07-29T20:34:55.000Z</time>
        <extensions>
          <ns3:TrackPointExtension>
            <ns3:atemp>28.0</ns3:atemp>
            <ns3:hr>155</ns3:hr>
            <ns3:cad>83</ns3:cad>
          </ns3:TrackPointExtension>
        </extensions>
      </trkpt>
      <trkpt lat="49.13689744658768177032470703125" lon="6.15577002055943012237548828125">
        <ele>170.1999969482421875</ele>
        <time>2026-07-29T20:34:56.000Z</time>
        <extensions>
          <ns3:TrackPointExtension>
            <ns3:atemp>28.0</ns3:atemp>
            <ns3:hr>154</ns3:hr>
            <ns3:cad>83</ns3:cad>
          </ns3:TrackPointExtension>
        </extensions>
      </trkpt>
      <trkpt lat="49.13687649182975292205810546875" lon="6.15577940829098224639892578125">
        <ele>170.399993896484375</ele>
        <time>2026-07-29T20:34:57.000Z</time>
        <extensions>
          <ns3:TrackPointExtension>
            <ns3:atemp>28.0</ns3:atemp>
            <ns3:hr>154</ns3:hr>
            <ns3:cad>82</ns3:cad>
          </ns3:TrackPointExtension>
        </extensions>
      </trkpt>
      <trkpt lat="49.13685536943376064300537109375" lon="6.1557895503938198089599609375">
        <ele>170.399993896484375</ele>
        <time>2026-07-29T20:34:58.000Z</time>
        <extensions>
          <ns3:TrackPointExtension>
            <ns3:atemp>28.0</ns3:atemp>
            <ns3:hr>154</ns3:hr>
            <ns3:cad>82</ns3:cad>
          </ns3:TrackPointExtension>
        </extensions>
      </trkpt>
      <trkpt lat="49.13682754151523113250732421875" lon="6.15579416044056415557861328125">
        <ele>170.399993896484375</ele>
        <time>2026-07-29T20:34:59.000Z</time>
        <extensions>
          <ns3:TrackPointExtension>
            <ns3:atemp>28.0</ns3:atemp>
            <ns3:hr>154</ns3:hr>
            <ns3:cad>82</ns3:cad>
          </ns3:TrackPointExtension>
        </extensions>
      </trkpt>
      <trkpt lat="49.13680692203342914581298828125" lon="6.15580639801919460296630859375">
        <ele>170.399993896484375</ele>
        <time>2026-07-29T20:35:00.000Z</time>
        <extensions>
          <ns3:TrackPointExtension>
            <ns3:atemp>28.0</ns3:atemp>
            <ns3:hr>153</ns3:hr>
            <ns3:cad>83</ns3:cad>
          </ns3:TrackPointExtension>
        </extensions>
      </trkpt>
      <trkpt lat="49.13677699863910675048828125" lon="6.15581410937011241912841796875">
        <ele>170.399993896484375</ele>
        <time>2026-07-29T20:35:01.000Z</time>
        <extensions>
          <ns3:TrackPointExtension>
            <ns3:atemp>28.0</ns3:atemp>
            <ns3:hr>153</ns3:hr>
            <ns3:cad>83</ns3:cad>
          </ns3:TrackPointExtension>
        </extensions>
      </trkpt>
      <trkpt lat="49.13675227202475070953369140625" lon="6.15582047961652278900146484375">
        <ele>170.1999969482421875</ele>
        <time>2026-07-29T20:35:02.000Z</time>
        <extensions>
          <ns3:TrackPointExtension>
            <ns3:atemp>28.0</ns3:atemp>
            <ns3:hr>153</ns3:hr>
            <ns3:cad>83</ns3:cad>
          </ns3:TrackPointExtension>
        </extensions>
      </trkpt>
      <trkpt lat="49.136730395257472991943359375" lon="6.15582902915775775909423828125">
        <ele>170.1999969482421875</ele>
        <time>2026-07-29T20:35:03.000Z</time>
        <extensions>
          <ns3:TrackPointExtension>
            <ns3:atemp>28.0</ns3:atemp>
            <ns3:hr>153</ns3:hr>
            <ns3:cad>82</ns3:cad>
          </ns3:TrackPointExtension>
        </extensions>
      </trkpt>
      <trkpt lat="49.1366998851299285888671875" lon="6.15583070553839206695556640625">
        <ele>170.1999969482421875</ele>
        <time>2026-07-29T20:35:04.000Z</time>
        <extensions>
          <ns3:TrackPointExtension>
            <ns3:atemp>28.0</ns3:atemp>
            <ns3:hr>153</ns3:hr>
            <ns3:cad>82</ns3:cad>
          </ns3:TrackPointExtension>
        </extensions>
      </trkpt>
      <trkpt lat="49.136676751077175140380859375" lon="6.1558415181934833526611328125">
        <ele>170.1999969482421875</ele>
        <time>2026-07-29T20:35:05.000Z</time>
        <extensions>
          <ns3:TrackPointExtension>
            <ns3:atemp>28.0</ns3:atemp>
            <ns3:hr>153</ns3:hr>
            <ns3:cad>83</ns3:cad>
          </ns3:TrackPointExtension>
        </extensions>
      </trkpt>
      <trkpt lat="49.13665152154862880706787109375" lon="6.1558480560779571533203125">
        <ele>170.399993896484375</ele>
        <time>2026-07-29T20:35:06.000Z</time>
        <extensions>
          <ns3:TrackPointExtension>
            <ns3:atemp>28.0</ns3:atemp>
            <ns3:hr>153</ns3:hr>
            <ns3:cad>84</ns3:cad>
          </ns3:TrackPointExtension>
        </extensions>
      </trkpt>
      <trkpt lat="49.13662612438201904296875" lon="6.15585409104824066162109375">
        <ele>170.1999969482421875</ele>
        <time>2026-07-29T20:35:07.000Z</time>
        <extensions>
          <ns3:TrackPointExtension>
            <ns3:atemp>28.0</ns3:atemp>
            <ns3:hr>154</ns3:hr>
            <ns3:cad>84</ns3:cad>
          </ns3:TrackPointExtension>
        </extensions>
      </trkpt>
      <trkpt lat="49.136603660881519317626953125" lon="6.15586255677044391632080078125">
        <ele>170.1999969482421875</ele>
        <time>2026-07-29T20:35:08.000Z</time>
        <extensions>
          <ns3:TrackPointExtension>
            <ns3:atemp>28.0</ns3:atemp>
            <ns3:hr>154</ns3:hr>
            <ns3:cad>84</ns3:cad>
          </ns3:TrackPointExtension>
        </extensions>
      </trkpt>
      <trkpt lat="49.13657424040138721466064453125" lon="6.1558700166642665863037109375">
        <ele>170.399993896484375</ele>
        <time>2026-07-29T20:35:09.000Z</time>
        <extensions>
          <ns3:TrackPointExtension>
            <ns3:atemp>28.0</ns3:atemp>
            <ns3:hr>154</ns3:hr>
            <ns3:cad>84</ns3:cad>
          </ns3:TrackPointExtension>
        </extensions>
      </trkpt>
      <trkpt lat="49.136549346148967742919921875" lon="6.155880577862262725830078125">
        <ele>170.1999969482421875</ele>
        <time>2026-07-29T20:35:10.000Z</time>
        <extensions>
          <ns3:TrackPointExtension>
            <ns3:atemp>28.0</ns3:atemp>
            <ns3:hr>154</ns3:hr>
            <ns3:cad>84</ns3:cad>
          </ns3:TrackPointExtension>
        </extensions>
      </trkpt>
      <trkpt lat="49.13652227260172367095947265625" lon="6.15589524619281291961669921875">
        <ele>170.1999969482421875</ele>
        <time>2026-07-29T20:35:11.000Z</time>
        <extensions>
          <ns3:TrackPointExtension>
            <ns3:atemp>28.0</ns3:atemp>
            <ns3:hr>155</ns3:hr>
            <ns3:cad>84</ns3:cad>
          </ns3:TrackPointExtension>
        </extensions>
      </trkpt>
      <trkpt lat="49.13649427704513072967529296875" lon="6.1559017002582550048828125">
        <ele>170.1999969482421875</ele>
        <time>2026-07-29T20:35:12.000Z</time>
        <extensions>
          <ns3:TrackPointExtension>
            <ns3:atemp>28.0</ns3:atemp>
            <ns3:hr>155</ns3:hr>
            <ns3:cad>84</ns3:cad>
          </ns3:TrackPointExtension>
        </extensions>
      </trkpt>
      <trkpt lat="49.13646862842142581939697265625" lon="6.1559132672846317291259765625">
        <ele>170.1999969482421875</ele>
        <time>2026-07-29T20:35:13.000Z</time>
        <extensions>
          <ns3:TrackPointExtension>
            <ns3:atemp>28.0</ns3:atemp>
            <ns3:hr>155</ns3:hr>
            <ns3:cad>84</ns3:cad>
          </ns3:TrackPointExtension>
        </extensions>
      </trkpt>
      <trkpt lat="49.13644297979772090911865234375" lon="6.1559239961206912994384765625">
        <ele>170</ele>
        <time>2026-07-29T20:35:14.000Z</time>
        <extensions>
          <ns3:TrackPointExtension>
            <ns3:atemp>28.0</ns3:atemp>
            <ns3:hr>155</ns3:hr>
            <ns3:cad>83</ns3:cad>
          </ns3:TrackPointExtension>
        </extensions>
      </trkpt>
      <trkpt lat="49.13641883991658687591552734375" lon="6.15593665279448032379150390625">
        <ele>170</ele>
        <time>2026-07-29T20:35:15.000Z</time>
        <extensions>
          <ns3:TrackPointExtension>
            <ns3:atemp>28.0</ns3:atemp>
            <ns3:hr>156</ns3:hr>
            <ns3:cad>83</ns3:cad>
          </ns3:TrackPointExtension>
        </extensions>
      </trkpt>
      <trkpt lat="49.136395119130611419677734375" lon="6.1559481360018253326416015625">
        <ele>170</ele>
        <time>2026-07-29T20:35:16.000Z</time>
        <extensions>
          <ns3:TrackPointExtension>
            <ns3:atemp>28.0</ns3:atemp>
            <ns3:hr>156</ns3:hr>
            <ns3:cad>83</ns3:cad>
          </ns3:TrackPointExtension>
        </extensions>
      </trkpt>
      <trkpt lat="49.13636569865047931671142578125" lon="6.15594754926860332489013671875">
        <ele>170</ele>
        <time>2026-07-29T20:35:17.000Z</time>
        <extensions>
          <ns3:TrackPointExtension>
            <ns3:atemp>28.0</ns3:atemp>
            <ns3:hr>156</ns3:hr>
            <ns3:cad>83</ns3:cad>
          </ns3:TrackPointExtension>
        </extensions>
      </trkpt>
      <trkpt lat="49.1363473422825336456298828125" lon="6.15595894865691661834716796875">
        <ele>170</ele>
        <time>2026-07-29T20:35:18.000Z</time>
        <extensions>
          <ns3:TrackPointExtension>
            <ns3:atemp>28.0</ns3:atemp>
            <ns3:hr>155</ns3:hr>
            <ns3:cad>83</ns3:cad>
          </ns3:TrackPointExtension>
        </extensions>
      </trkpt>
      <trkpt lat="49.1363211907446384429931640625" lon="6.15596565417945384979248046875">
        <ele>170.1999969482421875</ele>
        <time>2026-07-29T20:35:19.000Z</time>
        <extensions>
          <ns3:TrackPointExtension>
            <ns3:atemp>28.0</ns3:atemp>
            <ns3:hr>155</ns3:hr>
            <ns3:cad>83</ns3:cad>
          </ns3:TrackPointExtension>
        </extensions>
      </trkpt>
      <trkpt lat="49.1362947039306163787841796875" lon="6.15596850402653217315673828125">
        <ele>170.1999969482421875</ele>
        <time>2026-07-29T20:35:20.000Z</time>
        <extensions>
          <ns3:TrackPointExtension>
            <ns3:atemp>28.0</ns3:atemp>
            <ns3:hr>155</ns3:hr>
            <ns3:cad>83</ns3:cad>
          </ns3:TrackPointExtension>
        </extensions>
      </trkpt>
      <trkpt lat="49.13627517409622669219970703125" lon="6.15597738884389400482177734375">
        <ele>170.1999969482421875</ele>
        <time>2026-07-29T20:35:21.000Z</time>
        <extensions>
          <ns3:TrackPointExtension>
            <ns3:atemp>28.0</ns3:atemp>
            <ns3:hr>155</ns3:hr>
            <ns3:cad>82</ns3:cad>
          </ns3:TrackPointExtension>
        </extensions>
      </trkpt>
      <trkpt lat="49.13624818436801433563232421875" lon="6.15597889758646488189697265625">
        <ele>170.399993896484375</ele>
        <time>2026-07-29T20:35:22.000Z</time>
        <extensions>
          <ns3:TrackPointExtension>
            <ns3:atemp>28.0</ns3:atemp>
            <ns3:hr>154</ns3:hr>
            <ns3:cad>82</ns3:cad>
          </ns3:TrackPointExtension>
        </extensions>
      </trkpt>
      <trkpt lat="49.1362251341342926025390625" lon="6.15598677657544612884521484375">
        <ele>170.399993896484375</ele>
        <time>2026-07-29T20:35:23.000Z</time>
        <extensions>
          <ns3:TrackPointExtension>
            <ns3:atemp>28.0</ns3:atemp>
            <ns3:hr>154</ns3:hr>
            <ns3:cad>81</ns3:cad>
          </ns3:TrackPointExtension>
        </extensions>
      </trkpt>
      <trkpt lat="49.1362031735479831695556640625" lon="6.1559974215924739837646484375">
        <ele>170.399993896484375</ele>
        <time>2026-07-29T20:35:24.000Z</time>
        <extensions>
          <ns3:TrackPointExtension>
            <ns3:atemp>28.0</ns3:atemp>
            <ns3:hr>154</ns3:hr>
            <ns3:cad>81</ns3:cad>
          </ns3:TrackPointExtension>
        </extensions>
      </trkpt>
      <trkpt lat="49.1361743398010730743408203125" lon="6.15599951706826686859130859375">
        <ele>170.399993896484375</ele>
        <time>2026-07-29T20:35:25.000Z</time>
        <extensions>
          <ns3:TrackPointExtension>
            <ns3:atemp>28.0</ns3:atemp>
            <ns3:hr>154</ns3:hr>
            <ns3:cad>81</ns3:cad>
          </ns3:TrackPointExtension>
        </extensions>
      </trkpt>
      <trkpt lat="49.13615497760474681854248046875" lon="6.15601443685591220855712890625">
        <ele>170.600006103515625</ele>
        <time>2026-07-29T20:35:26.000Z</time>
        <extensions>
          <ns3:TrackPointExtension>
            <ns3:atemp>28.0</ns3:atemp>
            <ns3:hr>154</ns3:hr>
            <ns3:cad>81</ns3:cad>
          </ns3:TrackPointExtension>
        </extensions>
      </trkpt>
      <trkpt lat="49.136125557124614715576171875" lon="6.15602231584489345550537109375">
        <ele>170.399993896484375</ele>
        <time>2026-07-29T20:35:27.000Z</time>
        <extensions>
          <ns3:TrackPointExtension>
            <ns3:atemp>28.0</ns3:atemp>
            <ns3:hr>154</ns3:hr>
            <ns3:cad>82</ns3:cad>
          </ns3:TrackPointExtension>
        </extensions>
      </trkpt>
      <trkpt lat="49.13610099814832210540771484375" lon="6.15602835081517696380615234375">
        <ele>170.399993896484375</ele>
        <time>2026-07-29T20:35:28.000Z</time>
        <extensions>
          <ns3:TrackPointExtension>
            <ns3:atemp>28.0</ns3:atemp>
            <ns3:hr>154</ns3:hr>
            <ns3:cad>82</ns3:cad>
          </ns3:TrackPointExtension>
        </extensions>
      </trkpt>
      <trkpt lat="49.13607819937169551849365234375" lon="6.15603983402252197265625">
        <ele>170.399993896484375</ele>
        <time>2026-07-29T20:35:29.000Z</time>
        <extensions>
          <ns3:TrackPointExtension>
            <ns3:atemp>28.0</ns3:atemp>
            <ns3:hr>154</ns3:hr>
            <ns3:cad>83</ns3:cad>
          </ns3:TrackPointExtension>
        </extensions>
      </trkpt>
      <trkpt lat="49.13604685105383396148681640625" lon="6.15604276768863201141357421875">
        <ele>170.399993896484375</ele>
        <time>2026-07-29T20:35:30.000Z</time>
        <extensions>
          <ns3:TrackPointExtension>
            <ns3:atemp>28.0</ns3:atemp>
            <ns3:hr>154</ns3:hr>
            <ns3:cad>83</ns3:cad>
          </ns3:TrackPointExtension>
        </extensions>
      </trkpt>
      <trkpt lat="49.13602254353463649749755859375" lon="6.15604846738278865814208984375">
        <ele>170.600006103515625</ele>
        <time>2026-07-29T20:35:31.000Z</time>
        <extensions>
          <ns3:TrackPointExtension>
            <ns3:atemp>28.0</ns3:atemp>
            <ns3:hr>154</ns3:hr>
            <ns3:cad>83</ns3:cad>
          </ns3:TrackPointExtension>
        </extensions>
      </trkpt>
      <trkpt lat="49.13599245250225067138671875" lon="6.1560530774295330047607421875">
        <ele>170.600006103515625</ele>
        <time>2026-07-29T20:35:32.000Z</time>
        <extensions>
          <ns3:TrackPointExtension>
            <ns3:atemp>28.0</ns3:atemp>
            <ns3:hr>153</ns3:hr>
            <ns3:cad>83</ns3:cad>
          </ns3:TrackPointExtension>
        </extensions>
      </trkpt>
      <trkpt lat="49.135967977344989776611328125" lon="6.15606389008462429046630859375">
        <ele>170.600006103515625</ele>
        <time>2026-07-29T20:35:33.000Z</time>
        <extensions>
          <ns3:TrackPointExtension>
            <ns3:atemp>28.0</ns3:atemp>
            <ns3:hr>153</ns3:hr>
            <ns3:cad>83</ns3:cad>
          </ns3:TrackPointExtension>
        </extensions>
      </trkpt>
      <trkpt lat="49.1359488666057586669921875" lon="6.15608434192836284637451171875">
        <ele>170.600006103515625</ele>
        <time>2026-07-29T20:35:34.000Z</time>
        <extensions>
          <ns3:TrackPointExtension>
            <ns3:atemp>28.0</ns3:atemp>
            <ns3:hr>153</ns3:hr>
            <ns3:cad>83</ns3:cad>
          </ns3:TrackPointExtension>
        </extensions>
      </trkpt>
      <trkpt lat="49.1359195299446582794189453125" lon="6.15610127337276935577392578125">
        <ele>170.399993896484375</ele>
        <time>2026-07-29T20:35:35.000Z</time>
        <extensions>
          <ns3:TrackPointExtension>
            <ns3:atemp>28.0</ns3:atemp>
            <ns3:hr>153</ns3:hr>
            <ns3:cad>83</ns3:cad>
          </ns3:TrackPointExtension>
        </extensions>
      </trkpt>
      <trkpt lat="49.1359007544815540313720703125" lon="6.15611518733203411102294921875">
        <ele>170.399993896484375</ele>
        <time>2026-07-29T20:35:36.000Z</time>
        <extensions>
          <ns3:TrackPointExtension>
            <ns3:atemp>28.0</ns3:atemp>
            <ns3:hr>153</ns3:hr>
            <ns3:cad>83</ns3:cad>
          </ns3:TrackPointExtension>
        </extensions>
      </trkpt>
      <trkpt lat="49.135874770581722259521484375" lon="6.15612926892936229705810546875">
        <ele>170.399993896484375</ele>
        <time>2026-07-29T20:35:37.000Z</time>
        <extensions>
          <ns3:TrackPointExtension>
            <ns3:atemp>28.0</ns3:atemp>
            <ns3:hr>153</ns3:hr>
            <ns3:cad>83</ns3:cad>
          </ns3:TrackPointExtension>
        </extensions>
      </trkpt>
      <trkpt lat="49.13584903813898563385009765625" lon="6.15613547153770923614501953125">
        <ele>170.399993896484375</ele>
        <time>2026-07-29T20:35:38.000Z</time>
        <extensions>
          <ns3:TrackPointExtension>
            <ns3:atemp>28.0</ns3:atemp>
            <ns3:hr>153</ns3:hr>
            <ns3:cad>83</ns3:cad>
          </ns3:TrackPointExtension>
        </extensions>
      </trkpt>
      <trkpt lat="49.1358316875994205474853515625" lon="6.1561506427824497222900390625">
        <ele>170.399993896484375</ele>
        <time>2026-07-29T20:35:39.000Z</time>
        <extensions>
          <ns3:TrackPointExtension>
            <ns3:atemp>28.0</ns3:atemp>
            <ns3:hr>153</ns3:hr>
            <ns3:cad>83</ns3:cad>
          </ns3:TrackPointExtension>
        </extensions>
      </trkpt>
      <trkpt lat="49.1358031891286373138427734375" lon="6.15616614930331707000732421875">
        <ele>170.399993896484375</ele>
        <time>2026-07-29T20:35:40.000Z</time>
        <extensions>
          <ns3:TrackPointExtension>
            <ns3:atemp>28.0</ns3:atemp>
            <ns3:hr>154</ns3:hr>
            <ns3:cad>82</ns3:cad>
          </ns3:TrackPointExtension>
        </extensions>
      </trkpt>
      <trkpt lat="49.13578265346586704254150390625" lon="6.1561778001487255096435546875">
        <ele>170.399993896484375</ele>
        <time>2026-07-29T20:35:41.000Z</time>
        <extensions>
          <ns3:TrackPointExtension>
            <ns3:atemp>28.0</ns3:atemp>
            <ns3:hr>154</ns3:hr>
            <ns3:cad>83</ns3:cad>
          </ns3:TrackPointExtension>
        </extensions>
      </trkpt>
      <trkpt lat="49.135761447250843048095703125" lon="6.1561932228505611419677734375">
        <ele>170.600006103515625</ele>
        <time>2026-07-29T20:35:42.000Z</time>
        <extensions>
          <ns3:TrackPointExtension>
            <ns3:atemp>28.0</ns3:atemp>
            <ns3:hr>154</ns3:hr>
            <ns3:cad>83</ns3:cad>
          </ns3:TrackPointExtension>
        </extensions>
      </trkpt>
      <trkpt lat="49.1357374750077724456787109375" lon="6.1562086455523967742919921875">
        <ele>170.600006103515625</ele>
        <time>2026-07-29T20:35:43.000Z</time>
        <extensions>
          <ns3:TrackPointExtension>
            <ns3:atemp>28.0</ns3:atemp>
            <ns3:hr>154</ns3:hr>
            <ns3:cad>83</ns3:cad>
          </ns3:TrackPointExtension>
        </extensions>
      </trkpt>
      <trkpt lat="49.13571425713598728179931640625" lon="6.15623337216675281524658203125">
        <ele>170.600006103515625</ele>
        <time>2026-07-29T20:35:44.000Z</time>
        <extensions>
          <ns3:TrackPointExtension>
            <ns3:atemp>28.0</ns3:atemp>
            <ns3:hr>154</ns3:hr>
            <ns3:cad>83</ns3:cad>
          </ns3:TrackPointExtension>
        </extensions>
      </trkpt>
      <trkpt lat="49.13568676449358463287353515625" lon="6.15624963305890560150146484375">
        <ele>170.600006103515625</ele>
        <time>2026-07-29T20:35:45.000Z</time>
        <extensions>
          <ns3:TrackPointExtension>
            <ns3:atemp>28.0</ns3:atemp>
            <ns3:hr>154</ns3:hr>
            <ns3:cad>83</ns3:cad>
          </ns3:TrackPointExtension>
        </extensions>
      </trkpt>
      <trkpt lat="49.13566715084016323089599609375" lon="6.156270839273929595947265625">
        <ele>170.600006103515625</ele>
        <time>2026-07-29T20:35:46.000Z</time>
        <extensions>
          <ns3:TrackPointExtension>
            <ns3:atemp>28.0</ns3:atemp>
            <ns3:hr>154</ns3:hr>
            <ns3:cad>83</ns3:cad>
          </ns3:TrackPointExtension>
        </extensions>
      </trkpt>
      <trkpt lat="49.13564535789191722869873046875" lon="6.15629171021282672882080078125">
        <ele>170.600006103515625</ele>
        <time>2026-07-29T20:35:47.000Z</time>
        <extensions>
          <ns3:TrackPointExtension>
            <ns3:atemp>28.0</ns3:atemp>
            <ns3:hr>154</ns3:hr>
            <ns3:cad>83</ns3:cad>
          </ns3:TrackPointExtension>
        </extensions>
      </trkpt>
      <trkpt lat="49.1356201283633708953857421875" lon="6.15631300024688243865966796875">
        <ele>170.600006103515625</ele>
        <time>2026-07-29T20:35:48.000Z</time>
        <extensions>
          <ns3:TrackPointExtension>
            <ns3:atemp>28.0</ns3:atemp>
            <ns3:hr>154</ns3:hr>
            <ns3:cad>83</ns3:cad>
          </ns3:TrackPointExtension>
        </extensions>
      </trkpt>
      <trkpt lat="49.13560059852898120880126953125" lon="6.15633378736674785614013671875">
        <ele>170.399993896484375</ele>
        <time>2026-07-29T20:35:49.000Z</time>
        <extensions>
          <ns3:TrackPointExtension>
            <ns3:atemp>28.0</ns3:atemp>
            <ns3:hr>154</ns3:hr>
            <ns3:cad>83</ns3:cad>
          </ns3:TrackPointExtension>
        </extensions>
      </trkpt>
      <trkpt lat="49.13557260297238826751708984375" lon="6.156354658305644989013671875">
        <ele>170.399993896484375</ele>
        <time>2026-07-29T20:35:50.000Z</time>
        <extensions>
          <ns3:TrackPointExtension>
            <ns3:atemp>28.0</ns3:atemp>
            <ns3:hr>154</ns3:hr>
            <ns3:cad>84</ns3:cad>
          </ns3:TrackPointExtension>
        </extensions>
      </trkpt>
      <trkpt lat="49.1355480439960956573486328125" lon="6.1563675664365291595458984375">
        <ele>170.399993896484375</ele>
        <time>2026-07-29T20:35:51.000Z</time>
        <extensions>
          <ns3:TrackPointExtension>
            <ns3:atemp>28.0</ns3:atemp>
            <ns3:hr>154</ns3:hr>
            <ns3:cad>84</ns3:cad>
          </ns3:TrackPointExtension>
        </extensions>
      </trkpt>
      <trkpt lat="49.1355262510478496551513671875" lon="6.15638324059545993804931640625">
        <ele>170.399993896484375</ele>
        <time>2026-07-29T20:35:52.000Z</time>
        <extensions>
          <ns3:TrackPointExtension>
            <ns3:atemp>28.0</ns3:atemp>
            <ns3:hr>154</ns3:hr>
            <ns3:cad>84</ns3:cad>
          </ns3:TrackPointExtension>
        </extensions>
      </trkpt>
      <trkpt lat="49.1354982554912567138671875" lon="6.15639514289796352386474609375">
        <ele>170.399993896484375</ele>
        <time>2026-07-29T20:35:53.000Z</time>
        <extensions>
          <ns3:TrackPointExtension>
            <ns3:atemp>28.0</ns3:atemp>
            <ns3:hr>154</ns3:hr>
            <ns3:cad>84</ns3:cad>
          </ns3:TrackPointExtension>
        </extensions>
      </trkpt>
      <trkpt lat="49.13547939620912075042724609375" lon="6.15641190670430660247802734375">
        <ele>170.399993896484375</ele>
        <time>2026-07-29T20:35:54.000Z</time>
        <extensions>
          <ns3:TrackPointExtension>
            <ns3:atemp>28.0</ns3:atemp>
            <ns3:hr>154</ns3:hr>
            <ns3:cad>84</ns3:cad>
          </ns3:TrackPointExtension>
        </extensions>
      </trkpt>
      <trkpt lat="49.135454334318637847900390625" lon="6.15643688477575778961181640625">
        <ele>170.399993896484375</ele>
        <time>2026-07-29T20:35:55.000Z</time>
        <extensions>
          <ns3:TrackPointExtension>
            <ns3:atemp>28.0</ns3:atemp>
            <ns3:hr>154</ns3:hr>
            <ns3:cad>83</ns3:cad>
          </ns3:TrackPointExtension>
        </extensions>
      </trkpt>
      <trkpt lat="49.13543027825653553009033203125" lon="6.15645063109695911407470703125">
        <ele>170.399993896484375</ele>
        <time>2026-07-29T20:35:56.000Z</time>
        <extensions>
          <ns3:TrackPointExtension>
            <ns3:atemp>28.0</ns3:atemp>
            <ns3:hr>154</ns3:hr>
            <ns3:cad>83</ns3:cad>
          </ns3:TrackPointExtension>
        </extensions>
      </trkpt>
      <trkpt lat="49.1354089044034481048583984375" lon="6.1564708314836025238037109375">
        <ele>170.399993896484375</ele>
        <time>2026-07-29T20:35:57.000Z</time>
        <extensions>
          <ns3:TrackPointExtension>
            <ns3:atemp>28.0</ns3:atemp>
            <ns3:hr>154</ns3:hr>
            <ns3:cad>84</ns3:cad>
          </ns3:TrackPointExtension>
        </extensions>
      </trkpt>
      <trkpt lat="49.1353829205036163330078125" lon="6.15649103187024593353271484375">
        <ele>170.399993896484375</ele>
        <time>2026-07-29T20:35:58.000Z</time>
        <extensions>
          <ns3:TrackPointExtension>
            <ns3:atemp>28.0</ns3:atemp>
            <ns3:hr>154</ns3:hr>
            <ns3:cad>84</ns3:cad>
          </ns3:TrackPointExtension>
        </extensions>
      </trkpt>
      <trkpt lat="49.1353641450405120849609375" lon="6.1565147526562213897705078125">
        <ele>170.399993896484375</ele>
        <time>2026-07-29T20:35:59.000Z</time>
        <extensions>
          <ns3:TrackPointExtension>
            <ns3:atemp>28.0</ns3:atemp>
            <ns3:hr>154</ns3:hr>
            <ns3:cad>84</ns3:cad>
          </ns3:TrackPointExtension>
        </extensions>
      </trkpt>
      <trkpt lat="49.13533757440745830535888671875" lon="6.15653998218476772308349609375">
        <ele>170.399993896484375</ele>
        <time>2026-07-29T20:36:00.000Z</time>
        <extensions>
          <ns3:TrackPointExtension>
            <ns3:atemp>28.0</ns3:atemp>
            <ns3:hr>154</ns3:hr>
            <ns3:cad>84</ns3:cad>
          </ns3:TrackPointExtension>
        </extensions>
      </trkpt>
      <trkpt lat="49.1353130154311656951904296875" lon="6.1565576680004596710205078125">
        <ele>170.399993896484375</ele>
        <time>2026-07-29T20:36:01.000Z</time>
        <extensions>
          <ns3:TrackPointExtension>
            <ns3:atemp>28.0</ns3:atemp>
            <ns3:hr>154</ns3:hr>
            <ns3:cad>84</ns3:cad>
          </ns3:TrackPointExtension>
        </extensions>
      </trkpt>
      <trkpt lat="49.1352935694158077239990234375" lon="6.15657694637775421142578125">
        <ele>170.399993896484375</ele>
        <time>2026-07-29T20:36:02.000Z</time>
        <extensions>
          <ns3:TrackPointExtension>
            <ns3:atemp>28.0</ns3:atemp>
            <ns3:hr>155</ns3:hr>
            <ns3:cad>84</ns3:cad>
          </ns3:TrackPointExtension>
        </extensions>
      </trkpt>
      <trkpt lat="49.13526750169694423675537109375" lon="6.15659614093601703643798828125">
        <ele>170.399993896484375</ele>
        <time>2026-07-29T20:36:03.000Z</time>
        <extensions>
          <ns3:TrackPointExtension>
            <ns3:atemp>28.0</ns3:atemp>
            <ns3:hr>155</ns3:hr>
            <ns3:cad>84</ns3:cad>
          </ns3:TrackPointExtension>
        </extensions>
      </trkpt>
      <trkpt lat="49.13525006733834743499755859375" lon="6.1566119827330112457275390625">
        <ele>170.399993896484375</ele>
        <time>2026-07-29T20:36:04.000Z</time>
        <extensions>
          <ns3:TrackPointExtension>
            <ns3:atemp>28.0</ns3:atemp>
            <ns3:hr>155</ns3:hr>
            <ns3:cad>84</ns3:cad>
          </ns3:TrackPointExtension>
        </extensions>
      </trkpt>
      <trkpt lat="49.13522676564753055572509765625" lon="6.1566300876438617706298828125">
        <ele>170.399993896484375</ele>
        <time>2026-07-29T20:36:05.000Z</time>
        <extensions>
          <ns3:TrackPointExtension>
            <ns3:atemp>28.0</ns3:atemp>
            <ns3:hr>155</ns3:hr>
            <ns3:cad>83</ns3:cad>
          </ns3:TrackPointExtension>
        </extensions>
      </trkpt>
      <trkpt lat="49.13520547561347484588623046875" lon="6.15664777345955371856689453125">
        <ele>170.399993896484375</ele>
        <time>2026-07-29T20:36:06.000Z</time>
        <extensions>
          <ns3:TrackPointExtension>
            <ns3:atemp>28.0</ns3:atemp>
            <ns3:hr>155</ns3:hr>
            <ns3:cad>82</ns3:cad>
          </ns3:TrackPointExtension>
        </extensions>
      </trkpt>
      <trkpt lat="49.13518502376973628997802734375" lon="6.15666721947491168975830078125">
        <ele>170.399993896484375</ele>
        <time>2026-07-29T20:36:07.000Z</time>
        <extensions>
          <ns3:TrackPointExtension>
            <ns3:atemp>28.0</ns3:atemp>
            <ns3:hr>155</ns3:hr>
            <ns3:cad>82</ns3:cad>
          </ns3:TrackPointExtension>
        </extensions>
      </trkpt>
      <trkpt lat="49.13515401072800159454345703125" lon="6.1566820554435253143310546875">
        <ele>170.399993896484375</ele>
        <time>2026-07-29T20:36:08.000Z</time>
        <extensions>
          <ns3:TrackPointExtension>
            <ns3:atemp>28.0</ns3:atemp>
            <ns3:hr>156</ns3:hr>
            <ns3:cad>82</ns3:cad>
          </ns3:TrackPointExtension>
        </extensions>
      </trkpt>
      <trkpt lat="49.135133139789104461669921875" lon="6.15669722668826580047607421875">
        <ele>170.399993896484375</ele>
        <time>2026-07-29T20:36:09.000Z</time>
        <extensions>
          <ns3:TrackPointExtension>
            <ns3:atemp>28.0</ns3:atemp>
            <ns3:hr>156</ns3:hr>
            <ns3:cad>82</ns3:cad>
          </ns3:TrackPointExtension>
        </extensions>
      </trkpt>
      <trkpt lat="49.13510799407958984375" lon="6.15671105682849884033203125">
        <ele>170.399993896484375</ele>
        <time>2026-07-29T20:36:10.000Z</time>
        <extensions>
          <ns3:TrackPointExtension>
            <ns3:atemp>28.0</ns3:atemp>
            <ns3:hr>156</ns3:hr>
            <ns3:cad>82</ns3:cad>
          </ns3:TrackPointExtension>
        </extensions>
      </trkpt>
      <trkpt lat="49.13508452475070953369140625" lon="6.15672371350228786468505859375">
        <ele>170.399993896484375</ele>
        <time>2026-07-29T20:36:11.000Z</time>
        <extensions>
          <ns3:TrackPointExtension>
            <ns3:atemp>28.0</ns3:atemp>
            <ns3:hr>157</ns3:hr>
            <ns3:cad>84</ns3:cad>
          </ns3:TrackPointExtension>
        </extensions>
      </trkpt>
      <trkpt lat="49.1350685991346836090087890625" lon="6.15674047730863094329833984375">
        <ele>170.399993896484375</ele>
        <time>2026-07-29T20:36:12.000Z</time>
        <extensions>
          <ns3:TrackPointExtension>
            <ns3:atemp>28.0</ns3:atemp>
            <ns3:hr>157</ns3:hr>
            <ns3:cad>84</ns3:cad>
          </ns3:TrackPointExtension>
        </extensions>
      </trkpt>
      <trkpt lat="49.13504295051097869873046875" lon="6.15675606764853000640869140625">
        <ele>170.399993896484375</ele>
        <time>2026-07-29T20:36:13.000Z</time>
        <extensions>
          <ns3:TrackPointExtension>
            <ns3:atemp>28.0</ns3:atemp>
            <ns3:hr>157</ns3:hr>
            <ns3:cad>84</ns3:cad>
          </ns3:TrackPointExtension>
        </extensions>
      </trkpt>
      <trkpt lat="49.13502375595271587371826171875" lon="6.15677333436906337738037109375">
        <ele>170.399993896484375</ele>
        <time>2026-07-29T20:36:14.000Z</time>
        <extensions>
          <ns3:TrackPointExtension>
            <ns3:atemp>28.0</ns3:atemp>
            <ns3:hr>157</ns3:hr>
            <ns3:cad>83</ns3:cad>
          </ns3:TrackPointExtension>
        </extensions>
      </trkpt>
      <trkpt lat="49.13500464521348476409912109375" lon="6.1567920260131359100341796875">
        <ele>170.399993896484375</ele>
        <time>2026-07-29T20:36:15.000Z</time>
        <extensions>
          <ns3:TrackPointExtension>
            <ns3:atemp>28.0</ns3:atemp>
            <ns3:hr>157</ns3:hr>
            <ns3:cad>83</ns3:cad>
          </ns3:TrackPointExtension>
        </extensions>
      </trkpt>
      <trkpt lat="49.13498352281749248504638671875" lon="6.156805269420146942138671875">
        <ele>170.399993896484375</ele>
        <time>2026-07-29T20:36:16.000Z</time>
        <extensions>
          <ns3:TrackPointExtension>
            <ns3:atemp>28.0</ns3:atemp>
            <ns3:hr>157</ns3:hr>
            <ns3:cad>83</ns3:cad>
          </ns3:TrackPointExtension>
        </extensions>
      </trkpt>
      <trkpt lat="49.1349676810204982757568359375" lon="6.15682764910161495208740234375">
        <ele>170.399993896484375</ele>
        <time>2026-07-29T20:36:17.000Z</time>
        <extensions>
          <ns3:TrackPointExtension>
            <ns3:atemp>28.0</ns3:atemp>
            <ns3:hr>157</ns3:hr>
            <ns3:cad>83</ns3:cad>
          </ns3:TrackPointExtension>
        </extensions>
      </trkpt>
      <trkpt lat="49.1349435411393642425537109375" lon="6.15684893913567066192626953125">
        <ele>170.399993896484375</ele>
        <time>2026-07-29T20:36:18.000Z</time>
        <extensions>
          <ns3:TrackPointExtension>
            <ns3:atemp>28.0</ns3:atemp>
            <ns3:hr>157</ns3:hr>
            <ns3:cad>83</ns3:cad>
          </ns3:TrackPointExtension>
        </extensions>
      </trkpt>
      <trkpt lat="49.1349240951240062713623046875" lon="6.156868301331996917724609375">
        <ele>170.399993896484375</ele>
        <time>2026-07-29T20:36:19.000Z</time>
        <extensions>
          <ns3:TrackPointExtension>
            <ns3:atemp>28.0</ns3:atemp>
            <ns3:hr>157</ns3:hr>
            <ns3:cad>83</ns3:cad>
          </ns3:TrackPointExtension>
        </extensions>
      </trkpt>
      <trkpt lat="49.13490255363285541534423828125" lon="6.15688699297606945037841796875">
        <ele>170.399993896484375</ele>
        <time>2026-07-29T20:36:20.000Z</time>
        <extensions>
          <ns3:TrackPointExtension>
            <ns3:atemp>28.0</ns3:atemp>
            <ns3:hr>156</ns3:hr>
            <ns3:cad>83</ns3:cad>
          </ns3:TrackPointExtension>
        </extensions>
      </trkpt>
      <trkpt lat="49.1348784975707530975341796875" lon="6.156907193362712860107421875">
        <ele>170.399993896484375</ele>
        <time>2026-07-29T20:36:21.000Z</time>
        <extensions>
          <ns3:TrackPointExtension>
            <ns3:atemp>28.0</ns3:atemp>
            <ns3:hr>156</ns3:hr>
            <ns3:cad>83</ns3:cad>
          </ns3:TrackPointExtension>
        </extensions>
      </trkpt>
      <trkpt lat="49.13485829718410968780517578125" lon="6.156928651034832000732421875">
        <ele>170.399993896484375</ele>
        <time>2026-07-29T20:36:22.000Z</time>
        <extensions>
          <ns3:TrackPointExtension>
            <ns3:atemp>28.0</ns3:atemp>
            <ns3:hr>156</ns3:hr>
            <ns3:cad>83</ns3:cad>
          </ns3:TrackPointExtension>
        </extensions>
      </trkpt>
      <trkpt lat="49.1348325647413730621337890625" lon="6.1569472588598728179931640625">
        <ele>170.399993896484375</ele>
        <time>2026-07-29T20:36:23.000Z</time>
        <extensions>
          <ns3:TrackPointExtension>
            <ns3:atemp>28.0</ns3:atemp>
            <ns3:hr>156</ns3:hr>
            <ns3:cad>83</ns3:cad>
          </ns3:TrackPointExtension>
        </extensions>
      </trkpt>
      <trkpt lat="49.13481052033603191375732421875" lon="6.15696846507489681243896484375">
        <ele>170.399993896484375</ele>
        <time>2026-07-29T20:36:24.000Z</time>
        <extensions>
          <ns3:TrackPointExtension>
            <ns3:atemp>28.0</ns3:atemp>
            <ns3:hr>155</ns3:hr>
            <ns3:cad>83</ns3:cad>
          </ns3:TrackPointExtension>
        </extensions>
      </trkpt>
      <trkpt lat="49.13479208014905452728271484375" lon="6.1569921858608722686767578125">
        <ele>170.399993896484375</ele>
        <time>2026-07-29T20:36:25.000Z</time>
        <extensions>
          <ns3:TrackPointExtension>
            <ns3:atemp>28.0</ns3:atemp>
            <ns3:hr>155</ns3:hr>
            <ns3:cad>83</ns3:cad>
          </ns3:TrackPointExtension>
        </extensions>
      </trkpt>
      <trkpt lat="49.13476525805890560150146484375" lon="6.15701221860945224761962890625">
        <ele>170.399993896484375</ele>
        <time>2026-07-29T20:36:26.000Z</time>
        <extensions>
          <ns3:TrackPointExtension>
            <ns3:atemp>28.0</ns3:atemp>
            <ns3:hr>155</ns3:hr>
            <ns3:cad>83</ns3:cad>
          </ns3:TrackPointExtension>
        </extensions>
      </trkpt>
      <trkpt lat="49.1347437165677547454833984375" lon="6.15701959468424320220947265625">
        <ele>170.399993896484375</ele>
        <time>2026-07-29T20:36:27.000Z</time>
        <extensions>
          <ns3:TrackPointExtension>
            <ns3:atemp>28.0</ns3:atemp>
            <ns3:hr>155</ns3:hr>
            <ns3:cad>83</ns3:cad>
          </ns3:TrackPointExtension>
        </extensions>
      </trkpt>
      <trkpt lat="49.1347175650298595428466796875" lon="6.157038621604442596435546875">
        <ele>170.399993896484375</ele>
        <time>2026-07-29T20:36:28.000Z</time>
        <extensions>
          <ns3:TrackPointExtension>
            <ns3:atemp>28.0</ns3:atemp>
            <ns3:hr>155</ns3:hr>
            <ns3:cad>83</ns3:cad>
          </ns3:TrackPointExtension>
        </extensions>
      </trkpt>
      <trkpt lat="49.13469250313937664031982421875" lon="6.15705572068691253662109375">
        <ele>170.399993896484375</ele>
        <time>2026-07-29T20:36:29.000Z</time>
        <extensions>
          <ns3:TrackPointExtension>
            <ns3:atemp>28.0</ns3:atemp>
            <ns3:hr>155</ns3:hr>
            <ns3:cad>84</ns3:cad>
          </ns3:TrackPointExtension>
        </extensions>
      </trkpt>
      <trkpt lat="49.1346736438572406768798828125" lon="6.15707625634968280792236328125">
        <ele>170.399993896484375</ele>
        <time>2026-07-29T20:36:30.000Z</time>
        <extensions>
          <ns3:TrackPointExtension>
            <ns3:atemp>28.0</ns3:atemp>
            <ns3:hr>155</ns3:hr>
            <ns3:cad>84</ns3:cad>
          </ns3:TrackPointExtension>
        </extensions>
      </trkpt>
      <trkpt lat="49.13464338518679141998291015625" lon="6.1570917628705501556396484375">
        <ele>170.399993896484375</ele>
        <time>2026-07-29T20:36:31.000Z</time>
        <extensions>
          <ns3:TrackPointExtension>
            <ns3:atemp>28.0</ns3:atemp>
            <ns3:hr>155</ns3:hr>
            <ns3:cad>83</ns3:cad>
          </ns3:TrackPointExtension>
        </extensions>
      </trkpt>
      <trkpt lat="49.1346203349530696868896484375" lon="6.15710827521979808807373046875">
        <ele>170.399993896484375</ele>
        <time>2026-07-29T20:36:32.000Z</time>
        <extensions>
          <ns3:TrackPointExtension>
            <ns3:atemp>28.0</ns3:atemp>
            <ns3:hr>155</ns3:hr>
            <ns3:cad>83</ns3:cad>
          </ns3:TrackPointExtension>
        </extensions>
      </trkpt>
      <trkpt lat="49.1345941834151744842529296875" lon="6.1571273021399974822998046875">
        <ele>170.399993896484375</ele>
        <time>2026-07-29T20:36:33.000Z</time>
        <extensions>
          <ns3:TrackPointExtension>
            <ns3:atemp>28.0</ns3:atemp>
            <ns3:hr>155</ns3:hr>
            <ns3:cad>83</ns3:cad>
          </ns3:TrackPointExtension>
        </extensions>
      </trkpt>
      <trkpt lat="49.13456509821116924285888671875" lon="6.15713509730994701385498046875">
        <ele>170.399993896484375</ele>
        <time>2026-07-29T20:36:34.000Z</time>
        <extensions>
          <ns3:TrackPointExtension>
            <ns3:atemp>28.0</ns3:atemp>
            <ns3:hr>155</ns3:hr>
            <ns3:cad>83</ns3:cad>
          </ns3:TrackPointExtension>
        </extensions>
      </trkpt>
      <trkpt lat="49.1345442272722721099853515625" lon="6.1571534536778926849365234375">
        <ele>170.399993896484375</ele>
        <time>2026-07-29T20:36:35.000Z</time>
        <extensions>
          <ns3:TrackPointExtension>
            <ns3:atemp>28.0</ns3:atemp>
            <ns3:hr>155</ns3:hr>
            <ns3:cad>83</ns3:cad>
          </ns3:TrackPointExtension>
        </extensions>
      </trkpt>
      <trkpt lat="49.1345180757343769073486328125" lon="6.15717105567455291748046875">
        <ele>170.399993896484375</ele>
        <time>2026-07-29T20:36:36.000Z</time>
        <extensions>
          <ns3:TrackPointExtension>
            <ns3:atemp>28.0</ns3:atemp>
            <ns3:hr>155</ns3:hr>
            <ns3:cad>82</ns3:cad>
          </ns3:TrackPointExtension>
        </extensions>
      </trkpt>
      <trkpt lat="49.13449603132903575897216796875" lon="6.15718186832964420318603515625">
        <ele>170.399993896484375</ele>
        <time>2026-07-29T20:36:37.000Z</time>
        <extensions>
          <ns3:TrackPointExtension>
            <ns3:atemp>28.0</ns3:atemp>
            <ns3:hr>155</ns3:hr>
            <ns3:cad>82</ns3:cad>
          </ns3:TrackPointExtension>
        </extensions>
      </trkpt>
      <trkpt lat="49.13447759114205837249755859375" lon="6.15719846449792385101318359375">
        <ele>170.399993896484375</ele>
        <time>2026-07-29T20:36:38.000Z</time>
        <extensions>
          <ns3:TrackPointExtension>
            <ns3:atemp>28.0</ns3:atemp>
            <ns3:hr>155</ns3:hr>
            <ns3:cad>82</ns3:cad>
          </ns3:TrackPointExtension>
        </extensions>
      </trkpt>
      <trkpt lat="49.13445009849965572357177734375" lon="6.15721405483782291412353515625">
        <ele>170.399993896484375</ele>
        <time>2026-07-29T20:36:39.000Z</time>
        <extensions>
          <ns3:TrackPointExtension>
            <ns3:atemp>28.0</ns3:atemp>
            <ns3:hr>155</ns3:hr>
            <ns3:cad>83</ns3:cad>
          </ns3:TrackPointExtension>
        </extensions>
      </trkpt>
      <trkpt lat="49.13443199358880519866943359375" lon="6.15722813643515110015869140625">
        <ele>170.399993896484375</ele>
        <time>2026-07-29T20:36:40.000Z</time>
        <extensions>
          <ns3:TrackPointExtension>
            <ns3:atemp>28.0</ns3:atemp>
            <ns3:hr>154</ns3:hr>
            <ns3:cad>83</ns3:cad>
          </ns3:TrackPointExtension>
        </extensions>
      </trkpt>
      <trkpt lat="49.13440936245024204254150390625" lon="6.1572443135082721710205078125">
        <ele>170.399993896484375</ele>
        <time>2026-07-29T20:36:41.000Z</time>
        <extensions>
          <ns3:TrackPointExtension>
            <ns3:atemp>28.0</ns3:atemp>
            <ns3:hr>154</ns3:hr>
            <ns3:cad>83</ns3:cad>
          </ns3:TrackPointExtension>
        </extensions>
      </trkpt>
      <trkpt lat="49.13439226336777210235595703125" lon="6.15725554525852203369140625">
        <ele>170.399993896484375</ele>
        <time>2026-07-29T20:36:42.000Z</time>
        <extensions>
          <ns3:TrackPointExtension>
            <ns3:atemp>28.0</ns3:atemp>
            <ns3:hr>154</ns3:hr>
            <ns3:cad>83</ns3:cad>
          </ns3:TrackPointExtension>
        </extensions>
      </trkpt>
      <trkpt lat="49.13437717594206333160400390625" lon="6.15726702846586704254150390625">
        <ele>170.600006103515625</ele>
        <time>2026-07-29T20:36:43.000Z</time>
        <extensions>
          <ns3:TrackPointExtension>
            <ns3:atemp>28.0</ns3:atemp>
            <ns3:hr>154</ns3:hr>
            <ns3:cad>83</ns3:cad>
          </ns3:TrackPointExtension>
        </extensions>
      </trkpt>
      <trkpt lat="49.13436166942119598388671875" lon="6.1572674475610256195068359375">
        <ele>170.600006103515625</ele>
        <time>2026-07-29T20:36:44.000Z</time>
        <extensions>
          <ns3:TrackPointExtension>
            <ns3:atemp>28.0</ns3:atemp>
            <ns3:hr>154</ns3:hr>
            <ns3:cad>82</ns3:cad>
          </ns3:TrackPointExtension>
        </extensions>
      </trkpt>
      <trkpt lat="49.13434951566159725189208984375" lon="6.15727155469357967376708984375">
        <ele>170.399993896484375</ele>
        <time>2026-07-29T20:36:45.000Z</time>
        <extensions>
          <ns3:TrackPointExtension>
            <ns3:atemp>28.0</ns3:atemp>
            <ns3:hr>154</ns3:hr>
            <ns3:cad>82</ns3:cad>
          </ns3:TrackPointExtension>
        </extensions>
      </trkpt>
      <trkpt lat="49.1343380324542522430419921875" lon="6.157277338206768035888671875">
        <ele>170.399993896484375</ele>
        <time>2026-07-29T20:36:46.000Z</time>
        <extensions>
          <ns3:TrackPointExtension>
            <ns3:atemp>28.0</ns3:atemp>
            <ns3:hr>154</ns3:hr>
            <ns3:cad>82</ns3:cad>
          </ns3:TrackPointExtension>
        </extensions>
      </trkpt>
      <trkpt lat="49.13432453759014606475830078125" lon="6.15728027187287807464599609375">
        <ele>170.399993896484375</ele>
        <time>2026-07-29T20:36:47.000Z</time>
        <extensions>
          <ns3:TrackPointExtension>
            <ns3:atemp>28.0</ns3:atemp>
            <ns3:hr>154</ns3:hr>
            <ns3:cad>82</ns3:cad>
          </ns3:TrackPointExtension>
        </extensions>
      </trkpt>
      <trkpt lat="49.13430869579315185546875" lon="6.157286055386066436767578125">
        <ele>170.1999969482421875</ele>
        <time>2026-07-29T20:36:48.000Z</time>
        <extensions>
          <ns3:TrackPointExtension>
            <ns3:atemp>28.0</ns3:atemp>
            <ns3:hr>153</ns3:hr>
            <ns3:cad>82</ns3:cad>
          </ns3:TrackPointExtension>
        </extensions>
      </trkpt>
      <trkpt lat="49.13429922424256801605224609375" lon="6.157291419804096221923828125">
        <ele>170.1999969482421875</ele>
        <time>2026-07-29T20:36:49.000Z</time>
        <extensions>
          <ns3:TrackPointExtension>
            <ns3:atemp>28.0</ns3:atemp>
            <ns3:hr>153</ns3:hr>
            <ns3:cad>82</ns3:cad>
          </ns3:TrackPointExtension>
        </extensions>
      </trkpt>
      <trkpt lat="49.13428933359682559967041015625" lon="6.1572962813079357147216796875">
        <ele>170.399993896484375</ele>
        <time>2026-07-29T20:36:50.000Z</time>
        <extensions>
          <ns3:TrackPointExtension>
            <ns3:atemp>28.0</ns3:atemp>
            <ns3:hr>152</ns3:hr>
            <ns3:cad>57</ns3:cad>
          </ns3:TrackPointExtension>
        </extensions>
      </trkpt>
      <trkpt lat="49.13427852094173431396484375" lon="6.15730357356369495391845703125">
        <ele>170.399993896484375</ele>
        <time>2026-07-29T20:36:51.000Z</time>
        <extensions>
          <ns3:TrackPointExtension>
            <ns3:atemp>28.0</ns3:atemp>
            <ns3:hr>151</ns3:hr>
            <ns3:cad>57</ns3:cad>
          </ns3:TrackPointExtension>
        </extensions>
      </trkpt>
      <trkpt lat="49.134271480143070220947265625" lon="6.1573123745620250701904296875">
        <ele>170.399993896484375</ele>
        <time>2026-07-29T20:36:52.000Z</time>
        <extensions>
          <ns3:TrackPointExtension>
            <ns3:atemp>28.0</ns3:atemp>
            <ns3:hr>150</ns3:hr>
            <ns3:cad>57</ns3:cad>
          </ns3:TrackPointExtension>
        </extensions>
      </trkpt>
      <trkpt lat="49.13426167331635951995849609375" lon="6.157318912446498870849609375">
        <ele>170.399993896484375</ele>
        <time>2026-07-29T20:36:53.000Z</time>
        <extensions>
          <ns3:TrackPointExtension>
            <ns3:atemp>28.0</ns3:atemp>
            <ns3:hr>150</ns3:hr>
            <ns3:cad>57</ns3:cad>
          </ns3:TrackPointExtension>
        </extensions>
      </trkpt>
      <trkpt lat="49.13425010628998279571533203125" lon="6.157324276864528656005859375">
        <ele>170.399993896484375</ele>
        <time>2026-07-29T20:36:54.000Z</time>
        <extensions>
          <ns3:TrackPointExtension>
            <ns3:atemp>28.0</ns3:atemp>
            <ns3:hr>149</ns3:hr>
            <ns3:cad>57</ns3:cad>
          </ns3:TrackPointExtension>
        </extensions>
      </trkpt>
      <trkpt lat="49.13424071855843067169189453125" lon="6.15733073092997074127197265625">
        <ele>170.399993896484375</ele>
        <time>2026-07-29T20:36:55.000Z</time>
        <extensions>
          <ns3:TrackPointExtension>
            <ns3:atemp>28.0</ns3:atemp>
            <ns3:hr>148</ns3:hr>
            <ns3:cad>57</ns3:cad>
          </ns3:TrackPointExtension>
        </extensions>
      </trkpt>
      <trkpt lat="49.13422948680818080902099609375" lon="6.15733576007187366485595703125">
        <ele>170.399993896484375</ele>
        <time>2026-07-29T20:36:56.000Z</time>
        <extensions>
          <ns3:TrackPointExtension>
            <ns3:atemp>28.0</ns3:atemp>
            <ns3:hr>147</ns3:hr>
            <ns3:cad>57</ns3:cad>
          </ns3:TrackPointExtension>
        </extensions>
      </trkpt>
      <trkpt lat="49.1342166624963283538818359375" lon="6.1573415435850620269775390625">
        <ele>170.399993896484375</ele>
        <time>2026-07-29T20:36:57.000Z</time>
        <extensions>
          <ns3:TrackPointExtension>
            <ns3:atemp>28.0</ns3:atemp>
            <ns3:hr>147</ns3:hr>
            <ns3:cad>57</ns3:cad>
          </ns3:TrackPointExtension>
        </extensions>
      </trkpt>
      <trkpt lat="49.1342027485370635986328125" lon="6.15734900347888469696044921875">
        <ele>170.600006103515625</ele>
        <time>2026-07-29T20:36:58.000Z</time>
        <extensions>
          <ns3:TrackPointExtension>
            <ns3:atemp>28.0</ns3:atemp>
            <ns3:hr>146</ns3:hr>
            <ns3:cad>56</ns3:cad>
          </ns3:TrackPointExtension>
        </extensions>
      </trkpt>
      <trkpt lat="49.1341898404061794281005859375" lon="6.1573554575443267822265625">
        <ele>170.600006103515625</ele>
        <time>2026-07-29T20:36:59.000Z</time>
        <extensions>
          <ns3:TrackPointExtension>
            <ns3:atemp>28.0</ns3:atemp>
            <ns3:hr>146</ns3:hr>
            <ns3:cad>55</ns3:cad>
          </ns3:TrackPointExtension>
        </extensions>
      </trkpt>
      <trkpt lat="49.13417751900851726531982421875" lon="6.1573603190481662750244140625">
        <ele>170.600006103515625</ele>
        <time>2026-07-29T20:37:00.000Z</time>
        <extensions>
          <ns3:TrackPointExtension>
            <ns3:atemp>28.0</ns3:atemp>
            <ns3:hr>145</ns3:hr>
            <ns3:cad>55</ns3:cad>
          </ns3:TrackPointExtension>
        </extensions>
      </trkpt>
      <trkpt lat="49.13416746072471141815185546875" lon="6.15736526437103748321533203125">
        <ele>170.600006103515625</ele>
        <time>2026-07-29T20:37:01.000Z</time>
        <extensions>
          <ns3:TrackPointExtension>
            <ns3:atemp>28.0</ns3:atemp>
            <ns3:hr>144</ns3:hr>
            <ns3:cad>56</ns3:cad>
          </ns3:TrackPointExtension>
        </extensions>
      </trkpt>
      <trkpt lat="49.1341583244502544403076171875" lon="6.15737196989357471466064453125">
        <ele>170.600006103515625</ele>
        <time>2026-07-29T20:37:02.000Z</time>
        <extensions>
          <ns3:TrackPointExtension>
            <ns3:atemp>28.0</ns3:atemp>
            <ns3:hr>143</ns3:hr>
            <ns3:cad>56</ns3:cad>
          </ns3:TrackPointExtension>
        </extensions>
      </trkpt>
      <trkpt lat="49.13414583541452884674072265625" lon="6.157379932701587677001953125">
        <ele>170.600006103515625</ele>
        <time>2026-07-29T20:37:03.000Z</time>
        <extensions>
          <ns3:TrackPointExtension>
            <ns3:atemp>28.0</ns3:atemp>
            <ns3:hr>143</ns3:hr>
            <ns3:cad>57</ns3:cad>
          </ns3:TrackPointExtension>
        </extensions>
      </trkpt>
      <trkpt lat="49.13413225673139095306396484375" lon="6.15738856606185436248779296875">
        <ele>170.399993896484375</ele>
        <time>2026-07-29T20:37:04.000Z</time>
        <extensions>
          <ns3:TrackPointExtension>
            <ns3:atemp>28.0</ns3:atemp>
            <ns3:hr>142</ns3:hr>
            <ns3:cad>57</ns3:cad>
          </ns3:TrackPointExtension>
        </extensions>
      </trkpt>
      <trkpt lat="49.13411851041018962860107421875" lon="6.1573985405266284942626953125">
        <ele>170.399993896484375</ele>
        <time>2026-07-29T20:37:05.000Z</time>
        <extensions>
          <ns3:TrackPointExtension>
            <ns3:atemp>28.0</ns3:atemp>
            <ns3:hr>142</ns3:hr>
            <ns3:cad>57</ns3:cad>
          </ns3:TrackPointExtension>
        </extensions>
      </trkpt>
      <trkpt lat="49.1341008245944976806640625" lon="6.157410778105258941650390625">
        <ele>170.399993896484375</ele>
        <time>2026-07-29T20:37:06.000Z</time>
        <extensions>
          <ns3:TrackPointExtension>
            <ns3:atemp>28.0</ns3:atemp>
            <ns3:hr>141</ns3:hr>
            <ns3:cad>57</ns3:cad>
          </ns3:TrackPointExtension>
        </extensions>
      </trkpt>
      <trkpt lat="49.13408364169299602508544921875" lon="6.157426200807094573974609375">
        <ele>170.399993896484375</ele>
        <time>2026-07-29T20:37:07.000Z</time>
        <extensions>
          <ns3:TrackPointExtension>
            <ns3:atemp>28.0</ns3:atemp>
            <ns3:hr>141</ns3:hr>
            <ns3:cad>57</ns3:cad>
          </ns3:TrackPointExtension>
        </extensions>
      </trkpt>
      <trkpt lat="49.13406260311603546142578125" lon="6.157444976270198822021484375">
        <ele>170.399993896484375</ele>
        <time>2026-07-29T20:37:08.000Z</time>
        <extensions>
          <ns3:TrackPointExtension>
            <ns3:atemp>28.0</ns3:atemp>
            <ns3:hr>140</ns3:hr>
            <ns3:cad>57</ns3:cad>
          </ns3:TrackPointExtension>
        </extensions>
      </trkpt>
      <trkpt lat="49.134043492376804351806640625" lon="6.15746341645717620849609375">
        <ele>170.399993896484375</ele>
        <time>2026-07-29T20:37:09.000Z</time>
        <extensions>
          <ns3:TrackPointExtension>
            <ns3:atemp>28.0</ns3:atemp>
            <ns3:hr>139</ns3:hr>
            <ns3:cad>57</ns3:cad>
          </ns3:TrackPointExtension>
        </extensions>
      </trkpt>
      <trkpt lat="49.13402094505727291107177734375" lon="6.157480515539646148681640625">
        <ele>170.600006103515625</ele>
        <time>2026-07-29T20:37:10.000Z</time>
        <extensions>
          <ns3:TrackPointExtension>
            <ns3:atemp>28.0</ns3:atemp>
            <ns3:hr>138</ns3:hr>
            <ns3:cad>79</ns3:cad>
          </ns3:TrackPointExtension>
        </extensions>
      </trkpt>
      <trkpt lat="49.13399730809032917022705078125" lon="6.1575018055737018585205078125">
        <ele>170.600006103515625</ele>
        <time>2026-07-29T20:37:11.000Z</time>
        <extensions>
          <ns3:TrackPointExtension>
            <ns3:atemp>28.0</ns3:atemp>
            <ns3:hr>138</ns3:hr>
            <ns3:cad>81</ns3:cad>
          </ns3:TrackPointExtension>
        </extensions>
      </trkpt>
      <trkpt lat="49.133975766599178314208984375" lon="6.157519407570362091064453125">
        <ele>170.600006103515625</ele>
        <time>2026-07-29T20:37:12.000Z</time>
        <extensions>
          <ns3:TrackPointExtension>
            <ns3:atemp>28.0</ns3:atemp>
            <ns3:hr>138</ns3:hr>
            <ns3:cad>83</ns3:cad>
          </ns3:TrackPointExtension>
        </extensions>
      </trkpt>
      <trkpt lat="49.13394860923290252685546875" lon="6.1575393564999103546142578125">
        <ele>170.600006103515625</ele>
        <time>2026-07-29T20:37:13.000Z</time>
        <extensions>
          <ns3:TrackPointExtension>
            <ns3:atemp>28.0</ns3:atemp>
            <ns3:hr>138</ns3:hr>
            <ns3:cad>83</ns3:cad>
          </ns3:TrackPointExtension>
        </extensions>
      </trkpt>
      <trkpt lat="49.13392706774175167083740234375" lon="6.15755771286785602569580078125">
        <ele>170.600006103515625</ele>
        <time>2026-07-29T20:37:14.000Z</time>
        <extensions>
          <ns3:TrackPointExtension>
            <ns3:atemp>28.0</ns3:atemp>
            <ns3:hr>139</ns3:hr>
            <ns3:cad>84</ns3:cad>
          </ns3:TrackPointExtension>
        </extensions>
      </trkpt>
      <trkpt lat="49.13390569388866424560546875" lon="6.1575780808925628662109375">
        <ele>170.8000030517578125</ele>
        <time>2026-07-29T20:37:15.000Z</time>
        <extensions>
          <ns3:TrackPointExtension>
            <ns3:atemp>28.0</ns3:atemp>
            <ns3:hr>139</ns3:hr>
            <ns3:cad>84</ns3:cad>
          </ns3:TrackPointExtension>
        </extensions>
      </trkpt>
      <trkpt lat="49.13387862034142017364501953125" lon="6.15759543143212795257568359375">
        <ele>170.8000030517578125</ele>
        <time>2026-07-29T20:37:16.000Z</time>
        <extensions>
          <ns3:TrackPointExtension>
            <ns3:atemp>28.0</ns3:atemp>
            <ns3:hr>139</ns3:hr>
            <ns3:cad>84</ns3:cad>
          </ns3:TrackPointExtension>
        </extensions>
      </trkpt>
      <trkpt lat="49.1338579170405864715576171875" lon="6.157618649303913116455078125">
        <ele>170.8000030517578125</ele>
        <time>2026-07-29T20:37:17.000Z</time>
        <extensions>
          <ns3:TrackPointExtension>
            <ns3:atemp>28.0</ns3:atemp>
            <ns3:hr>139</ns3:hr>
            <ns3:cad>84</ns3:cad>
          </ns3:TrackPointExtension>
        </extensions>
      </trkpt>
      <trkpt lat="49.1338307596743106842041015625" lon="6.15764220245182514190673828125">
        <ele>170.8000030517578125</ele>
        <time>2026-07-29T20:37:18.000Z</time>
        <extensions>
          <ns3:TrackPointExtension>
            <ns3:atemp>28.0</ns3:atemp>
            <ns3:hr>139</ns3:hr>
            <ns3:cad>84</ns3:cad>
          </ns3:TrackPointExtension>
        </extensions>
      </trkpt>
      <trkpt lat="49.13380536250770092010498046875" lon="6.15765427239239215850830078125">
        <ele>170.8000030517578125</ele>
        <time>2026-07-29T20:37:19.000Z</time>
        <extensions>
          <ns3:TrackPointExtension>
            <ns3:atemp>28.0</ns3:atemp>
            <ns3:hr>139</ns3:hr>
            <ns3:cad>84</ns3:cad>
          </ns3:TrackPointExtension>
        </extensions>
      </trkpt>
      <trkpt lat="49.1337865032255649566650390625" lon="6.15767371840775012969970703125">
        <ele>170.8000030517578125</ele>
        <time>2026-07-29T20:37:20.000Z</time>
        <extensions>
          <ns3:TrackPointExtension>
            <ns3:atemp>28.0</ns3:atemp>
            <ns3:hr>139</ns3:hr>
            <ns3:cad>84</ns3:cad>
          </ns3:TrackPointExtension>
        </extensions>
      </trkpt>
      <trkpt lat="49.133760519325733184814453125" lon="6.15769274532794952392578125">
        <ele>170.8000030517578125</ele>
        <time>2026-07-29T20:37:21.000Z</time>
        <extensions>
          <ns3:TrackPointExtension>
            <ns3:atemp>28.0</ns3:atemp>
            <ns3:hr>139</ns3:hr>
            <ns3:cad>84</ns3:cad>
          </ns3:TrackPointExtension>
        </extensions>
      </trkpt>
      <trkpt lat="49.13374568335711956024169921875" lon="6.15770791657269001007080078125">
        <ele>170.8000030517578125</ele>
        <time>2026-07-29T20:37:22.000Z</time>
        <extensions>
          <ns3:TrackPointExtension>
            <ns3:atemp>28.0</ns3:atemp>
            <ns3:hr>139</ns3:hr>
            <ns3:cad>84</ns3:cad>
          </ns3:TrackPointExtension>
        </extensions>
      </trkpt>
      <trkpt lat="49.13372196257114410400390625" lon="6.15772970952093601226806640625">
        <ele>171</ele>
        <time>2026-07-29T20:37:23.000Z</time>
        <extensions>
          <ns3:TrackPointExtension>
            <ns3:atemp>28.0</ns3:atemp>
            <ns3:hr>139</ns3:hr>
            <ns3:cad>84</ns3:cad>
          </ns3:TrackPointExtension>
        </extensions>
      </trkpt>
      <trkpt lat="49.1337025165557861328125" lon="6.15774714387953281402587890625">
        <ele>171</ele>
        <time>2026-07-29T20:37:24.000Z</time>
        <extensions>
          <ns3:TrackPointExtension>
            <ns3:atemp>28.0</ns3:atemp>
            <ns3:hr>140</ns3:hr>
            <ns3:cad>84</ns3:cad>
          </ns3:TrackPointExtension>
        </extensions>
      </trkpt>
      <trkpt lat="49.13368281908333301544189453125" lon="6.15776516497135162353515625">
        <ele>171</ele>
        <time>2026-07-29T20:37:25.000Z</time>
        <extensions>
          <ns3:TrackPointExtension>
            <ns3:atemp>28.0</ns3:atemp>
            <ns3:hr>140</ns3:hr>
            <ns3:cad>84</ns3:cad>
          </ns3:TrackPointExtension>
        </extensions>
      </trkpt>
      <trkpt lat="49.1336527280509471893310546875" lon="6.15777455270290374755859375">
        <ele>171</ele>
        <time>2026-07-29T20:37:26.000Z</time>
        <extensions>
          <ns3:TrackPointExtension>
            <ns3:atemp>28.0</ns3:atemp>
            <ns3:hr>140</ns3:hr>
            <ns3:cad>83</ns3:cad>
          </ns3:TrackPointExtension>
        </extensions>
      </trkpt>
      <trkpt lat="49.13362800143659114837646484375" lon="6.1577874608337879180908203125">
        <ele>171</ele>
        <time>2026-07-29T20:37:27.000Z</time>
        <extensions>
          <ns3:TrackPointExtension>
            <ns3:atemp>28.0</ns3:atemp>
            <ns3:hr>141</ns3:hr>
            <ns3:cad>83</ns3:cad>
          </ns3:TrackPointExtension>
        </extensions>
      </trkpt>
      <trkpt lat="49.133600257337093353271484375" lon="6.1577995307743549346923828125">
        <ele>171</ele>
        <time>2026-07-29T20:37:28.000Z</time>
        <extensions>
          <ns3:TrackPointExtension>
            <ns3:atemp>28.0</ns3:atemp>
            <ns3:hr>141</ns3:hr>
            <ns3:cad>83</ns3:cad>
          </ns3:TrackPointExtension>
        </extensions>
      </trkpt>
      <trkpt lat="49.13357502780854701995849609375" lon="6.15780766122043132781982421875">
        <ele>171</ele>
        <time>2026-07-29T20:37:29.000Z</time>
        <extensions>
          <ns3:TrackPointExtension>
            <ns3:atemp>28.0</ns3:atemp>
            <ns3:hr>141</ns3:hr>
            <ns3:cad>83</ns3:cad>
          </ns3:TrackPointExtension>
        </extensions>
      </trkpt>
      <trkpt lat="49.13355474360287189483642578125" lon="6.15782157517969608306884765625">
        <ele>171</ele>
        <time>2026-07-29T20:37:30.000Z</time>
        <extensions>
          <ns3:TrackPointExtension>
            <ns3:atemp>28.0</ns3:atemp>
            <ns3:hr>142</ns3:hr>
            <ns3:cad>83</ns3:cad>
          </ns3:TrackPointExtension>
        </extensions>
      </trkpt>
      <trkpt lat="49.13352708332240581512451171875" lon="6.157835908234119415283203125">
        <ele>171</ele>
        <time>2026-07-29T20:37:31.000Z</time>
        <extensions>
          <ns3:TrackPointExtension>
            <ns3:atemp>28.0</ns3:atemp>
            <ns3:hr>142</ns3:hr>
            <ns3:cad>83</ns3:cad>
          </ns3:TrackPointExtension>
        </extensions>
      </trkpt>
      <trkpt lat="49.133507721126079559326171875" lon="6.15785459987819194793701171875">
        <ele>171</ele>
        <time>2026-07-29T20:37:32.000Z</time>
        <extensions>
          <ns3:TrackPointExtension>
            <ns3:atemp>28.0</ns3:atemp>
            <ns3:hr>143</ns3:hr>
            <ns3:cad>84</ns3:cad>
          </ns3:TrackPointExtension>
        </extensions>
      </trkpt>
      <trkpt lat="49.13348458707332611083984375" lon="6.15786901675164699554443359375">
        <ele>170.8000030517578125</ele>
        <time>2026-07-29T20:37:33.000Z</time>
        <extensions>
          <ns3:TrackPointExtension>
            <ns3:atemp>28.0</ns3:atemp>
            <ns3:hr>143</ns3:hr>
            <ns3:cad>84</ns3:cad>
          </ns3:TrackPointExtension>
        </extensions>
      </trkpt>
      <trkpt lat="49.133459441363811492919921875" lon="6.157882846891880035400390625">
        <ele>170.8000030517578125</ele>
        <time>2026-07-29T20:37:34.000Z</time>
        <extensions>
          <ns3:TrackPointExtension>
            <ns3:atemp>28.0</ns3:atemp>
            <ns3:hr>144</ns3:hr>
            <ns3:cad>84</ns3:cad>
          </ns3:TrackPointExtension>
        </extensions>
      </trkpt>
      <trkpt lat="49.1334394924342632293701171875" lon="6.15790153853595256805419921875">
        <ele>171</ele>
        <time>2026-07-29T20:37:35.000Z</time>
        <extensions>
          <ns3:TrackPointExtension>
            <ns3:atemp>28.0</ns3:atemp>
            <ns3:hr>144</ns3:hr>
            <ns3:cad>84</ns3:cad>
          </ns3:TrackPointExtension>
        </extensions>
      </trkpt>
      <trkpt lat="49.1334123350679874420166015625" lon="6.15791679359972476959228515625">
        <ele>171</ele>
        <time>2026-07-29T20:37:36.000Z</time>
        <extensions>
          <ns3:TrackPointExtension>
            <ns3:atemp>28.0</ns3:atemp>
            <ns3:hr>144</ns3:hr>
            <ns3:cad>84</ns3:cad>
          </ns3:TrackPointExtension>
        </extensions>
      </trkpt>
      <trkpt lat="49.1333902068436145782470703125" lon="6.15793414413928985595703125">
        <ele>171</ele>
        <time>2026-07-29T20:37:37.000Z</time>
        <extensions>
          <ns3:TrackPointExtension>
            <ns3:atemp>28.0</ns3:atemp>
            <ns3:hr>144</ns3:hr>
            <ns3:cad>85</ns3:cad>
          </ns3:TrackPointExtension>
        </extensions>
      </trkpt>
      <trkpt lat="49.1333660669624805450439453125" lon="6.1579490639269351959228515625">
        <ele>171.1999969482421875</ele>
        <time>2026-07-29T20:37:38.000Z</time>
        <extensions>
          <ns3:TrackPointExtension>
            <ns3:atemp>28.0</ns3:atemp>
            <ns3:hr>144</ns3:hr>
            <ns3:cad>84</ns3:cad>
          </ns3:TrackPointExtension>
        </extensions>
      </trkpt>
      <trkpt lat="49.13334167562425136566162109375" lon="6.157959960401058197021484375">
        <ele>171.1999969482421875</ele>
        <time>2026-07-29T20:37:39.000Z</time>
        <extensions>
          <ns3:TrackPointExtension>
            <ns3:atemp>28.0</ns3:atemp>
            <ns3:hr>144</ns3:hr>
            <ns3:cad>84</ns3:cad>
          </ns3:TrackPointExtension>
        </extensions>
      </trkpt>
      <trkpt lat="49.1333218105137348175048828125" lon="6.15797831676900386810302734375">
        <ele>171</ele>
        <time>2026-07-29T20:37:40.000Z</time>
        <extensions>
          <ns3:TrackPointExtension>
            <ns3:atemp>28.0</ns3:atemp>
            <ns3:hr>144</ns3:hr>
            <ns3:cad>84</ns3:cad>
          </ns3:TrackPointExtension>
        </extensions>
      </trkpt>
      <trkpt lat="49.1332961618900299072265625" lon="6.15799122489988803863525390625">
        <ele>171</ele>
        <time>2026-07-29T20:37:41.000Z</time>
        <extensions>
          <ns3:TrackPointExtension>
            <ns3:atemp>28.0</ns3:atemp>
            <ns3:hr>144</ns3:hr>
            <ns3:cad>84</ns3:cad>
          </ns3:TrackPointExtension>
        </extensions>
      </trkpt>
      <trkpt lat="49.1332765482366085052490234375" lon="6.15800522267818450927734375">
        <ele>171</ele>
        <time>2026-07-29T20:37:42.000Z</time>
        <extensions>
          <ns3:TrackPointExtension>
            <ns3:atemp>28.0</ns3:atemp>
            <ns3:hr>145</ns3:hr>
            <ns3:cad>84</ns3:cad>
          </ns3:TrackPointExtension>
        </extensions>
      </trkpt>
      <trkpt lat="49.1332505643367767333984375" lon="6.15802173502743244171142578125">
        <ele>170.8000030517578125</ele>
        <time>2026-07-29T20:37:43.000Z</time>
        <extensions>
          <ns3:TrackPointExtension>
            <ns3:atemp>28.0</ns3:atemp>
            <ns3:hr>145</ns3:hr>
            <ns3:cad>84</ns3:cad>
          </ns3:TrackPointExtension>
        </extensions>
      </trkpt>
      <trkpt lat="49.133226089179515838623046875" lon="6.15803263150155544281005859375">
        <ele>170.8000030517578125</ele>
        <time>2026-07-29T20:37:44.000Z</time>
        <extensions>
          <ns3:TrackPointExtension>
            <ns3:atemp>28.0</ns3:atemp>
            <ns3:hr>145</ns3:hr>
            <ns3:cad>84</ns3:cad>
          </ns3:TrackPointExtension>
        </extensions>
      </trkpt>
      <trkpt lat="49.13320773281157016754150390625" lon="6.15805056877434253692626953125">
        <ele>171</ele>
        <time>2026-07-29T20:37:45.000Z</time>
        <extensions>
          <ns3:TrackPointExtension>
            <ns3:atemp>28.0</ns3:atemp>
            <ns3:hr>145</ns3:hr>
            <ns3:cad>84</ns3:cad>
          </ns3:TrackPointExtension>
        </extensions>
      </trkpt>
      <trkpt lat="49.133181832730770111083984375" lon="6.15807018242776393890380859375">
        <ele>171</ele>
        <time>2026-07-29T20:37:46.000Z</time>
        <extensions>
          <ns3:TrackPointExtension>
            <ns3:atemp>28.0</ns3:atemp>
            <ns3:hr>146</ns3:hr>
            <ns3:cad>84</ns3:cad>
          </ns3:TrackPointExtension>
        </extensions>
      </trkpt>
      <trkpt lat="49.13316029123961925506591796875" lon="6.15809013135731220245361328125">
        <ele>171</ele>
        <time>2026-07-29T20:37:47.000Z</time>
        <extensions>
          <ns3:TrackPointExtension>
            <ns3:atemp>28.0</ns3:atemp>
            <ns3:hr>146</ns3:hr>
            <ns3:cad>83</ns3:cad>
          </ns3:TrackPointExtension>
        </extensions>
      </trkpt>
      <trkpt lat="49.13313321769237518310546875" lon="6.1581106670200824737548828125">
        <ele>171</ele>
        <time>2026-07-29T20:37:48.000Z</time>
        <extensions>
          <ns3:TrackPointExtension>
            <ns3:atemp>28.0</ns3:atemp>
            <ns3:hr>146</ns3:hr>
            <ns3:cad>83</ns3:cad>
          </ns3:TrackPointExtension>
        </extensions>
      </trkpt>
      <trkpt lat="49.1331052221357822418212890625" lon="6.15812432952225208282470703125">
        <ele>171</ele>
        <time>2026-07-29T20:37:49.000Z</time>
        <extensions>
          <ns3:TrackPointExtension>
            <ns3:atemp>28.0</ns3:atemp>
            <ns3:hr>146</ns3:hr>
            <ns3:cad>83</ns3:cad>
          </ns3:TrackPointExtension>
        </extensions>
      </trkpt>
      <trkpt lat="49.13308560848236083984375" lon="6.158145032823085784912109375">
        <ele>171</ele>
        <time>2026-07-29T20:37:50.000Z</time>
        <extensions>
          <ns3:TrackPointExtension>
            <ns3:atemp>28.0</ns3:atemp>
            <ns3:hr>146</ns3:hr>
            <ns3:cad>83</ns3:cad>
          </ns3:TrackPointExtension>
        </extensions>
      </trkpt>
      <trkpt lat="49.1330556012690067291259765625" lon="6.158166490495204925537109375">
        <ele>171</ele>
        <time>2026-07-29T20:37:51.000Z</time>
        <extensions>
          <ns3:TrackPointExtension>
            <ns3:atemp>28.0</ns3:atemp>
            <ns3:hr>146</ns3:hr>
            <ns3:cad>83</ns3:cad>
          </ns3:TrackPointExtension>
        </extensions>
      </trkpt>
      <trkpt lat="49.133033640682697296142578125" lon="6.158182919025421142578125">
        <ele>171</ele>
        <time>2026-07-29T20:37:52.000Z</time>
        <extensions>
          <ns3:TrackPointExtension>
            <ns3:atemp>28.0</ns3:atemp>
            <ns3:hr>146</ns3:hr>
            <ns3:cad>83</ns3:cad>
          </ns3:TrackPointExtension>
        </extensions>
      </trkpt>
      <trkpt lat="49.13301427848637104034423828125" lon="6.15820077247917652130126953125">
        <ele>171</ele>
        <time>2026-07-29T20:37:53.000Z</time>
        <extensions>
          <ns3:TrackPointExtension>
            <ns3:atemp>28.0</ns3:atemp>
            <ns3:hr>146</ns3:hr>
            <ns3:cad>83</ns3:cad>
          </ns3:TrackPointExtension>
        </extensions>
      </trkpt>
      <trkpt lat="49.13298930041491985321044921875" lon="6.15821368061006069183349609375">
        <ele>171</ele>
        <time>2026-07-29T20:37:54.000Z</time>
        <extensions>
          <ns3:TrackPointExtension>
            <ns3:atemp>28.0</ns3:atemp>
            <ns3:hr>146</ns3:hr>
            <ns3:cad>83</ns3:cad>
          </ns3:TrackPointExtension>
        </extensions>
      </trkpt>
      <trkpt lat="49.13297153078019618988037109375" lon="6.15823111496865749359130859375">
        <ele>171</ele>
        <time>2026-07-29T20:37:55.000Z</time>
        <extensions>
          <ns3:TrackPointExtension>
            <ns3:atemp>28.0</ns3:atemp>
            <ns3:hr>146</ns3:hr>
            <ns3:cad>83</ns3:cad>
          </ns3:TrackPointExtension>
        </extensions>
      </trkpt>
      <trkpt lat="49.1329449601471424102783203125" lon="6.15824670530855655670166015625">
        <ele>171</ele>
        <time>2026-07-29T20:37:56.000Z</time>
        <extensions>
          <ns3:TrackPointExtension>
            <ns3:atemp>28.0</ns3:atemp>
            <ns3:hr>146</ns3:hr>
            <ns3:cad>83</ns3:cad>
          </ns3:TrackPointExtension>
        </extensions>
      </trkpt>
      <trkpt lat="49.13292023353278636932373046875" lon="6.15826078690588474273681640625">
        <ele>171</ele>
        <time>2026-07-29T20:37:57.000Z</time>
        <extensions>
          <ns3:TrackPointExtension>
            <ns3:atemp>28.0</ns3:atemp>
            <ns3:hr>146</ns3:hr>
            <ns3:cad>82</ns3:cad>
          </ns3:TrackPointExtension>
        </extensions>
      </trkpt>
      <trkpt lat="49.13290330208837985992431640625" lon="6.15828140638768672943115234375">
        <ele>171</ele>
        <time>2026-07-29T20:37:58.000Z</time>
        <extensions>
          <ns3:TrackPointExtension>
            <ns3:atemp>28.0</ns3:atemp>
            <ns3:hr>146</ns3:hr>
            <ns3:cad>82</ns3:cad>
          </ns3:TrackPointExtension>
        </extensions>
      </trkpt>
      <trkpt lat="49.13287430070340633392333984375" lon="6.1583024449646472930908203125">
        <ele>171.1999969482421875</ele>
        <time>2026-07-29T20:37:59.000Z</time>
        <extensions>
          <ns3:TrackPointExtension>
            <ns3:atemp>28.0</ns3:atemp>
            <ns3:hr>146</ns3:hr>
            <ns3:cad>82</ns3:cad>
          </ns3:TrackPointExtension>
        </extensions>
      </trkpt>
      <trkpt lat="49.1328510828316211700439453125" lon="6.15832180716097354888916015625">
        <ele>171.1999969482421875</ele>
        <time>2026-07-29T20:38:00.000Z</time>
        <extensions>
          <ns3:TrackPointExtension>
            <ns3:atemp>28.0</ns3:atemp>
            <ns3:hr>146</ns3:hr>
            <ns3:cad>82</ns3:cad>
          </ns3:TrackPointExtension>
        </extensions>
      </trkpt>
      <trkpt lat="49.13282937370240688323974609375" lon="6.1583436839282512664794921875">
        <ele>171.1999969482421875</ele>
        <time>2026-07-29T20:38:01.000Z</time>
        <extensions>
          <ns3:TrackPointExtension>
            <ns3:atemp>28.0</ns3:atemp>
            <ns3:hr>146</ns3:hr>
            <ns3:cad>82</ns3:cad>
          </ns3:TrackPointExtension>
        </extensions>
      </trkpt>
      <trkpt lat="49.13280389271676540374755859375" lon="6.1583621241152286529541015625">
        <ele>171</ele>
        <time>2026-07-29T20:38:02.000Z</time>
        <extensions>
          <ns3:TrackPointExtension>
            <ns3:atemp>28.0</ns3:atemp>
            <ns3:hr>146</ns3:hr>
            <ns3:cad>82</ns3:cad>
          </ns3:TrackPointExtension>
        </extensions>
      </trkpt>
      <trkpt lat="49.13278193213045597076416015625" lon="6.15838601253926753997802734375">
        <ele>171</ele>
        <time>2026-07-29T20:38:03.000Z</time>
        <extensions>
          <ns3:TrackPointExtension>
            <ns3:atemp>28.0</ns3:atemp>
            <ns3:hr>146</ns3:hr>
            <ns3:cad>82</ns3:cad>
          </ns3:TrackPointExtension>
        </extensions>
      </trkpt>
      <trkpt lat="49.132758043706417083740234375" lon="6.1584053747355937957763671875">
        <ele>171</ele>
        <time>2026-07-29T20:38:04.000Z</time>
        <extensions>
          <ns3:TrackPointExtension>
            <ns3:atemp>28.0</ns3:atemp>
            <ns3:hr>146</ns3:hr>
            <ns3:cad>83</ns3:cad>
          </ns3:TrackPointExtension>
        </extensions>
      </trkpt>
      <trkpt lat="49.13273717276751995086669921875" lon="6.15842490456998348236083984375">
        <ele>171</ele>
        <time>2026-07-29T20:38:05.000Z</time>
        <extensions>
          <ns3:TrackPointExtension>
            <ns3:atemp>28.0</ns3:atemp>
            <ns3:hr>146</ns3:hr>
            <ns3:cad>83</ns3:cad>
          </ns3:TrackPointExtension>
        </extensions>
      </trkpt>
      <trkpt lat="49.1327149607241153717041015625" lon="6.15844376385211944580078125">
        <ele>171</ele>
        <time>2026-07-29T20:38:06.000Z</time>
        <extensions>
          <ns3:TrackPointExtension>
            <ns3:atemp>28.0</ns3:atemp>
            <ns3:hr>146</ns3:hr>
            <ns3:cad>83</ns3:cad>
          </ns3:TrackPointExtension>
        </extensions>
      </trkpt>
      <trkpt lat="49.132690317928791046142578125" lon="6.15845608524978160858154296875">
        <ele>171</ele>
        <time>2026-07-29T20:38:07.000Z</time>
        <extensions>
          <ns3:TrackPointExtension>
            <ns3:atemp>28.0</ns3:atemp>
            <ns3:hr>147</ns3:hr>
            <ns3:cad>83</ns3:cad>
          </ns3:TrackPointExtension>
        </extensions>
      </trkpt>
      <trkpt lat="49.13267455995082855224609375" lon="6.1584764532744884490966796875">
        <ele>171</ele>
        <time>2026-07-29T20:38:08.000Z</time>
        <extensions>
          <ns3:TrackPointExtension>
            <ns3:atemp>28.0</ns3:atemp>
            <ns3:hr>147</ns3:hr>
            <ns3:cad>83</ns3:cad>
          </ns3:TrackPointExtension>
        </extensions>
      </trkpt>
      <trkpt lat="49.1326489113271236419677734375" lon="6.1585022695362567901611328125">
        <ele>171</ele>
        <time>2026-07-29T20:38:09.000Z</time>
        <extensions>
          <ns3:TrackPointExtension>
            <ns3:atemp>28.0</ns3:atemp>
            <ns3:hr>147</ns3:hr>
            <ns3:cad>83</ns3:cad>
          </ns3:TrackPointExtension>
        </extensions>
      </trkpt>
      <trkpt lat="49.1326274536550045013427734375" lon="6.15852431394159793853759765625">
        <ele>170.8000030517578125</ele>
        <time>2026-07-29T20:38:10.000Z</time>
        <extensions>
          <ns3:TrackPointExtension>
            <ns3:atemp>28.0</ns3:atemp>
            <ns3:hr>148</ns3:hr>
            <ns3:cad>84</ns3:cad>
          </ns3:TrackPointExtension>
        </extensions>
      </trkpt>
      <trkpt lat="49.1326076723635196685791015625" lon="6.15854862146079540252685546875">
        <ele>171</ele>
        <time>2026-07-29T20:38:11.000Z</time>
        <extensions>
          <ns3:TrackPointExtension>
            <ns3:atemp>28.0</ns3:atemp>
            <ns3:hr>148</ns3:hr>
            <ns3:cad>84</ns3:cad>
          </ns3:TrackPointExtension>
        </extensions>
      </trkpt>
      <trkpt lat="49.13258680142462253570556640625" lon="6.1585683189332485198974609375">
        <ele>171</ele>
        <time>2026-07-29T20:38:12.000Z</time>
        <extensions>
          <ns3:TrackPointExtension>
            <ns3:atemp>28.0</ns3:atemp>
            <ns3:hr>149</ns3:hr>
            <ns3:cad>83</ns3:cad>
          </ns3:TrackPointExtension>
        </extensions>
      </trkpt>
      <trkpt lat="49.13256727159023284912109375" lon="6.15859036333858966827392578125">
        <ele>171</ele>
        <time>2026-07-29T20:38:13.000Z</time>
        <extensions>
          <ns3:TrackPointExtension>
            <ns3:atemp>28.0</ns3:atemp>
            <ns3:hr>149</ns3:hr>
            <ns3:cad>83</ns3:cad>
          </ns3:TrackPointExtension>
        </extensions>
      </trkpt>
      <trkpt lat="49.13254438899457454681396484375" lon="6.1586134135723114013671875">
        <ele>171</ele>
        <time>2026-07-29T20:38:14.000Z</time>
        <extensions>
          <ns3:TrackPointExtension>
            <ns3:atemp>28.0</ns3:atemp>
            <ns3:hr>149</ns3:hr>
            <ns3:cad>83</ns3:cad>
          </ns3:TrackPointExtension>
        </extensions>
      </trkpt>
      <trkpt lat="49.13252192549407482147216796875" lon="6.1586347036063671112060546875">
        <ele>171</ele>
        <time>2026-07-29T20:38:15.000Z</time>
        <extensions>
          <ns3:TrackPointExtension>
            <ns3:atemp>28.0</ns3:atemp>
            <ns3:hr>149</ns3:hr>
            <ns3:cad>82</ns3:cad>
          </ns3:TrackPointExtension>
        </extensions>
      </trkpt>
      <trkpt lat="49.13250423967838287353515625" lon="6.1586534790694713592529296875">
        <ele>170.8000030517578125</ele>
        <time>2026-07-29T20:38:16.000Z</time>
        <extensions>
          <ns3:TrackPointExtension>
            <ns3:atemp>28.0</ns3:atemp>
            <ns3:hr>149</ns3:hr>
            <ns3:cad>82</ns3:cad>
          </ns3:TrackPointExtension>
        </extensions>
      </trkpt>
      <trkpt lat="49.1324725560843944549560546875" lon="6.15867300890386104583740234375">
        <ele>170.8000030517578125</ele>
        <time>2026-07-29T20:38:17.000Z</time>
        <extensions>
          <ns3:TrackPointExtension>
            <ns3:atemp>28.0</ns3:atemp>
            <ns3:hr>149</ns3:hr>
            <ns3:cad>82</ns3:cad>
          </ns3:TrackPointExtension>
        </extensions>
      </trkpt>
      <trkpt lat="49.13245059549808502197265625" lon="6.15868876688182353973388671875">
        <ele>170.8000030517578125</ele>
        <time>2026-07-29T20:38:18.000Z</time>
        <extensions>
          <ns3:TrackPointExtension>
            <ns3:atemp>28.0</ns3:atemp>
            <ns3:hr>149</ns3:hr>
            <ns3:cad>82</ns3:cad>
          </ns3:TrackPointExtension>
        </extensions>
      </trkpt>
      <trkpt lat="49.13242033682763576507568359375" lon="6.15869681350886821746826171875">
        <ele>170.8000030517578125</ele>
        <time>2026-07-29T20:38:19.000Z</time>
        <extensions>
          <ns3:TrackPointExtension>
            <ns3:atemp>28.0</ns3:atemp>
            <ns3:hr>149</ns3:hr>
            <ns3:cad>83</ns3:cad>
          </ns3:TrackPointExtension>
        </extensions>
      </trkpt>
      <trkpt lat="49.13239183835685253143310546875" lon="6.15869362838566303253173828125">
        <ele>170.8000030517578125</ele>
        <time>2026-07-29T20:38:20.000Z</time>
        <extensions>
          <ns3:TrackPointExtension>
            <ns3:atemp>28.0</ns3:atemp>
            <ns3:hr>150</ns3:hr>
            <ns3:cad>83</ns3:cad>
          </ns3:TrackPointExtension>
        </extensions>
      </trkpt>
      <trkpt lat="49.13236677646636962890625" lon="6.15869413129985332489013671875">
        <ele>171</ele>
        <time>2026-07-29T20:38:21.000Z</time>
        <extensions>
          <ns3:TrackPointExtension>
            <ns3:atemp>28.0</ns3:atemp>
            <ns3:hr>150</ns3:hr>
            <ns3:cad>84</ns3:cad>
          </ns3:TrackPointExtension>
        </extensions>
      </trkpt>
      <trkpt lat="49.13233869709074497222900390625" lon="6.1586816422641277313232421875">
        <ele>171</ele>
        <time>2026-07-29T20:38:22.000Z</time>
        <extensions>
          <ns3:TrackPointExtension>
            <ns3:atemp>28.0</ns3:atemp>
            <ns3:hr>150</ns3:hr>
            <ns3:cad>84</ns3:cad>
          </ns3:TrackPointExtension>
        </extensions>
      </trkpt>
      <trkpt lat="49.13231371901929378509521484375" lon="6.1586803011596202850341796875">
        <ele>171</ele>
        <time>2026-07-29T20:38:23.000Z</time>
        <extensions>
          <ns3:TrackPointExtension>
            <ns3:atemp>28.0</ns3:atemp>
            <ns3:hr>151</ns3:hr>
            <ns3:cad>84</ns3:cad>
          </ns3:TrackPointExtension>
        </extensions>
      </trkpt>
      <trkpt lat="49.13228471763432025909423828125" lon="6.15867267362773418426513671875">
        <ele>171</ele>
        <time>2026-07-29T20:38:24.000Z</time>
        <extensions>
          <ns3:TrackPointExtension>
            <ns3:atemp>28.0</ns3:atemp>
            <ns3:hr>151</ns3:hr>
            <ns3:cad>83</ns3:cad>
          </ns3:TrackPointExtension>
        </extensions>
      </trkpt>
      <trkpt lat="49.1322583146393299102783203125" lon="6.1586581729352474212646484375">
        <ele>171</ele>
        <time>2026-07-29T20:38:25.000Z</time>
        <extensions>
          <ns3:TrackPointExtension>
            <ns3:atemp>28.0</ns3:atemp>
            <ns3:hr>151</ns3:hr>
            <ns3:cad>84</ns3:cad>
          </ns3:TrackPointExtension>
        </extensions>
      </trkpt>
      <trkpt lat="49.1322345100343227386474609375" lon="6.158653981983661651611328125">
        <ele>170.8000030517578125</ele>
        <time>2026-07-29T20:38:26.000Z</time>
        <extensions>
          <ns3:TrackPointExtension>
            <ns3:atemp>28.0</ns3:atemp>
            <ns3:hr>151</ns3:hr>
            <ns3:cad>84</ns3:cad>
          </ns3:TrackPointExtension>
        </extensions>
      </trkpt>
      <trkpt lat="49.1322066821157932281494140625" lon="6.15863956511020660400390625">
        <ele>170.8000030517578125</ele>
        <time>2026-07-29T20:38:27.000Z</time>
        <extensions>
          <ns3:TrackPointExtension>
            <ns3:atemp>28.0</ns3:atemp>
            <ns3:hr>152</ns3:hr>
            <ns3:cad>84</ns3:cad>
          </ns3:TrackPointExtension>
        </extensions>
      </trkpt>
      <trkpt lat="49.1321822069585323333740234375" lon="6.15863461978733539581298828125">
        <ele>170.8000030517578125</ele>
        <time>2026-07-29T20:38:28.000Z</time>
        <extensions>
          <ns3:TrackPointExtension>
            <ns3:atemp>28.0</ns3:atemp>
            <ns3:hr>152</ns3:hr>
            <ns3:cad>84</ns3:cad>
          </ns3:TrackPointExtension>
        </extensions>
      </trkpt>
      <trkpt lat="49.1321540437638759613037109375" lon="6.15862590260803699493408203125">
        <ele>170.8000030517578125</ele>
        <time>2026-07-29T20:38:29.000Z</time>
        <extensions>
          <ns3:TrackPointExtension>
            <ns3:atemp>28.0</ns3:atemp>
            <ns3:hr>152</ns3:hr>
            <ns3:cad>84</ns3:cad>
          </ns3:TrackPointExtension>
        </extensions>
      </trkpt>
      <trkpt lat="49.13212847895920276641845703125" lon="6.15861282683908939361572265625">
        <ele>170.8000030517578125</ele>
        <time>2026-07-29T20:38:30.000Z</time>
        <extensions>
          <ns3:TrackPointExtension>
            <ns3:atemp>28.0</ns3:atemp>
            <ns3:hr>152</ns3:hr>
            <ns3:cad>84</ns3:cad>
          </ns3:TrackPointExtension>
        </extensions>
      </trkpt>
      <trkpt lat="49.132105596363544464111328125" lon="6.15861265920102596282958984375">
        <ele>170.8000030517578125</ele>
        <time>2026-07-29T20:38:31.000Z</time>
        <extensions>
          <ns3:TrackPointExtension>
            <ns3:atemp>28.0</ns3:atemp>
            <ns3:hr>153</ns3:hr>
            <ns3:cad>84</ns3:cad>
          </ns3:TrackPointExtension>
        </extensions>
      </trkpt>
      <trkpt lat="49.1320752538740634918212890625" lon="6.15860511548817157745361328125">
        <ele>170.8000030517578125</ele>
        <time>2026-07-29T20:38:32.000Z</time>
        <extensions>
          <ns3:TrackPointExtension>
            <ns3:atemp>28.0</ns3:atemp>
            <ns3:hr>153</ns3:hr>
            <ns3:cad>84</ns3:cad>
          </ns3:TrackPointExtension>
        </extensions>
      </trkpt>
      <trkpt lat="49.13204834796488285064697265625" lon="6.15860494785010814666748046875">
        <ele>170.600006103515625</ele>
        <time>2026-07-29T20:38:33.000Z</time>
        <extensions>
          <ns3:TrackPointExtension>
            <ns3:atemp>28.0</ns3:atemp>
            <ns3:hr>153</ns3:hr>
            <ns3:cad>84</ns3:cad>
          </ns3:TrackPointExtension>
        </extensions>
      </trkpt>
      <trkpt lat="49.13202052004635334014892578125" lon="6.15860612131655216217041015625">
        <ele>170.600006103515625</ele>
        <time>2026-07-29T20:38:34.000Z</time>
        <extensions>
          <ns3:TrackPointExtension>
            <ns3:atemp>28.0</ns3:atemp>
            <ns3:hr>153</ns3:hr>
            <ns3:cad>83</ns3:cad>
          </ns3:TrackPointExtension>
        </extensions>
      </trkpt>
      <trkpt lat="49.13199252448976039886474609375" lon="6.158601678907871246337890625">
        <ele>170.600006103515625</ele>
        <time>2026-07-29T20:38:35.000Z</time>
        <extensions>
          <ns3:TrackPointExtension>
            <ns3:atemp>28.0</ns3:atemp>
            <ns3:hr>153</ns3:hr>
            <ns3:cad>83</ns3:cad>
          </ns3:TrackPointExtension>
        </extensions>
      </trkpt>
      <trkpt lat="49.13196821697056293487548828125" lon="6.158610396087169647216796875">
        <ele>170.600006103515625</ele>
        <time>2026-07-29T20:38:36.000Z</time>
        <extensions>
          <ns3:TrackPointExtension>
            <ns3:atemp>28.0</ns3:atemp>
            <ns3:hr>153</ns3:hr>
            <ns3:cad>83</ns3:cad>
          </ns3:TrackPointExtension>
        </extensions>
      </trkpt>
      <trkpt lat="49.13193603046238422393798828125" lon="6.15860779769718647003173828125">
        <ele>170.600006103515625</ele>
        <time>2026-07-29T20:38:37.000Z</time>
        <extensions>
          <ns3:TrackPointExtension>
            <ns3:atemp>28.0</ns3:atemp>
            <ns3:hr>153</ns3:hr>
            <ns3:cad>83</ns3:cad>
          </ns3:TrackPointExtension>
        </extensions>
      </trkpt>
      <trkpt lat="49.13190878927707672119140625" lon="6.158617101609706878662109375">
        <ele>170.600006103515625</ele>
        <time>2026-07-29T20:38:38.000Z</time>
        <extensions>
          <ns3:TrackPointExtension>
            <ns3:atemp>28.0</ns3:atemp>
            <ns3:hr>153</ns3:hr>
            <ns3:cad>83</ns3:cad>
          </ns3:TrackPointExtension>
        </extensions>
      </trkpt>
      <trkpt lat="49.1318814642727375030517578125" lon="6.15861902944743633270263671875">
        <ele>170.600006103515625</ele>
        <time>2026-07-29T20:38:39.000Z</time>
        <extensions>
          <ns3:TrackPointExtension>
            <ns3:atemp>28.0</ns3:atemp>
            <ns3:hr>153</ns3:hr>
            <ns3:cad>83</ns3:cad>
          </ns3:TrackPointExtension>
        </extensions>
      </trkpt>
      <trkpt lat="49.13185380399227142333984375" lon="6.15861408412456512451171875">
        <ele>170.600006103515625</ele>
        <time>2026-07-29T20:38:40.000Z</time>
        <extensions>
          <ns3:TrackPointExtension>
            <ns3:atemp>28.0</ns3:atemp>
            <ns3:hr>153</ns3:hr>
            <ns3:cad>84</ns3:cad>
          </ns3:TrackPointExtension>
        </extensions>
      </trkpt>
      <trkpt lat="49.13183033466339111328125" lon="6.15862053819000720977783203125">
        <ele>170.600006103515625</ele>
        <time>2026-07-29T20:38:41.000Z</time>
        <extensions>
          <ns3:TrackPointExtension>
            <ns3:atemp>28.0</ns3:atemp>
            <ns3:hr>153</ns3:hr>
            <ns3:cad>84</ns3:cad>
          </ns3:TrackPointExtension>
        </extensions>
      </trkpt>
      <trkpt lat="49.13179923780262470245361328125" lon="6.1586134135723114013671875">
        <ele>170.600006103515625</ele>
        <time>2026-07-29T20:38:42.000Z</time>
        <extensions>
          <ns3:TrackPointExtension>
            <ns3:atemp>28.0</ns3:atemp>
            <ns3:hr>153</ns3:hr>
            <ns3:cad>84</ns3:cad>
          </ns3:TrackPointExtension>
        </extensions>
      </trkpt>
      <trkpt lat="49.13177560083568096160888671875" lon="6.15861819125711917877197265625">
        <ele>170.399993896484375</ele>
        <time>2026-07-29T20:38:43.000Z</time>
        <extensions>
          <ns3:TrackPointExtension>
            <ns3:atemp>28.0</ns3:atemp>
            <ns3:hr>153</ns3:hr>
            <ns3:cad>84</ns3:cad>
          </ns3:TrackPointExtension>
        </extensions>
      </trkpt>
      <trkpt lat="49.13174626417458057403564453125" lon="6.15861944854259490966796875">
        <ele>170.399993896484375</ele>
        <time>2026-07-29T20:38:44.000Z</time>
        <extensions>
          <ns3:TrackPointExtension>
            <ns3:atemp>28.0</ns3:atemp>
            <ns3:hr>153</ns3:hr>
            <ns3:cad>85</ns3:cad>
          </ns3:TrackPointExtension>
        </extensions>
      </trkpt>
      <trkpt lat="49.1317181847989559173583984375" lon="6.15861031226813793182373046875">
        <ele>170.399993896484375</ele>
        <time>2026-07-29T20:38:45.000Z</time>
        <extensions>
          <ns3:TrackPointExtension>
            <ns3:atemp>28.0</ns3:atemp>
            <ns3:hr>153</ns3:hr>
            <ns3:cad>85</ns3:cad>
          </ns3:TrackPointExtension>
        </extensions>
      </trkpt>
      <trkpt lat="49.1316922008991241455078125" lon="6.1586088873445987701416015625">
        <ele>170.399993896484375</ele>
        <time>2026-07-29T20:38:46.000Z</time>
        <extensions>
          <ns3:TrackPointExtension>
            <ns3:atemp>28.0</ns3:atemp>
            <ns3:hr>152</ns3:hr>
            <ns3:cad>85</ns3:cad>
          </ns3:TrackPointExtension>
        </extensions>
      </trkpt>
      <trkpt lat="49.1316595114767551422119140625" lon="6.15860142745077610015869140625">
        <ele>170.1999969482421875</ele>
        <time>2026-07-29T20:38:47.000Z</time>
        <extensions>
          <ns3:TrackPointExtension>
            <ns3:atemp>28.0</ns3:atemp>
            <ns3:hr>152</ns3:hr>
            <ns3:cad>84</ns3:cad>
          </ns3:TrackPointExtension>
        </extensions>
      </trkpt>
      <trkpt lat="49.1316331923007965087890625" lon="6.1586011759936809539794921875">
        <ele>170.1999969482421875</ele>
        <time>2026-07-29T20:38:48.000Z</time>
        <extensions>
          <ns3:TrackPointExtension>
            <ns3:atemp>28.0</ns3:atemp>
            <ns3:hr>152</ns3:hr>
            <ns3:cad>83</ns3:cad>
          </ns3:TrackPointExtension>
        </extensions>
      </trkpt>
      <trkpt lat="49.13160704076290130615234375" lon="6.158601678907871246337890625">
        <ele>170.1999969482421875</ele>
        <time>2026-07-29T20:38:49.000Z</time>
        <extensions>
          <ns3:TrackPointExtension>
            <ns3:atemp>28.0</ns3:atemp>
            <ns3:hr>152</ns3:hr>
            <ns3:cad>83</ns3:cad>
          </ns3:TrackPointExtension>
        </extensions>
      </trkpt>
      <trkpt lat="49.13157946430146694183349609375" lon="6.158592291176319122314453125">
        <ele>170.1999969482421875</ele>
        <time>2026-07-29T20:38:50.000Z</time>
        <extensions>
          <ns3:TrackPointExtension>
            <ns3:atemp>28.0</ns3:atemp>
            <ns3:hr>152</ns3:hr>
            <ns3:cad>83</ns3:cad>
          </ns3:TrackPointExtension>
        </extensions>
      </trkpt>
      <trkpt lat="49.13155348040163516998291015625" lon="6.15859371609985828399658203125">
        <ele>170.1999969482421875</ele>
        <time>2026-07-29T20:38:51.000Z</time>
        <extensions>
          <ns3:TrackPointExtension>
            <ns3:atemp>28.0</ns3:atemp>
            <ns3:hr>152</ns3:hr>
            <ns3:cad>83</ns3:cad>
          </ns3:TrackPointExtension>
        </extensions>
      </trkpt>
      <trkpt lat="49.13151525892317295074462890625" lon="6.15858566947281360626220703125">
        <ele>170.1999969482421875</ele>
        <time>2026-07-29T20:38:52.000Z</time>
        <extensions>
          <ns3:TrackPointExtension>
            <ns3:atemp>28.0</ns3:atemp>
            <ns3:hr>152</ns3:hr>
            <ns3:cad>83</ns3:cad>
          </ns3:TrackPointExtension>
        </extensions>
      </trkpt>
      <trkpt lat="49.131483994424343109130859375" lon="6.15858801640570163726806640625">
        <ele>170.1999969482421875</ele>
        <time>2026-07-29T20:38:53.000Z</time>
        <extensions>
          <ns3:TrackPointExtension>
            <ns3:atemp>28.0</ns3:atemp>
            <ns3:hr>153</ns3:hr>
            <ns3:cad>83</ns3:cad>
          </ns3:TrackPointExtension>
        </extensions>
      </trkpt>
      <trkpt lat="49.1314492933452129364013671875" lon="6.158586926758289337158203125">
        <ele>170</ele>
        <time>2026-07-29T20:38:54.000Z</time>
        <extensions>
          <ns3:TrackPointExtension>
            <ns3:atemp>28.0</ns3:atemp>
            <ns3:hr>153</ns3:hr>
            <ns3:cad>83</ns3:cad>
          </ns3:TrackPointExtension>
        </extensions>
      </trkpt>
      <trkpt lat="49.13141727447509765625" lon="6.15858365781605243682861328125">
        <ele>170</ele>
        <time>2026-07-29T20:38:55.000Z</time>
        <extensions>
          <ns3:TrackPointExtension>
            <ns3:atemp>28.0</ns3:atemp>
            <ns3:hr>153</ns3:hr>
            <ns3:cad>83</ns3:cad>
          </ns3:TrackPointExtension>
        </extensions>
      </trkpt>
      <trkpt lat="49.13139045238494873046875" lon="6.158585585653781890869140625">
        <ele>170</ele>
        <time>2026-07-29T20:38:56.000Z</time>
        <extensions>
          <ns3:TrackPointExtension>
            <ns3:atemp>28.0</ns3:atemp>
            <ns3:hr>154</ns3:hr>
            <ns3:cad>84</ns3:cad>
          </ns3:TrackPointExtension>
        </extensions>
      </trkpt>
      <trkpt lat="49.1313550807535648345947265625" lon="6.1585763655602931976318359375">
        <ele>170</ele>
        <time>2026-07-29T20:38:57.000Z</time>
        <extensions>
          <ns3:TrackPointExtension>
            <ns3:atemp>28.0</ns3:atemp>
            <ns3:hr>154</ns3:hr>
            <ns3:cad>84</ns3:cad>
          </ns3:TrackPointExtension>
        </extensions>
      </trkpt>
      <trkpt lat="49.13132716901600360870361328125" lon="6.158578880131244659423828125">
        <ele>170</ele>
        <time>2026-07-29T20:38:58.000Z</time>
        <extensions>
          <ns3:TrackPointExtension>
            <ns3:atemp>28.0</ns3:atemp>
            <ns3:hr>155</ns3:hr>
            <ns3:cad>84</ns3:cad>
          </ns3:TrackPointExtension>
        </extensions>
      </trkpt>
      <trkpt lat="49.13129188120365142822265625" lon="6.15857980214059352874755859375">
        <ele>170.1999969482421875</ele>
        <time>2026-07-29T20:38:59.000Z</time>
        <extensions>
          <ns3:TrackPointExtension>
            <ns3:atemp>28.0</ns3:atemp>
            <ns3:hr>155</ns3:hr>
            <ns3:cad>84</ns3:cad>
          </ns3:TrackPointExtension>
        </extensions>
      </trkpt>
      <trkpt lat="49.13125969469547271728515625" lon="6.15857896395027637481689453125">
        <ele>170.1999969482421875</ele>
        <time>2026-07-29T20:39:00.000Z</time>
        <extensions>
          <ns3:TrackPointExtension>
            <ns3:atemp>28.0</ns3:atemp>
            <ns3:hr>155</ns3:hr>
            <ns3:cad>84</ns3:cad>
          </ns3:TrackPointExtension>
        </extensions>
      </trkpt>
      <trkpt lat="49.1312293522059917449951171875" lon="6.158582232892513275146484375">
        <ele>170.1999969482421875</ele>
        <time>2026-07-29T20:39:01.000Z</time>
        <extensions>
          <ns3:TrackPointExtension>
            <ns3:atemp>28.0</ns3:atemp>
            <ns3:hr>155</ns3:hr>
            <ns3:cad>84</ns3:cad>
          </ns3:TrackPointExtension>
        </extensions>
      </trkpt>
      <trkpt lat="49.131192974746227264404296875" lon="6.15857192315161228179931640625">
        <ele>170.1999969482421875</ele>
        <time>2026-07-29T20:39:02.000Z</time>
        <extensions>
          <ns3:TrackPointExtension>
            <ns3:atemp>28.0</ns3:atemp>
            <ns3:hr>155</ns3:hr>
            <ns3:cad>84</ns3:cad>
          </ns3:TrackPointExtension>
        </extensions>
      </trkpt>
      <trkpt lat="49.13116447627544403076171875" lon="6.1585750244557857513427734375">
        <ele>170.1999969482421875</ele>
        <time>2026-07-29T20:39:03.000Z</time>
        <extensions>
          <ns3:TrackPointExtension>
            <ns3:atemp>28.0</ns3:atemp>
            <ns3:hr>156</ns3:hr>
            <ns3:cad>84</ns3:cad>
          </ns3:TrackPointExtension>
        </extensions>
      </trkpt>
      <trkpt lat="49.1311304457485675811767578125" lon="6.15856303833425045013427734375">
        <ele>170.1999969482421875</ele>
        <time>2026-07-29T20:39:04.000Z</time>
        <extensions>
          <ns3:TrackPointExtension>
            <ns3:atemp>28.0</ns3:atemp>
            <ns3:hr>156</ns3:hr>
            <ns3:cad>84</ns3:cad>
          </ns3:TrackPointExtension>
        </extensions>
      </trkpt>
      <trkpt lat="49.13110353983938694000244140625" lon="6.15853856317698955535888671875">
        <ele>170.1999969482421875</ele>
        <time>2026-07-29T20:39:05.000Z</time>
        <extensions>
          <ns3:TrackPointExtension>
            <ns3:atemp>28.0</ns3:atemp>
            <ns3:hr>157</ns3:hr>
            <ns3:cad>85</ns3:cad>
          </ns3:TrackPointExtension>
        </extensions>
      </trkpt>
      <trkpt lat="49.13107688538730144500732421875" lon="6.158514507114887237548828125">
        <ele>170.1999969482421875</ele>
        <time>2026-07-29T20:39:06.000Z</time>
        <extensions>
          <ns3:TrackPointExtension>
            <ns3:atemp>28.0</ns3:atemp>
            <ns3:hr>157</ns3:hr>
            <ns3:cad>85</ns3:cad>
          </ns3:TrackPointExtension>
        </extensions>
      </trkpt>
      <trkpt lat="49.131052829325199127197265625" lon="6.15849078632891178131103515625">
        <ele>170.1999969482421875</ele>
        <time>2026-07-29T20:39:07.000Z</time>
        <extensions>
          <ns3:TrackPointExtension>
            <ns3:atemp>28.0</ns3:atemp>
            <ns3:hr>157</ns3:hr>
            <ns3:cad>85</ns3:cad>
          </ns3:TrackPointExtension>
        </extensions>
      </trkpt>
      <trkpt lat="49.13103028200566768646240234375" lon="6.15846798755228519439697265625">
        <ele>170.1999969482421875</ele>
        <time>2026-07-29T20:39:08.000Z</time>
        <extensions>
          <ns3:TrackPointExtension>
            <ns3:atemp>28.0</ns3:atemp>
            <ns3:hr>157</ns3:hr>
            <ns3:cad>85</ns3:cad>
          </ns3:TrackPointExtension>
        </extensions>
      </trkpt>
      <trkpt lat="49.13100530393421649932861328125" lon="6.1584348790347576141357421875">
        <ele>170.1999969482421875</ele>
        <time>2026-07-29T20:39:09.000Z</time>
        <extensions>
          <ns3:TrackPointExtension>
            <ns3:atemp>28.0</ns3:atemp>
            <ns3:hr>158</ns3:hr>
            <ns3:cad>85</ns3:cad>
          </ns3:TrackPointExtension>
        </extensions>
      </trkpt>
      <trkpt lat="49.13098166696727275848388671875" lon="6.15841166116297245025634765625">
        <ele>170.1999969482421875</ele>
        <time>2026-07-29T20:39:10.000Z</time>
        <extensions>
          <ns3:TrackPointExtension>
            <ns3:atemp>28.0</ns3:atemp>
            <ns3:hr>158</ns3:hr>
            <ns3:cad>85</ns3:cad>
          </ns3:TrackPointExtension>
        </extensions>
      </trkpt>
      <trkpt lat="49.1309564374387264251708984375" lon="6.15838265977799892425537109375">
        <ele>170.1999969482421875</ele>
        <time>2026-07-29T20:39:11.000Z</time>
        <extensions>
          <ns3:TrackPointExtension>
            <ns3:atemp>28.0</ns3:atemp>
            <ns3:hr>158</ns3:hr>
            <ns3:cad>85</ns3:cad>
          </ns3:TrackPointExtension>
        </extensions>
      </trkpt>
      <trkpt lat="49.13093204610049724578857421875" lon="6.15835131146013736724853515625">
        <ele>170.1999969482421875</ele>
        <time>2026-07-29T20:39:12.000Z</time>
        <extensions>
          <ns3:TrackPointExtension>
            <ns3:atemp>28.0</ns3:atemp>
            <ns3:hr>158</ns3:hr>
            <ns3:cad>85</ns3:cad>
          </ns3:TrackPointExtension>
        </extensions>
      </trkpt>
      <trkpt lat="49.13090824149549007415771484375" lon="6.1583269201219081878662109375">
        <ele>170.1999969482421875</ele>
        <time>2026-07-29T20:39:13.000Z</time>
        <extensions>
          <ns3:TrackPointExtension>
            <ns3:atemp>28.0</ns3:atemp>
            <ns3:hr>158</ns3:hr>
            <ns3:cad>85</ns3:cad>
          </ns3:TrackPointExtension>
        </extensions>
      </trkpt>
      <trkpt lat="49.13088058121502399444580078125" lon="6.158289201557636260986328125">
        <ele>170</ele>
        <time>2026-07-29T20:39:14.000Z</time>
        <extensions>
          <ns3:TrackPointExtension>
            <ns3:atemp>28.0</ns3:atemp>
            <ns3:hr>158</ns3:hr>
            <ns3:cad>85</ns3:cad>
          </ns3:TrackPointExtension>
        </extensions>
      </trkpt>
      <trkpt lat="49.13085828535258769989013671875" lon="6.15826497785747051239013671875">
        <ele>170.1999969482421875</ele>
        <time>2026-07-29T20:39:15.000Z</time>
        <extensions>
          <ns3:TrackPointExtension>
            <ns3:atemp>28.0</ns3:atemp>
            <ns3:hr>159</ns3:hr>
            <ns3:cad>85</ns3:cad>
          </ns3:TrackPointExtension>
        </extensions>
      </trkpt>
      <trkpt lat="49.1308360733091831207275390625" lon="6.1582293547689914703369140625">
        <ele>170.1999969482421875</ele>
        <time>2026-07-29T20:39:16.000Z</time>
        <extensions>
          <ns3:TrackPointExtension>
            <ns3:atemp>28.0</ns3:atemp>
            <ns3:hr>159</ns3:hr>
            <ns3:cad>84</ns3:cad>
          </ns3:TrackPointExtension>
        </extensions>
      </trkpt>
      <trkpt lat="49.13081671111285686492919921875" lon="6.1581988446414470672607421875">
        <ele>170.1999969482421875</ele>
        <time>2026-07-29T20:39:17.000Z</time>
        <extensions>
          <ns3:TrackPointExtension>
            <ns3:atemp>28.0</ns3:atemp>
            <ns3:hr>159</ns3:hr>
            <ns3:cad>84</ns3:cad>
          </ns3:TrackPointExtension>
        </extensions>
      </trkpt>
      <trkpt lat="49.13079508580267429351806640625" lon="6.15816925652325153350830078125">
        <ele>170.399993896484375</ele>
        <time>2026-07-29T20:39:18.000Z</time>
        <extensions>
          <ns3:TrackPointExtension>
            <ns3:atemp>28.0</ns3:atemp>
            <ns3:hr>159</ns3:hr>
            <ns3:cad>84</ns3:cad>
          </ns3:TrackPointExtension>
        </extensions>
      </trkpt>
      <trkpt lat="49.13077295757830142974853515625" lon="6.15813338197767734527587890625">
        <ele>170.399993896484375</ele>
        <time>2026-07-29T20:39:19.000Z</time>
        <extensions>
          <ns3:TrackPointExtension>
            <ns3:atemp>28.0</ns3:atemp>
            <ns3:hr>160</ns3:hr>
            <ns3:cad>84</ns3:cad>
          </ns3:TrackPointExtension>
        </extensions>
      </trkpt>
      <trkpt lat="49.13075250573456287384033203125" lon="6.158112175762653350830078125">
        <ele>170.399993896484375</ele>
        <time>2026-07-29T20:39:20.000Z</time>
        <extensions>
          <ns3:TrackPointExtension>
            <ns3:atemp>28.0</ns3:atemp>
            <ns3:hr>160</ns3:hr>
            <ns3:cad>84</ns3:cad>
          </ns3:TrackPointExtension>
        </extensions>
      </trkpt>
      <trkpt lat="49.130727946758270263671875" lon="6.15807940252125263214111328125">
        <ele>170.399993896484375</ele>
        <time>2026-07-29T20:39:21.000Z</time>
        <extensions>
          <ns3:TrackPointExtension>
            <ns3:atemp>28.0</ns3:atemp>
            <ns3:hr>160</ns3:hr>
            <ns3:cad>84</ns3:cad>
          </ns3:TrackPointExtension>
        </extensions>
      </trkpt>
      <trkpt lat="49.1307066567242145538330078125" lon="6.158059537410736083984375">
        <ele>170.399993896484375</ele>
        <time>2026-07-29T20:39:22.000Z</time>
        <extensions>
          <ns3:TrackPointExtension>
            <ns3:atemp>28.0</ns3:atemp>
            <ns3:hr>161</ns3:hr>
            <ns3:cad>84</ns3:cad>
          </ns3:TrackPointExtension>
        </extensions>
      </trkpt>
      <trkpt lat="49.1306841932237148284912109375" lon="6.1580313742160797119140625">
        <ele>170.399993896484375</ele>
        <time>2026-07-29T20:39:23.000Z</time>
        <extensions>
          <ns3:TrackPointExtension>
            <ns3:atemp>28.0</ns3:atemp>
            <ns3:hr>161</ns3:hr>
            <ns3:cad>85</ns3:cad>
          </ns3:TrackPointExtension>
        </extensions>
      </trkpt>
      <trkpt lat="49.13066424429416656494140625" lon="6.15799474529922008514404296875">
        <ele>170.399993896484375</ele>
        <time>2026-07-29T20:39:24.000Z</time>
        <extensions>
          <ns3:TrackPointExtension>
            <ns3:atemp>28.0</ns3:atemp>
            <ns3:hr>161</ns3:hr>
            <ns3:cad>85</ns3:cad>
          </ns3:TrackPointExtension>
        </extensions>
      </trkpt>
      <trkpt lat="49.1306469775736331939697265625" lon="6.1579628102481365203857421875">
        <ele>170.399993896484375</ele>
        <time>2026-07-29T20:39:25.000Z</time>
        <extensions>
          <ns3:TrackPointExtension>
            <ns3:atemp>28.0</ns3:atemp>
            <ns3:hr>161</ns3:hr>
            <ns3:cad>85</ns3:cad>
          </ns3:TrackPointExtension>
        </extensions>
      </trkpt>
      <trkpt lat="49.1306340694427490234375" lon="6.157877147197723388671875">
        <ele>170.399993896484375</ele>
        <time>2026-07-29T20:39:26.000Z</time>
        <extensions>
          <ns3:TrackPointExtension>
            <ns3:atemp>28.0</ns3:atemp>
            <ns3:hr>161</ns3:hr>
            <ns3:cad>84</ns3:cad>
          </ns3:TrackPointExtension>
        </extensions>
      </trkpt>
      <trkpt lat="49.1306422837078571319580078125" lon="6.1578273586928844451904296875">
        <ele>170.1999969482421875</ele>
        <time>2026-07-29T20:39:27.000Z</time>
        <extensions>
          <ns3:TrackPointExtension>
            <ns3:atemp>28.0</ns3:atemp>
            <ns3:hr>161</ns3:hr>
            <ns3:cad>84</ns3:cad>
          </ns3:TrackPointExtension>
        </extensions>
      </trkpt>
      <trkpt lat="49.13065024651587009429931640625" lon="6.157791651785373687744140625">
        <ele>170.1999969482421875</ele>
        <time>2026-07-29T20:39:28.000Z</time>
        <extensions>
          <ns3:TrackPointExtension>
            <ns3:atemp>28.0</ns3:atemp>
            <ns3:hr>161</ns3:hr>
            <ns3:cad>84</ns3:cad>
          </ns3:TrackPointExtension>
        </extensions>
      </trkpt>
      <trkpt lat="49.1306530125439167022705078125" lon="6.15775938145816326141357421875">
        <ele>170.399993896484375</ele>
        <time>2026-07-29T20:39:29.000Z</time>
        <extensions>
          <ns3:TrackPointExtension>
            <ns3:atemp>28.0</ns3:atemp>
            <ns3:hr>161</ns3:hr>
            <ns3:cad>84</ns3:cad>
          </ns3:TrackPointExtension>
        </extensions>
      </trkpt>
      <trkpt lat="49.1306516714394092559814453125" lon="6.157729290425777435302734375">
        <ele>170.399993896484375</ele>
        <time>2026-07-29T20:39:30.000Z</time>
        <extensions>
          <ns3:TrackPointExtension>
            <ns3:atemp>28.0</ns3:atemp>
            <ns3:hr>161</ns3:hr>
            <ns3:cad>84</ns3:cad>
          </ns3:TrackPointExtension>
        </extensions>
      </trkpt>
      <trkpt lat="49.13064739666879177093505859375" lon="6.1577106826007366180419921875">
        <ele>170.399993896484375</ele>
        <time>2026-07-29T20:39:31.000Z</time>
        <extensions>
          <ns3:TrackPointExtension>
            <ns3:atemp>28.0</ns3:atemp>
            <ns3:hr>161</ns3:hr>
            <ns3:cad>84</ns3:cad>
          </ns3:TrackPointExtension>
        </extensions>
      </trkpt>
    </trkseg>
  </trk>
</gpx>
