<gpx xmlns:ns3="http://www.garmin.com/xmlschemas/TrackPointExtension/v1" xmlns="http://www.topografix.com/GPX/1/1" xmlns:xsi="http://www.w3.org/2001/XMLSchema-instance" xmlns:ns2="http://www.garmin.com/xmlschemas/GpxExtensions/v3" creator="Garmin Connect" version="1.1" xsi:schemaLocation="http://www.topografix.com/GPX/1/1 http://www.topografix.com/GPX/11.xsd">
  <extensions>
<distance>5229.25</distance>
<average_hr>196.0</average_hr>
<average_speed>4.047407120743034</average_speed>
<start_time>2026-09-05T16:14:59+00:00</start_time>
<end_time>2026-09-05T16:36:31+00:00</end_time>
<moving_time>1290.38</moving_time>
<elapsed_time>1292.0</elapsed_time>
</extensions>
<metadata>
    <link href="connect.garmin.com">
      <text>Garmin Connect</text>
    </link>
    <time>2026-09-05T16:14:59.000Z</time>
  </metadata>
  <trk>
    <name>Escher Kulturlaf</name>
    <type>running</type>
    <trkseg>
      <trkpt lat="49.5031032152473926544189453125" lon="5.9493084065616130828857421875">
        <ele>312.79998779296875</ele>
        <time>2026-09-05T16:14:59.000Z</time>
        <extensions>
          <ns3:TrackPointExtension>
            <ns3:atemp>26.0</ns3:atemp>
            <ns3:hr>164</ns3:hr>
            <ns3:cad>62</ns3:cad>
          </ns3:TrackPointExtension>
        </extensions>
      </trkpt>
      <trkpt lat="49.5031115971505641937255859375" lon="5.9493308700621128082275390625">
        <ele>312.79998779296875</ele>
        <time>2026-09-05T16:15:00.000Z</time>
        <extensions>
          <ns3:TrackPointExtension>
            <ns3:atemp>26.0</ns3:atemp>
            <ns3:hr>165</ns3:hr>
            <ns3:cad>0</ns3:cad>
          </ns3:TrackPointExtension>
        </extensions>
      </trkpt>
      <trkpt lat="49.50313749723136425018310546875" lon="5.949354507029056549072265625">
        <ele>312.79998779296875</ele>
        <time>2026-09-05T16:15:01.000Z</time>
        <extensions>
          <ns3:TrackPointExtension>
            <ns3:atemp>26.0</ns3:atemp>
            <ns3:hr>166</ns3:hr>
            <ns3:cad>0</ns3:cad>
          </ns3:TrackPointExtension>
        </extensions>
      </trkpt>
      <trkpt lat="49.50316272675991058349609375" lon="5.94937152229249477386474609375">
        <ele>312.79998779296875</ele>
        <time>2026-09-05T16:15:02.000Z</time>
        <extensions>
          <ns3:TrackPointExtension>
            <ns3:atemp>26.0</ns3:atemp>
            <ns3:hr>168</ns3:hr>
            <ns3:cad>0</ns3:cad>
          </ns3:TrackPointExtension>
        </extensions>
      </trkpt>
      <trkpt lat="49.5031960867345333099365234375" lon="5.9493955783545970916748046875">
        <ele>312.79998779296875</ele>
        <time>2026-09-05T16:15:03.000Z</time>
        <extensions>
          <ns3:TrackPointExtension>
            <ns3:atemp>26.0</ns3:atemp>
            <ns3:hr>169</ns3:hr>
            <ns3:cad>0</ns3:cad>
          </ns3:TrackPointExtension>
        </extensions>
      </trkpt>
      <trkpt lat="49.50323673896491527557373046875" lon="5.9494193829596042633056640625">
        <ele>312.79998779296875</ele>
        <time>2026-09-05T16:15:04.000Z</time>
        <extensions>
          <ns3:TrackPointExtension>
            <ns3:atemp>26.0</ns3:atemp>
            <ns3:hr>171</ns3:hr>
            <ns3:cad>0</ns3:cad>
          </ns3:TrackPointExtension>
        </extensions>
      </trkpt>
      <trkpt lat="49.50328334234654903411865234375" lon="5.949445031583309173583984375">
        <ele>313</ele>
        <time>2026-09-05T16:15:05.000Z</time>
        <extensions>
          <ns3:TrackPointExtension>
            <ns3:atemp>26.0</ns3:atemp>
            <ns3:hr>171</ns3:hr>
            <ns3:cad>0</ns3:cad>
          </ns3:TrackPointExtension>
        </extensions>
      </trkpt>
      <trkpt lat="49.50332474894821643829345703125" lon="5.9494721889495849609375">
        <ele>313</ele>
        <time>2026-09-05T16:15:06.000Z</time>
        <extensions>
          <ns3:TrackPointExtension>
            <ns3:atemp>26.0</ns3:atemp>
            <ns3:hr>173</ns3:hr>
            <ns3:cad>0</ns3:cad>
          </ns3:TrackPointExtension>
        </extensions>
      </trkpt>
      <trkpt lat="49.50336481444537639617919921875" lon="5.9494954906404018402099609375">
        <ele>313</ele>
        <time>2026-09-05T16:15:07.000Z</time>
        <extensions>
          <ns3:TrackPointExtension>
            <ns3:atemp>26.0</ns3:atemp>
            <ns3:hr>173</ns3:hr>
            <ns3:cad>96</ns3:cad>
          </ns3:TrackPointExtension>
        </extensions>
      </trkpt>
      <trkpt lat="49.5034032873809337615966796875" lon="5.9495192952454090118408203125">
        <ele>313</ele>
        <time>2026-09-05T16:15:08.000Z</time>
        <extensions>
          <ns3:TrackPointExtension>
            <ns3:atemp>26.0</ns3:atemp>
            <ns3:hr>173</ns3:hr>
            <ns3:cad>96</ns3:cad>
          </ns3:TrackPointExtension>
        </extensions>
      </trkpt>
      <trkpt lat="49.503439329564571380615234375" lon="5.9495434351265430450439453125">
        <ele>313.20001220703125</ele>
        <time>2026-09-05T16:15:09.000Z</time>
        <extensions>
          <ns3:TrackPointExtension>
            <ns3:atemp>26.0</ns3:atemp>
            <ns3:hr>173</ns3:hr>
            <ns3:cad>96</ns3:cad>
          </ns3:TrackPointExtension>
        </extensions>
      </trkpt>
      <trkpt lat="49.50348065234720706939697265625" lon="5.94956313259899616241455078125">
        <ele>313.20001220703125</ele>
        <time>2026-09-05T16:15:10.000Z</time>
        <extensions>
          <ns3:TrackPointExtension>
            <ns3:atemp>26.0</ns3:atemp>
            <ns3:hr>173</ns3:hr>
            <ns3:cad>96</ns3:cad>
          </ns3:TrackPointExtension>
        </extensions>
      </trkpt>
      <trkpt lat="49.50352189131081104278564453125" lon="5.94958794303238391876220703125">
        <ele>313.20001220703125</ele>
        <time>2026-09-05T16:15:11.000Z</time>
        <extensions>
          <ns3:TrackPointExtension>
            <ns3:atemp>26.0</ns3:atemp>
            <ns3:hr>174</ns3:hr>
            <ns3:cad>96</ns3:cad>
          </ns3:TrackPointExtension>
        </extensions>
      </trkpt>
      <trkpt lat="49.5035548321902751922607421875" lon="5.94960428774356842041015625">
        <ele>313</ele>
        <time>2026-09-05T16:15:12.000Z</time>
        <extensions>
          <ns3:TrackPointExtension>
            <ns3:atemp>26.0</ns3:atemp>
            <ns3:hr>175</ns3:hr>
            <ns3:cad>96</ns3:cad>
          </ns3:TrackPointExtension>
        </extensions>
      </trkpt>
      <trkpt lat="49.5035967417061328887939453125" lon="5.94963789917528629302978515625">
        <ele>313</ele>
        <time>2026-09-05T16:15:13.000Z</time>
        <extensions>
          <ns3:TrackPointExtension>
            <ns3:atemp>26.0</ns3:atemp>
            <ns3:hr>177</ns3:hr>
            <ns3:cad>96</ns3:cad>
          </ns3:TrackPointExtension>
        </extensions>
      </trkpt>
      <trkpt lat="49.50363219715654850006103515625" lon="5.94964921474456787109375">
        <ele>313</ele>
        <time>2026-09-05T16:15:14.000Z</time>
        <extensions>
          <ns3:TrackPointExtension>
            <ns3:atemp>26.0</ns3:atemp>
            <ns3:hr>179</ns3:hr>
            <ns3:cad>96</ns3:cad>
          </ns3:TrackPointExtension>
        </extensions>
      </trkpt>
      <trkpt lat="49.50367025099694728851318359375" lon="5.9496785514056682586669921875">
        <ele>313</ele>
        <time>2026-09-05T16:15:15.000Z</time>
        <extensions>
          <ns3:TrackPointExtension>
            <ns3:atemp>26.0</ns3:atemp>
            <ns3:hr>181</ns3:hr>
            <ns3:cad>96</ns3:cad>
          </ns3:TrackPointExtension>
        </extensions>
      </trkpt>
      <trkpt lat="49.5037023536860942840576171875" lon="5.94969439320266246795654296875">
        <ele>313</ele>
        <time>2026-09-05T16:15:16.000Z</time>
        <extensions>
          <ns3:TrackPointExtension>
            <ns3:atemp>26.0</ns3:atemp>
            <ns3:hr>182</ns3:hr>
            <ns3:cad>96</ns3:cad>
          </ns3:TrackPointExtension>
        </extensions>
      </trkpt>
      <trkpt lat="49.5037425868213176727294921875" lon="5.94971484504640102386474609375">
        <ele>313</ele>
        <time>2026-09-05T16:15:17.000Z</time>
        <extensions>
          <ns3:TrackPointExtension>
            <ns3:atemp>26.0</ns3:atemp>
            <ns3:hr>182</ns3:hr>
            <ns3:cad>96</ns3:cad>
          </ns3:TrackPointExtension>
        </extensions>
      </trkpt>
      <trkpt lat="49.5037781260907649993896484375" lon="5.949724651873111724853515625">
        <ele>313</ele>
        <time>2026-09-05T16:15:18.000Z</time>
        <extensions>
          <ns3:TrackPointExtension>
            <ns3:atemp>26.0</ns3:atemp>
            <ns3:hr>182</ns3:hr>
            <ns3:cad>94</ns3:cad>
          </ns3:TrackPointExtension>
        </extensions>
      </trkpt>
      <trkpt lat="49.5038190297782421112060546875" lon="5.94973881728947162628173828125">
        <ele>312.79998779296875</ele>
        <time>2026-09-05T16:15:19.000Z</time>
        <extensions>
          <ns3:TrackPointExtension>
            <ns3:atemp>26.0</ns3:atemp>
            <ns3:hr>182</ns3:hr>
            <ns3:cad>94</ns3:cad>
          </ns3:TrackPointExtension>
        </extensions>
      </trkpt>
      <trkpt lat="49.50385917909443378448486328125" lon="5.94974686391651630401611328125">
        <ele>312.79998779296875</ele>
        <time>2026-09-05T16:15:20.000Z</time>
        <extensions>
          <ns3:TrackPointExtension>
            <ns3:atemp>26.0</ns3:atemp>
            <ns3:hr>182</ns3:hr>
            <ns3:cad>94</ns3:cad>
          </ns3:TrackPointExtension>
        </extensions>
      </trkpt>
      <trkpt lat="49.5038874261081218719482421875" lon="5.9497670643031597137451171875">
        <ele>312.600006103515625</ele>
        <time>2026-09-05T16:15:21.000Z</time>
        <extensions>
          <ns3:TrackPointExtension>
            <ns3:atemp>26.0</ns3:atemp>
            <ns3:hr>182</ns3:hr>
            <ns3:cad>94</ns3:cad>
          </ns3:TrackPointExtension>
        </extensions>
      </trkpt>
      <trkpt lat="49.50391776859760284423828125" lon="5.9497928805649280548095703125">
        <ele>312.600006103515625</ele>
        <time>2026-09-05T16:15:22.000Z</time>
        <extensions>
          <ns3:TrackPointExtension>
            <ns3:atemp>26.0</ns3:atemp>
            <ns3:hr>182</ns3:hr>
            <ns3:cad>94</ns3:cad>
          </ns3:TrackPointExtension>
        </extensions>
      </trkpt>
      <trkpt lat="49.5039467699825763702392578125" lon="5.94981626607477664947509765625">
        <ele>312.600006103515625</ele>
        <time>2026-09-05T16:15:23.000Z</time>
        <extensions>
          <ns3:TrackPointExtension>
            <ns3:atemp>26.0</ns3:atemp>
            <ns3:hr>184</ns3:hr>
            <ns3:cad>91</ns3:cad>
          </ns3:TrackPointExtension>
        </extensions>
      </trkpt>
      <trkpt lat="49.50398172251880168914794921875" lon="5.9498230554163455963134765625">
        <ele>312.399993896484375</ele>
        <time>2026-09-05T16:15:24.000Z</time>
        <extensions>
          <ns3:TrackPointExtension>
            <ns3:atemp>26.0</ns3:atemp>
            <ns3:hr>184</ns3:hr>
            <ns3:cad>90</ns3:cad>
          </ns3:TrackPointExtension>
        </extensions>
      </trkpt>
      <trkpt lat="49.50401457957923412322998046875" lon="5.94984208233654499053955078125">
        <ele>312.399993896484375</ele>
        <time>2026-09-05T16:15:25.000Z</time>
        <extensions>
          <ns3:TrackPointExtension>
            <ns3:atemp>26.0</ns3:atemp>
            <ns3:hr>185</ns3:hr>
            <ns3:cad>90</ns3:cad>
          </ns3:TrackPointExtension>
        </extensions>
      </trkpt>
      <trkpt lat="49.5040503703057765960693359375" lon="5.949860773980617523193359375">
        <ele>312.399993896484375</ele>
        <time>2026-09-05T16:15:26.000Z</time>
        <extensions>
          <ns3:TrackPointExtension>
            <ns3:atemp>26.0</ns3:atemp>
            <ns3:hr>186</ns3:hr>
            <ns3:cad>90</ns3:cad>
          </ns3:TrackPointExtension>
        </extensions>
      </trkpt>
      <trkpt lat="49.5040842331945896148681640625" lon="5.94987879507243633270263671875">
        <ele>312.600006103515625</ele>
        <time>2026-09-05T16:15:27.000Z</time>
        <extensions>
          <ns3:TrackPointExtension>
            <ns3:atemp>26.0</ns3:atemp>
            <ns3:hr>187</ns3:hr>
            <ns3:cad>90</ns3:cad>
          </ns3:TrackPointExtension>
        </extensions>
      </trkpt>
      <trkpt lat="49.5041315071284770965576171875" lon="5.949902348220348358154296875">
        <ele>312.600006103515625</ele>
        <time>2026-09-05T16:15:28.000Z</time>
        <extensions>
          <ns3:TrackPointExtension>
            <ns3:atemp>26.0</ns3:atemp>
            <ns3:hr>187</ns3:hr>
            <ns3:cad>92</ns3:cad>
          </ns3:TrackPointExtension>
        </extensions>
      </trkpt>
      <trkpt lat="49.50417333282530307769775390625" lon="5.94992020167410373687744140625">
        <ele>312.600006103515625</ele>
        <time>2026-09-05T16:15:29.000Z</time>
        <extensions>
          <ns3:TrackPointExtension>
            <ns3:atemp>26.0</ns3:atemp>
            <ns3:hr>187</ns3:hr>
            <ns3:cad>92</ns3:cad>
          </ns3:TrackPointExtension>
        </extensions>
      </trkpt>
      <trkpt lat="49.50422194786369800567626953125" lon="5.9499377198517322540283203125">
        <ele>312.600006103515625</ele>
        <time>2026-09-05T16:15:30.000Z</time>
        <extensions>
          <ns3:TrackPointExtension>
            <ns3:atemp>26.0</ns3:atemp>
            <ns3:hr>187</ns3:hr>
            <ns3:cad>92</ns3:cad>
          </ns3:TrackPointExtension>
        </extensions>
      </trkpt>
      <trkpt lat="49.50426452793180942535400390625" lon="5.94993688166141510009765625">
        <ele>312.600006103515625</ele>
        <time>2026-09-05T16:15:31.000Z</time>
        <extensions>
          <ns3:TrackPointExtension>
            <ns3:atemp>26.0</ns3:atemp>
            <ns3:hr>187</ns3:hr>
            <ns3:cad>92</ns3:cad>
          </ns3:TrackPointExtension>
        </extensions>
      </trkpt>
      <trkpt lat="49.50430266559123992919921875" lon="5.9499621950089931488037109375">
        <ele>312.600006103515625</ele>
        <time>2026-09-05T16:15:32.000Z</time>
        <extensions>
          <ns3:TrackPointExtension>
            <ns3:atemp>26.0</ns3:atemp>
            <ns3:hr>187</ns3:hr>
            <ns3:cad>92</ns3:cad>
          </ns3:TrackPointExtension>
        </extensions>
      </trkpt>
      <trkpt lat="49.50433912687003612518310546875" lon="5.9499816410243511199951171875">
        <ele>312.399993896484375</ele>
        <time>2026-09-05T16:15:33.000Z</time>
        <extensions>
          <ns3:TrackPointExtension>
            <ns3:atemp>26.0</ns3:atemp>
            <ns3:hr>188</ns3:hr>
            <ns3:cad>92</ns3:cad>
          </ns3:TrackPointExtension>
        </extensions>
      </trkpt>
      <trkpt lat="49.50438170693814754486083984375" lon="5.950021706521511077880859375">
        <ele>312.399993896484375</ele>
        <time>2026-09-05T16:15:34.000Z</time>
        <extensions>
          <ns3:TrackPointExtension>
            <ns3:atemp>26.0</ns3:atemp>
            <ns3:hr>188</ns3:hr>
            <ns3:cad>92</ns3:cad>
          </ns3:TrackPointExtension>
        </extensions>
      </trkpt>
      <trkpt lat="49.5044141449034214019775390625" lon="5.95004551112651824951171875">
        <ele>312.399993896484375</ele>
        <time>2026-09-05T16:15:35.000Z</time>
        <extensions>
          <ns3:TrackPointExtension>
            <ns3:atemp>26.0</ns3:atemp>
            <ns3:hr>188</ns3:hr>
            <ns3:cad>92</ns3:cad>
          </ns3:TrackPointExtension>
        </extensions>
      </trkpt>
      <trkpt lat="49.5044563896954059600830078125" lon="5.95007996074855327606201171875">
        <ele>312.399993896484375</ele>
        <time>2026-09-05T16:15:36.000Z</time>
        <extensions>
          <ns3:TrackPointExtension>
            <ns3:atemp>26.0</ns3:atemp>
            <ns3:hr>188</ns3:hr>
            <ns3:cad>92</ns3:cad>
          </ns3:TrackPointExtension>
        </extensions>
      </trkpt>
      <trkpt lat="49.50449402444064617156982421875" lon="5.95010141842067241668701171875">
        <ele>312.399993896484375</ele>
        <time>2026-09-05T16:15:37.000Z</time>
        <extensions>
          <ns3:TrackPointExtension>
            <ns3:atemp>26.0</ns3:atemp>
            <ns3:hr>188</ns3:hr>
            <ns3:cad>92</ns3:cad>
          </ns3:TrackPointExtension>
        </extensions>
      </trkpt>
      <trkpt lat="49.504537023603916168212890625" lon="5.95012874342501163482666015625">
        <ele>312.600006103515625</ele>
        <time>2026-09-05T16:15:38.000Z</time>
        <extensions>
          <ns3:TrackPointExtension>
            <ns3:atemp>26.0</ns3:atemp>
            <ns3:hr>188</ns3:hr>
            <ns3:cad>91</ns3:cad>
          </ns3:TrackPointExtension>
        </extensions>
      </trkpt>
      <trkpt lat="49.50457549653947353363037109375" lon="5.950150787830352783203125">
        <ele>312.600006103515625</ele>
        <time>2026-09-05T16:15:39.000Z</time>
        <extensions>
          <ns3:TrackPointExtension>
            <ns3:atemp>26.0</ns3:atemp>
            <ns3:hr>188</ns3:hr>
            <ns3:cad>91</ns3:cad>
          </ns3:TrackPointExtension>
        </extensions>
      </trkpt>
      <trkpt lat="49.5046139694750308990478515625" lon="5.95017752610146999359130859375">
        <ele>312.600006103515625</ele>
        <time>2026-09-05T16:15:40.000Z</time>
        <extensions>
          <ns3:TrackPointExtension>
            <ns3:atemp>26.0</ns3:atemp>
            <ns3:hr>188</ns3:hr>
            <ns3:cad>92</ns3:cad>
          </ns3:TrackPointExtension>
        </extensions>
      </trkpt>
      <trkpt lat="49.5046560466289520263671875" lon="5.95020376145839691162109375">
        <ele>312.600006103515625</ele>
        <time>2026-09-05T16:15:41.000Z</time>
        <extensions>
          <ns3:TrackPointExtension>
            <ns3:atemp>26.0</ns3:atemp>
            <ns3:hr>188</ns3:hr>
            <ns3:cad>93</ns3:cad>
          </ns3:TrackPointExtension>
        </extensions>
      </trkpt>
      <trkpt lat="49.5046924240887165069580078125" lon="5.95022312365472316741943359375">
        <ele>312.600006103515625</ele>
        <time>2026-09-05T16:15:42.000Z</time>
        <extensions>
          <ns3:TrackPointExtension>
            <ns3:atemp>26.0</ns3:atemp>
            <ns3:hr>189</ns3:hr>
            <ns3:cad>93</ns3:cad>
          </ns3:TrackPointExtension>
        </extensions>
      </trkpt>
      <trkpt lat="49.504734836518764495849609375" lon="5.95025145448744297027587890625">
        <ele>312.600006103515625</ele>
        <time>2026-09-05T16:15:43.000Z</time>
        <extensions>
          <ns3:TrackPointExtension>
            <ns3:atemp>26.0</ns3:atemp>
            <ns3:hr>189</ns3:hr>
            <ns3:cad>94</ns3:cad>
          </ns3:TrackPointExtension>
        </extensions>
      </trkpt>
      <trkpt lat="49.5047668553888797760009765625" lon="5.9502669610083103179931640625">
        <ele>312.399993896484375</ele>
        <time>2026-09-05T16:15:44.000Z</time>
        <extensions>
          <ns3:TrackPointExtension>
            <ns3:atemp>26.0</ns3:atemp>
            <ns3:hr>190</ns3:hr>
            <ns3:cad>94</ns3:cad>
          </ns3:TrackPointExtension>
        </extensions>
      </trkpt>
      <trkpt lat="49.50480415485799312591552734375" lon="5.950290262699127197265625">
        <ele>312.20001220703125</ele>
        <time>2026-09-05T16:15:45.000Z</time>
        <extensions>
          <ns3:TrackPointExtension>
            <ns3:atemp>26.0</ns3:atemp>
            <ns3:hr>190</ns3:hr>
            <ns3:cad>94</ns3:cad>
          </ns3:TrackPointExtension>
        </extensions>
      </trkpt>
      <trkpt lat="49.504838101565837860107421875" lon="5.9503076970577239990234375">
        <ele>312</ele>
        <time>2026-09-05T16:15:46.000Z</time>
        <extensions>
          <ns3:TrackPointExtension>
            <ns3:atemp>26.0</ns3:atemp>
            <ns3:hr>191</ns3:hr>
            <ns3:cad>94</ns3:cad>
          </ns3:TrackPointExtension>
        </extensions>
      </trkpt>
      <trkpt lat="49.504881687462329864501953125" lon="5.95034499652683734893798828125">
        <ele>311.79998779296875</ele>
        <time>2026-09-05T16:15:47.000Z</time>
        <extensions>
          <ns3:TrackPointExtension>
            <ns3:atemp>26.0</ns3:atemp>
            <ns3:hr>190</ns3:hr>
            <ns3:cad>93</ns3:cad>
          </ns3:TrackPointExtension>
        </extensions>
      </trkpt>
      <trkpt lat="49.5049173943698406219482421875" lon="5.95036427490413188934326171875">
        <ele>311.79998779296875</ele>
        <time>2026-09-05T16:15:48.000Z</time>
        <extensions>
          <ns3:TrackPointExtension>
            <ns3:atemp>26.0</ns3:atemp>
            <ns3:hr>190</ns3:hr>
            <ns3:cad>93</ns3:cad>
          </ns3:TrackPointExtension>
        </extensions>
      </trkpt>
      <trkpt lat="49.50495670549571514129638671875" lon="5.9503960423171520233154296875">
        <ele>311.600006103515625</ele>
        <time>2026-09-05T16:15:49.000Z</time>
        <extensions>
          <ns3:TrackPointExtension>
            <ns3:atemp>26.0</ns3:atemp>
            <ns3:hr>189</ns3:hr>
            <ns3:cad>93</ns3:cad>
          </ns3:TrackPointExtension>
        </extensions>
      </trkpt>
      <trkpt lat="49.50499291531741619110107421875" lon="5.95041439868509769439697265625">
        <ele>311.399993896484375</ele>
        <time>2026-09-05T16:15:50.000Z</time>
        <extensions>
          <ns3:TrackPointExtension>
            <ns3:atemp>26.0</ns3:atemp>
            <ns3:hr>189</ns3:hr>
            <ns3:cad>92</ns3:cad>
          </ns3:TrackPointExtension>
        </extensions>
      </trkpt>
      <trkpt lat="49.5050337351858615875244140625" lon="5.95044088549911975860595703125">
        <ele>311.20001220703125</ele>
        <time>2026-09-05T16:15:51.000Z</time>
        <extensions>
          <ns3:TrackPointExtension>
            <ns3:atemp>25.0</ns3:atemp>
            <ns3:hr>189</ns3:hr>
            <ns3:cad>92</ns3:cad>
          </ns3:TrackPointExtension>
        </extensions>
      </trkpt>
      <trkpt lat="49.50507111847400665283203125" lon="5.9504594095051288604736328125">
        <ele>311.20001220703125</ele>
        <time>2026-09-05T16:15:52.000Z</time>
        <extensions>
          <ns3:TrackPointExtension>
            <ns3:atemp>26.0</ns3:atemp>
            <ns3:hr>190</ns3:hr>
            <ns3:cad>92</ns3:cad>
          </ns3:TrackPointExtension>
        </extensions>
      </trkpt>
      <trkpt lat="49.50510774739086627960205078125" lon="5.950483046472072601318359375">
        <ele>311.20001220703125</ele>
        <time>2026-09-05T16:15:53.000Z</time>
        <extensions>
          <ns3:TrackPointExtension>
            <ns3:atemp>26.0</ns3:atemp>
            <ns3:hr>190</ns3:hr>
            <ns3:cad>93</ns3:cad>
          </ns3:TrackPointExtension>
        </extensions>
      </trkpt>
      <trkpt lat="49.50514446012675762176513671875" lon="5.9505036659538745880126953125">
        <ele>311.20001220703125</ele>
        <time>2026-09-05T16:15:54.000Z</time>
        <extensions>
          <ns3:TrackPointExtension>
            <ns3:atemp>25.0</ns3:atemp>
            <ns3:hr>190</ns3:hr>
            <ns3:cad>93</ns3:cad>
          </ns3:TrackPointExtension>
        </extensions>
      </trkpt>
      <trkpt lat="49.505180418491363525390625" lon="5.95052218995988368988037109375">
        <ele>311.20001220703125</ele>
        <time>2026-09-05T16:15:55.000Z</time>
        <extensions>
          <ns3:TrackPointExtension>
            <ns3:atemp>25.0</ns3:atemp>
            <ns3:hr>191</ns3:hr>
            <ns3:cad>93</ns3:cad>
          </ns3:TrackPointExtension>
        </extensions>
      </trkpt>
      <trkpt lat="49.5052204839885234832763671875" lon="5.9505432285368442535400390625">
        <ele>311.20001220703125</ele>
        <time>2026-09-05T16:15:56.000Z</time>
        <extensions>
          <ns3:TrackPointExtension>
            <ns3:atemp>26.0</ns3:atemp>
            <ns3:hr>191</ns3:hr>
            <ns3:cad>93</ns3:cad>
          </ns3:TrackPointExtension>
        </extensions>
      </trkpt>
      <trkpt lat="49.50525862164795398712158203125" lon="5.95056661404669284820556640625">
        <ele>311</ele>
        <time>2026-09-05T16:15:57.000Z</time>
        <extensions>
          <ns3:TrackPointExtension>
            <ns3:atemp>25.0</ns3:atemp>
            <ns3:hr>191</ns3:hr>
            <ns3:cad>92</ns3:cad>
          </ns3:TrackPointExtension>
        </extensions>
      </trkpt>
      <trkpt lat="49.5052959211170673370361328125" lon="5.95059125684201717376708984375">
        <ele>311</ele>
        <time>2026-09-05T16:15:58.000Z</time>
        <extensions>
          <ns3:TrackPointExtension>
            <ns3:atemp>26.0</ns3:atemp>
            <ns3:hr>192</ns3:hr>
            <ns3:cad>92</ns3:cad>
          </ns3:TrackPointExtension>
        </extensions>
      </trkpt>
      <trkpt lat="49.50532735325396060943603515625" lon="5.95060450024902820587158203125">
        <ele>311</ele>
        <time>2026-09-05T16:15:59.000Z</time>
        <extensions>
          <ns3:TrackPointExtension>
            <ns3:atemp>25.0</ns3:atemp>
            <ns3:hr>191</ns3:hr>
            <ns3:cad>92</ns3:cad>
          </ns3:TrackPointExtension>
        </extensions>
      </trkpt>
      <trkpt lat="49.50537018477916717529296875" lon="5.9506349265575408935546875">
        <ele>311</ele>
        <time>2026-09-05T16:16:00.000Z</time>
        <extensions>
          <ns3:TrackPointExtension>
            <ns3:atemp>26.0</ns3:atemp>
            <ns3:hr>192</ns3:hr>
            <ns3:cad>92</ns3:cad>
          </ns3:TrackPointExtension>
        </extensions>
      </trkpt>
      <trkpt lat="49.50540312565863132476806640625" lon="5.95064976252615451812744140625">
        <ele>311</ele>
        <time>2026-09-05T16:16:01.000Z</time>
        <extensions>
          <ns3:TrackPointExtension>
            <ns3:atemp>26.0</ns3:atemp>
            <ns3:hr>192</ns3:hr>
            <ns3:cad>91</ns3:cad>
          </ns3:TrackPointExtension>
        </extensions>
      </trkpt>
      <trkpt lat="49.5054461248219013214111328125" lon="5.950681865215301513671875">
        <ele>311</ele>
        <time>2026-09-05T16:16:02.000Z</time>
        <extensions>
          <ns3:TrackPointExtension>
            <ns3:atemp>25.0</ns3:atemp>
            <ns3:hr>192</ns3:hr>
            <ns3:cad>91</ns3:cad>
          </ns3:TrackPointExtension>
        </extensions>
      </trkpt>
      <trkpt lat="49.5054781436920166015625" lon="5.9506974555552005767822265625">
        <ele>311</ele>
        <time>2026-09-05T16:16:03.000Z</time>
        <extensions>
          <ns3:TrackPointExtension>
            <ns3:atemp>25.0</ns3:atemp>
            <ns3:hr>192</ns3:hr>
            <ns3:cad>91</ns3:cad>
          </ns3:TrackPointExtension>
        </extensions>
      </trkpt>
      <trkpt lat="49.5055168680846691131591796875" lon="5.95073073171079158782958984375">
        <ele>311.20001220703125</ele>
        <time>2026-09-05T16:16:04.000Z</time>
        <extensions>
          <ns3:TrackPointExtension>
            <ns3:atemp>25.0</ns3:atemp>
            <ns3:hr>192</ns3:hr>
            <ns3:cad>91</ns3:cad>
          </ns3:TrackPointExtension>
        </extensions>
      </trkpt>
      <trkpt lat="49.505544193089008331298828125" lon="5.9507557936012744903564453125">
        <ele>311.20001220703125</ele>
        <time>2026-09-05T16:16:05.000Z</time>
        <extensions>
          <ns3:TrackPointExtension>
            <ns3:atemp>26.0</ns3:atemp>
            <ns3:hr>191</ns3:hr>
            <ns3:cad>91</ns3:cad>
          </ns3:TrackPointExtension>
        </extensions>
      </trkpt>
      <trkpt lat="49.50557813979685306549072265625" lon="5.9508047439157962799072265625">
        <ele>311.20001220703125</ele>
        <time>2026-09-05T16:16:06.000Z</time>
        <extensions>
          <ns3:TrackPointExtension>
            <ns3:atemp>25.0</ns3:atemp>
            <ns3:hr>192</ns3:hr>
            <ns3:cad>91</ns3:cad>
          </ns3:TrackPointExtension>
        </extensions>
      </trkpt>
      <trkpt lat="49.50561149977147579193115234375" lon="5.95083869062364101409912109375">
        <ele>311.20001220703125</ele>
        <time>2026-09-05T16:16:07.000Z</time>
        <extensions>
          <ns3:TrackPointExtension>
            <ns3:atemp>25.0</ns3:atemp>
            <ns3:hr>192</ns3:hr>
            <ns3:cad>91</ns3:cad>
          </ns3:TrackPointExtension>
        </extensions>
      </trkpt>
      <trkpt lat="49.5056546665728092193603515625" lon="5.9508614055812358856201171875">
        <ele>311</ele>
        <time>2026-09-05T16:16:08.000Z</time>
        <extensions>
          <ns3:TrackPointExtension>
            <ns3:atemp>25.0</ns3:atemp>
            <ns3:hr>192</ns3:hr>
            <ns3:cad>90</ns3:cad>
          </ns3:TrackPointExtension>
        </extensions>
      </trkpt>
      <trkpt lat="49.5056948997080326080322265625" lon="5.950843803584575653076171875">
        <ele>311</ele>
        <time>2026-09-05T16:16:09.000Z</time>
        <extensions>
          <ns3:TrackPointExtension>
            <ns3:atemp>25.0</ns3:atemp>
            <ns3:hr>192</ns3:hr>
            <ns3:cad>91</ns3:cad>
          </ns3:TrackPointExtension>
        </extensions>
      </trkpt>
      <trkpt lat="49.5057233981788158416748046875" lon="5.9508097730576992034912109375">
        <ele>310.79998779296875</ele>
        <time>2026-09-05T16:16:10.000Z</time>
        <extensions>
          <ns3:TrackPointExtension>
            <ns3:atemp>25.0</ns3:atemp>
            <ns3:hr>193</ns3:hr>
            <ns3:cad>91</ns3:cad>
          </ns3:TrackPointExtension>
        </extensions>
      </trkpt>
      <trkpt lat="49.50574091635644435882568359375" lon="5.95075705088675022125244140625">
        <ele>310.79998779296875</ele>
        <time>2026-09-05T16:16:11.000Z</time>
        <extensions>
          <ns3:TrackPointExtension>
            <ns3:atemp>25.0</ns3:atemp>
            <ns3:hr>193</ns3:hr>
            <ns3:cad>91</ns3:cad>
          </ns3:TrackPointExtension>
        </extensions>
      </trkpt>
      <trkpt lat="49.50575684197247028350830078125" lon="5.95070793293416500091552734375">
        <ele>310.600006103515625</ele>
        <time>2026-09-05T16:16:12.000Z</time>
        <extensions>
          <ns3:TrackPointExtension>
            <ns3:atemp>25.0</ns3:atemp>
            <ns3:hr>193</ns3:hr>
            <ns3:cad>92</ns3:cad>
          </ns3:TrackPointExtension>
        </extensions>
      </trkpt>
      <trkpt lat="49.5057726837694644927978515625" lon="5.950652696192264556884765625">
        <ele>310.600006103515625</ele>
        <time>2026-09-05T16:16:13.000Z</time>
        <extensions>
          <ns3:TrackPointExtension>
            <ns3:atemp>25.0</ns3:atemp>
            <ns3:hr>192</ns3:hr>
            <ns3:cad>93</ns3:cad>
          </ns3:TrackPointExtension>
        </extensions>
      </trkpt>
      <trkpt lat="49.50578860938549041748046875" lon="5.9506019018590450286865234375">
        <ele>310.600006103515625</ele>
        <time>2026-09-05T16:16:14.000Z</time>
        <extensions>
          <ns3:TrackPointExtension>
            <ns3:atemp>25.0</ns3:atemp>
            <ns3:hr>192</ns3:hr>
            <ns3:cad>93</ns3:cad>
          </ns3:TrackPointExtension>
        </extensions>
      </trkpt>
      <trkpt lat="49.505802690982818603515625" lon="5.950542725622653961181640625">
        <ele>310.79998779296875</ele>
        <time>2026-09-05T16:16:15.000Z</time>
        <extensions>
          <ns3:TrackPointExtension>
            <ns3:atemp>25.0</ns3:atemp>
            <ns3:hr>192</ns3:hr>
            <ns3:cad>93</ns3:cad>
          </ns3:TrackPointExtension>
        </extensions>
      </trkpt>
      <trkpt lat="49.5058159343898296356201171875" lon="5.95049503259360790252685546875">
        <ele>310.600006103515625</ele>
        <time>2026-09-05T16:16:16.000Z</time>
        <extensions>
          <ns3:TrackPointExtension>
            <ns3:atemp>25.0</ns3:atemp>
            <ns3:hr>191</ns3:hr>
            <ns3:cad>93</ns3:cad>
          </ns3:TrackPointExtension>
        </extensions>
      </trkpt>
      <trkpt lat="49.50583613477647304534912109375" lon="5.9504386223852634429931640625">
        <ele>310.600006103515625</ele>
        <time>2026-09-05T16:16:17.000Z</time>
        <extensions>
          <ns3:TrackPointExtension>
            <ns3:atemp>25.0</ns3:atemp>
            <ns3:hr>192</ns3:hr>
            <ns3:cad>93</ns3:cad>
          </ns3:TrackPointExtension>
        </extensions>
      </trkpt>
      <trkpt lat="49.50585239566862583160400390625" lon="5.950389839708805084228515625">
        <ele>310.600006103515625</ele>
        <time>2026-09-05T16:16:18.000Z</time>
        <extensions>
          <ns3:TrackPointExtension>
            <ns3:atemp>25.0</ns3:atemp>
            <ns3:hr>192</ns3:hr>
            <ns3:cad>90</ns3:cad>
          </ns3:TrackPointExtension>
        </extensions>
      </trkpt>
      <trkpt lat="49.5058699138462543487548828125" lon="5.9503304958343505859375">
        <ele>310.600006103515625</ele>
        <time>2026-09-05T16:16:19.000Z</time>
        <extensions>
          <ns3:TrackPointExtension>
            <ns3:atemp>25.0</ns3:atemp>
            <ns3:hr>192</ns3:hr>
            <ns3:cad>90</ns3:cad>
          </ns3:TrackPointExtension>
        </extensions>
      </trkpt>
      <trkpt lat="49.5058782957494258880615234375" lon="5.950279869139194488525390625">
        <ele>310.600006103515625</ele>
        <time>2026-09-05T16:16:20.000Z</time>
        <extensions>
          <ns3:TrackPointExtension>
            <ns3:atemp>25.0</ns3:atemp>
            <ns3:hr>192</ns3:hr>
            <ns3:cad>90</ns3:cad>
          </ns3:TrackPointExtension>
        </extensions>
      </trkpt>
      <trkpt lat="49.505894221365451812744140625" lon="5.95021440647542476654052734375">
        <ele>310.600006103515625</ele>
        <time>2026-09-05T16:16:21.000Z</time>
        <extensions>
          <ns3:TrackPointExtension>
            <ns3:atemp>25.0</ns3:atemp>
            <ns3:hr>192</ns3:hr>
            <ns3:cad>92</ns3:cad>
          </ns3:TrackPointExtension>
        </extensions>
      </trkpt>
      <trkpt lat="49.50590260326862335205078125" lon="5.95016512088477611541748046875">
        <ele>310.399993896484375</ele>
        <time>2026-09-05T16:16:22.000Z</time>
        <extensions>
          <ns3:TrackPointExtension>
            <ns3:atemp>25.0</ns3:atemp>
            <ns3:hr>192</ns3:hr>
            <ns3:cad>92</ns3:cad>
          </ns3:TrackPointExtension>
        </extensions>
      </trkpt>
      <trkpt lat="49.50591995380818843841552734375" lon="5.95010259188711643218994140625">
        <ele>310.399993896484375</ele>
        <time>2026-09-05T16:16:23.000Z</time>
        <extensions>
          <ns3:TrackPointExtension>
            <ns3:atemp>25.0</ns3:atemp>
            <ns3:hr>192</ns3:hr>
            <ns3:cad>92</ns3:cad>
          </ns3:TrackPointExtension>
        </extensions>
      </trkpt>
      <trkpt lat="49.50592665933072566986083984375" lon="5.95005515031516551971435546875">
        <ele>310.399993896484375</ele>
        <time>2026-09-05T16:16:24.000Z</time>
        <extensions>
          <ns3:TrackPointExtension>
            <ns3:atemp>25.0</ns3:atemp>
            <ns3:hr>192</ns3:hr>
            <ns3:cad>92</ns3:cad>
          </ns3:TrackPointExtension>
        </extensions>
      </trkpt>
      <trkpt lat="49.505943171679973602294921875" lon="5.9499933756887912750244140625">
        <ele>310.399993896484375</ele>
        <time>2026-09-05T16:16:25.000Z</time>
        <extensions>
          <ns3:TrackPointExtension>
            <ns3:atemp>25.0</ns3:atemp>
            <ns3:hr>192</ns3:hr>
            <ns3:cad>91</ns3:cad>
          </ns3:TrackPointExtension>
        </extensions>
      </trkpt>
      <trkpt lat="49.50595448724925518035888671875" lon="5.94994652085006237030029296875">
        <ele>310.399993896484375</ele>
        <time>2026-09-05T16:16:26.000Z</time>
        <extensions>
          <ns3:TrackPointExtension>
            <ns3:atemp>25.0</ns3:atemp>
            <ns3:hr>192</ns3:hr>
            <ns3:cad>90</ns3:cad>
          </ns3:TrackPointExtension>
        </extensions>
      </trkpt>
      <trkpt lat="49.50597778894007205963134765625" lon="5.9498864226043224334716796875">
        <ele>310.600006103515625</ele>
        <time>2026-09-05T16:16:27.000Z</time>
        <extensions>
          <ns3:TrackPointExtension>
            <ns3:atemp>25.0</ns3:atemp>
            <ns3:hr>192</ns3:hr>
            <ns3:cad>90</ns3:cad>
          </ns3:TrackPointExtension>
        </extensions>
      </trkpt>
      <trkpt lat="49.50599086470901966094970703125" lon="5.949831269681453704833984375">
        <ele>310.600006103515625</ele>
        <time>2026-09-05T16:16:28.000Z</time>
        <extensions>
          <ns3:TrackPointExtension>
            <ns3:atemp>25.0</ns3:atemp>
            <ns3:hr>192</ns3:hr>
            <ns3:cad>90</ns3:cad>
          </ns3:TrackPointExtension>
        </extensions>
      </trkpt>
      <trkpt lat="49.5060073770582675933837890625" lon="5.94976949505507946014404296875">
        <ele>310.399993896484375</ele>
        <time>2026-09-05T16:16:29.000Z</time>
        <extensions>
          <ns3:TrackPointExtension>
            <ns3:atemp>25.0</ns3:atemp>
            <ns3:hr>193</ns3:hr>
            <ns3:cad>90</ns3:cad>
          </ns3:TrackPointExtension>
        </extensions>
      </trkpt>
      <trkpt lat="49.50601533986628055572509765625" lon="5.94971987418830394744873046875">
        <ele>310.399993896484375</ele>
        <time>2026-09-05T16:16:30.000Z</time>
        <extensions>
          <ns3:TrackPointExtension>
            <ns3:atemp>25.0</ns3:atemp>
            <ns3:hr>193</ns3:hr>
            <ns3:cad>90</ns3:cad>
          </ns3:TrackPointExtension>
        </extensions>
      </trkpt>
      <trkpt lat="49.5060368813574314117431640625" lon="5.9496580995619297027587890625">
        <ele>310.399993896484375</ele>
        <time>2026-09-05T16:16:31.000Z</time>
        <extensions>
          <ns3:TrackPointExtension>
            <ns3:atemp>25.0</ns3:atemp>
            <ns3:hr>193</ns3:hr>
            <ns3:cad>91</ns3:cad>
          </ns3:TrackPointExtension>
        </extensions>
      </trkpt>
      <trkpt lat="49.506049454212188720703125" lon="5.9496074728667736053466796875">
        <ele>310.20001220703125</ele>
        <time>2026-09-05T16:16:32.000Z</time>
        <extensions>
          <ns3:TrackPointExtension>
            <ns3:atemp>25.0</ns3:atemp>
            <ns3:hr>192</ns3:hr>
            <ns3:cad>91</ns3:cad>
          </ns3:TrackPointExtension>
        </extensions>
      </trkpt>
      <trkpt lat="49.50607786886394023895263671875" lon="5.94955324195325374603271484375">
        <ele>309.79998779296875</ele>
        <time>2026-09-05T16:16:33.000Z</time>
        <extensions>
          <ns3:TrackPointExtension>
            <ns3:atemp>26.0</ns3:atemp>
            <ns3:hr>192</ns3:hr>
            <ns3:cad>91</ns3:cad>
          </ns3:TrackPointExtension>
        </extensions>
      </trkpt>
      <trkpt lat="49.50609681196510791778564453125" lon="5.9495109133422374725341796875">
        <ele>309.600006103515625</ele>
        <time>2026-09-05T16:16:34.000Z</time>
        <extensions>
          <ns3:TrackPointExtension>
            <ns3:atemp>25.0</ns3:atemp>
            <ns3:hr>192</ns3:hr>
            <ns3:cad>90</ns3:cad>
          </ns3:TrackPointExtension>
        </extensions>
      </trkpt>
      <trkpt lat="49.50613620691001415252685546875" lon="5.9494757093489170074462890625">
        <ele>309.399993896484375</ele>
        <time>2026-09-05T16:16:35.000Z</time>
        <extensions>
          <ns3:TrackPointExtension>
            <ns3:atemp>25.0</ns3:atemp>
            <ns3:hr>192</ns3:hr>
            <ns3:cad>90</ns3:cad>
          </ns3:TrackPointExtension>
        </extensions>
      </trkpt>
      <trkpt lat="49.5061646215617656707763671875" lon="5.949444361031055450439453125">
        <ele>309.399993896484375</ele>
        <time>2026-09-05T16:16:36.000Z</time>
        <extensions>
          <ns3:TrackPointExtension>
            <ns3:atemp>25.0</ns3:atemp>
            <ns3:hr>193</ns3:hr>
            <ns3:cad>90</ns3:cad>
          </ns3:TrackPointExtension>
        </extensions>
      </trkpt>
      <trkpt lat="49.50620829127728939056396484375" lon="5.94942365773022174835205078125">
        <ele>309.399993896484375</ele>
        <time>2026-09-05T16:16:37.000Z</time>
        <extensions>
          <ns3:TrackPointExtension>
            <ns3:atemp>25.0</ns3:atemp>
            <ns3:hr>193</ns3:hr>
            <ns3:cad>90</ns3:cad>
          </ns3:TrackPointExtension>
        </extensions>
      </trkpt>
      <trkpt lat="49.50623989105224609375" lon="5.94940203242003917694091796875">
        <ele>309.399993896484375</ele>
        <time>2026-09-05T16:16:38.000Z</time>
        <extensions>
          <ns3:TrackPointExtension>
            <ns3:atemp>25.0</ns3:atemp>
            <ns3:hr>193</ns3:hr>
            <ns3:cad>90</ns3:cad>
          </ns3:TrackPointExtension>
        </extensions>
      </trkpt>
      <trkpt lat="49.50628289021551609039306640625" lon="5.94938761554658412933349609375">
        <ele>309.399993896484375</ele>
        <time>2026-09-05T16:16:39.000Z</time>
        <extensions>
          <ns3:TrackPointExtension>
            <ns3:atemp>25.0</ns3:atemp>
            <ns3:hr>193</ns3:hr>
            <ns3:cad>90</ns3:cad>
          </ns3:TrackPointExtension>
        </extensions>
      </trkpt>
      <trkpt lat="49.50631566345691680908203125" lon="5.94936850480735301971435546875">
        <ele>309.600006103515625</ele>
        <time>2026-09-05T16:16:40.000Z</time>
        <extensions>
          <ns3:TrackPointExtension>
            <ns3:atemp>25.0</ns3:atemp>
            <ns3:hr>193</ns3:hr>
            <ns3:cad>90</ns3:cad>
          </ns3:TrackPointExtension>
        </extensions>
      </trkpt>
      <trkpt lat="49.506354890763759613037109375" lon="5.9493543393909931182861328125">
        <ele>309.600006103515625</ele>
        <time>2026-09-05T16:16:41.000Z</time>
        <extensions>
          <ns3:TrackPointExtension>
            <ns3:atemp>25.0</ns3:atemp>
            <ns3:hr>193</ns3:hr>
            <ns3:cad>90</ns3:cad>
          </ns3:TrackPointExtension>
        </extensions>
      </trkpt>
      <trkpt lat="49.506387077271938323974609375" lon="5.94933874905109405517578125">
        <ele>309.600006103515625</ele>
        <time>2026-09-05T16:16:42.000Z</time>
        <extensions>
          <ns3:TrackPointExtension>
            <ns3:atemp>25.0</ns3:atemp>
            <ns3:hr>193</ns3:hr>
            <ns3:cad>90</ns3:cad>
          </ns3:TrackPointExtension>
        </extensions>
      </trkpt>
      <trkpt lat="49.50642856769263744354248046875" lon="5.94933447428047657012939453125">
        <ele>309.79998779296875</ele>
        <time>2026-09-05T16:16:43.000Z</time>
        <extensions>
          <ns3:TrackPointExtension>
            <ns3:atemp>25.0</ns3:atemp>
            <ns3:hr>193</ns3:hr>
            <ns3:cad>90</ns3:cad>
          </ns3:TrackPointExtension>
        </extensions>
      </trkpt>
      <trkpt lat="49.50646092183887958526611328125" lon="5.949310250580310821533203125">
        <ele>309.79998779296875</ele>
        <time>2026-09-05T16:16:44.000Z</time>
        <extensions>
          <ns3:TrackPointExtension>
            <ns3:atemp>26.0</ns3:atemp>
            <ns3:hr>193</ns3:hr>
            <ns3:cad>91</ns3:cad>
          </ns3:TrackPointExtension>
        </extensions>
      </trkpt>
      <trkpt lat="49.506500065326690673828125" lon="5.9492661617696285247802734375">
        <ele>309.79998779296875</ele>
        <time>2026-09-05T16:16:45.000Z</time>
        <extensions>
          <ns3:TrackPointExtension>
            <ns3:atemp>25.0</ns3:atemp>
            <ns3:hr>193</ns3:hr>
            <ns3:cad>91</ns3:cad>
          </ns3:TrackPointExtension>
        </extensions>
      </trkpt>
      <trkpt lat="49.50650517828762531280517578125" lon="5.94923690892755985260009765625">
        <ele>309.79998779296875</ele>
        <time>2026-09-05T16:16:46.000Z</time>
        <extensions>
          <ns3:TrackPointExtension>
            <ns3:atemp>25.0</ns3:atemp>
            <ns3:hr>193</ns3:hr>
            <ns3:cad>90</ns3:cad>
          </ns3:TrackPointExtension>
        </extensions>
      </trkpt>
      <trkpt lat="49.50651548802852630615234375" lon="5.94917689450085163116455078125">
        <ele>310</ele>
        <time>2026-09-05T16:16:47.000Z</time>
        <extensions>
          <ns3:TrackPointExtension>
            <ns3:atemp>25.0</ns3:atemp>
            <ns3:hr>193</ns3:hr>
            <ns3:cad>90</ns3:cad>
          </ns3:TrackPointExtension>
        </extensions>
      </trkpt>
      <trkpt lat="49.5065102912485599517822265625" lon="5.94913364388048648834228515625">
        <ele>310</ele>
        <time>2026-09-05T16:16:48.000Z</time>
        <extensions>
          <ns3:TrackPointExtension>
            <ns3:atemp>25.0</ns3:atemp>
            <ns3:hr>193</ns3:hr>
            <ns3:cad>90</ns3:cad>
          </ns3:TrackPointExtension>
        </extensions>
      </trkpt>
      <trkpt lat="49.506498388946056365966796875" lon="5.9490737132728099822998046875">
        <ele>310.399993896484375</ele>
        <time>2026-09-05T16:16:49.000Z</time>
        <extensions>
          <ns3:TrackPointExtension>
            <ns3:atemp>26.0</ns3:atemp>
            <ns3:hr>193</ns3:hr>
            <ns3:cad>89</ns3:cad>
          </ns3:TrackPointExtension>
        </extensions>
      </trkpt>
      <trkpt lat="49.50647768564522266387939453125" lon="5.94903959892690181732177734375">
        <ele>310.600006103515625</ele>
        <time>2026-09-05T16:16:50.000Z</time>
        <extensions>
          <ns3:TrackPointExtension>
            <ns3:atemp>25.0</ns3:atemp>
            <ns3:hr>193</ns3:hr>
            <ns3:cad>89</ns3:cad>
          </ns3:TrackPointExtension>
        </extensions>
      </trkpt>
      <trkpt lat="49.50644415803253650665283203125" lon="5.9490019641816616058349609375">
        <ele>310.79998779296875</ele>
        <time>2026-09-05T16:16:51.000Z</time>
        <extensions>
          <ns3:TrackPointExtension>
            <ns3:atemp>25.0</ns3:atemp>
            <ns3:hr>193</ns3:hr>
            <ns3:cad>89</ns3:cad>
          </ns3:TrackPointExtension>
        </extensions>
      </trkpt>
      <trkpt lat="49.50641783885657787322998046875" lon="5.9489811770617961883544921875">
        <ele>311</ele>
        <time>2026-09-05T16:16:52.000Z</time>
        <extensions>
          <ns3:TrackPointExtension>
            <ns3:atemp>26.0</ns3:atemp>
            <ns3:hr>194</ns3:hr>
            <ns3:cad>89</ns3:cad>
          </ns3:TrackPointExtension>
        </extensions>
      </trkpt>
      <trkpt lat="49.50638003647327423095703125" lon="5.94895108602941036224365234375">
        <ele>311.20001220703125</ele>
        <time>2026-09-05T16:16:53.000Z</time>
        <extensions>
          <ns3:TrackPointExtension>
            <ns3:atemp>26.0</ns3:atemp>
            <ns3:hr>195</ns3:hr>
            <ns3:cad>89</ns3:cad>
          </ns3:TrackPointExtension>
        </extensions>
      </trkpt>
      <trkpt lat="49.50634944252669811248779296875" lon="5.94893164001405239105224609375">
        <ele>311.399993896484375</ele>
        <time>2026-09-05T16:16:54.000Z</time>
        <extensions>
          <ns3:TrackPointExtension>
            <ns3:atemp>26.0</ns3:atemp>
            <ns3:hr>195</ns3:hr>
            <ns3:cad>89</ns3:cad>
          </ns3:TrackPointExtension>
        </extensions>
      </trkpt>
      <trkpt lat="49.50630937702953815460205078125" lon="5.94889861531555652618408203125">
        <ele>311.399993896484375</ele>
        <time>2026-09-05T16:16:55.000Z</time>
        <extensions>
          <ns3:TrackPointExtension>
            <ns3:atemp>25.0</ns3:atemp>
            <ns3:hr>195</ns3:hr>
            <ns3:cad>89</ns3:cad>
          </ns3:TrackPointExtension>
        </extensions>
      </trkpt>
      <trkpt lat="49.50627811253070831298828125" lon="5.9488819353282451629638671875">
        <ele>311.600006103515625</ele>
        <time>2026-09-05T16:16:56.000Z</time>
        <extensions>
          <ns3:TrackPointExtension>
            <ns3:atemp>26.0</ns3:atemp>
            <ns3:hr>195</ns3:hr>
            <ns3:cad>89</ns3:cad>
          </ns3:TrackPointExtension>
        </extensions>
      </trkpt>
      <trkpt lat="49.5062444172799587249755859375" lon="5.94885461032390594482421875">
        <ele>311.79998779296875</ele>
        <time>2026-09-05T16:16:57.000Z</time>
        <extensions>
          <ns3:TrackPointExtension>
            <ns3:atemp>26.0</ns3:atemp>
            <ns3:hr>195</ns3:hr>
            <ns3:cad>89</ns3:cad>
          </ns3:TrackPointExtension>
        </extensions>
      </trkpt>
      <trkpt lat="49.50621650554239749908447265625" lon="5.9488406963646411895751953125">
        <ele>311.79998779296875</ele>
        <time>2026-09-05T16:16:58.000Z</time>
        <extensions>
          <ns3:TrackPointExtension>
            <ns3:atemp>26.0</ns3:atemp>
            <ns3:hr>194</ns3:hr>
            <ns3:cad>89</ns3:cad>
          </ns3:TrackPointExtension>
        </extensions>
      </trkpt>
      <trkpt lat="49.50617887079715728759765625" lon="5.9488081745803356170654296875">
        <ele>311.79998779296875</ele>
        <time>2026-09-05T16:16:59.000Z</time>
        <extensions>
          <ns3:TrackPointExtension>
            <ns3:atemp>25.0</ns3:atemp>
            <ns3:hr>194</ns3:hr>
            <ns3:cad>89</ns3:cad>
          </ns3:TrackPointExtension>
        </extensions>
      </trkpt>
      <trkpt lat="49.5061495341360569000244140625" lon="5.94879300333559513092041015625">
        <ele>311.79998779296875</ele>
        <time>2026-09-05T16:17:00.000Z</time>
        <extensions>
          <ns3:TrackPointExtension>
            <ns3:atemp>26.0</ns3:atemp>
            <ns3:hr>193</ns3:hr>
            <ns3:cad>89</ns3:cad>
          </ns3:TrackPointExtension>
        </extensions>
      </trkpt>
      <trkpt lat="49.5061082951724529266357421875" lon="5.94876433722674846649169921875">
        <ele>312</ele>
        <time>2026-09-05T16:17:01.000Z</time>
        <extensions>
          <ns3:TrackPointExtension>
            <ns3:atemp>26.0</ns3:atemp>
            <ns3:hr>194</ns3:hr>
            <ns3:cad>89</ns3:cad>
          </ns3:TrackPointExtension>
        </extensions>
      </trkpt>
      <trkpt lat="49.5060791261494159698486328125" lon="5.94875025562942028045654296875">
        <ele>312</ele>
        <time>2026-09-05T16:17:02.000Z</time>
        <extensions>
          <ns3:TrackPointExtension>
            <ns3:atemp>26.0</ns3:atemp>
            <ns3:hr>195</ns3:hr>
            <ns3:cad>89</ns3:cad>
          </ns3:TrackPointExtension>
        </extensions>
      </trkpt>
      <trkpt lat="49.50604249723255634307861328125" lon="5.94872318208217620849609375">
        <ele>312</ele>
        <time>2026-09-05T16:17:03.000Z</time>
        <extensions>
          <ns3:TrackPointExtension>
            <ns3:atemp>25.0</ns3:atemp>
            <ns3:hr>196</ns3:hr>
            <ns3:cad>89</ns3:cad>
          </ns3:TrackPointExtension>
        </extensions>
      </trkpt>
      <trkpt lat="49.5060147531330585479736328125" lon="5.9487059153616428375244140625">
        <ele>312</ele>
        <time>2026-09-05T16:17:04.000Z</time>
        <extensions>
          <ns3:TrackPointExtension>
            <ns3:atemp>26.0</ns3:atemp>
            <ns3:hr>196</ns3:hr>
            <ns3:cad>89</ns3:cad>
          </ns3:TrackPointExtension>
        </extensions>
      </trkpt>
      <trkpt lat="49.50597611255943775177001953125" lon="5.9486780874431133270263671875">
        <ele>312.20001220703125</ele>
        <time>2026-09-05T16:17:05.000Z</time>
        <extensions>
          <ns3:TrackPointExtension>
            <ns3:atemp>26.0</ns3:atemp>
            <ns3:hr>195</ns3:hr>
            <ns3:cad>89</ns3:cad>
          </ns3:TrackPointExtension>
        </extensions>
      </trkpt>
      <trkpt lat="49.5059463568031787872314453125" lon="5.94866727478802204132080078125">
        <ele>312.399993896484375</ele>
        <time>2026-09-05T16:17:06.000Z</time>
        <extensions>
          <ns3:TrackPointExtension>
            <ns3:atemp>26.0</ns3:atemp>
            <ns3:hr>195</ns3:hr>
            <ns3:cad>90</ns3:cad>
          </ns3:TrackPointExtension>
        </extensions>
      </trkpt>
      <trkpt lat="49.50590587221086025238037109375" lon="5.94863978214561939239501953125">
        <ele>312.600006103515625</ele>
        <time>2026-09-05T16:17:07.000Z</time>
        <extensions>
          <ns3:TrackPointExtension>
            <ns3:atemp>26.0</ns3:atemp>
            <ns3:hr>195</ns3:hr>
            <ns3:cad>90</ns3:cad>
          </ns3:TrackPointExtension>
        </extensions>
      </trkpt>
      <trkpt lat="49.50587301515042781829833984375" lon="5.94863022677600383758544921875">
        <ele>312.600006103515625</ele>
        <time>2026-09-05T16:17:08.000Z</time>
        <extensions>
          <ns3:TrackPointExtension>
            <ns3:atemp>26.0</ns3:atemp>
            <ns3:hr>195</ns3:hr>
            <ns3:cad>90</ns3:cad>
          </ns3:TrackPointExtension>
        </extensions>
      </trkpt>
      <trkpt lat="49.5058363862335681915283203125" lon="5.94860491342842578887939453125">
        <ele>312.399993896484375</ele>
        <time>2026-09-05T16:17:09.000Z</time>
        <extensions>
          <ns3:TrackPointExtension>
            <ns3:atemp>26.0</ns3:atemp>
            <ns3:hr>195</ns3:hr>
            <ns3:cad>90</ns3:cad>
          </ns3:TrackPointExtension>
        </extensions>
      </trkpt>
      <trkpt lat="49.5058048702776432037353515625" lon="5.9485878981649875640869140625">
        <ele>312.399993896484375</ele>
        <time>2026-09-05T16:17:10.000Z</time>
        <extensions>
          <ns3:TrackPointExtension>
            <ns3:atemp>26.0</ns3:atemp>
            <ns3:hr>195</ns3:hr>
            <ns3:cad>90</ns3:cad>
          </ns3:TrackPointExtension>
        </extensions>
      </trkpt>
      <trkpt lat="49.50577109120786190032958984375" lon="5.94856535084545612335205078125">
        <ele>312.399993896484375</ele>
        <time>2026-09-05T16:17:11.000Z</time>
        <extensions>
          <ns3:TrackPointExtension>
            <ns3:atemp>26.0</ns3:atemp>
            <ns3:hr>196</ns3:hr>
            <ns3:cad>90</ns3:cad>
          </ns3:TrackPointExtension>
        </extensions>
      </trkpt>
      <trkpt lat="49.50574007816612720489501953125" lon="5.948547162115573883056640625">
        <ele>312.399993896484375</ele>
        <time>2026-09-05T16:17:12.000Z</time>
        <extensions>
          <ns3:TrackPointExtension>
            <ns3:atemp>26.0</ns3:atemp>
            <ns3:hr>196</ns3:hr>
            <ns3:cad>90</ns3:cad>
          </ns3:TrackPointExtension>
        </extensions>
      </trkpt>
      <trkpt lat="49.50570168904960155487060546875" lon="5.948517657816410064697265625">
        <ele>312.600006103515625</ele>
        <time>2026-09-05T16:17:13.000Z</time>
        <extensions>
          <ns3:TrackPointExtension>
            <ns3:atemp>26.0</ns3:atemp>
            <ns3:hr>196</ns3:hr>
            <ns3:cad>90</ns3:cad>
          </ns3:TrackPointExtension>
        </extensions>
      </trkpt>
      <trkpt lat="49.5056687481701374053955078125" lon="5.94851003028452396392822265625">
        <ele>312.600006103515625</ele>
        <time>2026-09-05T16:17:14.000Z</time>
        <extensions>
          <ns3:TrackPointExtension>
            <ns3:atemp>26.0</ns3:atemp>
            <ns3:hr>196</ns3:hr>
            <ns3:cad>90</ns3:cad>
          </ns3:TrackPointExtension>
        </extensions>
      </trkpt>
      <trkpt lat="49.50562926940619945526123046875" lon="5.9484816156327724456787109375">
        <ele>312.600006103515625</ele>
        <time>2026-09-05T16:17:15.000Z</time>
        <extensions>
          <ns3:TrackPointExtension>
            <ns3:atemp>26.0</ns3:atemp>
            <ns3:hr>196</ns3:hr>
            <ns3:cad>91</ns3:cad>
          </ns3:TrackPointExtension>
        </extensions>
      </trkpt>
      <trkpt lat="49.5055990107357501983642578125" lon="5.948470719158649444580078125">
        <ele>312.600006103515625</ele>
        <time>2026-09-05T16:17:16.000Z</time>
        <extensions>
          <ns3:TrackPointExtension>
            <ns3:atemp>26.0</ns3:atemp>
            <ns3:hr>196</ns3:hr>
            <ns3:cad>91</ns3:cad>
          </ns3:TrackPointExtension>
        </extensions>
      </trkpt>
      <trkpt lat="49.505565650761127471923828125" lon="5.94844917766749858856201171875">
        <ele>312.600006103515625</ele>
        <time>2026-09-05T16:17:17.000Z</time>
        <extensions>
          <ns3:TrackPointExtension>
            <ns3:atemp>26.0</ns3:atemp>
            <ns3:hr>195</ns3:hr>
            <ns3:cad>91</ns3:cad>
          </ns3:TrackPointExtension>
        </extensions>
      </trkpt>
      <trkpt lat="49.50553623028099536895751953125" lon="5.94843107275664806365966796875">
        <ele>312.399993896484375</ele>
        <time>2026-09-05T16:17:18.000Z</time>
        <extensions>
          <ns3:TrackPointExtension>
            <ns3:atemp>26.0</ns3:atemp>
            <ns3:hr>195</ns3:hr>
            <ns3:cad>92</ns3:cad>
          </ns3:TrackPointExtension>
        </extensions>
      </trkpt>
      <trkpt lat="49.5055017806589603424072265625" lon="5.94840793870389461517333984375">
        <ele>312.399993896484375</ele>
        <time>2026-09-05T16:17:19.000Z</time>
        <extensions>
          <ns3:TrackPointExtension>
            <ns3:atemp>26.0</ns3:atemp>
            <ns3:hr>195</ns3:hr>
            <ns3:cad>92</ns3:cad>
          </ns3:TrackPointExtension>
        </extensions>
      </trkpt>
      <trkpt lat="49.50547236017882823944091796875" lon="5.94839503057301044464111328125">
        <ele>312.399993896484375</ele>
        <time>2026-09-05T16:17:20.000Z</time>
        <extensions>
          <ns3:TrackPointExtension>
            <ns3:atemp>26.0</ns3:atemp>
            <ns3:hr>195</ns3:hr>
            <ns3:cad>90</ns3:cad>
          </ns3:TrackPointExtension>
        </extensions>
      </trkpt>
      <trkpt lat="49.50543346814811229705810546875" lon="5.94836921431124210357666015625">
        <ele>312.600006103515625</ele>
        <time>2026-09-05T16:17:21.000Z</time>
        <extensions>
          <ns3:TrackPointExtension>
            <ns3:atemp>26.0</ns3:atemp>
            <ns3:hr>196</ns3:hr>
            <ns3:cad>90</ns3:cad>
          </ns3:TrackPointExtension>
        </extensions>
      </trkpt>
      <trkpt lat="49.5054035447537899017333984375" lon="5.9483605809509754180908203125">
        <ele>312.600006103515625</ele>
        <time>2026-09-05T16:17:22.000Z</time>
        <extensions>
          <ns3:TrackPointExtension>
            <ns3:atemp>26.0</ns3:atemp>
            <ns3:hr>196</ns3:hr>
            <ns3:cad>89</ns3:cad>
          </ns3:TrackPointExtension>
        </extensions>
      </trkpt>
      <trkpt lat="49.50536482036113739013671875" lon="5.94833501614630222320556640625">
        <ele>312.79998779296875</ele>
        <time>2026-09-05T16:17:23.000Z</time>
        <extensions>
          <ns3:TrackPointExtension>
            <ns3:atemp>26.0</ns3:atemp>
            <ns3:hr>196</ns3:hr>
            <ns3:cad>88</ns3:cad>
          </ns3:TrackPointExtension>
        </extensions>
      </trkpt>
      <trkpt lat="49.50533808209002017974853515625" lon="5.94831992872059345245361328125">
        <ele>313</ele>
        <time>2026-09-05T16:17:24.000Z</time>
        <extensions>
          <ns3:TrackPointExtension>
            <ns3:atemp>26.0</ns3:atemp>
            <ns3:hr>196</ns3:hr>
            <ns3:cad>88</ns3:cad>
          </ns3:TrackPointExtension>
        </extensions>
      </trkpt>
      <trkpt lat="49.50529868714511394500732421875" lon="5.94829562120139598846435546875">
        <ele>313</ele>
        <time>2026-09-05T16:17:25.000Z</time>
        <extensions>
          <ns3:TrackPointExtension>
            <ns3:atemp>26.0</ns3:atemp>
            <ns3:hr>195</ns3:hr>
            <ns3:cad>88</ns3:cad>
          </ns3:TrackPointExtension>
        </extensions>
      </trkpt>
      <trkpt lat="49.50526817701756954193115234375" lon="5.94828506000339984893798828125">
        <ele>313.20001220703125</ele>
        <time>2026-09-05T16:17:26.000Z</time>
        <extensions>
          <ns3:TrackPointExtension>
            <ns3:atemp>26.0</ns3:atemp>
            <ns3:hr>195</ns3:hr>
            <ns3:cad>89</ns3:cad>
          </ns3:TrackPointExtension>
        </extensions>
      </trkpt>
      <trkpt lat="49.5052298717200756072998046875" lon="5.94825957901775836944580078125">
        <ele>313.20001220703125</ele>
        <time>2026-09-05T16:17:27.000Z</time>
        <extensions>
          <ns3:TrackPointExtension>
            <ns3:atemp>26.0</ns3:atemp>
            <ns3:hr>195</ns3:hr>
            <ns3:cad>89</ns3:cad>
          </ns3:TrackPointExtension>
        </extensions>
      </trkpt>
      <trkpt lat="49.50519877485930919647216796875" lon="5.94825119711458683013916015625">
        <ele>313.20001220703125</ele>
        <time>2026-09-05T16:17:28.000Z</time>
        <extensions>
          <ns3:TrackPointExtension>
            <ns3:atemp>26.0</ns3:atemp>
            <ns3:hr>195</ns3:hr>
            <ns3:cad>89</ns3:cad>
          </ns3:TrackPointExtension>
        </extensions>
      </trkpt>
      <trkpt lat="49.50516072101891040802001953125" lon="5.94823040999472141265869140625">
        <ele>313.20001220703125</ele>
        <time>2026-09-05T16:17:29.000Z</time>
        <extensions>
          <ns3:TrackPointExtension>
            <ns3:atemp>26.0</ns3:atemp>
            <ns3:hr>195</ns3:hr>
            <ns3:cad>89</ns3:cad>
          </ns3:TrackPointExtension>
        </extensions>
      </trkpt>
      <trkpt lat="49.5051281154155731201171875" lon="5.94821867533028125762939453125">
        <ele>313.20001220703125</ele>
        <time>2026-09-05T16:17:30.000Z</time>
        <extensions>
          <ns3:TrackPointExtension>
            <ns3:atemp>26.0</ns3:atemp>
            <ns3:hr>195</ns3:hr>
            <ns3:cad>89</ns3:cad>
          </ns3:TrackPointExtension>
        </extensions>
      </trkpt>
      <trkpt lat="49.50509517453610897064208984375" lon="5.94819956459105014801025390625">
        <ele>313.20001220703125</ele>
        <time>2026-09-05T16:17:31.000Z</time>
        <extensions>
          <ns3:TrackPointExtension>
            <ns3:atemp>26.0</ns3:atemp>
            <ns3:hr>195</ns3:hr>
            <ns3:cad>89</ns3:cad>
          </ns3:TrackPointExtension>
        </extensions>
      </trkpt>
      <trkpt lat="49.50506634078919887542724609375" lon="5.94818296842277050018310546875">
        <ele>313.20001220703125</ele>
        <time>2026-09-05T16:17:32.000Z</time>
        <extensions>
          <ns3:TrackPointExtension>
            <ns3:atemp>26.0</ns3:atemp>
            <ns3:hr>195</ns3:hr>
            <ns3:cad>89</ns3:cad>
          </ns3:TrackPointExtension>
        </extensions>
      </trkpt>
      <trkpt lat="49.50503147207200527191162109375" lon="5.9481550566852092742919921875">
        <ele>313.20001220703125</ele>
        <time>2026-09-05T16:17:33.000Z</time>
        <extensions>
          <ns3:TrackPointExtension>
            <ns3:atemp>26.0</ns3:atemp>
            <ns3:hr>195</ns3:hr>
            <ns3:cad>89</ns3:cad>
          </ns3:TrackPointExtension>
        </extensions>
      </trkpt>
      <trkpt lat="49.5049945078790187835693359375" lon="5.94814005307853221893310546875">
        <ele>313.20001220703125</ele>
        <time>2026-09-05T16:17:34.000Z</time>
        <extensions>
          <ns3:TrackPointExtension>
            <ns3:atemp>26.0</ns3:atemp>
            <ns3:hr>195</ns3:hr>
            <ns3:cad>89</ns3:cad>
          </ns3:TrackPointExtension>
        </extensions>
      </trkpt>
      <trkpt lat="49.50495821423828601837158203125" lon="5.94811557792127132415771484375">
        <ele>313.20001220703125</ele>
        <time>2026-09-05T16:17:35.000Z</time>
        <extensions>
          <ns3:TrackPointExtension>
            <ns3:atemp>26.0</ns3:atemp>
            <ns3:hr>195</ns3:hr>
            <ns3:cad>89</ns3:cad>
          </ns3:TrackPointExtension>
        </extensions>
      </trkpt>
      <trkpt lat="49.5049269497394561767578125" lon="5.948111973702907562255859375">
        <ele>313.20001220703125</ele>
        <time>2026-09-05T16:17:36.000Z</time>
        <extensions>
          <ns3:TrackPointExtension>
            <ns3:atemp>26.0</ns3:atemp>
            <ns3:hr>195</ns3:hr>
            <ns3:cad>88</ns3:cad>
          </ns3:TrackPointExtension>
        </extensions>
      </trkpt>
      <trkpt lat="49.50488629750907421112060546875" lon="5.948083139955997467041015625">
        <ele>313.20001220703125</ele>
        <time>2026-09-05T16:17:37.000Z</time>
        <extensions>
          <ns3:TrackPointExtension>
            <ns3:atemp>26.0</ns3:atemp>
            <ns3:hr>195</ns3:hr>
            <ns3:cad>88</ns3:cad>
          </ns3:TrackPointExtension>
        </extensions>
      </trkpt>
      <trkpt lat="49.50485511682927608489990234375" lon="5.9480618499219417572021484375">
        <ele>313.20001220703125</ele>
        <time>2026-09-05T16:17:38.000Z</time>
        <extensions>
          <ns3:TrackPointExtension>
            <ns3:atemp>26.0</ns3:atemp>
            <ns3:hr>195</ns3:hr>
            <ns3:cad>88</ns3:cad>
          </ns3:TrackPointExtension>
        </extensions>
      </trkpt>
      <trkpt lat="49.5048196613788604736328125" lon="5.94803947024047374725341796875">
        <ele>313.20001220703125</ele>
        <time>2026-09-05T16:17:39.000Z</time>
        <extensions>
          <ns3:TrackPointExtension>
            <ns3:atemp>26.0</ns3:atemp>
            <ns3:hr>195</ns3:hr>
            <ns3:cad>88</ns3:cad>
          </ns3:TrackPointExtension>
        </extensions>
      </trkpt>
      <trkpt lat="49.5047901570796966552734375" lon="5.94802983105182647705078125">
        <ele>313</ele>
        <time>2026-09-05T16:17:40.000Z</time>
        <extensions>
          <ns3:TrackPointExtension>
            <ns3:atemp>26.0</ns3:atemp>
            <ns3:hr>195</ns3:hr>
            <ns3:cad>88</ns3:cad>
          </ns3:TrackPointExtension>
        </extensions>
      </trkpt>
      <trkpt lat="49.50475730001926422119140625" lon="5.94799370504915714263916015625">
        <ele>312.79998779296875</ele>
        <time>2026-09-05T16:17:41.000Z</time>
        <extensions>
          <ns3:TrackPointExtension>
            <ns3:atemp>26.0</ns3:atemp>
            <ns3:hr>195</ns3:hr>
            <ns3:cad>91</ns3:cad>
          </ns3:TrackPointExtension>
        </extensions>
      </trkpt>
      <trkpt lat="49.50472486205399036407470703125" lon="5.947975181043148040771484375">
        <ele>312.79998779296875</ele>
        <time>2026-09-05T16:17:42.000Z</time>
        <extensions>
          <ns3:TrackPointExtension>
            <ns3:atemp>26.0</ns3:atemp>
            <ns3:hr>195</ns3:hr>
            <ns3:cad>91</ns3:cad>
          </ns3:TrackPointExtension>
        </extensions>
      </trkpt>
      <trkpt lat="49.504692591726779937744140625" lon="5.947947017848491668701171875">
        <ele>312.79998779296875</ele>
        <time>2026-09-05T16:17:43.000Z</time>
        <extensions>
          <ns3:TrackPointExtension>
            <ns3:atemp>26.0</ns3:atemp>
            <ns3:hr>195</ns3:hr>
            <ns3:cad>91</ns3:cad>
          </ns3:TrackPointExtension>
        </extensions>
      </trkpt>
      <trkpt lat="49.50465931557118892669677734375" lon="5.94792782329022884368896484375">
        <ele>312.79998779296875</ele>
        <time>2026-09-05T16:17:44.000Z</time>
        <extensions>
          <ns3:TrackPointExtension>
            <ns3:atemp>26.0</ns3:atemp>
            <ns3:hr>195</ns3:hr>
            <ns3:cad>91</ns3:cad>
          </ns3:TrackPointExtension>
        </extensions>
      </trkpt>
      <trkpt lat="49.50462059117853641510009765625" lon="5.94789999537169933319091796875">
        <ele>312.79998779296875</ele>
        <time>2026-09-05T16:17:45.000Z</time>
        <extensions>
          <ns3:TrackPointExtension>
            <ns3:atemp>26.0</ns3:atemp>
            <ns3:hr>195</ns3:hr>
            <ns3:cad>90</ns3:cad>
          </ns3:TrackPointExtension>
        </extensions>
      </trkpt>
      <trkpt lat="49.5045861415565013885498046875" lon="5.9478714130818843841552734375">
        <ele>312.79998779296875</ele>
        <time>2026-09-05T16:17:46.000Z</time>
        <extensions>
          <ns3:TrackPointExtension>
            <ns3:atemp>26.0</ns3:atemp>
            <ns3:hr>195</ns3:hr>
            <ns3:cad>90</ns3:cad>
          </ns3:TrackPointExtension>
        </extensions>
      </trkpt>
      <trkpt lat="49.5045529492199420928955078125" lon="5.9478459320962429046630859375">
        <ele>312.79998779296875</ele>
        <time>2026-09-05T16:17:47.000Z</time>
        <extensions>
          <ns3:TrackPointExtension>
            <ns3:atemp>26.0</ns3:atemp>
            <ns3:hr>195</ns3:hr>
            <ns3:cad>89</ns3:cad>
          </ns3:TrackPointExtension>
        </extensions>
      </trkpt>
      <trkpt lat="49.50451732613146305084228515625" lon="5.9478238038718700408935546875">
        <ele>312.79998779296875</ele>
        <time>2026-09-05T16:17:48.000Z</time>
        <extensions>
          <ns3:TrackPointExtension>
            <ns3:atemp>26.0</ns3:atemp>
            <ns3:hr>195</ns3:hr>
            <ns3:cad>88</ns3:cad>
          </ns3:TrackPointExtension>
        </extensions>
      </trkpt>
      <trkpt lat="49.50447776354849338531494140625" lon="5.94779270701110363006591796875">
        <ele>312.79998779296875</ele>
        <time>2026-09-05T16:17:49.000Z</time>
        <extensions>
          <ns3:TrackPointExtension>
            <ns3:atemp>26.0</ns3:atemp>
            <ns3:hr>195</ns3:hr>
            <ns3:cad>88</ns3:cad>
          </ns3:TrackPointExtension>
        </extensions>
      </trkpt>
      <trkpt lat="49.50444306246936321258544921875" lon="5.94776856712996959686279296875">
        <ele>312.600006103515625</ele>
        <time>2026-09-05T16:17:50.000Z</time>
        <extensions>
          <ns3:TrackPointExtension>
            <ns3:atemp>26.0</ns3:atemp>
            <ns3:hr>194</ns3:hr>
            <ns3:cad>88</ns3:cad>
          </ns3:TrackPointExtension>
        </extensions>
      </trkpt>
      <trkpt lat="49.50439989566802978515625" lon="5.94775130040943622589111328125">
        <ele>312.600006103515625</ele>
        <time>2026-09-05T16:17:51.000Z</time>
        <extensions>
          <ns3:TrackPointExtension>
            <ns3:atemp>26.0</ns3:atemp>
            <ns3:hr>194</ns3:hr>
            <ns3:cad>88</ns3:cad>
          </ns3:TrackPointExtension>
        </extensions>
      </trkpt>
      <trkpt lat="49.50435362756252288818359375" lon="5.94773218967020511627197265625">
        <ele>312.399993896484375</ele>
        <time>2026-09-05T16:17:52.000Z</time>
        <extensions>
          <ns3:TrackPointExtension>
            <ns3:atemp>26.0</ns3:atemp>
            <ns3:hr>194</ns3:hr>
            <ns3:cad>89</ns3:cad>
          </ns3:TrackPointExtension>
        </extensions>
      </trkpt>
      <trkpt lat="49.50431129895150661468505859375" lon="5.94771542586386203765869140625">
        <ele>312.399993896484375</ele>
        <time>2026-09-05T16:17:53.000Z</time>
        <extensions>
          <ns3:TrackPointExtension>
            <ns3:atemp>26.0</ns3:atemp>
            <ns3:hr>193</ns3:hr>
            <ns3:cad>89</ns3:cad>
          </ns3:TrackPointExtension>
        </extensions>
      </trkpt>
      <trkpt lat="49.50426922179758548736572265625" lon="5.94770402647554874420166015625">
        <ele>312.399993896484375</ele>
        <time>2026-09-05T16:17:54.000Z</time>
        <extensions>
          <ns3:TrackPointExtension>
            <ns3:atemp>26.0</ns3:atemp>
            <ns3:hr>193</ns3:hr>
            <ns3:cad>89</ns3:cad>
          </ns3:TrackPointExtension>
        </extensions>
      </trkpt>
      <trkpt lat="49.5042351074516773223876953125" lon="5.94768877141177654266357421875">
        <ele>312.20001220703125</ele>
        <time>2026-09-05T16:17:55.000Z</time>
        <extensions>
          <ns3:TrackPointExtension>
            <ns3:atemp>26.0</ns3:atemp>
            <ns3:hr>193</ns3:hr>
            <ns3:cad>89</ns3:cad>
          </ns3:TrackPointExtension>
        </extensions>
      </trkpt>
      <trkpt lat="49.50419780798256397247314453125" lon="5.94766932539641857147216796875">
        <ele>312.399993896484375</ele>
        <time>2026-09-05T16:17:56.000Z</time>
        <extensions>
          <ns3:TrackPointExtension>
            <ns3:atemp>26.0</ns3:atemp>
            <ns3:hr>193</ns3:hr>
            <ns3:cad>89</ns3:cad>
          </ns3:TrackPointExtension>
        </extensions>
      </trkpt>
      <trkpt lat="49.50416277162730693817138671875" lon="5.94765356741845607757568359375">
        <ele>312.399993896484375</ele>
        <time>2026-09-05T16:17:57.000Z</time>
        <extensions>
          <ns3:TrackPointExtension>
            <ns3:atemp>26.0</ns3:atemp>
            <ns3:hr>193</ns3:hr>
            <ns3:cad>89</ns3:cad>
          </ns3:TrackPointExtension>
        </extensions>
      </trkpt>
      <trkpt lat="49.50412505306303501129150390625" lon="5.94763998873531818389892578125">
        <ele>312.399993896484375</ele>
        <time>2026-09-05T16:17:58.000Z</time>
        <extensions>
          <ns3:TrackPointExtension>
            <ns3:atemp>26.0</ns3:atemp>
            <ns3:hr>193</ns3:hr>
            <ns3:cad>89</ns3:cad>
          </ns3:TrackPointExtension>
        </extensions>
      </trkpt>
      <trkpt lat="49.5040828920900821685791015625" lon="5.94762942753732204437255859375">
        <ele>312.20001220703125</ele>
        <time>2026-09-05T16:17:59.000Z</time>
        <extensions>
          <ns3:TrackPointExtension>
            <ns3:atemp>26.0</ns3:atemp>
            <ns3:hr>193</ns3:hr>
            <ns3:cad>89</ns3:cad>
          </ns3:TrackPointExtension>
        </extensions>
      </trkpt>
      <trkpt lat="49.50404576025903224945068359375" lon="5.9476179443299770355224609375">
        <ele>312.20001220703125</ele>
        <time>2026-09-05T16:18:00.000Z</time>
        <extensions>
          <ns3:TrackPointExtension>
            <ns3:atemp>26.0</ns3:atemp>
            <ns3:hr>193</ns3:hr>
            <ns3:cad>89</ns3:cad>
          </ns3:TrackPointExtension>
        </extensions>
      </trkpt>
      <trkpt lat="49.50400250963866710662841796875" lon="5.9476109035313129425048828125">
        <ele>312.20001220703125</ele>
        <time>2026-09-05T16:18:01.000Z</time>
        <extensions>
          <ns3:TrackPointExtension>
            <ns3:atemp>26.0</ns3:atemp>
            <ns3:hr>193</ns3:hr>
            <ns3:cad>89</ns3:cad>
          </ns3:TrackPointExtension>
        </extensions>
      </trkpt>
      <trkpt lat="49.50396546162664890289306640625" lon="5.94759824685752391815185546875">
        <ele>312.20001220703125</ele>
        <time>2026-09-05T16:18:02.000Z</time>
        <extensions>
          <ns3:TrackPointExtension>
            <ns3:atemp>25.0</ns3:atemp>
            <ns3:hr>194</ns3:hr>
            <ns3:cad>89</ns3:cad>
          </ns3:TrackPointExtension>
        </extensions>
      </trkpt>
      <trkpt lat="49.50392715632915496826171875" lon="5.9475907869637012481689453125">
        <ele>312.20001220703125</ele>
        <time>2026-09-05T16:18:03.000Z</time>
        <extensions>
          <ns3:TrackPointExtension>
            <ns3:atemp>26.0</ns3:atemp>
            <ns3:hr>195</ns3:hr>
            <ns3:cad>88</ns3:cad>
          </ns3:TrackPointExtension>
        </extensions>
      </trkpt>
      <trkpt lat="49.50388868339359760284423828125" lon="5.94757108949124813079833984375">
        <ele>312.20001220703125</ele>
        <time>2026-09-05T16:18:04.000Z</time>
        <extensions>
          <ns3:TrackPointExtension>
            <ns3:atemp>26.0</ns3:atemp>
            <ns3:hr>195</ns3:hr>
            <ns3:cad>88</ns3:cad>
          </ns3:TrackPointExtension>
        </extensions>
      </trkpt>
      <trkpt lat="49.50384543277323246002197265625" lon="5.9475582651793956756591796875">
        <ele>312</ele>
        <time>2026-09-05T16:18:05.000Z</time>
        <extensions>
          <ns3:TrackPointExtension>
            <ns3:atemp>26.0</ns3:atemp>
            <ns3:hr>194</ns3:hr>
            <ns3:cad>88</ns3:cad>
          </ns3:TrackPointExtension>
        </extensions>
      </trkpt>
      <trkpt lat="49.50380218215286731719970703125" lon="5.9475351311266422271728515625">
        <ele>312</ele>
        <time>2026-09-05T16:18:06.000Z</time>
        <extensions>
          <ns3:TrackPointExtension>
            <ns3:atemp>25.0</ns3:atemp>
            <ns3:hr>194</ns3:hr>
            <ns3:cad>89</ns3:cad>
          </ns3:TrackPointExtension>
        </extensions>
      </trkpt>
      <trkpt lat="49.5037720911204814910888671875" lon="5.94751141034066677093505859375">
        <ele>312</ele>
        <time>2026-09-05T16:18:07.000Z</time>
        <extensions>
          <ns3:TrackPointExtension>
            <ns3:atemp>26.0</ns3:atemp>
            <ns3:hr>193</ns3:hr>
            <ns3:cad>89</ns3:cad>
          </ns3:TrackPointExtension>
        </extensions>
      </trkpt>
      <trkpt lat="49.50373806059360504150390625" lon="5.9474690817296504974365234375">
        <ele>312</ele>
        <time>2026-09-05T16:18:08.000Z</time>
        <extensions>
          <ns3:TrackPointExtension>
            <ns3:atemp>25.0</ns3:atemp>
            <ns3:hr>194</ns3:hr>
            <ns3:cad>89</ns3:cad>
          </ns3:TrackPointExtension>
        </extensions>
      </trkpt>
      <trkpt lat="49.5037092268466949462890625" lon="5.94743781723082065582275390625">
        <ele>312</ele>
        <time>2026-09-05T16:18:09.000Z</time>
        <extensions>
          <ns3:TrackPointExtension>
            <ns3:atemp>26.0</ns3:atemp>
            <ns3:hr>195</ns3:hr>
            <ns3:cad>89</ns3:cad>
          </ns3:TrackPointExtension>
        </extensions>
      </trkpt>
      <trkpt lat="49.50367662124335765838623046875" lon="5.9473859332501888275146484375">
        <ele>312.20001220703125</ele>
        <time>2026-09-05T16:18:10.000Z</time>
        <extensions>
          <ns3:TrackPointExtension>
            <ns3:atemp>26.0</ns3:atemp>
            <ns3:hr>195</ns3:hr>
            <ns3:cad>89</ns3:cad>
          </ns3:TrackPointExtension>
        </extensions>
      </trkpt>
      <trkpt lat="49.50364225544035434722900390625" lon="5.94733924604952335357666015625">
        <ele>312.20001220703125</ele>
        <time>2026-09-05T16:18:11.000Z</time>
        <extensions>
          <ns3:TrackPointExtension>
            <ns3:atemp>25.0</ns3:atemp>
            <ns3:hr>195</ns3:hr>
            <ns3:cad>88</ns3:cad>
          </ns3:TrackPointExtension>
        </extensions>
      </trkpt>
      <trkpt lat="49.50361627154052257537841796875" lon="5.947283841669559478759765625">
        <ele>312.20001220703125</ele>
        <time>2026-09-05T16:18:12.000Z</time>
        <extensions>
          <ns3:TrackPointExtension>
            <ns3:atemp>25.0</ns3:atemp>
            <ns3:hr>195</ns3:hr>
            <ns3:cad>88</ns3:cad>
          </ns3:TrackPointExtension>
        </extensions>
      </trkpt>
      <trkpt lat="49.503596909344196319580078125" lon="5.94722424633800983428955078125">
        <ele>312.20001220703125</ele>
        <time>2026-09-05T16:18:13.000Z</time>
        <extensions>
          <ns3:TrackPointExtension>
            <ns3:atemp>25.0</ns3:atemp>
            <ns3:hr>195</ns3:hr>
            <ns3:cad>88</ns3:cad>
          </ns3:TrackPointExtension>
        </extensions>
      </trkpt>
      <trkpt lat="49.5035970769822597503662109375" lon="5.9471545927226543426513671875">
        <ele>312.20001220703125</ele>
        <time>2026-09-05T16:18:14.000Z</time>
        <extensions>
          <ns3:TrackPointExtension>
            <ns3:atemp>25.0</ns3:atemp>
            <ns3:hr>195</ns3:hr>
            <ns3:cad>88</ns3:cad>
          </ns3:TrackPointExtension>
        </extensions>
      </trkpt>
      <trkpt lat="49.5036074705421924591064453125" lon="5.94711922109127044677734375">
        <ele>312.20001220703125</ele>
        <time>2026-09-05T16:18:15.000Z</time>
        <extensions>
          <ns3:TrackPointExtension>
            <ns3:atemp>25.0</ns3:atemp>
            <ns3:hr>195</ns3:hr>
            <ns3:cad>88</ns3:cad>
          </ns3:TrackPointExtension>
        </extensions>
      </trkpt>
      <trkpt lat="49.50362465344369411468505859375" lon="5.947046466171741485595703125">
        <ele>312.20001220703125</ele>
        <time>2026-09-05T16:18:16.000Z</time>
        <extensions>
          <ns3:TrackPointExtension>
            <ns3:atemp>26.0</ns3:atemp>
            <ns3:hr>195</ns3:hr>
            <ns3:cad>89</ns3:cad>
          </ns3:TrackPointExtension>
        </extensions>
      </trkpt>
      <trkpt lat="49.50363823212683200836181640625" lon="5.94699290581047534942626953125">
        <ele>312.20001220703125</ele>
        <time>2026-09-05T16:18:17.000Z</time>
        <extensions>
          <ns3:TrackPointExtension>
            <ns3:atemp>25.0</ns3:atemp>
            <ns3:hr>195</ns3:hr>
            <ns3:cad>89</ns3:cad>
          </ns3:TrackPointExtension>
        </extensions>
      </trkpt>
      <trkpt lat="49.50365549884736537933349609375" lon="5.946943871676921844482421875">
        <ele>312.20001220703125</ele>
        <time>2026-09-05T16:18:18.000Z</time>
        <extensions>
          <ns3:TrackPointExtension>
            <ns3:atemp>25.0</ns3:atemp>
            <ns3:hr>195</ns3:hr>
            <ns3:cad>89</ns3:cad>
          </ns3:TrackPointExtension>
        </extensions>
      </trkpt>
      <trkpt lat="49.50367460958659648895263671875" lon="5.94689517281949520111083984375">
        <ele>312.399993896484375</ele>
        <time>2026-09-05T16:18:19.000Z</time>
        <extensions>
          <ns3:TrackPointExtension>
            <ns3:atemp>25.0</ns3:atemp>
            <ns3:hr>195</ns3:hr>
            <ns3:cad>89</ns3:cad>
          </ns3:TrackPointExtension>
        </extensions>
      </trkpt>
      <trkpt lat="49.50369740836322307586669921875" lon="5.94682660885155200958251953125">
        <ele>312.399993896484375</ele>
        <time>2026-09-05T16:18:20.000Z</time>
        <extensions>
          <ns3:TrackPointExtension>
            <ns3:atemp>25.0</ns3:atemp>
            <ns3:hr>195</ns3:hr>
            <ns3:cad>89</ns3:cad>
          </ns3:TrackPointExtension>
        </extensions>
      </trkpt>
      <trkpt lat="49.50371735729277133941650390625" lon="5.9467653371393680572509765625">
        <ele>312.399993896484375</ele>
        <time>2026-09-05T16:18:21.000Z</time>
        <extensions>
          <ns3:TrackPointExtension>
            <ns3:atemp>25.0</ns3:atemp>
            <ns3:hr>195</ns3:hr>
            <ns3:cad>89</ns3:cad>
          </ns3:TrackPointExtension>
        </extensions>
      </trkpt>
      <trkpt lat="49.5037295110523700714111328125" lon="5.9467016346752643585205078125">
        <ele>312.399993896484375</ele>
        <time>2026-09-05T16:18:22.000Z</time>
        <extensions>
          <ns3:TrackPointExtension>
            <ns3:atemp>25.0</ns3:atemp>
            <ns3:hr>195</ns3:hr>
            <ns3:cad>89</ns3:cad>
          </ns3:TrackPointExtension>
        </extensions>
      </trkpt>
      <trkpt lat="49.50374200008809566497802734375" lon="5.9466285444796085357666015625">
        <ele>312.20001220703125</ele>
        <time>2026-09-05T16:18:23.000Z</time>
        <extensions>
          <ns3:TrackPointExtension>
            <ns3:atemp>25.0</ns3:atemp>
            <ns3:hr>195</ns3:hr>
            <ns3:cad>89</ns3:cad>
          </ns3:TrackPointExtension>
        </extensions>
      </trkpt>
      <trkpt lat="49.50375239364802837371826171875" lon="5.94655972905457019805908203125">
        <ele>312</ele>
        <time>2026-09-05T16:18:24.000Z</time>
        <extensions>
          <ns3:TrackPointExtension>
            <ns3:atemp>25.0</ns3:atemp>
            <ns3:hr>195</ns3:hr>
            <ns3:cad>89</ns3:cad>
          </ns3:TrackPointExtension>
        </extensions>
      </trkpt>
      <trkpt lat="49.5037627033889293670654296875" lon="5.94650608487427234649658203125">
        <ele>312</ele>
        <time>2026-09-05T16:18:25.000Z</time>
        <extensions>
          <ns3:TrackPointExtension>
            <ns3:atemp>25.0</ns3:atemp>
            <ns3:hr>195</ns3:hr>
            <ns3:cad>88</ns3:cad>
          </ns3:TrackPointExtension>
        </extensions>
      </trkpt>
      <trkpt lat="49.50377502478659152984619140625" lon="5.94644590280950069427490234375">
        <ele>312</ele>
        <time>2026-09-05T16:18:26.000Z</time>
        <extensions>
          <ns3:TrackPointExtension>
            <ns3:atemp>25.0</ns3:atemp>
            <ns3:hr>195</ns3:hr>
            <ns3:cad>88</ns3:cad>
          </ns3:TrackPointExtension>
        </extensions>
      </trkpt>
      <trkpt lat="49.50378390960395336151123046875" lon="5.94638437964022159576416015625">
        <ele>312.20001220703125</ele>
        <time>2026-09-05T16:18:27.000Z</time>
        <extensions>
          <ns3:TrackPointExtension>
            <ns3:atemp>25.0</ns3:atemp>
            <ns3:hr>195</ns3:hr>
            <ns3:cad>88</ns3:cad>
          </ns3:TrackPointExtension>
        </extensions>
      </trkpt>
      <trkpt lat="49.50379413552582263946533203125" lon="5.94632067717611789703369140625">
        <ele>312.399993896484375</ele>
        <time>2026-09-05T16:18:28.000Z</time>
        <extensions>
          <ns3:TrackPointExtension>
            <ns3:atemp>25.0</ns3:atemp>
            <ns3:hr>195</ns3:hr>
            <ns3:cad>87</ns3:cad>
          </ns3:TrackPointExtension>
        </extensions>
      </trkpt>
      <trkpt lat="49.503809474408626556396484375" lon="5.9462691284716129302978515625">
        <ele>312.399993896484375</ele>
        <time>2026-09-05T16:18:29.000Z</time>
        <extensions>
          <ns3:TrackPointExtension>
            <ns3:atemp>25.0</ns3:atemp>
            <ns3:hr>195</ns3:hr>
            <ns3:cad>86</ns3:cad>
          </ns3:TrackPointExtension>
        </extensions>
      </trkpt>
      <trkpt lat="49.503820203244686126708984375" lon="5.94622093252837657928466796875">
        <ele>312.399993896484375</ele>
        <time>2026-09-05T16:18:30.000Z</time>
        <extensions>
          <ns3:TrackPointExtension>
            <ns3:atemp>25.0</ns3:atemp>
            <ns3:hr>195</ns3:hr>
            <ns3:cad>86</ns3:cad>
          </ns3:TrackPointExtension>
        </extensions>
      </trkpt>
      <trkpt lat="49.5038404874503612518310546875" lon="5.94615153037011623382568359375">
        <ele>312.20001220703125</ele>
        <time>2026-09-05T16:18:31.000Z</time>
        <extensions>
          <ns3:TrackPointExtension>
            <ns3:atemp>25.0</ns3:atemp>
            <ns3:hr>195</ns3:hr>
            <ns3:cad>86</ns3:cad>
          </ns3:TrackPointExtension>
        </extensions>
      </trkpt>
      <trkpt lat="49.5038621127605438232421875" lon="5.946115069091320037841796875">
        <ele>312</ele>
        <time>2026-09-05T16:18:32.000Z</time>
        <extensions>
          <ns3:TrackPointExtension>
            <ns3:atemp>25.0</ns3:atemp>
            <ns3:hr>195</ns3:hr>
            <ns3:cad>86</ns3:cad>
          </ns3:TrackPointExtension>
        </extensions>
      </trkpt>
      <trkpt lat="49.5038870908319950103759765625" lon="5.94605413265526294708251953125">
        <ele>311.79998779296875</ele>
        <time>2026-09-05T16:18:33.000Z</time>
        <extensions>
          <ns3:TrackPointExtension>
            <ns3:atemp>25.0</ns3:atemp>
            <ns3:hr>194</ns3:hr>
            <ns3:cad>89</ns3:cad>
          </ns3:TrackPointExtension>
        </extensions>
      </trkpt>
      <trkpt lat="49.50391768477857112884521484375" lon="5.94600769691169261932373046875">
        <ele>311.600006103515625</ele>
        <time>2026-09-05T16:18:34.000Z</time>
        <extensions>
          <ns3:TrackPointExtension>
            <ns3:atemp>25.0</ns3:atemp>
            <ns3:hr>194</ns3:hr>
            <ns3:cad>89</ns3:cad>
          </ns3:TrackPointExtension>
        </extensions>
      </trkpt>
      <trkpt lat="49.50394199229776859283447265625" lon="5.9459586627781391143798828125">
        <ele>311.79998779296875</ele>
        <time>2026-09-05T16:18:35.000Z</time>
        <extensions>
          <ns3:TrackPointExtension>
            <ns3:atemp>25.0</ns3:atemp>
            <ns3:hr>193</ns3:hr>
            <ns3:cad>87</ns3:cad>
          </ns3:TrackPointExtension>
        </extensions>
      </trkpt>
      <trkpt lat="49.50397032313048839569091796875" lon="5.94591088593006134033203125">
        <ele>312</ele>
        <time>2026-09-05T16:18:36.000Z</time>
        <extensions>
          <ns3:TrackPointExtension>
            <ns3:atemp>25.0</ns3:atemp>
            <ns3:hr>193</ns3:hr>
            <ns3:cad>87</ns3:cad>
          </ns3:TrackPointExtension>
        </extensions>
      </trkpt>
      <trkpt lat="49.50399111025035381317138671875" lon="5.94587735831737518310546875">
        <ele>312.20001220703125</ele>
        <time>2026-09-05T16:18:37.000Z</time>
        <extensions>
          <ns3:TrackPointExtension>
            <ns3:atemp>25.0</ns3:atemp>
            <ns3:hr>193</ns3:hr>
            <ns3:cad>87</ns3:cad>
          </ns3:TrackPointExtension>
        </extensions>
      </trkpt>
      <trkpt lat="49.50401608832180500030517578125" lon="5.9458396397531032562255859375">
        <ele>312.399993896484375</ele>
        <time>2026-09-05T16:18:38.000Z</time>
        <extensions>
          <ns3:TrackPointExtension>
            <ns3:atemp>25.0</ns3:atemp>
            <ns3:hr>193</ns3:hr>
            <ns3:cad>87</ns3:cad>
          </ns3:TrackPointExtension>
        </extensions>
      </trkpt>
      <trkpt lat="49.5040364563465118408203125" lon="5.9458258934319019317626953125">
        <ele>312.399993896484375</ele>
        <time>2026-09-05T16:18:39.000Z</time>
        <extensions>
          <ns3:TrackPointExtension>
            <ns3:atemp>25.0</ns3:atemp>
            <ns3:hr>193</ns3:hr>
            <ns3:cad>87</ns3:cad>
          </ns3:TrackPointExtension>
        </extensions>
      </trkpt>
      <trkpt lat="49.50406269170343875885009765625" lon="5.945794545114040374755859375">
        <ele>312.399993896484375</ele>
        <time>2026-09-05T16:18:40.000Z</time>
        <extensions>
          <ns3:TrackPointExtension>
            <ns3:atemp>25.0</ns3:atemp>
            <ns3:hr>193</ns3:hr>
            <ns3:cad>87</ns3:cad>
          </ns3:TrackPointExtension>
        </extensions>
      </trkpt>
      <trkpt lat="49.50407710857689380645751953125" lon="5.94577870331704616546630859375">
        <ele>312.399993896484375</ele>
        <time>2026-09-05T16:18:41.000Z</time>
        <extensions>
          <ns3:TrackPointExtension>
            <ns3:atemp>25.0</ns3:atemp>
            <ns3:hr>193</ns3:hr>
            <ns3:cad>87</ns3:cad>
          </ns3:TrackPointExtension>
        </extensions>
      </trkpt>
      <trkpt lat="49.5040793716907501220703125" lon="5.9457514621317386627197265625">
        <ele>312.399993896484375</ele>
        <time>2026-09-05T16:18:42.000Z</time>
        <extensions>
          <ns3:TrackPointExtension>
            <ns3:atemp>25.0</ns3:atemp>
            <ns3:hr>193</ns3:hr>
            <ns3:cad>87</ns3:cad>
          </ns3:TrackPointExtension>
        </extensions>
      </trkpt>
      <trkpt lat="49.50407610274851322174072265625" lon="5.94572774134576320648193359375">
        <ele>312.20001220703125</ele>
        <time>2026-09-05T16:18:43.000Z</time>
        <extensions>
          <ns3:TrackPointExtension>
            <ns3:atemp>25.0</ns3:atemp>
            <ns3:hr>194</ns3:hr>
            <ns3:cad>87</ns3:cad>
          </ns3:TrackPointExtension>
        </extensions>
      </trkpt>
      <trkpt lat="49.50407241471111774444580078125" lon="5.94569907523691654205322265625">
        <ele>312.20001220703125</ele>
        <time>2026-09-05T16:18:44.000Z</time>
        <extensions>
          <ns3:TrackPointExtension>
            <ns3:atemp>25.0</ns3:atemp>
            <ns3:hr>195</ns3:hr>
            <ns3:cad>87</ns3:cad>
          </ns3:TrackPointExtension>
        </extensions>
      </trkpt>
      <trkpt lat="49.50407392345368862152099609375" lon="5.94565213657915592193603515625">
        <ele>312</ele>
        <time>2026-09-05T16:18:45.000Z</time>
        <extensions>
          <ns3:TrackPointExtension>
            <ns3:atemp>25.0</ns3:atemp>
            <ns3:hr>195</ns3:hr>
            <ns3:cad>87</ns3:cad>
          </ns3:TrackPointExtension>
        </extensions>
      </trkpt>
      <trkpt lat="49.504076354205608367919921875" lon="5.94560268335044384002685546875">
        <ele>312.20001220703125</ele>
        <time>2026-09-05T16:18:46.000Z</time>
        <extensions>
          <ns3:TrackPointExtension>
            <ns3:atemp>25.0</ns3:atemp>
            <ns3:hr>195</ns3:hr>
            <ns3:cad>86</ns3:cad>
          </ns3:TrackPointExtension>
        </extensions>
      </trkpt>
      <trkpt lat="49.50408917851746082305908203125" lon="5.94555021263659000396728515625">
        <ele>312.20001220703125</ele>
        <time>2026-09-05T16:18:47.000Z</time>
        <extensions>
          <ns3:TrackPointExtension>
            <ns3:atemp>25.0</ns3:atemp>
            <ns3:hr>195</ns3:hr>
            <ns3:cad>86</ns3:cad>
          </ns3:TrackPointExtension>
        </extensions>
      </trkpt>
      <trkpt lat="49.50410007499158382415771484375" lon="5.9455030225217342376708984375">
        <ele>312.399993896484375</ele>
        <time>2026-09-05T16:18:48.000Z</time>
        <extensions>
          <ns3:TrackPointExtension>
            <ns3:atemp>25.0</ns3:atemp>
            <ns3:hr>194</ns3:hr>
            <ns3:cad>87</ns3:cad>
          </ns3:TrackPointExtension>
        </extensions>
      </trkpt>
      <trkpt lat="49.50412371195852756500244140625" lon="5.9454577602446079254150390625">
        <ele>312.399993896484375</ele>
        <time>2026-09-05T16:18:49.000Z</time>
        <extensions>
          <ns3:TrackPointExtension>
            <ns3:atemp>25.0</ns3:atemp>
            <ns3:hr>194</ns3:hr>
            <ns3:cad>87</ns3:cad>
          </ns3:TrackPointExtension>
        </extensions>
      </trkpt>
      <trkpt lat="49.5041398890316486358642578125" lon="5.94540973193943500518798828125">
        <ele>312.600006103515625</ele>
        <time>2026-09-05T16:18:50.000Z</time>
        <extensions>
          <ns3:TrackPointExtension>
            <ns3:atemp>25.0</ns3:atemp>
            <ns3:hr>194</ns3:hr>
            <ns3:cad>88</ns3:cad>
          </ns3:TrackPointExtension>
        </extensions>
      </trkpt>
      <trkpt lat="49.50415975414216518402099609375" lon="5.94535407610237598419189453125">
        <ele>312.600006103515625</ele>
        <time>2026-09-05T16:18:51.000Z</time>
        <extensions>
          <ns3:TrackPointExtension>
            <ns3:atemp>25.0</ns3:atemp>
            <ns3:hr>193</ns3:hr>
            <ns3:cad>89</ns3:cad>
          </ns3:TrackPointExtension>
        </extensions>
      </trkpt>
      <trkpt lat="49.5041724108159542083740234375" lon="5.94530914910137653350830078125">
        <ele>312.600006103515625</ele>
        <time>2026-09-05T16:18:52.000Z</time>
        <extensions>
          <ns3:TrackPointExtension>
            <ns3:atemp>25.0</ns3:atemp>
            <ns3:hr>194</ns3:hr>
            <ns3:cad>89</ns3:cad>
          </ns3:TrackPointExtension>
        </extensions>
      </trkpt>
      <trkpt lat="49.50418892316520214080810546875" lon="5.94525064341723918914794921875">
        <ele>312.399993896484375</ele>
        <time>2026-09-05T16:18:53.000Z</time>
        <extensions>
          <ns3:TrackPointExtension>
            <ns3:atemp>25.0</ns3:atemp>
            <ns3:hr>195</ns3:hr>
            <ns3:cad>88</ns3:cad>
          </ns3:TrackPointExtension>
        </extensions>
      </trkpt>
      <trkpt lat="49.50419898144900798797607421875" lon="5.94520303420722484588623046875">
        <ele>312.600006103515625</ele>
        <time>2026-09-05T16:18:54.000Z</time>
        <extensions>
          <ns3:TrackPointExtension>
            <ns3:atemp>25.0</ns3:atemp>
            <ns3:hr>195</ns3:hr>
            <ns3:cad>88</ns3:cad>
          </ns3:TrackPointExtension>
        </extensions>
      </trkpt>
      <trkpt lat="49.50421490706503391265869140625" lon="5.945144779980182647705078125">
        <ele>312.600006103515625</ele>
        <time>2026-09-05T16:18:55.000Z</time>
        <extensions>
          <ns3:TrackPointExtension>
            <ns3:atemp>25.0</ns3:atemp>
            <ns3:hr>195</ns3:hr>
            <ns3:cad>88</ns3:cad>
          </ns3:TrackPointExtension>
        </extensions>
      </trkpt>
      <trkpt lat="49.50422463007271289825439453125" lon="5.94510161317884922027587890625">
        <ele>312.399993896484375</ele>
        <time>2026-09-05T16:18:56.000Z</time>
        <extensions>
          <ns3:TrackPointExtension>
            <ns3:atemp>25.0</ns3:atemp>
            <ns3:hr>195</ns3:hr>
            <ns3:cad>88</ns3:cad>
          </ns3:TrackPointExtension>
        </extensions>
      </trkpt>
      <trkpt lat="49.5042387954890727996826171875" lon="5.94504880718886852264404296875">
        <ele>312.600006103515625</ele>
        <time>2026-09-05T16:18:57.000Z</time>
        <extensions>
          <ns3:TrackPointExtension>
            <ns3:atemp>25.0</ns3:atemp>
            <ns3:hr>195</ns3:hr>
            <ns3:cad>88</ns3:cad>
          </ns3:TrackPointExtension>
        </extensions>
      </trkpt>
      <trkpt lat="49.5042512007057666778564453125" lon="5.94499935396015644073486328125">
        <ele>312.399993896484375</ele>
        <time>2026-09-05T16:18:58.000Z</time>
        <extensions>
          <ns3:TrackPointExtension>
            <ns3:atemp>25.0</ns3:atemp>
            <ns3:hr>195</ns3:hr>
            <ns3:cad>87</ns3:cad>
          </ns3:TrackPointExtension>
        </extensions>
      </trkpt>
      <trkpt lat="49.5042609237134456634521484375" lon="5.94494738616049289703369140625">
        <ele>312.399993896484375</ele>
        <time>2026-09-05T16:18:59.000Z</time>
        <extensions>
          <ns3:TrackPointExtension>
            <ns3:atemp>25.0</ns3:atemp>
            <ns3:hr>195</ns3:hr>
            <ns3:cad>87</ns3:cad>
          </ns3:TrackPointExtension>
        </extensions>
      </trkpt>
      <trkpt lat="49.50427592732012271881103515625" lon="5.944902040064334869384765625">
        <ele>312.600006103515625</ele>
        <time>2026-09-05T16:19:00.000Z</time>
        <extensions>
          <ns3:TrackPointExtension>
            <ns3:atemp>25.0</ns3:atemp>
            <ns3:hr>195</ns3:hr>
            <ns3:cad>87</ns3:cad>
          </ns3:TrackPointExtension>
        </extensions>
      </trkpt>
      <trkpt lat="49.5042859017848968505859375" lon="5.9448509104549884796142578125">
        <ele>312.600006103515625</ele>
        <time>2026-09-05T16:19:01.000Z</time>
        <extensions>
          <ns3:TrackPointExtension>
            <ns3:atemp>25.0</ns3:atemp>
            <ns3:hr>195</ns3:hr>
            <ns3:cad>87</ns3:cad>
          </ns3:TrackPointExtension>
        </extensions>
      </trkpt>
      <trkpt lat="49.50430224649608135223388671875" lon="5.94479952938854694366455078125">
        <ele>312.399993896484375</ele>
        <time>2026-09-05T16:19:02.000Z</time>
        <extensions>
          <ns3:TrackPointExtension>
            <ns3:atemp>25.0</ns3:atemp>
            <ns3:hr>195</ns3:hr>
            <ns3:cad>87</ns3:cad>
          </ns3:TrackPointExtension>
        </extensions>
      </trkpt>
      <trkpt lat="49.5043128915131092071533203125" lon="5.94474839977920055389404296875">
        <ele>312.600006103515625</ele>
        <time>2026-09-05T16:19:03.000Z</time>
        <extensions>
          <ns3:TrackPointExtension>
            <ns3:atemp>25.0</ns3:atemp>
            <ns3:hr>195</ns3:hr>
            <ns3:cad>87</ns3:cad>
          </ns3:TrackPointExtension>
        </extensions>
      </trkpt>
      <trkpt lat="49.50433082878589630126953125" lon="5.94469249248504638671875">
        <ele>312.600006103515625</ele>
        <time>2026-09-05T16:19:04.000Z</time>
        <extensions>
          <ns3:TrackPointExtension>
            <ns3:atemp>25.0</ns3:atemp>
            <ns3:hr>195</ns3:hr>
            <ns3:cad>88</ns3:cad>
          </ns3:TrackPointExtension>
        </extensions>
      </trkpt>
      <trkpt lat="49.50434583239257335662841796875" lon="5.944658629596233367919921875">
        <ele>312.399993896484375</ele>
        <time>2026-09-05T16:19:05.000Z</time>
        <extensions>
          <ns3:TrackPointExtension>
            <ns3:atemp>25.0</ns3:atemp>
            <ns3:hr>195</ns3:hr>
            <ns3:cad>87</ns3:cad>
          </ns3:TrackPointExtension>
        </extensions>
      </trkpt>
      <trkpt lat="49.5043610036373138427734375" lon="5.94461294822394847869873046875">
        <ele>312.399993896484375</ele>
        <time>2026-09-05T16:19:06.000Z</time>
        <extensions>
          <ns3:TrackPointExtension>
            <ns3:atemp>25.0</ns3:atemp>
            <ns3:hr>195</ns3:hr>
            <ns3:cad>87</ns3:cad>
          </ns3:TrackPointExtension>
        </extensions>
      </trkpt>
      <trkpt lat="49.50436628423631191253662109375" lon="5.94457455910742282867431640625">
        <ele>312.399993896484375</ele>
        <time>2026-09-05T16:19:07.000Z</time>
        <extensions>
          <ns3:TrackPointExtension>
            <ns3:atemp>25.0</ns3:atemp>
            <ns3:hr>195</ns3:hr>
            <ns3:cad>87</ns3:cad>
          </ns3:TrackPointExtension>
        </extensions>
      </trkpt>
      <trkpt lat="49.5043775998055934906005859375" lon="5.94451588578522205352783203125">
        <ele>312.399993896484375</ele>
        <time>2026-09-05T16:19:08.000Z</time>
        <extensions>
          <ns3:TrackPointExtension>
            <ns3:atemp>25.0</ns3:atemp>
            <ns3:hr>194</ns3:hr>
            <ns3:cad>87</ns3:cad>
          </ns3:TrackPointExtension>
        </extensions>
      </trkpt>
      <trkpt lat="49.5043957047164440155029296875" lon="5.94447632320225238800048828125">
        <ele>312.399993896484375</ele>
        <time>2026-09-05T16:19:09.000Z</time>
        <extensions>
          <ns3:TrackPointExtension>
            <ns3:atemp>25.0</ns3:atemp>
            <ns3:hr>194</ns3:hr>
            <ns3:cad>87</ns3:cad>
          </ns3:TrackPointExtension>
        </extensions>
      </trkpt>
      <trkpt lat="49.50440936721861362457275390625" lon="5.94442770816385746002197265625">
        <ele>312.399993896484375</ele>
        <time>2026-09-05T16:19:10.000Z</time>
        <extensions>
          <ns3:TrackPointExtension>
            <ns3:atemp>25.0</ns3:atemp>
            <ns3:hr>193</ns3:hr>
            <ns3:cad>87</ns3:cad>
          </ns3:TrackPointExtension>
        </extensions>
      </trkpt>
      <trkpt lat="49.5044226944446563720703125" lon="5.94438160769641399383544921875">
        <ele>312.399993896484375</ele>
        <time>2026-09-05T16:19:11.000Z</time>
        <extensions>
          <ns3:TrackPointExtension>
            <ns3:atemp>25.0</ns3:atemp>
            <ns3:hr>193</ns3:hr>
            <ns3:cad>87</ns3:cad>
          </ns3:TrackPointExtension>
        </extensions>
      </trkpt>
      <trkpt lat="49.50443618930876255035400390625" lon="5.9443292208015918731689453125">
        <ele>312.399993896484375</ele>
        <time>2026-09-05T16:19:12.000Z</time>
        <extensions>
          <ns3:TrackPointExtension>
            <ns3:atemp>25.0</ns3:atemp>
            <ns3:hr>193</ns3:hr>
            <ns3:cad>87</ns3:cad>
          </ns3:TrackPointExtension>
        </extensions>
      </trkpt>
      <trkpt lat="49.50445161201059818267822265625" lon="5.94427934847772121429443359375">
        <ele>312.399993896484375</ele>
        <time>2026-09-05T16:19:13.000Z</time>
        <extensions>
          <ns3:TrackPointExtension>
            <ns3:atemp>25.0</ns3:atemp>
            <ns3:hr>193</ns3:hr>
            <ns3:cad>87</ns3:cad>
          </ns3:TrackPointExtension>
        </extensions>
      </trkpt>
      <trkpt lat="49.50446628034114837646484375" lon="5.94423073343932628631591796875">
        <ele>312.600006103515625</ele>
        <time>2026-09-05T16:19:14.000Z</time>
        <extensions>
          <ns3:TrackPointExtension>
            <ns3:atemp>25.0</ns3:atemp>
            <ns3:hr>193</ns3:hr>
            <ns3:cad>87</ns3:cad>
          </ns3:TrackPointExtension>
        </extensions>
      </trkpt>
      <trkpt lat="49.50447994284331798553466796875" lon="5.94417356885969638824462890625">
        <ele>312.600006103515625</ele>
        <time>2026-09-05T16:19:15.000Z</time>
        <extensions>
          <ns3:TrackPointExtension>
            <ns3:atemp>25.0</ns3:atemp>
            <ns3:hr>193</ns3:hr>
            <ns3:cad>87</ns3:cad>
          </ns3:TrackPointExtension>
        </extensions>
      </trkpt>
      <trkpt lat="49.50448773801326751708984375" lon="5.9441203437745571136474609375">
        <ele>312.79998779296875</ele>
        <time>2026-09-05T16:19:16.000Z</time>
        <extensions>
          <ns3:TrackPointExtension>
            <ns3:atemp>25.0</ns3:atemp>
            <ns3:hr>193</ns3:hr>
            <ns3:cad>88</ns3:cad>
          </ns3:TrackPointExtension>
        </extensions>
      </trkpt>
      <trkpt lat="49.504499472677707672119140625" lon="5.94406745396554470062255859375">
        <ele>312.79998779296875</ele>
        <time>2026-09-05T16:19:17.000Z</time>
        <extensions>
          <ns3:TrackPointExtension>
            <ns3:atemp>25.0</ns3:atemp>
            <ns3:hr>193</ns3:hr>
            <ns3:cad>89</ns3:cad>
          </ns3:TrackPointExtension>
        </extensions>
      </trkpt>
      <trkpt lat="49.50450575910508632659912109375" lon="5.94402085058391094207763671875">
        <ele>312.79998779296875</ele>
        <time>2026-09-05T16:19:18.000Z</time>
        <extensions>
          <ns3:TrackPointExtension>
            <ns3:atemp>25.0</ns3:atemp>
            <ns3:hr>193</ns3:hr>
            <ns3:cad>89</ns3:cad>
          </ns3:TrackPointExtension>
        </extensions>
      </trkpt>
      <trkpt lat="49.50452000834047794342041015625" lon="5.9439642727375030517578125">
        <ele>312.79998779296875</ele>
        <time>2026-09-05T16:19:19.000Z</time>
        <extensions>
          <ns3:TrackPointExtension>
            <ns3:atemp>25.0</ns3:atemp>
            <ns3:hr>193</ns3:hr>
            <ns3:cad>89</ns3:cad>
          </ns3:TrackPointExtension>
        </extensions>
      </trkpt>
      <trkpt lat="49.50452889315783977508544921875" lon="5.94391674734652042388916015625">
        <ele>312.600006103515625</ele>
        <time>2026-09-05T16:19:20.000Z</time>
        <extensions>
          <ns3:TrackPointExtension>
            <ns3:atemp>25.0</ns3:atemp>
            <ns3:hr>194</ns3:hr>
            <ns3:cad>88</ns3:cad>
          </ns3:TrackPointExtension>
        </extensions>
      </trkpt>
      <trkpt lat="49.50454599224030971527099609375" lon="5.94385564327239990234375">
        <ele>312.600006103515625</ele>
        <time>2026-09-05T16:19:21.000Z</time>
        <extensions>
          <ns3:TrackPointExtension>
            <ns3:atemp>25.0</ns3:atemp>
            <ns3:hr>195</ns3:hr>
            <ns3:cad>88</ns3:cad>
          </ns3:TrackPointExtension>
        </extensions>
      </trkpt>
      <trkpt lat="49.50455906800925731658935546875" lon="5.9438055194914340972900390625">
        <ele>312.600006103515625</ele>
        <time>2026-09-05T16:19:22.000Z</time>
        <extensions>
          <ns3:TrackPointExtension>
            <ns3:atemp>25.0</ns3:atemp>
            <ns3:hr>195</ns3:hr>
            <ns3:cad>88</ns3:cad>
          </ns3:TrackPointExtension>
        </extensions>
      </trkpt>
      <trkpt lat="49.50457599945366382598876953125" lon="5.94374097883701324462890625">
        <ele>312.600006103515625</ele>
        <time>2026-09-05T16:19:23.000Z</time>
        <extensions>
          <ns3:TrackPointExtension>
            <ns3:atemp>25.0</ns3:atemp>
            <ns3:hr>195</ns3:hr>
            <ns3:cad>88</ns3:cad>
          </ns3:TrackPointExtension>
        </extensions>
      </trkpt>
      <trkpt lat="49.50458656065165996551513671875" lon="5.94369546510279178619384765625">
        <ele>312.600006103515625</ele>
        <time>2026-09-05T16:19:24.000Z</time>
        <extensions>
          <ns3:TrackPointExtension>
            <ns3:atemp>25.0</ns3:atemp>
            <ns3:hr>195</ns3:hr>
            <ns3:cad>88</ns3:cad>
          </ns3:TrackPointExtension>
        </extensions>
      </trkpt>
      <trkpt lat="49.50460466556251049041748046875" lon="5.94363243319094181060791015625">
        <ele>312.600006103515625</ele>
        <time>2026-09-05T16:19:25.000Z</time>
        <extensions>
          <ns3:TrackPointExtension>
            <ns3:atemp>25.0</ns3:atemp>
            <ns3:hr>194</ns3:hr>
            <ns3:cad>89</ns3:cad>
          </ns3:TrackPointExtension>
        </extensions>
      </trkpt>
      <trkpt lat="49.50461648404598236083984375" lon="5.9435902722179889678955078125">
        <ele>312.399993896484375</ele>
        <time>2026-09-05T16:19:26.000Z</time>
        <extensions>
          <ns3:TrackPointExtension>
            <ns3:atemp>25.0</ns3:atemp>
            <ns3:hr>194</ns3:hr>
            <ns3:cad>89</ns3:cad>
          </ns3:TrackPointExtension>
        </extensions>
      </trkpt>
      <trkpt lat="49.5046307332813739776611328125" lon="5.9435190260410308837890625">
        <ele>312.399993896484375</ele>
        <time>2026-09-05T16:19:27.000Z</time>
        <extensions>
          <ns3:TrackPointExtension>
            <ns3:atemp>25.0</ns3:atemp>
            <ns3:hr>193</ns3:hr>
            <ns3:cad>88</ns3:cad>
          </ns3:TrackPointExtension>
        </extensions>
      </trkpt>
      <trkpt lat="49.504640288650989532470703125" lon="5.94347166828811168670654296875">
        <ele>312.399993896484375</ele>
        <time>2026-09-05T16:19:28.000Z</time>
        <extensions>
          <ns3:TrackPointExtension>
            <ns3:atemp>25.0</ns3:atemp>
            <ns3:hr>193</ns3:hr>
            <ns3:cad>88</ns3:cad>
          </ns3:TrackPointExtension>
        </extensions>
      </trkpt>
      <trkpt lat="49.50465596280992031097412109375" lon="5.9434092231094837188720703125">
        <ele>312.399993896484375</ele>
        <time>2026-09-05T16:19:29.000Z</time>
        <extensions>
          <ns3:TrackPointExtension>
            <ns3:atemp>25.0</ns3:atemp>
            <ns3:hr>194</ns3:hr>
            <ns3:cad>88</ns3:cad>
          </ns3:TrackPointExtension>
        </extensions>
      </trkpt>
      <trkpt lat="49.50466803275048732757568359375" lon="5.943371839821338653564453125">
        <ele>312.600006103515625</ele>
        <time>2026-09-05T16:19:30.000Z</time>
        <extensions>
          <ns3:TrackPointExtension>
            <ns3:atemp>25.0</ns3:atemp>
            <ns3:hr>195</ns3:hr>
            <ns3:cad>87</ns3:cad>
          </ns3:TrackPointExtension>
        </extensions>
      </trkpt>
      <trkpt lat="49.5046837069094181060791015625" lon="5.9433156810700893402099609375">
        <ele>312.79998779296875</ele>
        <time>2026-09-05T16:19:31.000Z</time>
        <extensions>
          <ns3:TrackPointExtension>
            <ns3:atemp>25.0</ns3:atemp>
            <ns3:hr>195</ns3:hr>
            <ns3:cad>87</ns3:cad>
          </ns3:TrackPointExtension>
        </extensions>
      </trkpt>
      <trkpt lat="49.50470021925866603851318359375" lon="5.9432650543749332427978515625">
        <ele>313</ele>
        <time>2026-09-05T16:19:32.000Z</time>
        <extensions>
          <ns3:TrackPointExtension>
            <ns3:atemp>25.0</ns3:atemp>
            <ns3:hr>195</ns3:hr>
            <ns3:cad>89</ns3:cad>
          </ns3:TrackPointExtension>
        </extensions>
      </trkpt>
      <trkpt lat="49.50471731834113597869873046875" lon="5.9432043693959712982177734375">
        <ele>313.20001220703125</ele>
        <time>2026-09-05T16:19:33.000Z</time>
        <extensions>
          <ns3:TrackPointExtension>
            <ns3:atemp>25.0</ns3:atemp>
            <ns3:hr>194</ns3:hr>
            <ns3:cad>89</ns3:cad>
          </ns3:TrackPointExtension>
        </extensions>
      </trkpt>
      <trkpt lat="49.5047282986342906951904296875" lon="5.9431547485291957855224609375">
        <ele>313.20001220703125</ele>
        <time>2026-09-05T16:19:34.000Z</time>
        <extensions>
          <ns3:TrackPointExtension>
            <ns3:atemp>25.0</ns3:atemp>
            <ns3:hr>194</ns3:hr>
            <ns3:cad>89</ns3:cad>
          </ns3:TrackPointExtension>
        </extensions>
      </trkpt>
      <trkpt lat="49.50473894365131855010986328125" lon="5.94309230335056781768798828125">
        <ele>313</ele>
        <time>2026-09-05T16:19:35.000Z</time>
        <extensions>
          <ns3:TrackPointExtension>
            <ns3:atemp>25.0</ns3:atemp>
            <ns3:hr>193</ns3:hr>
            <ns3:cad>89</ns3:cad>
          </ns3:TrackPointExtension>
        </extensions>
      </trkpt>
      <trkpt lat="49.50475118122994899749755859375" lon="5.94303547404706478118896484375">
        <ele>313</ele>
        <time>2026-09-05T16:19:36.000Z</time>
        <extensions>
          <ns3:TrackPointExtension>
            <ns3:atemp>25.0</ns3:atemp>
            <ns3:hr>193</ns3:hr>
            <ns3:cad>89</ns3:cad>
          </ns3:TrackPointExtension>
        </extensions>
      </trkpt>
      <trkpt lat="49.50476266443729400634765625" lon="5.94297143630683422088623046875">
        <ele>312.79998779296875</ele>
        <time>2026-09-05T16:19:37.000Z</time>
        <extensions>
          <ns3:TrackPointExtension>
            <ns3:atemp>25.0</ns3:atemp>
            <ns3:hr>193</ns3:hr>
            <ns3:cad>90</ns3:cad>
          </ns3:TrackPointExtension>
        </extensions>
      </trkpt>
      <trkpt lat="49.50477247126400470733642578125" lon="5.9429235756397247314453125">
        <ele>312.600006103515625</ele>
        <time>2026-09-05T16:19:38.000Z</time>
        <extensions>
          <ns3:TrackPointExtension>
            <ns3:atemp>25.0</ns3:atemp>
            <ns3:hr>193</ns3:hr>
            <ns3:cad>90</ns3:cad>
          </ns3:TrackPointExtension>
        </extensions>
      </trkpt>
      <trkpt lat="49.5047816075384616851806640625" lon="5.94285693950951099395751953125">
        <ele>312.600006103515625</ele>
        <time>2026-09-05T16:19:39.000Z</time>
        <extensions>
          <ns3:TrackPointExtension>
            <ns3:atemp>25.0</ns3:atemp>
            <ns3:hr>194</ns3:hr>
            <ns3:cad>91</ns3:cad>
          </ns3:TrackPointExtension>
        </extensions>
      </trkpt>
      <trkpt lat="49.50479208491742610931396484375" lon="5.94280245713889598846435546875">
        <ele>312.20001220703125</ele>
        <time>2026-09-05T16:19:40.000Z</time>
        <extensions>
          <ns3:TrackPointExtension>
            <ns3:atemp>25.0</ns3:atemp>
            <ns3:hr>195</ns3:hr>
            <ns3:cad>91</ns3:cad>
          </ns3:TrackPointExtension>
        </extensions>
      </trkpt>
      <trkpt lat="49.50480021536350250244140625" lon="5.94273439608514308929443359375">
        <ele>312</ele>
        <time>2026-09-05T16:19:41.000Z</time>
        <extensions>
          <ns3:TrackPointExtension>
            <ns3:atemp>25.0</ns3:atemp>
            <ns3:hr>195</ns3:hr>
            <ns3:cad>90</ns3:cad>
          </ns3:TrackPointExtension>
        </extensions>
      </trkpt>
      <trkpt lat="49.5048117823898792266845703125" lon="5.942680835723876953125">
        <ele>312</ele>
        <time>2026-09-05T16:19:42.000Z</time>
        <extensions>
          <ns3:TrackPointExtension>
            <ns3:atemp>25.0</ns3:atemp>
            <ns3:hr>195</ns3:hr>
            <ns3:cad>90</ns3:cad>
          </ns3:TrackPointExtension>
        </extensions>
      </trkpt>
      <trkpt lat="49.50482544489204883575439453125" lon="5.94262392260134220123291015625">
        <ele>311.79998779296875</ele>
        <time>2026-09-05T16:19:43.000Z</time>
        <extensions>
          <ns3:TrackPointExtension>
            <ns3:atemp>25.0</ns3:atemp>
            <ns3:hr>195</ns3:hr>
            <ns3:cad>89</ns3:cad>
          </ns3:TrackPointExtension>
        </extensions>
      </trkpt>
      <trkpt lat="49.50484857894480228424072265625" lon="5.94257530756294727325439453125">
        <ele>311.79998779296875</ele>
        <time>2026-09-05T16:19:44.000Z</time>
        <extensions>
          <ns3:TrackPointExtension>
            <ns3:atemp>25.0</ns3:atemp>
            <ns3:hr>195</ns3:hr>
            <ns3:cad>89</ns3:cad>
          </ns3:TrackPointExtension>
        </extensions>
      </trkpt>
      <trkpt lat="49.50487355701625347137451171875" lon="5.942529626190662384033203125">
        <ele>312</ele>
        <time>2026-09-05T16:19:45.000Z</time>
        <extensions>
          <ns3:TrackPointExtension>
            <ns3:atemp>25.0</ns3:atemp>
            <ns3:hr>194</ns3:hr>
            <ns3:cad>89</ns3:cad>
          </ns3:TrackPointExtension>
        </extensions>
      </trkpt>
      <trkpt lat="49.5049113593995571136474609375" lon="5.9425170533359050750732421875">
        <ele>312.20001220703125</ele>
        <time>2026-09-05T16:19:46.000Z</time>
        <extensions>
          <ns3:TrackPointExtension>
            <ns3:atemp>25.0</ns3:atemp>
            <ns3:hr>194</ns3:hr>
            <ns3:cad>89</ns3:cad>
          </ns3:TrackPointExtension>
        </extensions>
      </trkpt>
      <trkpt lat="49.5049411989748477935791015625" lon="5.94249450601637363433837890625">
        <ele>312.600006103515625</ele>
        <time>2026-09-05T16:19:47.000Z</time>
        <extensions>
          <ns3:TrackPointExtension>
            <ns3:atemp>25.0</ns3:atemp>
            <ns3:hr>195</ns3:hr>
            <ns3:cad>89</ns3:cad>
          </ns3:TrackPointExtension>
        </extensions>
      </trkpt>
      <trkpt lat="49.50497749261558055877685546875" lon="5.9424877166748046875">
        <ele>312.79998779296875</ele>
        <time>2026-09-05T16:19:48.000Z</time>
        <extensions>
          <ns3:TrackPointExtension>
            <ns3:atemp>25.0</ns3:atemp>
            <ns3:hr>195</ns3:hr>
            <ns3:cad>88</ns3:cad>
          </ns3:TrackPointExtension>
        </extensions>
      </trkpt>
      <trkpt lat="49.5049981959164142608642578125" lon="5.94248008914291858673095703125">
        <ele>312.79998779296875</ele>
        <time>2026-09-05T16:19:49.000Z</time>
        <extensions>
          <ns3:TrackPointExtension>
            <ns3:atemp>25.0</ns3:atemp>
            <ns3:hr>195</ns3:hr>
            <ns3:cad>88</ns3:cad>
          </ns3:TrackPointExtension>
        </extensions>
      </trkpt>
      <trkpt lat="49.50503666885197162628173828125" lon="5.94248746521770954132080078125">
        <ele>312.79998779296875</ele>
        <time>2026-09-05T16:19:50.000Z</time>
        <extensions>
          <ns3:TrackPointExtension>
            <ns3:atemp>25.0</ns3:atemp>
            <ns3:hr>196</ns3:hr>
            <ns3:cad>88</ns3:cad>
          </ns3:TrackPointExtension>
        </extensions>
      </trkpt>
      <trkpt lat="49.50506265275180339813232421875" lon="5.942502133548259735107421875">
        <ele>312.79998779296875</ele>
        <time>2026-09-05T16:19:51.000Z</time>
        <extensions>
          <ns3:TrackPointExtension>
            <ns3:atemp>25.0</ns3:atemp>
            <ns3:hr>196</ns3:hr>
            <ns3:cad>88</ns3:cad>
          </ns3:TrackPointExtension>
        </extensions>
      </trkpt>
      <trkpt lat="49.50509928166866302490234375" lon="5.9425261057913303375244140625">
        <ele>313</ele>
        <time>2026-09-05T16:19:52.000Z</time>
        <extensions>
          <ns3:TrackPointExtension>
            <ns3:atemp>25.0</ns3:atemp>
            <ns3:hr>196</ns3:hr>
            <ns3:cad>88</ns3:cad>
          </ns3:TrackPointExtension>
        </extensions>
      </trkpt>
      <trkpt lat="49.5051292888820171356201171875" lon="5.94253557734191417694091796875">
        <ele>313</ele>
        <time>2026-09-05T16:19:53.000Z</time>
        <extensions>
          <ns3:TrackPointExtension>
            <ns3:atemp>25.0</ns3:atemp>
            <ns3:hr>196</ns3:hr>
            <ns3:cad>88</ns3:cad>
          </ns3:TrackPointExtension>
        </extensions>
      </trkpt>
      <trkpt lat="49.50516893528401851654052734375" lon="5.942554436624050140380859375">
        <ele>313.20001220703125</ele>
        <time>2026-09-05T16:19:54.000Z</time>
        <extensions>
          <ns3:TrackPointExtension>
            <ns3:atemp>25.0</ns3:atemp>
            <ns3:hr>196</ns3:hr>
            <ns3:cad>88</ns3:cad>
          </ns3:TrackPointExtension>
        </extensions>
      </trkpt>
      <trkpt lat="49.50520061887800693511962890625" lon="5.9425695240497589111328125">
        <ele>313.20001220703125</ele>
        <time>2026-09-05T16:19:55.000Z</time>
        <extensions>
          <ns3:TrackPointExtension>
            <ns3:atemp>25.0</ns3:atemp>
            <ns3:hr>196</ns3:hr>
            <ns3:cad>88</ns3:cad>
          </ns3:TrackPointExtension>
        </extensions>
      </trkpt>
      <trkpt lat="49.505241103470325469970703125" lon="5.94258972443640232086181640625">
        <ele>313.20001220703125</ele>
        <time>2026-09-05T16:19:56.000Z</time>
        <extensions>
          <ns3:TrackPointExtension>
            <ns3:atemp>25.0</ns3:atemp>
            <ns3:hr>197</ns3:hr>
            <ns3:cad>87</ns3:cad>
          </ns3:TrackPointExtension>
        </extensions>
      </trkpt>
      <trkpt lat="49.50528276152908802032470703125" lon="5.94260665588080883026123046875">
        <ele>313.20001220703125</ele>
        <time>2026-09-05T16:19:57.000Z</time>
        <extensions>
          <ns3:TrackPointExtension>
            <ns3:atemp>25.0</ns3:atemp>
            <ns3:hr>198</ns3:hr>
            <ns3:cad>87</ns3:cad>
          </ns3:TrackPointExtension>
        </extensions>
      </trkpt>
      <trkpt lat="49.505318887531757354736328125" lon="5.942628197371959686279296875">
        <ele>313.20001220703125</ele>
        <time>2026-09-05T16:19:58.000Z</time>
        <extensions>
          <ns3:TrackPointExtension>
            <ns3:atemp>25.0</ns3:atemp>
            <ns3:hr>198</ns3:hr>
            <ns3:cad>88</ns3:cad>
          </ns3:TrackPointExtension>
        </extensions>
      </trkpt>
      <trkpt lat="49.50535476207733154296875" lon="5.94264973886311054229736328125">
        <ele>313.399993896484375</ele>
        <time>2026-09-05T16:19:59.000Z</time>
        <extensions>
          <ns3:TrackPointExtension>
            <ns3:atemp>25.0</ns3:atemp>
            <ns3:hr>198</ns3:hr>
            <ns3:cad>88</ns3:cad>
          </ns3:TrackPointExtension>
        </extensions>
      </trkpt>
      <trkpt lat="49.50538619421422481536865234375" lon="5.942667424678802490234375">
        <ele>313.399993896484375</ele>
        <time>2026-09-05T16:20:00.000Z</time>
        <extensions>
          <ns3:TrackPointExtension>
            <ns3:atemp>25.0</ns3:atemp>
            <ns3:hr>198</ns3:hr>
            <ns3:cad>88</ns3:cad>
          </ns3:TrackPointExtension>
        </extensions>
      </trkpt>
      <trkpt lat="49.50542357750236988067626953125" lon="5.94269433058798313140869140625">
        <ele>313.399993896484375</ele>
        <time>2026-09-05T16:20:01.000Z</time>
        <extensions>
          <ns3:TrackPointExtension>
            <ns3:atemp>25.0</ns3:atemp>
            <ns3:hr>198</ns3:hr>
            <ns3:cad>87</ns3:cad>
          </ns3:TrackPointExtension>
        </extensions>
      </trkpt>
      <trkpt lat="49.50545257888734340667724609375" lon="5.94270539470016956329345703125">
        <ele>313.399993896484375</ele>
        <time>2026-09-05T16:20:02.000Z</time>
        <extensions>
          <ns3:TrackPointExtension>
            <ns3:atemp>25.0</ns3:atemp>
            <ns3:hr>198</ns3:hr>
            <ns3:cad>87</ns3:cad>
          </ns3:TrackPointExtension>
        </extensions>
      </trkpt>
      <trkpt lat="49.50548711232841014862060546875" lon="5.9427255950868129730224609375">
        <ele>313.399993896484375</ele>
        <time>2026-09-05T16:20:03.000Z</time>
        <extensions>
          <ns3:TrackPointExtension>
            <ns3:atemp>25.0</ns3:atemp>
            <ns3:hr>198</ns3:hr>
            <ns3:cad>87</ns3:cad>
          </ns3:TrackPointExtension>
        </extensions>
      </trkpt>
      <trkpt lat="49.50551661662757396697998046875" lon="5.94274193979799747467041015625">
        <ele>313.20001220703125</ele>
        <time>2026-09-05T16:20:04.000Z</time>
        <extensions>
          <ns3:TrackPointExtension>
            <ns3:atemp>25.0</ns3:atemp>
            <ns3:hr>198</ns3:hr>
            <ns3:cad>87</ns3:cad>
          </ns3:TrackPointExtension>
        </extensions>
      </trkpt>
      <trkpt lat="49.50555265881121158599853515625" lon="5.94276775605976581573486328125">
        <ele>313.20001220703125</ele>
        <time>2026-09-05T16:20:05.000Z</time>
        <extensions>
          <ns3:TrackPointExtension>
            <ns3:atemp>25.0</ns3:atemp>
            <ns3:hr>198</ns3:hr>
            <ns3:cad>87</ns3:cad>
          </ns3:TrackPointExtension>
        </extensions>
      </trkpt>
      <trkpt lat="49.50558635406196117401123046875" lon="5.9427815861999988555908203125">
        <ele>313</ele>
        <time>2026-09-05T16:20:06.000Z</time>
        <extensions>
          <ns3:TrackPointExtension>
            <ns3:atemp>25.0</ns3:atemp>
            <ns3:hr>198</ns3:hr>
            <ns3:cad>88</ns3:cad>
          </ns3:TrackPointExtension>
        </extensions>
      </trkpt>
      <trkpt lat="49.5056234858930110931396484375" lon="5.9428003616631031036376953125">
        <ele>312.600006103515625</ele>
        <time>2026-09-05T16:20:07.000Z</time>
        <extensions>
          <ns3:TrackPointExtension>
            <ns3:atemp>25.0</ns3:atemp>
            <ns3:hr>198</ns3:hr>
            <ns3:cad>88</ns3:cad>
          </ns3:TrackPointExtension>
        </extensions>
      </trkpt>
      <trkpt lat="49.50566078536212444305419921875" lon="5.9428234957158565521240234375">
        <ele>312.20001220703125</ele>
        <time>2026-09-05T16:20:08.000Z</time>
        <extensions>
          <ns3:TrackPointExtension>
            <ns3:atemp>25.0</ns3:atemp>
            <ns3:hr>198</ns3:hr>
            <ns3:cad>88</ns3:cad>
          </ns3:TrackPointExtension>
        </extensions>
      </trkpt>
      <trkpt lat="49.5056969113647937774658203125" lon="5.94284285791218280792236328125">
        <ele>311.79998779296875</ele>
        <time>2026-09-05T16:20:09.000Z</time>
        <extensions>
          <ns3:TrackPointExtension>
            <ns3:atemp>25.0</ns3:atemp>
            <ns3:hr>198</ns3:hr>
            <ns3:cad>87</ns3:cad>
          </ns3:TrackPointExtension>
        </extensions>
      </trkpt>
      <trkpt lat="49.50573521666228771209716796875" lon="5.9428650699555873870849609375">
        <ele>311.600006103515625</ele>
        <time>2026-09-05T16:20:10.000Z</time>
        <extensions>
          <ns3:TrackPointExtension>
            <ns3:atemp>25.0</ns3:atemp>
            <ns3:hr>197</ns3:hr>
            <ns3:cad>87</ns3:cad>
          </ns3:TrackPointExtension>
        </extensions>
      </trkpt>
      <trkpt lat="49.50576983392238616943359375" lon="5.94287705607712268829345703125">
        <ele>311.399993896484375</ele>
        <time>2026-09-05T16:20:11.000Z</time>
        <extensions>
          <ns3:TrackPointExtension>
            <ns3:atemp>25.0</ns3:atemp>
            <ns3:hr>197</ns3:hr>
            <ns3:cad>87</ns3:cad>
          </ns3:TrackPointExtension>
        </extensions>
      </trkpt>
      <trkpt lat="49.50581048615276813507080078125" lon="5.94290639273822307586669921875">
        <ele>311.20001220703125</ele>
        <time>2026-09-05T16:20:12.000Z</time>
        <extensions>
          <ns3:TrackPointExtension>
            <ns3:atemp>25.0</ns3:atemp>
            <ns3:hr>194</ns3:hr>
            <ns3:cad>87</ns3:cad>
          </ns3:TrackPointExtension>
        </extensions>
      </trkpt>
      <trkpt lat="49.505845941603183746337890625" lon="5.94292148016393184661865234375">
        <ele>311</ele>
        <time>2026-09-05T16:20:13.000Z</time>
        <extensions>
          <ns3:TrackPointExtension>
            <ns3:atemp>25.0</ns3:atemp>
            <ns3:hr>195</ns3:hr>
            <ns3:cad>87</ns3:cad>
          </ns3:TrackPointExtension>
        </extensions>
      </trkpt>
      <trkpt lat="49.50588424690067768096923828125" lon="5.94294369220733642578125">
        <ele>311</ele>
        <time>2026-09-05T16:20:14.000Z</time>
        <extensions>
          <ns3:TrackPointExtension>
            <ns3:atemp>25.0</ns3:atemp>
            <ns3:hr>197</ns3:hr>
            <ns3:cad>87</ns3:cad>
          </ns3:TrackPointExtension>
        </extensions>
      </trkpt>
      <trkpt lat="49.50591894797980785369873046875" lon="5.9429586119949817657470703125">
        <ele>310.600006103515625</ele>
        <time>2026-09-05T16:20:15.000Z</time>
        <extensions>
          <ns3:TrackPointExtension>
            <ns3:atemp>25.0</ns3:atemp>
            <ns3:hr>197</ns3:hr>
            <ns3:cad>87</ns3:cad>
          </ns3:TrackPointExtension>
        </extensions>
      </trkpt>
      <trkpt lat="49.5059594325721263885498046875" lon="5.9429666586220264434814453125">
        <ele>310.399993896484375</ele>
        <time>2026-09-05T16:20:16.000Z</time>
        <extensions>
          <ns3:TrackPointExtension>
            <ns3:atemp>25.0</ns3:atemp>
            <ns3:hr>198</ns3:hr>
            <ns3:cad>87</ns3:cad>
          </ns3:TrackPointExtension>
        </extensions>
      </trkpt>
      <trkpt lat="49.5060033537447452545166015625" lon="5.9429799020290374755859375">
        <ele>310</ele>
        <time>2026-09-05T16:20:17.000Z</time>
        <extensions>
          <ns3:TrackPointExtension>
            <ns3:atemp>25.0</ns3:atemp>
            <ns3:hr>198</ns3:hr>
            <ns3:cad>87</ns3:cad>
          </ns3:TrackPointExtension>
        </extensions>
      </trkpt>
      <trkpt lat="49.50604635290801525115966796875" lon="5.94298199750483036041259765625">
        <ele>309.600006103515625</ele>
        <time>2026-09-05T16:20:18.000Z</time>
        <extensions>
          <ns3:TrackPointExtension>
            <ns3:atemp>25.0</ns3:atemp>
            <ns3:hr>197</ns3:hr>
            <ns3:cad>87</ns3:cad>
          </ns3:TrackPointExtension>
        </extensions>
      </trkpt>
      <trkpt lat="49.5060952194035053253173828125" lon="5.942987613379955291748046875">
        <ele>309.20001220703125</ele>
        <time>2026-09-05T16:20:19.000Z</time>
        <extensions>
          <ns3:TrackPointExtension>
            <ns3:atemp>25.0</ns3:atemp>
            <ns3:hr>196</ns3:hr>
            <ns3:cad>87</ns3:cad>
          </ns3:TrackPointExtension>
        </extensions>
      </trkpt>
      <trkpt lat="49.506134949624538421630859375" lon="5.9429780580103397369384765625">
        <ele>308.600006103515625</ele>
        <time>2026-09-05T16:20:20.000Z</time>
        <extensions>
          <ns3:TrackPointExtension>
            <ns3:atemp>25.0</ns3:atemp>
            <ns3:hr>195</ns3:hr>
            <ns3:cad>87</ns3:cad>
          </ns3:TrackPointExtension>
        </extensions>
      </trkpt>
      <trkpt lat="49.5061793737113475799560546875" lon="5.9429824165999889373779296875">
        <ele>308.20001220703125</ele>
        <time>2026-09-05T16:20:21.000Z</time>
        <extensions>
          <ns3:TrackPointExtension>
            <ns3:atemp>25.0</ns3:atemp>
            <ns3:hr>195</ns3:hr>
            <ns3:cad>86</ns3:cad>
          </ns3:TrackPointExtension>
        </extensions>
      </trkpt>
      <trkpt lat="49.5062125660479068756103515625" lon="5.94297227449715137481689453125">
        <ele>307.79998779296875</ele>
        <time>2026-09-05T16:20:22.000Z</time>
        <extensions>
          <ns3:TrackPointExtension>
            <ns3:atemp>25.0</ns3:atemp>
            <ns3:hr>195</ns3:hr>
            <ns3:cad>86</ns3:cad>
          </ns3:TrackPointExtension>
        </extensions>
      </trkpt>
      <trkpt lat="49.5062447525560855865478515625" lon="5.9429391659796237945556640625">
        <ele>307.79998779296875</ele>
        <time>2026-09-05T16:20:23.000Z</time>
        <extensions>
          <ns3:TrackPointExtension>
            <ns3:atemp>25.0</ns3:atemp>
            <ns3:hr>196</ns3:hr>
            <ns3:cad>86</ns3:cad>
          </ns3:TrackPointExtension>
        </extensions>
      </trkpt>
      <trkpt lat="49.50625598430633544921875" lon="5.9428882040083408355712890625">
        <ele>307.600006103515625</ele>
        <time>2026-09-05T16:20:24.000Z</time>
        <extensions>
          <ns3:TrackPointExtension>
            <ns3:atemp>25.0</ns3:atemp>
            <ns3:hr>196</ns3:hr>
            <ns3:cad>87</ns3:cad>
          </ns3:TrackPointExtension>
        </extensions>
      </trkpt>
      <trkpt lat="49.50626067817211151123046875" lon="5.94282408244907855987548828125">
        <ele>307.600006103515625</ele>
        <time>2026-09-05T16:20:25.000Z</time>
        <extensions>
          <ns3:TrackPointExtension>
            <ns3:atemp>25.0</ns3:atemp>
            <ns3:hr>196</ns3:hr>
            <ns3:cad>88</ns3:cad>
          </ns3:TrackPointExtension>
        </extensions>
      </trkpt>
      <trkpt lat="49.50626025907695293426513671875" lon="5.9427675046026706695556640625">
        <ele>307.600006103515625</ele>
        <time>2026-09-05T16:20:26.000Z</time>
        <extensions>
          <ns3:TrackPointExtension>
            <ns3:atemp>25.0</ns3:atemp>
            <ns3:hr>196</ns3:hr>
            <ns3:cad>88</ns3:cad>
          </ns3:TrackPointExtension>
        </extensions>
      </trkpt>
      <trkpt lat="49.50626964680850505828857421875" lon="5.94270438887178897857666015625">
        <ele>307.600006103515625</ele>
        <time>2026-09-05T16:20:27.000Z</time>
        <extensions>
          <ns3:TrackPointExtension>
            <ns3:atemp>25.0</ns3:atemp>
            <ns3:hr>195</ns3:hr>
            <ns3:cad>88</ns3:cad>
          </ns3:TrackPointExtension>
        </extensions>
      </trkpt>
      <trkpt lat="49.50629127211868762969970703125" lon="5.94265895895659923553466796875">
        <ele>307.399993896484375</ele>
        <time>2026-09-05T16:20:28.000Z</time>
        <extensions>
          <ns3:TrackPointExtension>
            <ns3:atemp>25.0</ns3:atemp>
            <ns3:hr>195</ns3:hr>
            <ns3:cad>88</ns3:cad>
          </ns3:TrackPointExtension>
        </extensions>
      </trkpt>
      <trkpt lat="49.50632463209331035614013671875" lon="5.94261445105075836181640625">
        <ele>307.20001220703125</ele>
        <time>2026-09-05T16:20:29.000Z</time>
        <extensions>
          <ns3:TrackPointExtension>
            <ns3:atemp>25.0</ns3:atemp>
            <ns3:hr>195</ns3:hr>
            <ns3:cad>88</ns3:cad>
          </ns3:TrackPointExtension>
        </extensions>
      </trkpt>
      <trkpt lat="49.50635866262018680572509765625" lon="5.9425774030387401580810546875">
        <ele>307</ele>
        <time>2026-09-05T16:20:30.000Z</time>
        <extensions>
          <ns3:TrackPointExtension>
            <ns3:atemp>25.0</ns3:atemp>
            <ns3:hr>195</ns3:hr>
            <ns3:cad>87</ns3:cad>
          </ns3:TrackPointExtension>
        </extensions>
      </trkpt>
      <trkpt lat="49.5063833892345428466796875" lon="5.94252937473356723785400390625">
        <ele>307</ele>
        <time>2026-09-05T16:20:31.000Z</time>
        <extensions>
          <ns3:TrackPointExtension>
            <ns3:atemp>25.0</ns3:atemp>
            <ns3:hr>195</ns3:hr>
            <ns3:cad>87</ns3:cad>
          </ns3:TrackPointExtension>
        </extensions>
      </trkpt>
      <trkpt lat="49.50640819966793060302734375" lon="5.9424801729619503021240234375">
        <ele>306.79998779296875</ele>
        <time>2026-09-05T16:20:32.000Z</time>
        <extensions>
          <ns3:TrackPointExtension>
            <ns3:atemp>25.0</ns3:atemp>
            <ns3:hr>195</ns3:hr>
            <ns3:cad>87</ns3:cad>
          </ns3:TrackPointExtension>
        </extensions>
      </trkpt>
      <trkpt lat="49.50642236508429050445556640625" lon="5.94243206083774566650390625">
        <ele>306.600006103515625</ele>
        <time>2026-09-05T16:20:33.000Z</time>
        <extensions>
          <ns3:TrackPointExtension>
            <ns3:atemp>25.0</ns3:atemp>
            <ns3:hr>195</ns3:hr>
            <ns3:cad>87</ns3:cad>
          </ns3:TrackPointExtension>
        </extensions>
      </trkpt>
      <trkpt lat="49.50644264928996562957763671875" lon="5.9423772431910037994384765625">
        <ele>306.600006103515625</ele>
        <time>2026-09-05T16:20:34.000Z</time>
        <extensions>
          <ns3:TrackPointExtension>
            <ns3:atemp>25.0</ns3:atemp>
            <ns3:hr>195</ns3:hr>
            <ns3:cad>89</ns3:cad>
          </ns3:TrackPointExtension>
        </extensions>
      </trkpt>
      <trkpt lat="49.50645505450665950775146484375" lon="5.94232871197164058685302734375">
        <ele>306.399993896484375</ele>
        <time>2026-09-05T16:20:35.000Z</time>
        <extensions>
          <ns3:TrackPointExtension>
            <ns3:atemp>25.0</ns3:atemp>
            <ns3:hr>195</ns3:hr>
            <ns3:cad>89</ns3:cad>
          </ns3:TrackPointExtension>
        </extensions>
      </trkpt>
      <trkpt lat="49.506472907960414886474609375" lon="5.942271463572978973388671875">
        <ele>306.20001220703125</ele>
        <time>2026-09-05T16:20:36.000Z</time>
        <extensions>
          <ns3:TrackPointExtension>
            <ns3:atemp>25.0</ns3:atemp>
            <ns3:hr>195</ns3:hr>
            <ns3:cad>87</ns3:cad>
          </ns3:TrackPointExtension>
        </extensions>
      </trkpt>
      <trkpt lat="49.50648598372936248779296875" lon="5.94221756793558597564697265625">
        <ele>306.20001220703125</ele>
        <time>2026-09-05T16:20:37.000Z</time>
        <extensions>
          <ns3:TrackPointExtension>
            <ns3:atemp>25.0</ns3:atemp>
            <ns3:hr>195</ns3:hr>
            <ns3:cad>87</ns3:cad>
          </ns3:TrackPointExtension>
        </extensions>
      </trkpt>
      <trkpt lat="49.50649931095540523529052734375" lon="5.94216375611722469329833984375">
        <ele>306.20001220703125</ele>
        <time>2026-09-05T16:20:38.000Z</time>
        <extensions>
          <ns3:TrackPointExtension>
            <ns3:atemp>25.0</ns3:atemp>
            <ns3:hr>195</ns3:hr>
            <ns3:cad>87</ns3:cad>
          </ns3:TrackPointExtension>
        </extensions>
      </trkpt>
      <trkpt lat="49.50650769285857677459716796875" lon="5.94211556017398834228515625">
        <ele>306.399993896484375</ele>
        <time>2026-09-05T16:20:39.000Z</time>
        <extensions>
          <ns3:TrackPointExtension>
            <ns3:atemp>25.0</ns3:atemp>
            <ns3:hr>195</ns3:hr>
            <ns3:cad>87</ns3:cad>
          </ns3:TrackPointExtension>
        </extensions>
      </trkpt>
      <trkpt lat="49.506523199379444122314453125" lon="5.94205386936664581298828125">
        <ele>306.399993896484375</ele>
        <time>2026-09-05T16:20:40.000Z</time>
        <extensions>
          <ns3:TrackPointExtension>
            <ns3:atemp>25.0</ns3:atemp>
            <ns3:hr>195</ns3:hr>
            <ns3:cad>88</ns3:cad>
          </ns3:TrackPointExtension>
        </extensions>
      </trkpt>
      <trkpt lat="49.50653350912034511566162109375" lon="5.942007265985012054443359375">
        <ele>306.399993896484375</ele>
        <time>2026-09-05T16:20:41.000Z</time>
        <extensions>
          <ns3:TrackPointExtension>
            <ns3:atemp>25.0</ns3:atemp>
            <ns3:hr>195</ns3:hr>
            <ns3:cad>88</ns3:cad>
          </ns3:TrackPointExtension>
        </extensions>
      </trkpt>
      <trkpt lat="49.50654423795640468597412109375" lon="5.94195269979536533355712890625">
        <ele>306.20001220703125</ele>
        <time>2026-09-05T16:20:42.000Z</time>
        <extensions>
          <ns3:TrackPointExtension>
            <ns3:atemp>25.0</ns3:atemp>
            <ns3:hr>195</ns3:hr>
            <ns3:cad>88</ns3:cad>
          </ns3:TrackPointExtension>
        </extensions>
      </trkpt>
      <trkpt lat="49.50655949302017688751220703125" lon="5.94190492294728755950927734375">
        <ele>306.20001220703125</ele>
        <time>2026-09-05T16:20:43.000Z</time>
        <extensions>
          <ns3:TrackPointExtension>
            <ns3:atemp>25.0</ns3:atemp>
            <ns3:hr>195</ns3:hr>
            <ns3:cad>87</ns3:cad>
          </ns3:TrackPointExtension>
        </extensions>
      </trkpt>
      <trkpt lat="49.5065709762275218963623046875" lon="5.9418575651943683624267578125">
        <ele>306</ele>
        <time>2026-09-05T16:20:44.000Z</time>
        <extensions>
          <ns3:TrackPointExtension>
            <ns3:atemp>25.0</ns3:atemp>
            <ns3:hr>195</ns3:hr>
            <ns3:cad>87</ns3:cad>
          </ns3:TrackPointExtension>
        </extensions>
      </trkpt>
      <trkpt lat="49.50658983550965785980224609375" lon="5.9418082796037197113037109375">
        <ele>306</ele>
        <time>2026-09-05T16:20:45.000Z</time>
        <extensions>
          <ns3:TrackPointExtension>
            <ns3:atemp>25.0</ns3:atemp>
            <ns3:hr>195</ns3:hr>
            <ns3:cad>87</ns3:cad>
          </ns3:TrackPointExtension>
        </extensions>
      </trkpt>
      <trkpt lat="49.5065967924892902374267578125" lon="5.9417670406401157379150390625">
        <ele>306</ele>
        <time>2026-09-05T16:20:46.000Z</time>
        <extensions>
          <ns3:TrackPointExtension>
            <ns3:atemp>25.0</ns3:atemp>
            <ns3:hr>196</ns3:hr>
            <ns3:cad>87</ns3:cad>
          </ns3:TrackPointExtension>
        </extensions>
      </trkpt>
      <trkpt lat="49.50661028735339641571044921875" lon="5.9417137317359447479248046875">
        <ele>306</ele>
        <time>2026-09-05T16:20:47.000Z</time>
        <extensions>
          <ns3:TrackPointExtension>
            <ns3:atemp>25.0</ns3:atemp>
            <ns3:hr>196</ns3:hr>
            <ns3:cad>87</ns3:cad>
          </ns3:TrackPointExtension>
        </extensions>
      </trkpt>
      <trkpt lat="49.506621100008487701416015625" lon="5.94166452996432781219482421875">
        <ele>306</ele>
        <time>2026-09-05T16:20:48.000Z</time>
        <extensions>
          <ns3:TrackPointExtension>
            <ns3:atemp>25.0</ns3:atemp>
            <ns3:hr>196</ns3:hr>
            <ns3:cad>87</ns3:cad>
          </ns3:TrackPointExtension>
        </extensions>
      </trkpt>
      <trkpt lat="49.50663694180548191070556640625" lon="5.9416081197559833526611328125">
        <ele>306</ele>
        <time>2026-09-05T16:20:49.000Z</time>
        <extensions>
          <ns3:TrackPointExtension>
            <ns3:atemp>25.0</ns3:atemp>
            <ns3:hr>195</ns3:hr>
            <ns3:cad>87</ns3:cad>
          </ns3:TrackPointExtension>
        </extensions>
      </trkpt>
      <trkpt lat="49.5066494308412075042724609375" lon="5.94155925326049327850341796875">
        <ele>306</ele>
        <time>2026-09-05T16:20:50.000Z</time>
        <extensions>
          <ns3:TrackPointExtension>
            <ns3:atemp>25.0</ns3:atemp>
            <ns3:hr>195</ns3:hr>
            <ns3:cad>87</ns3:cad>
          </ns3:TrackPointExtension>
        </extensions>
      </trkpt>
      <trkpt lat="49.50665823183953762054443359375" lon="5.94150192104279994964599609375">
        <ele>306.20001220703125</ele>
        <time>2026-09-05T16:20:51.000Z</time>
        <extensions>
          <ns3:TrackPointExtension>
            <ns3:atemp>25.0</ns3:atemp>
            <ns3:hr>195</ns3:hr>
            <ns3:cad>87</ns3:cad>
          </ns3:TrackPointExtension>
        </extensions>
      </trkpt>
      <trkpt lat="49.50665873475372791290283203125" lon="5.941441319882869720458984375">
        <ele>306.20001220703125</ele>
        <time>2026-09-05T16:20:52.000Z</time>
        <extensions>
          <ns3:TrackPointExtension>
            <ns3:atemp>25.0</ns3:atemp>
            <ns3:hr>195</ns3:hr>
            <ns3:cad>87</ns3:cad>
          </ns3:TrackPointExtension>
        </extensions>
      </trkpt>
      <trkpt lat="49.50666510500013828277587890625" lon="5.94137937761843204498291015625">
        <ele>306.399993896484375</ele>
        <time>2026-09-05T16:20:53.000Z</time>
        <extensions>
          <ns3:TrackPointExtension>
            <ns3:atemp>25.0</ns3:atemp>
            <ns3:hr>195</ns3:hr>
            <ns3:cad>88</ns3:cad>
          </ns3:TrackPointExtension>
        </extensions>
      </trkpt>
      <trkpt lat="49.50666778720915317535400390625" lon="5.94132162630558013916015625">
        <ele>306.600006103515625</ele>
        <time>2026-09-05T16:20:54.000Z</time>
        <extensions>
          <ns3:TrackPointExtension>
            <ns3:atemp>25.0</ns3:atemp>
            <ns3:hr>195</ns3:hr>
            <ns3:cad>88</ns3:cad>
          </ns3:TrackPointExtension>
        </extensions>
      </trkpt>
      <trkpt lat="49.50667415745556354522705078125" lon="5.941265635192394256591796875">
        <ele>306.79998779296875</ele>
        <time>2026-09-05T16:20:55.000Z</time>
        <extensions>
          <ns3:TrackPointExtension>
            <ns3:atemp>25.0</ns3:atemp>
            <ns3:hr>196</ns3:hr>
            <ns3:cad>88</ns3:cad>
          </ns3:TrackPointExtension>
        </extensions>
      </trkpt>
      <trkpt lat="49.50667373836040496826171875" lon="5.9412145055830478668212890625">
        <ele>306.79998779296875</ele>
        <time>2026-09-05T16:20:56.000Z</time>
        <extensions>
          <ns3:TrackPointExtension>
            <ns3:atemp>25.0</ns3:atemp>
            <ns3:hr>195</ns3:hr>
            <ns3:cad>88</ns3:cad>
          </ns3:TrackPointExtension>
        </extensions>
      </trkpt>
      <trkpt lat="49.5066762529313564300537109375" lon="5.94116069376468658447265625">
        <ele>306.79998779296875</ele>
        <time>2026-09-05T16:20:57.000Z</time>
        <extensions>
          <ns3:TrackPointExtension>
            <ns3:atemp>25.0</ns3:atemp>
            <ns3:hr>194</ns3:hr>
            <ns3:cad>89</ns3:cad>
          </ns3:TrackPointExtension>
        </extensions>
      </trkpt>
      <trkpt lat="49.506678096950054168701171875" lon="5.94110545702278614044189453125">
        <ele>306.79998779296875</ele>
        <time>2026-09-05T16:20:58.000Z</time>
        <extensions>
          <ns3:TrackPointExtension>
            <ns3:atemp>25.0</ns3:atemp>
            <ns3:hr>195</ns3:hr>
            <ns3:cad>89</ns3:cad>
          </ns3:TrackPointExtension>
        </extensions>
      </trkpt>
      <trkpt lat="49.50668103061616420745849609375" lon="5.94105700962245464324951171875">
        <ele>307</ele>
        <time>2026-09-05T16:20:59.000Z</time>
        <extensions>
          <ns3:TrackPointExtension>
            <ns3:atemp>25.0</ns3:atemp>
            <ns3:hr>195</ns3:hr>
            <ns3:cad>89</ns3:cad>
          </ns3:TrackPointExtension>
        </extensions>
      </trkpt>
      <trkpt lat="49.50668404810130596160888671875" lon="5.941004119813442230224609375">
        <ele>307</ele>
        <time>2026-09-05T16:21:00.000Z</time>
        <extensions>
          <ns3:TrackPointExtension>
            <ns3:atemp>25.0</ns3:atemp>
            <ns3:hr>195</ns3:hr>
            <ns3:cad>89</ns3:cad>
          </ns3:TrackPointExtension>
        </extensions>
      </trkpt>
      <trkpt lat="49.50668086297810077667236328125" lon="5.940953828394412994384765625">
        <ele>307</ele>
        <time>2026-09-05T16:21:01.000Z</time>
        <extensions>
          <ns3:TrackPointExtension>
            <ns3:atemp>24.0</ns3:atemp>
            <ns3:hr>195</ns3:hr>
            <ns3:cad>89</ns3:cad>
          </ns3:TrackPointExtension>
        </extensions>
      </trkpt>
      <trkpt lat="49.50668312609195709228515625" lon="5.94089792110025882720947265625">
        <ele>307</ele>
        <time>2026-09-05T16:21:02.000Z</time>
        <extensions>
          <ns3:TrackPointExtension>
            <ns3:atemp>24.0</ns3:atemp>
            <ns3:hr>195</ns3:hr>
            <ns3:cad>89</ns3:cad>
          </ns3:TrackPointExtension>
        </extensions>
      </trkpt>
      <trkpt lat="49.5066772587597370147705078125" lon="5.9408514015376567840576171875">
        <ele>307</ele>
        <time>2026-09-05T16:21:03.000Z</time>
        <extensions>
          <ns3:TrackPointExtension>
            <ns3:atemp>24.0</ns3:atemp>
            <ns3:hr>195</ns3:hr>
            <ns3:cad>88</ns3:cad>
          </ns3:TrackPointExtension>
        </extensions>
      </trkpt>
      <trkpt lat="49.50667885132133960723876953125" lon="5.94078862108290195465087890625">
        <ele>307</ele>
        <time>2026-09-05T16:21:04.000Z</time>
        <extensions>
          <ns3:TrackPointExtension>
            <ns3:atemp>25.0</ns3:atemp>
            <ns3:hr>195</ns3:hr>
            <ns3:cad>87</ns3:cad>
          </ns3:TrackPointExtension>
        </extensions>
      </trkpt>
      <trkpt lat="49.5066799409687519073486328125" lon="5.94073413871228694915771484375">
        <ele>307</ele>
        <time>2026-09-05T16:21:05.000Z</time>
        <extensions>
          <ns3:TrackPointExtension>
            <ns3:atemp>25.0</ns3:atemp>
            <ns3:hr>195</ns3:hr>
            <ns3:cad>87</ns3:cad>
          </ns3:TrackPointExtension>
        </extensions>
      </trkpt>
      <trkpt lat="49.5066832937300205230712890625" lon="5.9406790696084499359130859375">
        <ele>307.20001220703125</ele>
        <time>2026-09-05T16:21:06.000Z</time>
        <extensions>
          <ns3:TrackPointExtension>
            <ns3:atemp>24.0</ns3:atemp>
            <ns3:hr>195</ns3:hr>
            <ns3:cad>87</ns3:cad>
          </ns3:TrackPointExtension>
        </extensions>
      </trkpt>
      <trkpt lat="49.5066811144351959228515625" lon="5.94062483869493007659912109375">
        <ele>307.399993896484375</ele>
        <time>2026-09-05T16:21:07.000Z</time>
        <extensions>
          <ns3:TrackPointExtension>
            <ns3:atemp>24.0</ns3:atemp>
            <ns3:hr>195</ns3:hr>
            <ns3:cad>87</ns3:cad>
          </ns3:TrackPointExtension>
        </extensions>
      </trkpt>
      <trkpt lat="49.5066891610622406005859375" lon="5.94056415371596813201904296875">
        <ele>307.399993896484375</ele>
        <time>2026-09-05T16:21:08.000Z</time>
        <extensions>
          <ns3:TrackPointExtension>
            <ns3:atemp>24.0</ns3:atemp>
            <ns3:hr>195</ns3:hr>
            <ns3:cad>86</ns3:cad>
          </ns3:TrackPointExtension>
        </extensions>
      </trkpt>
      <trkpt lat="49.506688155233860015869140625" lon="5.9405137784779071807861328125">
        <ele>307.399993896484375</ele>
        <time>2026-09-05T16:21:09.000Z</time>
        <extensions>
          <ns3:TrackPointExtension>
            <ns3:atemp>24.0</ns3:atemp>
            <ns3:hr>196</ns3:hr>
            <ns3:cad>87</ns3:cad>
          </ns3:TrackPointExtension>
        </extensions>
      </trkpt>
      <trkpt lat="49.50669544748961925506591796875" lon="5.94045233912765979766845703125">
        <ele>307.399993896484375</ele>
        <time>2026-09-05T16:21:10.000Z</time>
        <extensions>
          <ns3:TrackPointExtension>
            <ns3:atemp>24.0</ns3:atemp>
            <ns3:hr>196</ns3:hr>
            <ns3:cad>87</ns3:cad>
          </ns3:TrackPointExtension>
        </extensions>
      </trkpt>
      <trkpt lat="49.50669259764254093170166015625" lon="5.94040338881313800811767578125">
        <ele>307.20001220703125</ele>
        <time>2026-09-05T16:21:11.000Z</time>
        <extensions>
          <ns3:TrackPointExtension>
            <ns3:atemp>24.0</ns3:atemp>
            <ns3:hr>195</ns3:hr>
            <ns3:cad>89</ns3:cad>
          </ns3:TrackPointExtension>
        </extensions>
      </trkpt>
      <trkpt lat="49.50670081190764904022216796875" lon="5.9403406083583831787109375">
        <ele>307.20001220703125</ele>
        <time>2026-09-05T16:21:12.000Z</time>
        <extensions>
          <ns3:TrackPointExtension>
            <ns3:atemp>24.0</ns3:atemp>
            <ns3:hr>195</ns3:hr>
            <ns3:cad>89</ns3:cad>
          </ns3:TrackPointExtension>
        </extensions>
      </trkpt>
      <trkpt lat="49.5067003928124904632568359375" lon="5.940291322767734527587890625">
        <ele>307.20001220703125</ele>
        <time>2026-09-05T16:21:13.000Z</time>
        <extensions>
          <ns3:TrackPointExtension>
            <ns3:atemp>25.0</ns3:atemp>
            <ns3:hr>195</ns3:hr>
            <ns3:cad>88</ns3:cad>
          </ns3:TrackPointExtension>
        </extensions>
      </trkpt>
      <trkpt lat="49.5067044161260128021240234375" lon="5.94023155979812145233154296875">
        <ele>307.399993896484375</ele>
        <time>2026-09-05T16:21:14.000Z</time>
        <extensions>
          <ns3:TrackPointExtension>
            <ns3:atemp>24.0</ns3:atemp>
            <ns3:hr>195</ns3:hr>
            <ns3:cad>88</ns3:cad>
          </ns3:TrackPointExtension>
        </extensions>
      </trkpt>
      <trkpt lat="49.50670651160180568695068359375" lon="5.940179340541362762451171875">
        <ele>307.399993896484375</ele>
        <time>2026-09-05T16:21:15.000Z</time>
        <extensions>
          <ns3:TrackPointExtension>
            <ns3:atemp>24.0</ns3:atemp>
            <ns3:hr>195</ns3:hr>
            <ns3:cad>88</ns3:cad>
          </ns3:TrackPointExtension>
        </extensions>
      </trkpt>
      <trkpt lat="49.50671288184821605682373046875" lon="5.94012225978076457977294921875">
        <ele>307.600006103515625</ele>
        <time>2026-09-05T16:21:16.000Z</time>
        <extensions>
          <ns3:TrackPointExtension>
            <ns3:atemp>24.0</ns3:atemp>
            <ns3:hr>195</ns3:hr>
            <ns3:cad>88</ns3:cad>
          </ns3:TrackPointExtension>
        </extensions>
      </trkpt>
      <trkpt lat="49.5067164860665798187255859375" lon="5.9400728903710842132568359375">
        <ele>307.79998779296875</ele>
        <time>2026-09-05T16:21:17.000Z</time>
        <extensions>
          <ns3:TrackPointExtension>
            <ns3:atemp>24.0</ns3:atemp>
            <ns3:hr>195</ns3:hr>
            <ns3:cad>88</ns3:cad>
          </ns3:TrackPointExtension>
        </extensions>
      </trkpt>
      <trkpt lat="49.50672335922718048095703125" lon="5.940013043582439422607421875">
        <ele>307.79998779296875</ele>
        <time>2026-09-05T16:21:18.000Z</time>
        <extensions>
          <ns3:TrackPointExtension>
            <ns3:atemp>24.0</ns3:atemp>
            <ns3:hr>195</ns3:hr>
            <ns3:cad>88</ns3:cad>
          </ns3:TrackPointExtension>
        </extensions>
      </trkpt>
      <trkpt lat="49.5067305676639080047607421875" lon="5.93996099196374416351318359375">
        <ele>307.79998779296875</ele>
        <time>2026-09-05T16:21:19.000Z</time>
        <extensions>
          <ns3:TrackPointExtension>
            <ns3:atemp>24.0</ns3:atemp>
            <ns3:hr>195</ns3:hr>
            <ns3:cad>88</ns3:cad>
          </ns3:TrackPointExtension>
        </extensions>
      </trkpt>
      <trkpt lat="49.5067339204251766204833984375" lon="5.93990567140281200408935546875">
        <ele>307.79998779296875</ele>
        <time>2026-09-05T16:21:20.000Z</time>
        <extensions>
          <ns3:TrackPointExtension>
            <ns3:atemp>24.0</ns3:atemp>
            <ns3:hr>195</ns3:hr>
            <ns3:cad>88</ns3:cad>
          </ns3:TrackPointExtension>
        </extensions>
      </trkpt>
      <trkpt lat="49.50673953630030155181884765625" lon="5.93985470943152904510498046875">
        <ele>307.79998779296875</ele>
        <time>2026-09-05T16:21:21.000Z</time>
        <extensions>
          <ns3:TrackPointExtension>
            <ns3:atemp>24.0</ns3:atemp>
            <ns3:hr>195</ns3:hr>
            <ns3:cad>88</ns3:cad>
          </ns3:TrackPointExtension>
        </extensions>
      </trkpt>
      <trkpt lat="49.5067389495670795440673828125" lon="5.93980223871767520904541015625">
        <ele>307.79998779296875</ele>
        <time>2026-09-05T16:21:22.000Z</time>
        <extensions>
          <ns3:TrackPointExtension>
            <ns3:atemp>24.0</ns3:atemp>
            <ns3:hr>195</ns3:hr>
            <ns3:cad>88</ns3:cad>
          </ns3:TrackPointExtension>
        </extensions>
      </trkpt>
      <trkpt lat="49.5067503489553928375244140625" lon="5.939748175442218780517578125">
        <ele>307.79998779296875</ele>
        <time>2026-09-05T16:21:23.000Z</time>
        <extensions>
          <ns3:TrackPointExtension>
            <ns3:atemp>24.0</ns3:atemp>
            <ns3:hr>195</ns3:hr>
            <ns3:cad>88</ns3:cad>
          </ns3:TrackPointExtension>
        </extensions>
      </trkpt>
      <trkpt lat="49.50674884021282196044921875" lon="5.93969830311834812164306640625">
        <ele>308</ele>
        <time>2026-09-05T16:21:24.000Z</time>
        <extensions>
          <ns3:TrackPointExtension>
            <ns3:atemp>24.0</ns3:atemp>
            <ns3:hr>195</ns3:hr>
            <ns3:cad>88</ns3:cad>
          </ns3:TrackPointExtension>
        </extensions>
      </trkpt>
      <trkpt lat="49.50675797648727893829345703125" lon="5.939636528491973876953125">
        <ele>308</ele>
        <time>2026-09-05T16:21:25.000Z</time>
        <extensions>
          <ns3:TrackPointExtension>
            <ns3:atemp>24.0</ns3:atemp>
            <ns3:hr>195</ns3:hr>
            <ns3:cad>88</ns3:cad>
          </ns3:TrackPointExtension>
        </extensions>
      </trkpt>
      <trkpt lat="49.50675864703953266143798828125" lon="5.93958699144423007965087890625">
        <ele>308</ele>
        <time>2026-09-05T16:21:26.000Z</time>
        <extensions>
          <ns3:TrackPointExtension>
            <ns3:atemp>24.0</ns3:atemp>
            <ns3:hr>195</ns3:hr>
            <ns3:cad>87</ns3:cad>
          </ns3:TrackPointExtension>
        </extensions>
      </trkpt>
      <trkpt lat="49.50676468200981616973876953125" lon="5.93952144496142864227294921875">
        <ele>308</ele>
        <time>2026-09-05T16:21:27.000Z</time>
        <extensions>
          <ns3:TrackPointExtension>
            <ns3:atemp>24.0</ns3:atemp>
            <ns3:hr>195</ns3:hr>
            <ns3:cad>87</ns3:cad>
          </ns3:TrackPointExtension>
        </extensions>
      </trkpt>
      <trkpt lat="49.506769962608814239501953125" lon="5.9394730813801288604736328125">
        <ele>308.20001220703125</ele>
        <time>2026-09-05T16:21:28.000Z</time>
        <extensions>
          <ns3:TrackPointExtension>
            <ns3:atemp>24.0</ns3:atemp>
            <ns3:hr>196</ns3:hr>
            <ns3:cad>87</ns3:cad>
          </ns3:TrackPointExtension>
        </extensions>
      </trkpt>
      <trkpt lat="49.5067748241126537322998046875" lon="5.93941013328731060028076171875">
        <ele>308.20001220703125</ele>
        <time>2026-09-05T16:21:29.000Z</time>
        <extensions>
          <ns3:TrackPointExtension>
            <ns3:atemp>24.0</ns3:atemp>
            <ns3:hr>196</ns3:hr>
            <ns3:cad>86</ns3:cad>
          </ns3:TrackPointExtension>
        </extensions>
      </trkpt>
      <trkpt lat="49.50678261928260326385498046875" lon="5.9393607638776302337646484375">
        <ele>308.20001220703125</ele>
        <time>2026-09-05T16:21:30.000Z</time>
        <extensions>
          <ns3:TrackPointExtension>
            <ns3:atemp>24.0</ns3:atemp>
            <ns3:hr>196</ns3:hr>
            <ns3:cad>86</ns3:cad>
          </ns3:TrackPointExtension>
        </extensions>
      </trkpt>
      <trkpt lat="49.50679016299545764923095703125" lon="5.93930519185960292816162109375">
        <ele>308.20001220703125</ele>
        <time>2026-09-05T16:21:31.000Z</time>
        <extensions>
          <ns3:TrackPointExtension>
            <ns3:atemp>24.0</ns3:atemp>
            <ns3:hr>196</ns3:hr>
            <ns3:cad>87</ns3:cad>
          </ns3:TrackPointExtension>
        </extensions>
      </trkpt>
      <trkpt lat="49.50680005364120006561279296875" lon="5.939258672297000885009765625">
        <ele>308.399993896484375</ele>
        <time>2026-09-05T16:21:32.000Z</time>
        <extensions>
          <ns3:TrackPointExtension>
            <ns3:atemp>24.0</ns3:atemp>
            <ns3:hr>196</ns3:hr>
            <ns3:cad>88</ns3:cad>
          </ns3:TrackPointExtension>
        </extensions>
      </trkpt>
      <trkpt lat="49.5068113692104816436767578125" lon="5.93920494429767131805419921875">
        <ele>308.399993896484375</ele>
        <time>2026-09-05T16:21:33.000Z</time>
        <extensions>
          <ns3:TrackPointExtension>
            <ns3:atemp>24.0</ns3:atemp>
            <ns3:hr>196</ns3:hr>
            <ns3:cad>88</ns3:cad>
          </ns3:TrackPointExtension>
        </extensions>
      </trkpt>
      <trkpt lat="49.506821595132350921630859375" lon="5.9391565807163715362548828125">
        <ele>308.399993896484375</ele>
        <time>2026-09-05T16:21:34.000Z</time>
        <extensions>
          <ns3:TrackPointExtension>
            <ns3:atemp>24.0</ns3:atemp>
            <ns3:hr>196</ns3:hr>
            <ns3:cad>88</ns3:cad>
          </ns3:TrackPointExtension>
        </extensions>
      </trkpt>
      <trkpt lat="49.5068284682929515838623046875" lon="5.93910167925059795379638671875">
        <ele>308.399993896484375</ele>
        <time>2026-09-05T16:21:35.000Z</time>
        <extensions>
          <ns3:TrackPointExtension>
            <ns3:atemp>24.0</ns3:atemp>
            <ns3:hr>196</ns3:hr>
            <ns3:cad>88</ns3:cad>
          </ns3:TrackPointExtension>
        </extensions>
      </trkpt>
      <trkpt lat="49.5068438909947872161865234375" lon="5.93903747387230396270751953125">
        <ele>308.399993896484375</ele>
        <time>2026-09-05T16:21:36.000Z</time>
        <extensions>
          <ns3:TrackPointExtension>
            <ns3:atemp>24.0</ns3:atemp>
            <ns3:hr>196</ns3:hr>
            <ns3:cad>88</ns3:cad>
          </ns3:TrackPointExtension>
        </extensions>
      </trkpt>
      <trkpt lat="49.5068556256592273712158203125" lon="5.93898450024425983428955078125">
        <ele>308.600006103515625</ele>
        <time>2026-09-05T16:21:37.000Z</time>
        <extensions>
          <ns3:TrackPointExtension>
            <ns3:atemp>24.0</ns3:atemp>
            <ns3:hr>196</ns3:hr>
            <ns3:cad>88</ns3:cad>
          </ns3:TrackPointExtension>
        </extensions>
      </trkpt>
      <trkpt lat="49.50687356293201446533203125" lon="5.9389297664165496826171875">
        <ele>308.600006103515625</ele>
        <time>2026-09-05T16:21:38.000Z</time>
        <extensions>
          <ns3:TrackPointExtension>
            <ns3:atemp>24.0</ns3:atemp>
            <ns3:hr>196</ns3:hr>
            <ns3:cad>88</ns3:cad>
          </ns3:TrackPointExtension>
        </extensions>
      </trkpt>
      <trkpt lat="49.5068841241300106048583984375" lon="5.93887637369334697723388671875">
        <ele>308.79998779296875</ele>
        <time>2026-09-05T16:21:39.000Z</time>
        <extensions>
          <ns3:TrackPointExtension>
            <ns3:atemp>24.0</ns3:atemp>
            <ns3:hr>196</ns3:hr>
            <ns3:cad>88</ns3:cad>
          </ns3:TrackPointExtension>
        </extensions>
      </trkpt>
      <trkpt lat="49.50690432451665401458740234375" lon="5.9388213045895099639892578125">
        <ele>308.79998779296875</ele>
        <time>2026-09-05T16:21:40.000Z</time>
        <extensions>
          <ns3:TrackPointExtension>
            <ns3:atemp>24.0</ns3:atemp>
            <ns3:hr>196</ns3:hr>
            <ns3:cad>88</ns3:cad>
          </ns3:TrackPointExtension>
        </extensions>
      </trkpt>
      <trkpt lat="49.50691773556172847747802734375" lon="5.9387740306556224822998046875">
        <ele>308.79998779296875</ele>
        <time>2026-09-05T16:21:41.000Z</time>
        <extensions>
          <ns3:TrackPointExtension>
            <ns3:atemp>24.0</ns3:atemp>
            <ns3:hr>196</ns3:hr>
            <ns3:cad>88</ns3:cad>
          </ns3:TrackPointExtension>
        </extensions>
      </trkpt>
      <trkpt lat="49.50693969614803791046142578125" lon="5.93872097320854663848876953125">
        <ele>308.79998779296875</ele>
        <time>2026-09-05T16:21:42.000Z</time>
        <extensions>
          <ns3:TrackPointExtension>
            <ns3:atemp>24.0</ns3:atemp>
            <ns3:hr>196</ns3:hr>
            <ns3:cad>89</ns3:cad>
          </ns3:TrackPointExtension>
        </extensions>
      </trkpt>
      <trkpt lat="49.50695076026022434234619140625" lon="5.93867587856948375701904296875">
        <ele>309</ele>
        <time>2026-09-05T16:21:43.000Z</time>
        <extensions>
          <ns3:TrackPointExtension>
            <ns3:atemp>24.0</ns3:atemp>
            <ns3:hr>196</ns3:hr>
            <ns3:cad>89</ns3:cad>
          </ns3:TrackPointExtension>
        </extensions>
      </trkpt>
      <trkpt lat="49.50697205029428005218505859375" lon="5.9386218152940273284912109375">
        <ele>309</ele>
        <time>2026-09-05T16:21:44.000Z</time>
        <extensions>
          <ns3:TrackPointExtension>
            <ns3:atemp>24.0</ns3:atemp>
            <ns3:hr>197</ns3:hr>
            <ns3:cad>89</ns3:cad>
          </ns3:TrackPointExtension>
        </extensions>
      </trkpt>
      <trkpt lat="49.5069830305874347686767578125" lon="5.93857998959720134735107421875">
        <ele>309</ele>
        <time>2026-09-05T16:21:45.000Z</time>
        <extensions>
          <ns3:TrackPointExtension>
            <ns3:atemp>24.0</ns3:atemp>
            <ns3:hr>198</ns3:hr>
            <ns3:cad>88</ns3:cad>
          </ns3:TrackPointExtension>
        </extensions>
      </trkpt>
      <trkpt lat="49.50700004585087299346923828125" lon="5.93852274119853973388671875">
        <ele>309</ele>
        <time>2026-09-05T16:21:46.000Z</time>
        <extensions>
          <ns3:TrackPointExtension>
            <ns3:atemp>24.0</ns3:atemp>
            <ns3:hr>198</ns3:hr>
            <ns3:cad>88</ns3:cad>
          </ns3:TrackPointExtension>
        </extensions>
      </trkpt>
      <trkpt lat="49.5070118643343448638916015625" lon="5.9384789876639842987060546875">
        <ele>309</ele>
        <time>2026-09-05T16:21:47.000Z</time>
        <extensions>
          <ns3:TrackPointExtension>
            <ns3:atemp>24.0</ns3:atemp>
            <ns3:hr>198</ns3:hr>
            <ns3:cad>89</ns3:cad>
          </ns3:TrackPointExtension>
        </extensions>
      </trkpt>
      <trkpt lat="49.5070292986929416656494140625" lon="5.93842215836048126220703125">
        <ele>309.20001220703125</ele>
        <time>2026-09-05T16:21:48.000Z</time>
        <extensions>
          <ns3:TrackPointExtension>
            <ns3:atemp>24.0</ns3:atemp>
            <ns3:hr>198</ns3:hr>
            <ns3:cad>89</ns3:cad>
          </ns3:TrackPointExtension>
        </extensions>
      </trkpt>
      <trkpt lat="49.507043547928333282470703125" lon="5.9383753873407840728759765625">
        <ele>309.20001220703125</ele>
        <time>2026-09-05T16:21:49.000Z</time>
        <extensions>
          <ns3:TrackPointExtension>
            <ns3:atemp>24.0</ns3:atemp>
            <ns3:hr>198</ns3:hr>
            <ns3:cad>89</ns3:cad>
          </ns3:TrackPointExtension>
        </extensions>
      </trkpt>
      <trkpt lat="49.5070591382682323455810546875" lon="5.938321910798549652099609375">
        <ele>309.399993896484375</ele>
        <time>2026-09-05T16:21:50.000Z</time>
        <extensions>
          <ns3:TrackPointExtension>
            <ns3:atemp>24.0</ns3:atemp>
            <ns3:hr>197</ns3:hr>
            <ns3:cad>88</ns3:cad>
          </ns3:TrackPointExtension>
        </extensions>
      </trkpt>
      <trkpt lat="49.5070782490074634552001953125" lon="5.93827388249337673187255859375">
        <ele>309.600006103515625</ele>
        <time>2026-09-05T16:21:51.000Z</time>
        <extensions>
          <ns3:TrackPointExtension>
            <ns3:atemp>24.0</ns3:atemp>
            <ns3:hr>197</ns3:hr>
            <ns3:cad>87</ns3:cad>
          </ns3:TrackPointExtension>
        </extensions>
      </trkpt>
      <trkpt lat="49.50709442608058452606201171875" lon="5.93822191469371318817138671875">
        <ele>309.600006103515625</ele>
        <time>2026-09-05T16:21:52.000Z</time>
        <extensions>
          <ns3:TrackPointExtension>
            <ns3:atemp>24.0</ns3:atemp>
            <ns3:hr>196</ns3:hr>
            <ns3:cad>87</ns3:cad>
          </ns3:TrackPointExtension>
        </extensions>
      </trkpt>
      <trkpt lat="49.5071144588291645050048828125" lon="5.93818151392042636871337890625">
        <ele>309.600006103515625</ele>
        <time>2026-09-05T16:21:53.000Z</time>
        <extensions>
          <ns3:TrackPointExtension>
            <ns3:atemp>24.0</ns3:atemp>
            <ns3:hr>196</ns3:hr>
            <ns3:cad>87</ns3:cad>
          </ns3:TrackPointExtension>
        </extensions>
      </trkpt>
      <trkpt lat="49.50713432393968105316162109375" lon="5.9381185658276081085205078125">
        <ele>309.600006103515625</ele>
        <time>2026-09-05T16:21:54.000Z</time>
        <extensions>
          <ns3:TrackPointExtension>
            <ns3:atemp>24.0</ns3:atemp>
            <ns3:hr>197</ns3:hr>
            <ns3:cad>87</ns3:cad>
          </ns3:TrackPointExtension>
        </extensions>
      </trkpt>
      <trkpt lat="49.50714840553700923919677734375" lon="5.938070118427276611328125">
        <ele>309.600006103515625</ele>
        <time>2026-09-05T16:21:55.000Z</time>
        <extensions>
          <ns3:TrackPointExtension>
            <ns3:atemp>24.0</ns3:atemp>
            <ns3:hr>198</ns3:hr>
            <ns3:cad>88</ns3:cad>
          </ns3:TrackPointExtension>
        </extensions>
      </trkpt>
      <trkpt lat="49.5071727968752384185791015625" lon="5.93801337294280529022216796875">
        <ele>309.600006103515625</ele>
        <time>2026-09-05T16:21:56.000Z</time>
        <extensions>
          <ns3:TrackPointExtension>
            <ns3:atemp>24.0</ns3:atemp>
            <ns3:hr>198</ns3:hr>
            <ns3:cad>88</ns3:cad>
          </ns3:TrackPointExtension>
        </extensions>
      </trkpt>
      <trkpt lat="49.50718930922448635101318359375" lon="5.93796643428504467010498046875">
        <ele>309.600006103515625</ele>
        <time>2026-09-05T16:21:57.000Z</time>
        <extensions>
          <ns3:TrackPointExtension>
            <ns3:atemp>24.0</ns3:atemp>
            <ns3:hr>198</ns3:hr>
            <ns3:cad>88</ns3:cad>
          </ns3:TrackPointExtension>
        </extensions>
      </trkpt>
      <trkpt lat="49.50720758177340030670166015625" lon="5.93790055252611637115478515625">
        <ele>309.79998779296875</ele>
        <time>2026-09-05T16:21:58.000Z</time>
        <extensions>
          <ns3:TrackPointExtension>
            <ns3:atemp>24.0</ns3:atemp>
            <ns3:hr>198</ns3:hr>
            <ns3:cad>91</ns3:cad>
          </ns3:TrackPointExtension>
        </extensions>
      </trkpt>
      <trkpt lat="49.5072170533239841461181640625" lon="5.93785353004932403564453125">
        <ele>309.79998779296875</ele>
        <time>2026-09-05T16:21:59.000Z</time>
        <extensions>
          <ns3:TrackPointExtension>
            <ns3:atemp>24.0</ns3:atemp>
            <ns3:hr>198</ns3:hr>
            <ns3:cad>91</ns3:cad>
          </ns3:TrackPointExtension>
        </extensions>
      </trkpt>
      <trkpt lat="49.50723155401647090911865234375" lon="5.93779376707971096038818359375">
        <ele>310</ele>
        <time>2026-09-05T16:22:00.000Z</time>
        <extensions>
          <ns3:TrackPointExtension>
            <ns3:atemp>24.0</ns3:atemp>
            <ns3:hr>198</ns3:hr>
            <ns3:cad>92</ns3:cad>
          </ns3:TrackPointExtension>
        </extensions>
      </trkpt>
      <trkpt lat="49.5072470605373382568359375" lon="5.937744565308094024658203125">
        <ele>310.20001220703125</ele>
        <time>2026-09-05T16:22:01.000Z</time>
        <extensions>
          <ns3:TrackPointExtension>
            <ns3:atemp>24.0</ns3:atemp>
            <ns3:hr>198</ns3:hr>
            <ns3:cad>92</ns3:cad>
          </ns3:TrackPointExtension>
        </extensions>
      </trkpt>
      <trkpt lat="49.50726650655269622802734375" lon="5.937692262232303619384765625">
        <ele>310.399993896484375</ele>
        <time>2026-09-05T16:22:02.000Z</time>
        <extensions>
          <ns3:TrackPointExtension>
            <ns3:atemp>24.0</ns3:atemp>
            <ns3:hr>198</ns3:hr>
            <ns3:cad>89</ns3:cad>
          </ns3:TrackPointExtension>
        </extensions>
      </trkpt>
      <trkpt lat="49.507286958396434783935546875" lon="5.93765102326869964599609375">
        <ele>310.600006103515625</ele>
        <time>2026-09-05T16:22:03.000Z</time>
        <extensions>
          <ns3:TrackPointExtension>
            <ns3:atemp>24.0</ns3:atemp>
            <ns3:hr>198</ns3:hr>
            <ns3:cad>89</ns3:cad>
          </ns3:TrackPointExtension>
        </extensions>
      </trkpt>
      <trkpt lat="49.5073048956692218780517578125" lon="5.93760064803063869476318359375">
        <ele>311</ele>
        <time>2026-09-05T16:22:04.000Z</time>
        <extensions>
          <ns3:TrackPointExtension>
            <ns3:atemp>24.0</ns3:atemp>
            <ns3:hr>198</ns3:hr>
            <ns3:cad>89</ns3:cad>
          </ns3:TrackPointExtension>
        </extensions>
      </trkpt>
      <trkpt lat="49.50732677243649959564208984375" lon="5.937555134296417236328125">
        <ele>311</ele>
        <time>2026-09-05T16:22:05.000Z</time>
        <extensions>
          <ns3:TrackPointExtension>
            <ns3:atemp>24.0</ns3:atemp>
            <ns3:hr>198</ns3:hr>
            <ns3:cad>89</ns3:cad>
          </ns3:TrackPointExtension>
        </extensions>
      </trkpt>
      <trkpt lat="49.507341943681240081787109375" lon="5.93751666136085987091064453125">
        <ele>311.20001220703125</ele>
        <time>2026-09-05T16:22:06.000Z</time>
        <extensions>
          <ns3:TrackPointExtension>
            <ns3:atemp>24.0</ns3:atemp>
            <ns3:hr>198</ns3:hr>
            <ns3:cad>89</ns3:cad>
          </ns3:TrackPointExtension>
        </extensions>
      </trkpt>
      <trkpt lat="49.50736683793365955352783203125" lon="5.93747240491211414337158203125">
        <ele>311.20001220703125</ele>
        <time>2026-09-05T16:22:07.000Z</time>
        <extensions>
          <ns3:TrackPointExtension>
            <ns3:atemp>24.0</ns3:atemp>
            <ns3:hr>198</ns3:hr>
            <ns3:cad>88</ns3:cad>
          </ns3:TrackPointExtension>
        </extensions>
      </trkpt>
      <trkpt lat="49.507385194301605224609375" lon="5.93743979930877685546875">
        <ele>311</ele>
        <time>2026-09-05T16:22:08.000Z</time>
        <extensions>
          <ns3:TrackPointExtension>
            <ns3:atemp>24.0</ns3:atemp>
            <ns3:hr>198</ns3:hr>
            <ns3:cad>89</ns3:cad>
          </ns3:TrackPointExtension>
        </extensions>
      </trkpt>
      <trkpt lat="49.50740874744951725006103515625" lon="5.93739076517522335052490234375">
        <ele>311</ele>
        <time>2026-09-05T16:22:09.000Z</time>
        <extensions>
          <ns3:TrackPointExtension>
            <ns3:atemp>24.0</ns3:atemp>
            <ns3:hr>198</ns3:hr>
            <ns3:cad>88</ns3:cad>
          </ns3:TrackPointExtension>
        </extensions>
      </trkpt>
      <trkpt lat="49.50742433778941631317138671875" lon="5.93733896501362323760986328125">
        <ele>311</ele>
        <time>2026-09-05T16:22:10.000Z</time>
        <extensions>
          <ns3:TrackPointExtension>
            <ns3:atemp>24.0</ns3:atemp>
            <ns3:hr>198</ns3:hr>
            <ns3:cad>87</ns3:cad>
          </ns3:TrackPointExtension>
        </extensions>
      </trkpt>
      <trkpt lat="49.5074447058141231536865234375" lon="5.93728490173816680908203125">
        <ele>311.20001220703125</ele>
        <time>2026-09-05T16:22:11.000Z</time>
        <extensions>
          <ns3:TrackPointExtension>
            <ns3:atemp>24.0</ns3:atemp>
            <ns3:hr>198</ns3:hr>
            <ns3:cad>87</ns3:cad>
          </ns3:TrackPointExtension>
        </extensions>
      </trkpt>
      <trkpt lat="49.50746230781078338623046875" lon="5.9372448362410068511962890625">
        <ele>311.399993896484375</ele>
        <time>2026-09-05T16:22:12.000Z</time>
        <extensions>
          <ns3:TrackPointExtension>
            <ns3:atemp>24.0</ns3:atemp>
            <ns3:hr>198</ns3:hr>
            <ns3:cad>87</ns3:cad>
          </ns3:TrackPointExtension>
        </extensions>
      </trkpt>
      <trkpt lat="49.5074829272925853729248046875" lon="5.93719932250678539276123046875">
        <ele>311.600006103515625</ele>
        <time>2026-09-05T16:22:13.000Z</time>
        <extensions>
          <ns3:TrackPointExtension>
            <ns3:atemp>24.0</ns3:atemp>
            <ns3:hr>198</ns3:hr>
            <ns3:cad>86</ns3:cad>
          </ns3:TrackPointExtension>
        </extensions>
      </trkpt>
      <trkpt lat="49.50750698335468769073486328125" lon="5.93715657480061054229736328125">
        <ele>311.79998779296875</ele>
        <time>2026-09-05T16:22:14.000Z</time>
        <extensions>
          <ns3:TrackPointExtension>
            <ns3:atemp>24.0</ns3:atemp>
            <ns3:hr>198</ns3:hr>
            <ns3:cad>86</ns3:cad>
          </ns3:TrackPointExtension>
        </extensions>
      </trkpt>
      <trkpt lat="49.50752693228423595428466796875" lon="5.9371083788573741912841796875">
        <ele>311.79998779296875</ele>
        <time>2026-09-05T16:22:15.000Z</time>
        <extensions>
          <ns3:TrackPointExtension>
            <ns3:atemp>24.0</ns3:atemp>
            <ns3:hr>198</ns3:hr>
            <ns3:cad>87</ns3:cad>
          </ns3:TrackPointExtension>
        </extensions>
      </trkpt>
      <trkpt lat="49.5075513236224651336669921875" lon="5.93706504441797733306884765625">
        <ele>311.79998779296875</ele>
        <time>2026-09-05T16:22:16.000Z</time>
        <extensions>
          <ns3:TrackPointExtension>
            <ns3:atemp>24.0</ns3:atemp>
            <ns3:hr>198</ns3:hr>
            <ns3:cad>87</ns3:cad>
          </ns3:TrackPointExtension>
        </extensions>
      </trkpt>
      <trkpt lat="49.5075714401900768280029296875" lon="5.93701609410345554351806640625">
        <ele>311.79998779296875</ele>
        <time>2026-09-05T16:22:17.000Z</time>
        <extensions>
          <ns3:TrackPointExtension>
            <ns3:atemp>24.0</ns3:atemp>
            <ns3:hr>198</ns3:hr>
            <ns3:cad>87</ns3:cad>
          </ns3:TrackPointExtension>
        </extensions>
      </trkpt>
      <trkpt lat="49.50759532861411571502685546875" lon="5.93696798197925090789794921875">
        <ele>311.79998779296875</ele>
        <time>2026-09-05T16:22:18.000Z</time>
        <extensions>
          <ns3:TrackPointExtension>
            <ns3:atemp>24.0</ns3:atemp>
            <ns3:hr>198</ns3:hr>
            <ns3:cad>88</ns3:cad>
          </ns3:TrackPointExtension>
        </extensions>
      </trkpt>
      <trkpt lat="49.507605135440826416015625" lon="5.93692288734018802642822265625">
        <ele>311.600006103515625</ele>
        <time>2026-09-05T16:22:19.000Z</time>
        <extensions>
          <ns3:TrackPointExtension>
            <ns3:atemp>24.0</ns3:atemp>
            <ns3:hr>198</ns3:hr>
            <ns3:cad>88</ns3:cad>
          </ns3:TrackPointExtension>
        </extensions>
      </trkpt>
      <trkpt lat="49.507621563971042633056640625" lon="5.936868488788604736328125">
        <ele>311.79998779296875</ele>
        <time>2026-09-05T16:22:20.000Z</time>
        <extensions>
          <ns3:TrackPointExtension>
            <ns3:atemp>24.0</ns3:atemp>
            <ns3:hr>198</ns3:hr>
            <ns3:cad>88</ns3:cad>
          </ns3:TrackPointExtension>
        </extensions>
      </trkpt>
      <trkpt lat="49.50762902386486530303955078125" lon="5.9368207119405269622802734375">
        <ele>312</ele>
        <time>2026-09-05T16:22:21.000Z</time>
        <extensions>
          <ns3:TrackPointExtension>
            <ns3:atemp>24.0</ns3:atemp>
            <ns3:hr>198</ns3:hr>
            <ns3:cad>88</ns3:cad>
          </ns3:TrackPointExtension>
        </extensions>
      </trkpt>
      <trkpt lat="49.5076458714902400970458984375" lon="5.93676321208477020263671875">
        <ele>312</ele>
        <time>2026-09-05T16:22:22.000Z</time>
        <extensions>
          <ns3:TrackPointExtension>
            <ns3:atemp>24.0</ns3:atemp>
            <ns3:hr>198</ns3:hr>
            <ns3:cad>88</ns3:cad>
          </ns3:TrackPointExtension>
        </extensions>
      </trkpt>
      <trkpt lat="49.5076589472591876983642578125" lon="5.93672390095889568328857421875">
        <ele>312</ele>
        <time>2026-09-05T16:22:23.000Z</time>
        <extensions>
          <ns3:TrackPointExtension>
            <ns3:atemp>24.0</ns3:atemp>
            <ns3:hr>198</ns3:hr>
            <ns3:cad>87</ns3:cad>
          </ns3:TrackPointExtension>
        </extensions>
      </trkpt>
      <trkpt lat="49.50767780654132366180419921875" lon="5.93666455708444118499755859375">
        <ele>312</ele>
        <time>2026-09-05T16:22:24.000Z</time>
        <extensions>
          <ns3:TrackPointExtension>
            <ns3:atemp>24.0</ns3:atemp>
            <ns3:hr>198</ns3:hr>
            <ns3:cad>87</ns3:cad>
          </ns3:TrackPointExtension>
        </extensions>
      </trkpt>
      <trkpt lat="49.507687278091907501220703125" lon="5.936622060835361480712890625">
        <ele>312</ele>
        <time>2026-09-05T16:22:25.000Z</time>
        <extensions>
          <ns3:TrackPointExtension>
            <ns3:atemp>24.0</ns3:atemp>
            <ns3:hr>198</ns3:hr>
            <ns3:cad>88</ns3:cad>
          </ns3:TrackPointExtension>
        </extensions>
      </trkpt>
      <trkpt lat="49.50769976712763309478759765625" lon="5.93656112439930438995361328125">
        <ele>312</ele>
        <time>2026-09-05T16:22:26.000Z</time>
        <extensions>
          <ns3:TrackPointExtension>
            <ns3:atemp>24.0</ns3:atemp>
            <ns3:hr>198</ns3:hr>
            <ns3:cad>88</ns3:cad>
          </ns3:TrackPointExtension>
        </extensions>
      </trkpt>
      <trkpt lat="49.50770638883113861083984375" lon="5.93651376664638519287109375">
        <ele>312.20001220703125</ele>
        <time>2026-09-05T16:22:27.000Z</time>
        <extensions>
          <ns3:TrackPointExtension>
            <ns3:atemp>24.0</ns3:atemp>
            <ns3:hr>198</ns3:hr>
            <ns3:cad>89</ns3:cad>
          </ns3:TrackPointExtension>
        </extensions>
      </trkpt>
      <trkpt lat="49.50771368108689785003662109375" lon="5.9364562667906284332275390625">
        <ele>312.399993896484375</ele>
        <time>2026-09-05T16:22:28.000Z</time>
        <extensions>
          <ns3:TrackPointExtension>
            <ns3:atemp>24.0</ns3:atemp>
            <ns3:hr>198</ns3:hr>
            <ns3:cad>89</ns3:cad>
          </ns3:TrackPointExtension>
        </extensions>
      </trkpt>
      <trkpt lat="49.5077206380665302276611328125" lon="5.93640907667577266693115234375">
        <ele>312.600006103515625</ele>
        <time>2026-09-05T16:22:29.000Z</time>
        <extensions>
          <ns3:TrackPointExtension>
            <ns3:atemp>24.0</ns3:atemp>
            <ns3:hr>197</ns3:hr>
            <ns3:cad>88</ns3:cad>
          </ns3:TrackPointExtension>
        </extensions>
      </trkpt>
      <trkpt lat="49.507726840674877166748046875" lon="5.93635308556258678436279296875">
        <ele>312.600006103515625</ele>
        <time>2026-09-05T16:22:30.000Z</time>
        <extensions>
          <ns3:TrackPointExtension>
            <ns3:atemp>24.0</ns3:atemp>
            <ns3:hr>197</ns3:hr>
            <ns3:cad>88</ns3:cad>
          </ns3:TrackPointExtension>
        </extensions>
      </trkpt>
      <trkpt lat="49.50773589313030242919921875" lon="5.93630245886743068695068359375">
        <ele>312.79998779296875</ele>
        <time>2026-09-05T16:22:31.000Z</time>
        <extensions>
          <ns3:TrackPointExtension>
            <ns3:atemp>24.0</ns3:atemp>
            <ns3:hr>197</ns3:hr>
            <ns3:cad>88</ns3:cad>
          </ns3:TrackPointExtension>
        </extensions>
      </trkpt>
      <trkpt lat="49.507742933928966522216796875" lon="5.9362403489649295806884765625">
        <ele>312.79998779296875</ele>
        <time>2026-09-05T16:22:32.000Z</time>
        <extensions>
          <ns3:TrackPointExtension>
            <ns3:atemp>24.0</ns3:atemp>
            <ns3:hr>197</ns3:hr>
            <ns3:cad>88</ns3:cad>
          </ns3:TrackPointExtension>
        </extensions>
      </trkpt>
      <trkpt lat="49.507753662765026092529296875" lon="5.9361840225756168365478515625">
        <ele>313</ele>
        <time>2026-09-05T16:22:33.000Z</time>
        <extensions>
          <ns3:TrackPointExtension>
            <ns3:atemp>24.0</ns3:atemp>
            <ns3:hr>196</ns3:hr>
            <ns3:cad>88</ns3:cad>
          </ns3:TrackPointExtension>
        </extensions>
      </trkpt>
      <trkpt lat="49.50775659643113613128662109375" lon="5.936126522719860076904296875">
        <ele>313.20001220703125</ele>
        <time>2026-09-05T16:22:34.000Z</time>
        <extensions>
          <ns3:TrackPointExtension>
            <ns3:atemp>24.0</ns3:atemp>
            <ns3:hr>197</ns3:hr>
            <ns3:cad>89</ns3:cad>
          </ns3:TrackPointExtension>
        </extensions>
      </trkpt>
      <trkpt lat="49.50776615180075168609619140625" lon="5.93606642447412014007568359375">
        <ele>313.20001220703125</ele>
        <time>2026-09-05T16:22:35.000Z</time>
        <extensions>
          <ns3:TrackPointExtension>
            <ns3:atemp>24.0</ns3:atemp>
            <ns3:hr>197</ns3:hr>
            <ns3:cad>89</ns3:cad>
          </ns3:TrackPointExtension>
        </extensions>
      </trkpt>
      <trkpt lat="49.507766067981719970703125" lon="5.93601596541702747344970703125">
        <ele>313.20001220703125</ele>
        <time>2026-09-05T16:22:36.000Z</time>
        <extensions>
          <ns3:TrackPointExtension>
            <ns3:atemp>24.0</ns3:atemp>
            <ns3:hr>198</ns3:hr>
            <ns3:cad>88</ns3:cad>
          </ns3:TrackPointExtension>
        </extensions>
      </trkpt>
      <trkpt lat="49.5077766291797161102294921875" lon="5.93595477752387523651123046875">
        <ele>313.399993896484375</ele>
        <time>2026-09-05T16:22:37.000Z</time>
        <extensions>
          <ns3:TrackPointExtension>
            <ns3:atemp>24.0</ns3:atemp>
            <ns3:hr>198</ns3:hr>
            <ns3:cad>88</ns3:cad>
          </ns3:TrackPointExtension>
        </extensions>
      </trkpt>
      <trkpt lat="49.50777822174131870269775390625" lon="5.93590163625776767730712890625">
        <ele>313.399993896484375</ele>
        <time>2026-09-05T16:22:38.000Z</time>
        <extensions>
          <ns3:TrackPointExtension>
            <ns3:atemp>24.0</ns3:atemp>
            <ns3:hr>198</ns3:hr>
            <ns3:cad>88</ns3:cad>
          </ns3:TrackPointExtension>
        </extensions>
      </trkpt>
      <trkpt lat="49.50778551399707794189453125" lon="5.935837514698505401611328125">
        <ele>313.399993896484375</ele>
        <time>2026-09-05T16:22:39.000Z</time>
        <extensions>
          <ns3:TrackPointExtension>
            <ns3:atemp>24.0</ns3:atemp>
            <ns3:hr>198</ns3:hr>
            <ns3:cad>88</ns3:cad>
          </ns3:TrackPointExtension>
        </extensions>
      </trkpt>
      <trkpt lat="49.50778559781610965728759765625" lon="5.9357887320220470428466796875">
        <ele>313.600006103515625</ele>
        <time>2026-09-05T16:22:40.000Z</time>
        <extensions>
          <ns3:TrackPointExtension>
            <ns3:atemp>24.0</ns3:atemp>
            <ns3:hr>198</ns3:hr>
            <ns3:cad>88</ns3:cad>
          </ns3:TrackPointExtension>
        </extensions>
      </trkpt>
      <trkpt lat="49.5077977515757083892822265625" lon="5.9357270412147045135498046875">
        <ele>313.79998779296875</ele>
        <time>2026-09-05T16:22:41.000Z</time>
        <extensions>
          <ns3:TrackPointExtension>
            <ns3:atemp>24.0</ns3:atemp>
            <ns3:hr>199</ns3:hr>
            <ns3:cad>88</ns3:cad>
          </ns3:TrackPointExtension>
        </extensions>
      </trkpt>
      <trkpt lat="49.507799930870532989501953125" lon="5.93567918054759502410888671875">
        <ele>314</ele>
        <time>2026-09-05T16:22:42.000Z</time>
        <extensions>
          <ns3:TrackPointExtension>
            <ns3:atemp>24.0</ns3:atemp>
            <ns3:hr>199</ns3:hr>
            <ns3:cad>88</ns3:cad>
          </ns3:TrackPointExtension>
        </extensions>
      </trkpt>
      <trkpt lat="49.507807306945323944091796875" lon="5.9356174059212207794189453125">
        <ele>314</ele>
        <time>2026-09-05T16:22:43.000Z</time>
        <extensions>
          <ns3:TrackPointExtension>
            <ns3:atemp>24.0</ns3:atemp>
            <ns3:hr>199</ns3:hr>
            <ns3:cad>88</ns3:cad>
          </ns3:TrackPointExtension>
        </extensions>
      </trkpt>
      <trkpt lat="49.50780940242111682891845703125" lon="5.93557038344442844390869140625">
        <ele>314</ele>
        <time>2026-09-05T16:22:44.000Z</time>
        <extensions>
          <ns3:TrackPointExtension>
            <ns3:atemp>24.0</ns3:atemp>
            <ns3:hr>199</ns3:hr>
            <ns3:cad>88</ns3:cad>
          </ns3:TrackPointExtension>
        </extensions>
      </trkpt>
      <trkpt lat="49.50781292282044887542724609375" lon="5.9355097822844982147216796875">
        <ele>314</ele>
        <time>2026-09-05T16:22:45.000Z</time>
        <extensions>
          <ns3:TrackPointExtension>
            <ns3:atemp>24.0</ns3:atemp>
            <ns3:hr>199</ns3:hr>
            <ns3:cad>88</ns3:cad>
          </ns3:TrackPointExtension>
        </extensions>
      </trkpt>
      <trkpt lat="49.5078158564865589141845703125" lon="5.93545370735228061676025390625">
        <ele>314.20001220703125</ele>
        <time>2026-09-05T16:22:46.000Z</time>
        <extensions>
          <ns3:TrackPointExtension>
            <ns3:atemp>24.0</ns3:atemp>
            <ns3:hr>199</ns3:hr>
            <ns3:cad>89</ns3:cad>
          </ns3:TrackPointExtension>
        </extensions>
      </trkpt>
      <trkpt lat="49.50781946070492267608642578125" lon="5.93539528548717498779296875">
        <ele>314.399993896484375</ele>
        <time>2026-09-05T16:22:47.000Z</time>
        <extensions>
          <ns3:TrackPointExtension>
            <ns3:atemp>24.0</ns3:atemp>
            <ns3:hr>198</ns3:hr>
            <ns3:cad>89</ns3:cad>
          </ns3:TrackPointExtension>
        </extensions>
      </trkpt>
      <trkpt lat="49.5078252442181110382080078125" lon="5.9353397972881793975830078125">
        <ele>314.399993896484375</ele>
        <time>2026-09-05T16:22:48.000Z</time>
        <extensions>
          <ns3:TrackPointExtension>
            <ns3:atemp>24.0</ns3:atemp>
            <ns3:hr>198</ns3:hr>
            <ns3:cad>89</ns3:cad>
          </ns3:TrackPointExtension>
        </extensions>
      </trkpt>
      <trkpt lat="49.507826752960681915283203125" lon="5.93528254888951778411865234375">
        <ele>314.399993896484375</ele>
        <time>2026-09-05T16:22:49.000Z</time>
        <extensions>
          <ns3:TrackPointExtension>
            <ns3:atemp>24.0</ns3:atemp>
            <ns3:hr>198</ns3:hr>
            <ns3:cad>88</ns3:cad>
          </ns3:TrackPointExtension>
        </extensions>
      </trkpt>
      <trkpt lat="49.50782281346619129180908203125" lon="5.93522555194795131683349609375">
        <ele>314.600006103515625</ele>
        <time>2026-09-05T16:22:50.000Z</time>
        <extensions>
          <ns3:TrackPointExtension>
            <ns3:atemp>24.0</ns3:atemp>
            <ns3:hr>197</ns3:hr>
            <ns3:cad>88</ns3:cad>
          </ns3:TrackPointExtension>
        </extensions>
      </trkpt>
      <trkpt lat="49.5078259147703647613525390625" lon="5.9351681359112262725830078125">
        <ele>314.79998779296875</ele>
        <time>2026-09-05T16:22:51.000Z</time>
        <extensions>
          <ns3:TrackPointExtension>
            <ns3:atemp>24.0</ns3:atemp>
            <ns3:hr>197</ns3:hr>
            <ns3:cad>88</ns3:cad>
          </ns3:TrackPointExtension>
        </extensions>
      </trkpt>
      <trkpt lat="49.50783136300742626190185546875" lon="5.9351103007793426513671875">
        <ele>314.600006103515625</ele>
        <time>2026-09-05T16:22:52.000Z</time>
        <extensions>
          <ns3:TrackPointExtension>
            <ns3:atemp>24.0</ns3:atemp>
            <ns3:hr>197</ns3:hr>
            <ns3:cad>88</ns3:cad>
          </ns3:TrackPointExtension>
        </extensions>
      </trkpt>
      <trkpt lat="49.5078302733600139617919921875" lon="5.93506344594061374664306640625">
        <ele>314.600006103515625</ele>
        <time>2026-09-05T16:22:53.000Z</time>
        <extensions>
          <ns3:TrackPointExtension>
            <ns3:atemp>24.0</ns3:atemp>
            <ns3:hr>197</ns3:hr>
            <ns3:cad>88</ns3:cad>
          </ns3:TrackPointExtension>
        </extensions>
      </trkpt>
      <trkpt lat="49.5078376494348049163818359375" lon="5.9349958039820194244384765625">
        <ele>314.79998779296875</ele>
        <time>2026-09-05T16:22:54.000Z</time>
        <extensions>
          <ns3:TrackPointExtension>
            <ns3:atemp>24.0</ns3:atemp>
            <ns3:hr>197</ns3:hr>
            <ns3:cad>87</ns3:cad>
          </ns3:TrackPointExtension>
        </extensions>
      </trkpt>
      <trkpt lat="49.50783857144415378570556640625" lon="5.93494676984846591949462890625">
        <ele>314.79998779296875</ele>
        <time>2026-09-05T16:22:55.000Z</time>
        <extensions>
          <ns3:TrackPointExtension>
            <ns3:atemp>24.0</ns3:atemp>
            <ns3:hr>197</ns3:hr>
            <ns3:cad>86</ns3:cad>
          </ns3:TrackPointExtension>
        </extensions>
      </trkpt>
      <trkpt lat="49.5078443549573421478271484375" lon="5.93487720005214214324951171875">
        <ele>314.600006103515625</ele>
        <time>2026-09-05T16:22:56.000Z</time>
        <extensions>
          <ns3:TrackPointExtension>
            <ns3:atemp>24.0</ns3:atemp>
            <ns3:hr>196</ns3:hr>
            <ns3:cad>86</ns3:cad>
          </ns3:TrackPointExtension>
        </extensions>
      </trkpt>
      <trkpt lat="49.507842175662517547607421875" lon="5.934827663004398345947265625">
        <ele>314.79998779296875</ele>
        <time>2026-09-05T16:22:57.000Z</time>
        <extensions>
          <ns3:TrackPointExtension>
            <ns3:atemp>24.0</ns3:atemp>
            <ns3:hr>196</ns3:hr>
            <ns3:cad>86</ns3:cad>
          </ns3:TrackPointExtension>
        </extensions>
      </trkpt>
      <trkpt lat="49.50785097666084766387939453125" lon="5.93476538546383380889892578125">
        <ele>314.79998779296875</ele>
        <time>2026-09-05T16:22:58.000Z</time>
        <extensions>
          <ns3:TrackPointExtension>
            <ns3:atemp>24.0</ns3:atemp>
            <ns3:hr>197</ns3:hr>
            <ns3:cad>86</ns3:cad>
          </ns3:TrackPointExtension>
        </extensions>
      </trkpt>
      <trkpt lat="49.50785282067954540252685546875" lon="5.93470956198871135711669921875">
        <ele>315</ele>
        <time>2026-09-05T16:22:59.000Z</time>
        <extensions>
          <ns3:TrackPointExtension>
            <ns3:atemp>24.0</ns3:atemp>
            <ns3:hr>197</ns3:hr>
            <ns3:cad>87</ns3:cad>
          </ns3:TrackPointExtension>
        </extensions>
      </trkpt>
      <trkpt lat="49.50785868801176548004150390625" lon="5.93464502133429050445556640625">
        <ele>315.20001220703125</ele>
        <time>2026-09-05T16:23:00.000Z</time>
        <extensions>
          <ns3:TrackPointExtension>
            <ns3:atemp>24.0</ns3:atemp>
            <ns3:hr>197</ns3:hr>
            <ns3:cad>88</ns3:cad>
          </ns3:TrackPointExtension>
        </extensions>
      </trkpt>
      <trkpt lat="49.507862962782382965087890625" lon="5.9345899522304534912109375">
        <ele>315.20001220703125</ele>
        <time>2026-09-05T16:23:01.000Z</time>
        <extensions>
          <ns3:TrackPointExtension>
            <ns3:atemp>24.0</ns3:atemp>
            <ns3:hr>197</ns3:hr>
            <ns3:cad>89</ns3:cad>
          </ns3:TrackPointExtension>
        </extensions>
      </trkpt>
      <trkpt lat="49.50786908157169818878173828125" lon="5.934529602527618408203125">
        <ele>315.399993896484375</ele>
        <time>2026-09-05T16:23:02.000Z</time>
        <extensions>
          <ns3:TrackPointExtension>
            <ns3:atemp>24.0</ns3:atemp>
            <ns3:hr>199</ns3:hr>
            <ns3:cad>89</ns3:cad>
          </ns3:TrackPointExtension>
        </extensions>
      </trkpt>
      <trkpt lat="49.5078746974468231201171875" lon="5.9344791434705257415771484375">
        <ele>315.399993896484375</ele>
        <time>2026-09-05T16:23:03.000Z</time>
        <extensions>
          <ns3:TrackPointExtension>
            <ns3:atemp>24.0</ns3:atemp>
            <ns3:hr>200</ns3:hr>
            <ns3:cad>89</ns3:cad>
          </ns3:TrackPointExtension>
        </extensions>
      </trkpt>
      <trkpt lat="49.50787612237036228179931640625" lon="5.93442499637603759765625">
        <ele>315.399993896484375</ele>
        <time>2026-09-05T16:23:04.000Z</time>
        <extensions>
          <ns3:TrackPointExtension>
            <ns3:atemp>24.0</ns3:atemp>
            <ns3:hr>199</ns3:hr>
            <ns3:cad>89</ns3:cad>
          </ns3:TrackPointExtension>
        </extensions>
      </trkpt>
      <trkpt lat="49.50788877904415130615234375" lon="5.9343721903860569000244140625">
        <ele>315.399993896484375</ele>
        <time>2026-09-05T16:23:05.000Z</time>
        <extensions>
          <ns3:TrackPointExtension>
            <ns3:atemp>24.0</ns3:atemp>
            <ns3:hr>198</ns3:hr>
            <ns3:cad>88</ns3:cad>
          </ns3:TrackPointExtension>
        </extensions>
      </trkpt>
      <trkpt lat="49.507891796529293060302734375" lon="5.93431594781577587127685546875">
        <ele>315.399993896484375</ele>
        <time>2026-09-05T16:23:06.000Z</time>
        <extensions>
          <ns3:TrackPointExtension>
            <ns3:atemp>24.0</ns3:atemp>
            <ns3:hr>197</ns3:hr>
            <ns3:cad>88</ns3:cad>
          </ns3:TrackPointExtension>
        </extensions>
      </trkpt>
      <trkpt lat="49.50790621340274810791015625" lon="5.9342565201222896575927734375">
        <ele>315.399993896484375</ele>
        <time>2026-09-05T16:23:07.000Z</time>
        <extensions>
          <ns3:TrackPointExtension>
            <ns3:atemp>24.0</ns3:atemp>
            <ns3:hr>196</ns3:hr>
            <ns3:cad>88</ns3:cad>
          </ns3:TrackPointExtension>
        </extensions>
      </trkpt>
      <trkpt lat="49.50791082344949245452880859375" lon="5.93420430086553096771240234375">
        <ele>315.399993896484375</ele>
        <time>2026-09-05T16:23:08.000Z</time>
        <extensions>
          <ns3:TrackPointExtension>
            <ns3:atemp>24.0</ns3:atemp>
            <ns3:hr>195</ns3:hr>
            <ns3:cad>88</ns3:cad>
          </ns3:TrackPointExtension>
        </extensions>
      </trkpt>
      <trkpt lat="49.50792289339005947113037109375" lon="5.934137664735317230224609375">
        <ele>315.399993896484375</ele>
        <time>2026-09-05T16:23:09.000Z</time>
        <extensions>
          <ns3:TrackPointExtension>
            <ns3:atemp>24.0</ns3:atemp>
            <ns3:hr>197</ns3:hr>
            <ns3:cad>87</ns3:cad>
          </ns3:TrackPointExtension>
        </extensions>
      </trkpt>
      <trkpt lat="49.5079311914741992950439453125" lon="5.93408879823982715606689453125">
        <ele>315.399993896484375</ele>
        <time>2026-09-05T16:23:10.000Z</time>
        <extensions>
          <ns3:TrackPointExtension>
            <ns3:atemp>24.0</ns3:atemp>
            <ns3:hr>198</ns3:hr>
            <ns3:cad>87</ns3:cad>
          </ns3:TrackPointExtension>
        </extensions>
      </trkpt>
      <trkpt lat="49.507948458194732666015625" lon="5.93402626924216747283935546875">
        <ele>315.600006103515625</ele>
        <time>2026-09-05T16:23:11.000Z</time>
        <extensions>
          <ns3:TrackPointExtension>
            <ns3:atemp>24.0</ns3:atemp>
            <ns3:hr>199</ns3:hr>
            <ns3:cad>87</ns3:cad>
          </ns3:TrackPointExtension>
        </extensions>
      </trkpt>
      <trkpt lat="49.507965557277202606201171875" lon="5.93397933058440685272216796875">
        <ele>315.600006103515625</ele>
        <time>2026-09-05T16:23:12.000Z</time>
        <extensions>
          <ns3:TrackPointExtension>
            <ns3:atemp>24.0</ns3:atemp>
            <ns3:hr>199</ns3:hr>
            <ns3:cad>87</ns3:cad>
          </ns3:TrackPointExtension>
        </extensions>
      </trkpt>
      <trkpt lat="49.50798240490257740020751953125" lon="5.93392484821379184722900390625">
        <ele>315.79998779296875</ele>
        <time>2026-09-05T16:23:13.000Z</time>
        <extensions>
          <ns3:TrackPointExtension>
            <ns3:atemp>24.0</ns3:atemp>
            <ns3:hr>199</ns3:hr>
            <ns3:cad>87</ns3:cad>
          </ns3:TrackPointExtension>
        </extensions>
      </trkpt>
      <trkpt lat="49.508001767098903656005859375" lon="5.9338746406137943267822265625">
        <ele>316</ele>
        <time>2026-09-05T16:23:14.000Z</time>
        <extensions>
          <ns3:TrackPointExtension>
            <ns3:atemp>24.0</ns3:atemp>
            <ns3:hr>199</ns3:hr>
            <ns3:cad>87</ns3:cad>
          </ns3:TrackPointExtension>
        </extensions>
      </trkpt>
      <trkpt lat="49.5080195367336273193359375" lon="5.93382325954735279083251953125">
        <ele>316.20001220703125</ele>
        <time>2026-09-05T16:23:15.000Z</time>
        <extensions>
          <ns3:TrackPointExtension>
            <ns3:atemp>24.0</ns3:atemp>
            <ns3:hr>199</ns3:hr>
            <ns3:cad>87</ns3:cad>
          </ns3:TrackPointExtension>
        </extensions>
      </trkpt>
      <trkpt lat="49.50804376043379306793212890625" lon="5.9337764047086238861083984375">
        <ele>316.20001220703125</ele>
        <time>2026-09-05T16:23:16.000Z</time>
        <extensions>
          <ns3:TrackPointExtension>
            <ns3:atemp>24.0</ns3:atemp>
            <ns3:hr>199</ns3:hr>
            <ns3:cad>87</ns3:cad>
          </ns3:TrackPointExtension>
        </extensions>
      </trkpt>
      <trkpt lat="49.5080606080591678619384765625" lon="5.93372988514602184295654296875">
        <ele>316.399993896484375</ele>
        <time>2026-09-05T16:23:17.000Z</time>
        <extensions>
          <ns3:TrackPointExtension>
            <ns3:atemp>24.0</ns3:atemp>
            <ns3:hr>198</ns3:hr>
            <ns3:cad>87</ns3:cad>
          </ns3:TrackPointExtension>
        </extensions>
      </trkpt>
      <trkpt lat="49.50808701105415821075439453125" lon="5.9336801804602146148681640625">
        <ele>316.399993896484375</ele>
        <time>2026-09-05T16:23:18.000Z</time>
        <extensions>
          <ns3:TrackPointExtension>
            <ns3:atemp>24.0</ns3:atemp>
            <ns3:hr>199</ns3:hr>
            <ns3:cad>87</ns3:cad>
          </ns3:TrackPointExtension>
        </extensions>
      </trkpt>
      <trkpt lat="49.508105032145977020263671875" lon="5.93363843858242034912109375">
        <ele>316.399993896484375</ele>
        <time>2026-09-05T16:23:19.000Z</time>
        <extensions>
          <ns3:TrackPointExtension>
            <ns3:atemp>24.0</ns3:atemp>
            <ns3:hr>199</ns3:hr>
            <ns3:cad>88</ns3:cad>
          </ns3:TrackPointExtension>
        </extensions>
      </trkpt>
      <trkpt lat="49.50813420116901397705078125" lon="5.9335893206298351287841796875">
        <ele>316.600006103515625</ele>
        <time>2026-09-05T16:23:20.000Z</time>
        <extensions>
          <ns3:TrackPointExtension>
            <ns3:atemp>24.0</ns3:atemp>
            <ns3:hr>199</ns3:hr>
            <ns3:cad>88</ns3:cad>
          </ns3:TrackPointExtension>
        </extensions>
      </trkpt>
      <trkpt lat="49.5081575028598308563232421875" lon="5.93355470336973667144775390625">
        <ele>316.600006103515625</ele>
        <time>2026-09-05T16:23:21.000Z</time>
        <extensions>
          <ns3:TrackPointExtension>
            <ns3:atemp>24.0</ns3:atemp>
            <ns3:hr>199</ns3:hr>
            <ns3:cad>87</ns3:cad>
          </ns3:TrackPointExtension>
        </extensions>
      </trkpt>
      <trkpt lat="49.50818239711225032806396484375" lon="5.933510698378086090087890625">
        <ele>316.600006103515625</ele>
        <time>2026-09-05T16:23:22.000Z</time>
        <extensions>
          <ns3:TrackPointExtension>
            <ns3:atemp>24.0</ns3:atemp>
            <ns3:hr>199</ns3:hr>
            <ns3:cad>87</ns3:cad>
          </ns3:TrackPointExtension>
        </extensions>
      </trkpt>
      <trkpt lat="49.5082099735736846923828125" lon="5.9334709681570529937744140625">
        <ele>316.79998779296875</ele>
        <time>2026-09-05T16:23:23.000Z</time>
        <extensions>
          <ns3:TrackPointExtension>
            <ns3:atemp>24.0</ns3:atemp>
            <ns3:hr>199</ns3:hr>
            <ns3:cad>86</ns3:cad>
          </ns3:TrackPointExtension>
        </extensions>
      </trkpt>
      <trkpt lat="49.5082309283316135406494140625" lon="5.93342713080346584320068359375">
        <ele>316.79998779296875</ele>
        <time>2026-09-05T16:23:24.000Z</time>
        <extensions>
          <ns3:TrackPointExtension>
            <ns3:atemp>24.0</ns3:atemp>
            <ns3:hr>199</ns3:hr>
            <ns3:cad>86</ns3:cad>
          </ns3:TrackPointExtension>
        </extensions>
      </trkpt>
      <trkpt lat="49.50826168991625308990478515625" lon="5.93338673003017902374267578125">
        <ele>316.79998779296875</ele>
        <time>2026-09-05T16:23:25.000Z</time>
        <extensions>
          <ns3:TrackPointExtension>
            <ns3:atemp>24.0</ns3:atemp>
            <ns3:hr>199</ns3:hr>
            <ns3:cad>86</ns3:cad>
          </ns3:TrackPointExtension>
        </extensions>
      </trkpt>
      <trkpt lat="49.50828348286449909210205078125" lon="5.93334339559078216552734375">
        <ele>316.79998779296875</ele>
        <time>2026-09-05T16:23:26.000Z</time>
        <extensions>
          <ns3:TrackPointExtension>
            <ns3:atemp>24.0</ns3:atemp>
            <ns3:hr>199</ns3:hr>
            <ns3:cad>86</ns3:cad>
          </ns3:TrackPointExtension>
        </extensions>
      </trkpt>
      <trkpt lat="49.5083144120872020721435546875" lon="5.9332942776381969451904296875">
        <ele>316.79998779296875</ele>
        <time>2026-09-05T16:23:27.000Z</time>
        <extensions>
          <ns3:TrackPointExtension>
            <ns3:atemp>24.0</ns3:atemp>
            <ns3:hr>199</ns3:hr>
            <ns3:cad>86</ns3:cad>
          </ns3:TrackPointExtension>
        </extensions>
      </trkpt>
      <trkpt lat="49.5083395577967166900634765625" lon="5.93326770700514316558837890625">
        <ele>316.79998779296875</ele>
        <time>2026-09-05T16:23:28.000Z</time>
        <extensions>
          <ns3:TrackPointExtension>
            <ns3:atemp>24.0</ns3:atemp>
            <ns3:hr>199</ns3:hr>
            <ns3:cad>86</ns3:cad>
          </ns3:TrackPointExtension>
        </extensions>
      </trkpt>
      <trkpt lat="49.50837082229554653167724609375" lon="5.93322982080280780792236328125">
        <ele>316.79998779296875</ele>
        <time>2026-09-05T16:23:29.000Z</time>
        <extensions>
          <ns3:TrackPointExtension>
            <ns3:atemp>24.0</ns3:atemp>
            <ns3:hr>199</ns3:hr>
            <ns3:cad>86</ns3:cad>
          </ns3:TrackPointExtension>
        </extensions>
      </trkpt>
      <trkpt lat="49.508396722376346588134765625" lon="5.93320190906524658203125">
        <ele>317</ele>
        <time>2026-09-05T16:23:30.000Z</time>
        <extensions>
          <ns3:TrackPointExtension>
            <ns3:atemp>24.0</ns3:atemp>
            <ns3:hr>198</ns3:hr>
            <ns3:cad>86</ns3:cad>
          </ns3:TrackPointExtension>
        </extensions>
      </trkpt>
      <trkpt lat="49.50842496939003467559814453125" lon="5.93316343612968921661376953125">
        <ele>317</ele>
        <time>2026-09-05T16:23:31.000Z</time>
        <extensions>
          <ns3:TrackPointExtension>
            <ns3:atemp>24.0</ns3:atemp>
            <ns3:hr>198</ns3:hr>
            <ns3:cad>86</ns3:cad>
          </ns3:TrackPointExtension>
        </extensions>
      </trkpt>
      <trkpt lat="49.50845480896532535552978515625" lon="5.933133177459239959716796875">
        <ele>317.20001220703125</ele>
        <time>2026-09-05T16:23:32.000Z</time>
        <extensions>
          <ns3:TrackPointExtension>
            <ns3:atemp>24.0</ns3:atemp>
            <ns3:hr>198</ns3:hr>
            <ns3:cad>86</ns3:cad>
          </ns3:TrackPointExtension>
        </extensions>
      </trkpt>
      <trkpt lat="49.5084786973893642425537109375" lon="5.93309755437076091766357421875">
        <ele>317.20001220703125</ele>
        <time>2026-09-05T16:23:33.000Z</time>
        <extensions>
          <ns3:TrackPointExtension>
            <ns3:atemp>24.0</ns3:atemp>
            <ns3:hr>199</ns3:hr>
            <ns3:cad>86</ns3:cad>
          </ns3:TrackPointExtension>
        </extensions>
      </trkpt>
      <trkpt lat="49.50851012952625751495361328125" lon="5.933065451681613922119140625">
        <ele>317.399993896484375</ele>
        <time>2026-09-05T16:23:34.000Z</time>
        <extensions>
          <ns3:TrackPointExtension>
            <ns3:atemp>24.0</ns3:atemp>
            <ns3:hr>200</ns3:hr>
            <ns3:cad>87</ns3:cad>
          </ns3:TrackPointExtension>
        </extensions>
      </trkpt>
      <trkpt lat="49.5085316710174083709716796875" lon="5.93303251080214977264404296875">
        <ele>317.399993896484375</ele>
        <time>2026-09-05T16:23:35.000Z</time>
        <extensions>
          <ns3:TrackPointExtension>
            <ns3:atemp>24.0</ns3:atemp>
            <ns3:hr>200</ns3:hr>
            <ns3:cad>87</ns3:cad>
          </ns3:TrackPointExtension>
        </extensions>
      </trkpt>
      <trkpt lat="49.50857031159102916717529296875" lon="5.93299680389463901519775390625">
        <ele>317.399993896484375</ele>
        <time>2026-09-05T16:23:36.000Z</time>
        <extensions>
          <ns3:TrackPointExtension>
            <ns3:atemp>24.0</ns3:atemp>
            <ns3:hr>201</ns3:hr>
            <ns3:cad>87</ns3:cad>
          </ns3:TrackPointExtension>
        </extensions>
      </trkpt>
      <trkpt lat="49.508591182529926300048828125" lon="5.93296126462519168853759765625">
        <ele>317.600006103515625</ele>
        <time>2026-09-05T16:23:37.000Z</time>
        <extensions>
          <ns3:TrackPointExtension>
            <ns3:atemp>24.0</ns3:atemp>
            <ns3:hr>201</ns3:hr>
            <ns3:cad>87</ns3:cad>
          </ns3:TrackPointExtension>
        </extensions>
      </trkpt>
      <trkpt lat="49.5086225308477878570556640625" lon="5.93292094767093658447265625">
        <ele>317.600006103515625</ele>
        <time>2026-09-05T16:23:38.000Z</time>
        <extensions>
          <ns3:TrackPointExtension>
            <ns3:atemp>24.0</ns3:atemp>
            <ns3:hr>201</ns3:hr>
            <ns3:cad>87</ns3:cad>
          </ns3:TrackPointExtension>
        </extensions>
      </trkpt>
      <trkpt lat="49.50865094549953937530517578125" lon="5.9328926168382167816162109375">
        <ele>317.79998779296875</ele>
        <time>2026-09-05T16:23:39.000Z</time>
        <extensions>
          <ns3:TrackPointExtension>
            <ns3:atemp>24.0</ns3:atemp>
            <ns3:hr>201</ns3:hr>
            <ns3:cad>87</ns3:cad>
          </ns3:TrackPointExtension>
        </extensions>
      </trkpt>
      <trkpt lat="49.50867592357099056243896484375" lon="5.93286084942519664764404296875">
        <ele>317.79998779296875</ele>
        <time>2026-09-05T16:23:40.000Z</time>
        <extensions>
          <ns3:TrackPointExtension>
            <ns3:atemp>24.0</ns3:atemp>
            <ns3:hr>201</ns3:hr>
            <ns3:cad>87</ns3:cad>
          </ns3:TrackPointExtension>
        </extensions>
      </trkpt>
      <trkpt lat="49.50870727188885211944580078125" lon="5.932835452258586883544921875">
        <ele>318</ele>
        <time>2026-09-05T16:23:41.000Z</time>
        <extensions>
          <ns3:TrackPointExtension>
            <ns3:atemp>24.0</ns3:atemp>
            <ns3:hr>201</ns3:hr>
            <ns3:cad>86</ns3:cad>
          </ns3:TrackPointExtension>
        </extensions>
      </trkpt>
      <trkpt lat="49.5087278075516223907470703125" lon="5.93279882334172725677490234375">
        <ele>318</ele>
        <time>2026-09-05T16:23:42.000Z</time>
        <extensions>
          <ns3:TrackPointExtension>
            <ns3:atemp>24.0</ns3:atemp>
            <ns3:hr>201</ns3:hr>
            <ns3:cad>86</ns3:cad>
          </ns3:TrackPointExtension>
        </extensions>
      </trkpt>
      <trkpt lat="49.50876259244978427886962890625" lon="5.9327632002532482147216796875">
        <ele>318</ele>
        <time>2026-09-05T16:23:43.000Z</time>
        <extensions>
          <ns3:TrackPointExtension>
            <ns3:atemp>24.0</ns3:atemp>
            <ns3:hr>201</ns3:hr>
            <ns3:cad>86</ns3:cad>
          </ns3:TrackPointExtension>
        </extensions>
      </trkpt>
      <trkpt lat="49.50878798961639404296875" lon="5.932735539972782135009765625">
        <ele>318.20001220703125</ele>
        <time>2026-09-05T16:23:44.000Z</time>
        <extensions>
          <ns3:TrackPointExtension>
            <ns3:atemp>24.0</ns3:atemp>
            <ns3:hr>202</ns3:hr>
            <ns3:cad>86</ns3:cad>
          </ns3:TrackPointExtension>
        </extensions>
      </trkpt>
      <trkpt lat="49.50882428325712680816650390625" lon="5.93269966542720794677734375">
        <ele>318.399993896484375</ele>
        <time>2026-09-05T16:23:45.000Z</time>
        <extensions>
          <ns3:TrackPointExtension>
            <ns3:atemp>24.0</ns3:atemp>
            <ns3:hr>202</ns3:hr>
            <ns3:cad>86</ns3:cad>
          </ns3:TrackPointExtension>
        </extensions>
      </trkpt>
      <trkpt lat="49.5088501833379268646240234375" lon="5.93267309479415416717529296875">
        <ele>318.399993896484375</ele>
        <time>2026-09-05T16:23:46.000Z</time>
        <extensions>
          <ns3:TrackPointExtension>
            <ns3:atemp>24.0</ns3:atemp>
            <ns3:hr>201</ns3:hr>
            <ns3:cad>86</ns3:cad>
          </ns3:TrackPointExtension>
        </extensions>
      </trkpt>
      <trkpt lat="49.5088850520551204681396484375" lon="5.93264040537178516387939453125">
        <ele>318.399993896484375</ele>
        <time>2026-09-05T16:23:47.000Z</time>
        <extensions>
          <ns3:TrackPointExtension>
            <ns3:atemp>24.0</ns3:atemp>
            <ns3:hr>201</ns3:hr>
            <ns3:cad>86</ns3:cad>
          </ns3:TrackPointExtension>
        </extensions>
      </trkpt>
      <trkpt lat="49.5089152269065380096435546875" lon="5.93261240981519222259521484375">
        <ele>318.600006103515625</ele>
        <time>2026-09-05T16:23:48.000Z</time>
        <extensions>
          <ns3:TrackPointExtension>
            <ns3:atemp>24.0</ns3:atemp>
            <ns3:hr>201</ns3:hr>
            <ns3:cad>86</ns3:cad>
          </ns3:TrackPointExtension>
        </extensions>
      </trkpt>
      <trkpt lat="49.50894280336797237396240234375" lon="5.9325761161744594573974609375">
        <ele>318.600006103515625</ele>
        <time>2026-09-05T16:23:49.000Z</time>
        <extensions>
          <ns3:TrackPointExtension>
            <ns3:atemp>24.0</ns3:atemp>
            <ns3:hr>201</ns3:hr>
            <ns3:cad>87</ns3:cad>
          </ns3:TrackPointExtension>
        </extensions>
      </trkpt>
      <trkpt lat="49.50897431932389736175537109375" lon="5.93254418112337589263916015625">
        <ele>318.600006103515625</ele>
        <time>2026-09-05T16:23:50.000Z</time>
        <extensions>
          <ns3:TrackPointExtension>
            <ns3:atemp>24.0</ns3:atemp>
            <ns3:hr>201</ns3:hr>
            <ns3:cad>87</ns3:cad>
          </ns3:TrackPointExtension>
        </extensions>
      </trkpt>
      <trkpt lat="49.5089977048337459564208984375" lon="5.932502858340740203857421875">
        <ele>318.600006103515625</ele>
        <time>2026-09-05T16:23:51.000Z</time>
        <extensions>
          <ns3:TrackPointExtension>
            <ns3:atemp>24.0</ns3:atemp>
            <ns3:hr>201</ns3:hr>
            <ns3:cad>87</ns3:cad>
          </ns3:TrackPointExtension>
        </extensions>
      </trkpt>
      <trkpt lat="49.50902779586613178253173828125" lon="5.9324711747467517852783203125">
        <ele>318.79998779296875</ele>
        <time>2026-09-05T16:23:52.000Z</time>
        <extensions>
          <ns3:TrackPointExtension>
            <ns3:atemp>24.0</ns3:atemp>
            <ns3:hr>201</ns3:hr>
            <ns3:cad>87</ns3:cad>
          </ns3:TrackPointExtension>
        </extensions>
      </trkpt>
      <trkpt lat="49.509049840271472930908203125" lon="5.93243756331503391265869140625">
        <ele>319</ele>
        <time>2026-09-05T16:23:53.000Z</time>
        <extensions>
          <ns3:TrackPointExtension>
            <ns3:atemp>24.0</ns3:atemp>
            <ns3:hr>200</ns3:hr>
            <ns3:cad>87</ns3:cad>
          </ns3:TrackPointExtension>
        </extensions>
      </trkpt>
      <trkpt lat="49.509082697331905364990234375" lon="5.93240051530301570892333984375">
        <ele>319.20001220703125</ele>
        <time>2026-09-05T16:23:54.000Z</time>
        <extensions>
          <ns3:TrackPointExtension>
            <ns3:atemp>24.0</ns3:atemp>
            <ns3:hr>199</ns3:hr>
            <ns3:cad>87</ns3:cad>
          </ns3:TrackPointExtension>
        </extensions>
      </trkpt>
      <trkpt lat="49.5091049931943416595458984375" lon="5.93236514367163181304931640625">
        <ele>319.399993896484375</ele>
        <time>2026-09-05T16:23:55.000Z</time>
        <extensions>
          <ns3:TrackPointExtension>
            <ns3:atemp>24.0</ns3:atemp>
            <ns3:hr>199</ns3:hr>
            <ns3:cad>86</ns3:cad>
          </ns3:TrackPointExtension>
        </extensions>
      </trkpt>
      <trkpt lat="49.5091375149786472320556640625" lon="5.9323249943554401397705078125">
        <ele>319.399993896484375</ele>
        <time>2026-09-05T16:23:56.000Z</time>
        <extensions>
          <ns3:TrackPointExtension>
            <ns3:atemp>24.0</ns3:atemp>
            <ns3:hr>200</ns3:hr>
            <ns3:cad>86</ns3:cad>
          </ns3:TrackPointExtension>
        </extensions>
      </trkpt>
      <trkpt lat="49.5091643370687961578369140625" lon="5.93229255639016628265380859375">
        <ele>319.600006103515625</ele>
        <time>2026-09-05T16:23:57.000Z</time>
        <extensions>
          <ns3:TrackPointExtension>
            <ns3:atemp>24.0</ns3:atemp>
            <ns3:hr>200</ns3:hr>
            <ns3:cad>87</ns3:cad>
          </ns3:TrackPointExtension>
        </extensions>
      </trkpt>
      <trkpt lat="49.50918839313089847564697265625" lon="5.932255089282989501953125">
        <ele>319.600006103515625</ele>
        <time>2026-09-05T16:23:58.000Z</time>
        <extensions>
          <ns3:TrackPointExtension>
            <ns3:atemp>24.0</ns3:atemp>
            <ns3:hr>199</ns3:hr>
            <ns3:cad>87</ns3:cad>
          </ns3:TrackPointExtension>
        </extensions>
      </trkpt>
      <trkpt lat="49.5092166401445865631103515625" lon="5.93222365714609622955322265625">
        <ele>319.79998779296875</ele>
        <time>2026-09-05T16:23:59.000Z</time>
        <extensions>
          <ns3:TrackPointExtension>
            <ns3:atemp>24.0</ns3:atemp>
            <ns3:hr>199</ns3:hr>
            <ns3:cad>87</ns3:cad>
          </ns3:TrackPointExtension>
        </extensions>
      </trkpt>
      <trkpt lat="49.50923466123640537261962890625" lon="5.9321848489344120025634765625">
        <ele>319.79998779296875</ele>
        <time>2026-09-05T16:24:00.000Z</time>
        <extensions>
          <ns3:TrackPointExtension>
            <ns3:atemp>24.0</ns3:atemp>
            <ns3:hr>198</ns3:hr>
            <ns3:cad>87</ns3:cad>
          </ns3:TrackPointExtension>
        </extensions>
      </trkpt>
      <trkpt lat="49.50926500372588634490966796875" lon="5.932142436504364013671875">
        <ele>319.79998779296875</ele>
        <time>2026-09-05T16:24:01.000Z</time>
        <extensions>
          <ns3:TrackPointExtension>
            <ns3:atemp>24.0</ns3:atemp>
            <ns3:hr>199</ns3:hr>
            <ns3:cad>87</ns3:cad>
          </ns3:TrackPointExtension>
        </extensions>
      </trkpt>
      <trkpt lat="49.5092847011983394622802734375" lon="5.9321157820522785186767578125">
        <ele>319.600006103515625</ele>
        <time>2026-09-05T16:24:02.000Z</time>
        <extensions>
          <ns3:TrackPointExtension>
            <ns3:atemp>24.0</ns3:atemp>
            <ns3:hr>199</ns3:hr>
            <ns3:cad>86</ns3:cad>
          </ns3:TrackPointExtension>
        </extensions>
      </trkpt>
      <trkpt lat="49.50931428931653499603271484375" lon="5.93207831494510173797607421875">
        <ele>319.79998779296875</ele>
        <time>2026-09-05T16:24:03.000Z</time>
        <extensions>
          <ns3:TrackPointExtension>
            <ns3:atemp>24.0</ns3:atemp>
            <ns3:hr>200</ns3:hr>
            <ns3:cad>86</ns3:cad>
          </ns3:TrackPointExtension>
        </extensions>
      </trkpt>
      <trkpt lat="49.5093400217592716217041015625" lon="5.93204679898917675018310546875">
        <ele>320</ele>
        <time>2026-09-05T16:24:04.000Z</time>
        <extensions>
          <ns3:TrackPointExtension>
            <ns3:atemp>24.0</ns3:atemp>
            <ns3:hr>200</ns3:hr>
            <ns3:cad>86</ns3:cad>
          </ns3:TrackPointExtension>
        </extensions>
      </trkpt>
      <trkpt lat="49.50936323963105678558349609375" lon="5.93201343901455402374267578125">
        <ele>320</ele>
        <time>2026-09-05T16:24:05.000Z</time>
        <extensions>
          <ns3:TrackPointExtension>
            <ns3:atemp>24.0</ns3:atemp>
            <ns3:hr>201</ns3:hr>
            <ns3:cad>85</ns3:cad>
          </ns3:TrackPointExtension>
        </extensions>
      </trkpt>
      <trkpt lat="49.5093901455402374267578125" lon="5.9319803304970264434814453125">
        <ele>320.399993896484375</ele>
        <time>2026-09-05T16:24:06.000Z</time>
        <extensions>
          <ns3:TrackPointExtension>
            <ns3:atemp>24.0</ns3:atemp>
            <ns3:hr>201</ns3:hr>
            <ns3:cad>85</ns3:cad>
          </ns3:TrackPointExtension>
        </extensions>
      </trkpt>
      <trkpt lat="49.50941001065075397491455078125" lon="5.931951664388179779052734375">
        <ele>320.600006103515625</ele>
        <time>2026-09-05T16:24:07.000Z</time>
        <extensions>
          <ns3:TrackPointExtension>
            <ns3:atemp>24.0</ns3:atemp>
            <ns3:hr>200</ns3:hr>
            <ns3:cad>85</ns3:cad>
          </ns3:TrackPointExtension>
        </extensions>
      </trkpt>
      <trkpt lat="49.50944186188280582427978515625" lon="5.93191939406096935272216796875">
        <ele>320.600006103515625</ele>
        <time>2026-09-05T16:24:08.000Z</time>
        <extensions>
          <ns3:TrackPointExtension>
            <ns3:atemp>24.0</ns3:atemp>
            <ns3:hr>199</ns3:hr>
            <ns3:cad>86</ns3:cad>
          </ns3:TrackPointExtension>
        </extensions>
      </trkpt>
      <trkpt lat="49.5094644092023372650146484375" lon="5.931888632476329803466796875">
        <ele>320.600006103515625</ele>
        <time>2026-09-05T16:24:09.000Z</time>
        <extensions>
          <ns3:TrackPointExtension>
            <ns3:atemp>24.0</ns3:atemp>
            <ns3:hr>199</ns3:hr>
            <ns3:cad>86</ns3:cad>
          </ns3:TrackPointExtension>
        </extensions>
      </trkpt>
      <trkpt lat="49.5094942487776279449462890625" lon="5.93185401521623134613037109375">
        <ele>320.79998779296875</ele>
        <time>2026-09-05T16:24:10.000Z</time>
        <extensions>
          <ns3:TrackPointExtension>
            <ns3:atemp>24.0</ns3:atemp>
            <ns3:hr>199</ns3:hr>
            <ns3:cad>87</ns3:cad>
          </ns3:TrackPointExtension>
        </extensions>
      </trkpt>
      <trkpt lat="49.50950749218463897705078125" lon="5.93182015232741832733154296875">
        <ele>321</ele>
        <time>2026-09-05T16:24:11.000Z</time>
        <extensions>
          <ns3:TrackPointExtension>
            <ns3:atemp>24.0</ns3:atemp>
            <ns3:hr>199</ns3:hr>
            <ns3:cad>87</ns3:cad>
          </ns3:TrackPointExtension>
        </extensions>
      </trkpt>
      <trkpt lat="49.50952115468680858612060546875" lon="5.93176298774778842926025390625">
        <ele>321.20001220703125</ele>
        <time>2026-09-05T16:24:12.000Z</time>
        <extensions>
          <ns3:TrackPointExtension>
            <ns3:atemp>24.0</ns3:atemp>
            <ns3:hr>200</ns3:hr>
            <ns3:cad>87</ns3:cad>
          </ns3:TrackPointExtension>
        </extensions>
      </trkpt>
      <trkpt lat="49.50951495207846164703369140625" lon="5.93172577209770679473876953125">
        <ele>321.399993896484375</ele>
        <time>2026-09-05T16:24:13.000Z</time>
        <extensions>
          <ns3:TrackPointExtension>
            <ns3:atemp>24.0</ns3:atemp>
            <ns3:hr>200</ns3:hr>
            <ns3:cad>87</ns3:cad>
          </ns3:TrackPointExtension>
        </extensions>
      </trkpt>
      <trkpt lat="49.50949198566377162933349609375" lon="5.93168218620121479034423828125">
        <ele>321.600006103515625</ele>
        <time>2026-09-05T16:24:14.000Z</time>
        <extensions>
          <ns3:TrackPointExtension>
            <ns3:atemp>24.0</ns3:atemp>
            <ns3:hr>199</ns3:hr>
            <ns3:cad>87</ns3:cad>
          </ns3:TrackPointExtension>
        </extensions>
      </trkpt>
      <trkpt lat="49.50946751050651073455810546875" lon="5.9316395223140716552734375">
        <ele>321.79998779296875</ele>
        <time>2026-09-05T16:24:15.000Z</time>
        <extensions>
          <ns3:TrackPointExtension>
            <ns3:atemp>24.0</ns3:atemp>
            <ns3:hr>199</ns3:hr>
            <ns3:cad>87</ns3:cad>
          </ns3:TrackPointExtension>
        </extensions>
      </trkpt>
      <trkpt lat="49.509444124996662139892578125" lon="5.9316100180149078369140625">
        <ele>321.79998779296875</ele>
        <time>2026-09-05T16:24:16.000Z</time>
        <extensions>
          <ns3:TrackPointExtension>
            <ns3:atemp>24.0</ns3:atemp>
            <ns3:hr>198</ns3:hr>
            <ns3:cad>87</ns3:cad>
          </ns3:TrackPointExtension>
        </extensions>
      </trkpt>
      <trkpt lat="49.50941755436360836029052734375" lon="5.931562744081020355224609375">
        <ele>321.79998779296875</ele>
        <time>2026-09-05T16:24:17.000Z</time>
        <extensions>
          <ns3:TrackPointExtension>
            <ns3:atemp>24.0</ns3:atemp>
            <ns3:hr>198</ns3:hr>
            <ns3:cad>87</ns3:cad>
          </ns3:TrackPointExtension>
        </extensions>
      </trkpt>
      <trkpt lat="49.5093901455402374267578125" lon="5.93153282068669795989990234375">
        <ele>321.79998779296875</ele>
        <time>2026-09-05T16:24:18.000Z</time>
        <extensions>
          <ns3:TrackPointExtension>
            <ns3:atemp>24.0</ns3:atemp>
            <ns3:hr>198</ns3:hr>
            <ns3:cad>87</ns3:cad>
          </ns3:TrackPointExtension>
        </extensions>
      </trkpt>
      <trkpt lat="49.50935938395559787750244140625" lon="5.93149007298052310943603515625">
        <ele>321.79998779296875</ele>
        <time>2026-09-05T16:24:19.000Z</time>
        <extensions>
          <ns3:TrackPointExtension>
            <ns3:atemp>24.0</ns3:atemp>
            <ns3:hr>199</ns3:hr>
            <ns3:cad>85</ns3:cad>
          </ns3:TrackPointExtension>
        </extensions>
      </trkpt>
      <trkpt lat="49.5093383453786373138427734375" lon="5.931449420750141143798828125">
        <ele>321.79998779296875</ele>
        <time>2026-09-05T16:24:20.000Z</time>
        <extensions>
          <ns3:TrackPointExtension>
            <ns3:atemp>24.0</ns3:atemp>
            <ns3:hr>199</ns3:hr>
            <ns3:cad>85</ns3:cad>
          </ns3:TrackPointExtension>
        </extensions>
      </trkpt>
      <trkpt lat="49.509312696754932403564453125" lon="5.9314096905291080474853515625">
        <ele>321.600006103515625</ele>
        <time>2026-09-05T16:24:21.000Z</time>
        <extensions>
          <ns3:TrackPointExtension>
            <ns3:atemp>24.0</ns3:atemp>
            <ns3:hr>199</ns3:hr>
            <ns3:cad>85</ns3:cad>
          </ns3:TrackPointExtension>
        </extensions>
      </trkpt>
      <trkpt lat="49.5092893950641155242919921875" lon="5.93136132694780826568603515625">
        <ele>321.600006103515625</ele>
        <time>2026-09-05T16:24:22.000Z</time>
        <extensions>
          <ns3:TrackPointExtension>
            <ns3:atemp>24.0</ns3:atemp>
            <ns3:hr>199</ns3:hr>
            <ns3:cad>86</ns3:cad>
          </ns3:TrackPointExtension>
        </extensions>
      </trkpt>
      <trkpt lat="49.50926475226879119873046875" lon="5.93133307993412017822265625">
        <ele>321.600006103515625</ele>
        <time>2026-09-05T16:24:23.000Z</time>
        <extensions>
          <ns3:TrackPointExtension>
            <ns3:atemp>24.0</ns3:atemp>
            <ns3:hr>199</ns3:hr>
            <ns3:cad>86</ns3:cad>
          </ns3:TrackPointExtension>
        </extensions>
      </trkpt>
      <trkpt lat="49.5092397741973400115966796875" lon="5.93128404580056667327880859375">
        <ele>321.600006103515625</ele>
        <time>2026-09-05T16:24:24.000Z</time>
        <extensions>
          <ns3:TrackPointExtension>
            <ns3:atemp>24.0</ns3:atemp>
            <ns3:hr>197</ns3:hr>
            <ns3:cad>86</ns3:cad>
          </ns3:TrackPointExtension>
        </extensions>
      </trkpt>
      <trkpt lat="49.50921756215393543243408203125" lon="5.9312564693391323089599609375">
        <ele>321.399993896484375</ele>
        <time>2026-09-05T16:24:25.000Z</time>
        <extensions>
          <ns3:TrackPointExtension>
            <ns3:atemp>24.0</ns3:atemp>
            <ns3:hr>197</ns3:hr>
            <ns3:cad>86</ns3:cad>
          </ns3:TrackPointExtension>
        </extensions>
      </trkpt>
      <trkpt lat="49.50918830931186676025390625" lon="5.93120760284364223480224609375">
        <ele>321.399993896484375</ele>
        <time>2026-09-05T16:24:26.000Z</time>
        <extensions>
          <ns3:TrackPointExtension>
            <ns3:atemp>24.0</ns3:atemp>
            <ns3:hr>197</ns3:hr>
            <ns3:cad>85</ns3:cad>
          </ns3:TrackPointExtension>
        </extensions>
      </trkpt>
      <trkpt lat="49.50916559435427188873291015625" lon="5.9311713092029094696044921875">
        <ele>321.399993896484375</ele>
        <time>2026-09-05T16:24:27.000Z</time>
        <extensions>
          <ns3:TrackPointExtension>
            <ns3:atemp>24.0</ns3:atemp>
            <ns3:hr>198</ns3:hr>
            <ns3:cad>85</ns3:cad>
          </ns3:TrackPointExtension>
        </extensions>
      </trkpt>
      <trkpt lat="49.50913759879767894744873046875" lon="5.93112680129706859588623046875">
        <ele>321.20001220703125</ele>
        <time>2026-09-05T16:24:28.000Z</time>
        <extensions>
          <ns3:TrackPointExtension>
            <ns3:atemp>24.0</ns3:atemp>
            <ns3:hr>200</ns3:hr>
            <ns3:cad>85</ns3:cad>
          </ns3:TrackPointExtension>
        </extensions>
      </trkpt>
      <trkpt lat="49.509116224944591522216796875" lon="5.9310801140964031219482421875">
        <ele>321.20001220703125</ele>
        <time>2026-09-05T16:24:29.000Z</time>
        <extensions>
          <ns3:TrackPointExtension>
            <ns3:atemp>24.0</ns3:atemp>
            <ns3:hr>200</ns3:hr>
            <ns3:cad>85</ns3:cad>
          </ns3:TrackPointExtension>
        </extensions>
      </trkpt>
      <trkpt lat="49.50909317471086978912353515625" lon="5.931039713323116302490234375">
        <ele>321.20001220703125</ele>
        <time>2026-09-05T16:24:30.000Z</time>
        <extensions>
          <ns3:TrackPointExtension>
            <ns3:atemp>24.0</ns3:atemp>
            <ns3:hr>200</ns3:hr>
            <ns3:cad>87</ns3:cad>
          </ns3:TrackPointExtension>
        </extensions>
      </trkpt>
      <trkpt lat="49.5090741477906703948974609375" lon="5.93098707497119903564453125">
        <ele>321.20001220703125</ele>
        <time>2026-09-05T16:24:31.000Z</time>
        <extensions>
          <ns3:TrackPointExtension>
            <ns3:atemp>24.0</ns3:atemp>
            <ns3:hr>199</ns3:hr>
            <ns3:cad>87</ns3:cad>
          </ns3:TrackPointExtension>
        </extensions>
      </trkpt>
      <trkpt lat="49.5090506784617900848388671875" lon="5.9309506975114345550537109375">
        <ele>321.399993896484375</ele>
        <time>2026-09-05T16:24:32.000Z</time>
        <extensions>
          <ns3:TrackPointExtension>
            <ns3:atemp>24.0</ns3:atemp>
            <ns3:hr>199</ns3:hr>
            <ns3:cad>87</ns3:cad>
          </ns3:TrackPointExtension>
        </extensions>
      </trkpt>
      <trkpt lat="49.50903634540736675262451171875" lon="5.93089378438889980316162109375">
        <ele>321.399993896484375</ele>
        <time>2026-09-05T16:24:33.000Z</time>
        <extensions>
          <ns3:TrackPointExtension>
            <ns3:atemp>24.0</ns3:atemp>
            <ns3:hr>199</ns3:hr>
            <ns3:cad>87</ns3:cad>
          </ns3:TrackPointExtension>
        </extensions>
      </trkpt>
      <trkpt lat="49.50901941396296024322509765625" lon="5.93084583990275859832763671875">
        <ele>321.399993896484375</ele>
        <time>2026-09-05T16:24:34.000Z</time>
        <extensions>
          <ns3:TrackPointExtension>
            <ns3:atemp>24.0</ns3:atemp>
            <ns3:hr>199</ns3:hr>
            <ns3:cad>86</ns3:cad>
          </ns3:TrackPointExtension>
        </extensions>
      </trkpt>
      <trkpt lat="49.5089990459382534027099609375" lon="5.930785574018955230712890625">
        <ele>321.399993896484375</ele>
        <time>2026-09-05T16:24:35.000Z</time>
        <extensions>
          <ns3:TrackPointExtension>
            <ns3:atemp>24.0</ns3:atemp>
            <ns3:hr>199</ns3:hr>
            <ns3:cad>86</ns3:cad>
          </ns3:TrackPointExtension>
        </extensions>
      </trkpt>
      <trkpt lat="49.50897096656262874603271484375" lon="5.9307582490146160125732421875">
        <ele>321.399993896484375</ele>
        <time>2026-09-05T16:24:36.000Z</time>
        <extensions>
          <ns3:TrackPointExtension>
            <ns3:atemp>24.0</ns3:atemp>
            <ns3:hr>199</ns3:hr>
            <ns3:cad>86</ns3:cad>
          </ns3:TrackPointExtension>
        </extensions>
      </trkpt>
      <trkpt lat="49.5089360140264034271240234375" lon="5.9307542257010936737060546875">
        <ele>321.399993896484375</ele>
        <time>2026-09-05T16:24:37.000Z</time>
        <extensions>
          <ns3:TrackPointExtension>
            <ns3:atemp>24.0</ns3:atemp>
            <ns3:hr>199</ns3:hr>
            <ns3:cad>86</ns3:cad>
          </ns3:TrackPointExtension>
        </extensions>
      </trkpt>
      <trkpt lat="49.5089021511375904083251953125" lon="5.93076713383197784423828125">
        <ele>321.399993896484375</ele>
        <time>2026-09-05T16:24:38.000Z</time>
        <extensions>
          <ns3:TrackPointExtension>
            <ns3:atemp>24.0</ns3:atemp>
            <ns3:hr>199</ns3:hr>
            <ns3:cad>86</ns3:cad>
          </ns3:TrackPointExtension>
        </extensions>
      </trkpt>
      <trkpt lat="49.50888496823608875274658203125" lon="5.93079605139791965484619140625">
        <ele>321.399993896484375</ele>
        <time>2026-09-05T16:24:39.000Z</time>
        <extensions>
          <ns3:TrackPointExtension>
            <ns3:atemp>25.0</ns3:atemp>
            <ns3:hr>199</ns3:hr>
            <ns3:cad>87</ns3:cad>
          </ns3:TrackPointExtension>
        </extensions>
      </trkpt>
      <trkpt lat="49.5088558830320835113525390625" lon="5.9308256395161151885986328125">
        <ele>321.399993896484375</ele>
        <time>2026-09-05T16:24:40.000Z</time>
        <extensions>
          <ns3:TrackPointExtension>
            <ns3:atemp>25.0</ns3:atemp>
            <ns3:hr>199</ns3:hr>
            <ns3:cad>87</ns3:cad>
          </ns3:TrackPointExtension>
        </extensions>
      </trkpt>
      <trkpt lat="49.508835263550281524658203125" lon="5.93085841275751590728759765625">
        <ele>321.399993896484375</ele>
        <time>2026-09-05T16:24:41.000Z</time>
        <extensions>
          <ns3:TrackPointExtension>
            <ns3:atemp>24.0</ns3:atemp>
            <ns3:hr>200</ns3:hr>
            <ns3:cad>87</ns3:cad>
          </ns3:TrackPointExtension>
        </extensions>
      </trkpt>
      <trkpt lat="49.50880802236497402191162109375" lon="5.93090065754950046539306640625">
        <ele>321.20001220703125</ele>
        <time>2026-09-05T16:24:42.000Z</time>
        <extensions>
          <ns3:TrackPointExtension>
            <ns3:atemp>24.0</ns3:atemp>
            <ns3:hr>200</ns3:hr>
            <ns3:cad>86</ns3:cad>
          </ns3:TrackPointExtension>
        </extensions>
      </trkpt>
      <trkpt lat="49.5087797753512859344482421875" lon="5.930935777723789215087890625">
        <ele>321.20001220703125</ele>
        <time>2026-09-05T16:24:43.000Z</time>
        <extensions>
          <ns3:TrackPointExtension>
            <ns3:atemp>24.0</ns3:atemp>
            <ns3:hr>199</ns3:hr>
            <ns3:cad>85</ns3:cad>
          </ns3:TrackPointExtension>
        </extensions>
      </trkpt>
      <trkpt lat="49.50875513255596160888671875" lon="5.93097374774515628814697265625">
        <ele>321.20001220703125</ele>
        <time>2026-09-05T16:24:44.000Z</time>
        <extensions>
          <ns3:TrackPointExtension>
            <ns3:atemp>24.0</ns3:atemp>
            <ns3:hr>199</ns3:hr>
            <ns3:cad>85</ns3:cad>
          </ns3:TrackPointExtension>
        </extensions>
      </trkpt>
      <trkpt lat="49.50872001238167285919189453125" lon="5.93101381324231624603271484375">
        <ele>321</ele>
        <time>2026-09-05T16:24:45.000Z</time>
        <extensions>
          <ns3:TrackPointExtension>
            <ns3:atemp>24.0</ns3:atemp>
            <ns3:hr>199</ns3:hr>
            <ns3:cad>85</ns3:cad>
          </ns3:TrackPointExtension>
        </extensions>
      </trkpt>
      <trkpt lat="49.5087003149092197418212890625" lon="5.931053794920444488525390625">
        <ele>321</ele>
        <time>2026-09-05T16:24:46.000Z</time>
        <extensions>
          <ns3:TrackPointExtension>
            <ns3:atemp>24.0</ns3:atemp>
            <ns3:hr>199</ns3:hr>
            <ns3:cad>85</ns3:cad>
          </ns3:TrackPointExtension>
        </extensions>
      </trkpt>
      <trkpt lat="49.50866284780204296112060546875" lon="5.93108925037086009979248046875">
        <ele>320.79998779296875</ele>
        <time>2026-09-05T16:24:47.000Z</time>
        <extensions>
          <ns3:TrackPointExtension>
            <ns3:atemp>24.0</ns3:atemp>
            <ns3:hr>199</ns3:hr>
            <ns3:cad>85</ns3:cad>
          </ns3:TrackPointExtension>
        </extensions>
      </trkpt>
      <trkpt lat="49.50864172540605068206787109375" lon="5.93113300390541553497314453125">
        <ele>320.79998779296875</ele>
        <time>2026-09-05T16:24:48.000Z</time>
        <extensions>
          <ns3:TrackPointExtension>
            <ns3:atemp>24.0</ns3:atemp>
            <ns3:hr>199</ns3:hr>
            <ns3:cad>85</ns3:cad>
          </ns3:TrackPointExtension>
        </extensions>
      </trkpt>
      <trkpt lat="49.508606605231761932373046875" lon="5.93117424286901950836181640625">
        <ele>320.600006103515625</ele>
        <time>2026-09-05T16:24:49.000Z</time>
        <extensions>
          <ns3:TrackPointExtension>
            <ns3:atemp>25.0</ns3:atemp>
            <ns3:hr>199</ns3:hr>
            <ns3:cad>86</ns3:cad>
          </ns3:TrackPointExtension>
        </extensions>
      </trkpt>
      <trkpt lat="49.50858288444578647613525390625" lon="5.931215398013591766357421875">
        <ele>320.600006103515625</ele>
        <time>2026-09-05T16:24:50.000Z</time>
        <extensions>
          <ns3:TrackPointExtension>
            <ns3:atemp>24.0</ns3:atemp>
            <ns3:hr>199</ns3:hr>
            <ns3:cad>86</ns3:cad>
          </ns3:TrackPointExtension>
        </extensions>
      </trkpt>
      <trkpt lat="49.50854726135730743408203125" lon="5.931258313357830047607421875">
        <ele>320.399993896484375</ele>
        <time>2026-09-05T16:24:51.000Z</time>
        <extensions>
          <ns3:TrackPointExtension>
            <ns3:atemp>24.0</ns3:atemp>
            <ns3:hr>199</ns3:hr>
            <ns3:cad>87</ns3:cad>
          </ns3:TrackPointExtension>
        </extensions>
      </trkpt>
      <trkpt lat="49.5085212774574756622314453125" lon="5.93129427172243595123291015625">
        <ele>320.399993896484375</ele>
        <time>2026-09-05T16:24:52.000Z</time>
        <extensions>
          <ns3:TrackPointExtension>
            <ns3:atemp>24.0</ns3:atemp>
            <ns3:hr>200</ns3:hr>
            <ns3:cad>87</ns3:cad>
          </ns3:TrackPointExtension>
        </extensions>
      </trkpt>
      <trkpt lat="49.50848682783544063568115234375" lon="5.931342132389545440673828125">
        <ele>320.20001220703125</ele>
        <time>2026-09-05T16:24:53.000Z</time>
        <extensions>
          <ns3:TrackPointExtension>
            <ns3:atemp>24.0</ns3:atemp>
            <ns3:hr>200</ns3:hr>
            <ns3:cad>88</ns3:cad>
          </ns3:TrackPointExtension>
        </extensions>
      </trkpt>
      <trkpt lat="49.50846218504011631011962890625" lon="5.9313808567821979522705078125">
        <ele>320.20001220703125</ele>
        <time>2026-09-05T16:24:54.000Z</time>
        <extensions>
          <ns3:TrackPointExtension>
            <ns3:atemp>24.0</ns3:atemp>
            <ns3:hr>201</ns3:hr>
            <ns3:cad>88</ns3:cad>
          </ns3:TrackPointExtension>
        </extensions>
      </trkpt>
      <trkpt lat="49.50843393802642822265625" lon="5.93142536468803882598876953125">
        <ele>320.20001220703125</ele>
        <time>2026-09-05T16:24:55.000Z</time>
        <extensions>
          <ns3:TrackPointExtension>
            <ns3:atemp>25.0</ns3:atemp>
            <ns3:hr>200</ns3:hr>
            <ns3:cad>88</ns3:cad>
          </ns3:TrackPointExtension>
        </extensions>
      </trkpt>
      <trkpt lat="49.508407115936279296875" lon="5.9314609877765178680419921875">
        <ele>320.20001220703125</ele>
        <time>2026-09-05T16:24:56.000Z</time>
        <extensions>
          <ns3:TrackPointExtension>
            <ns3:atemp>24.0</ns3:atemp>
            <ns3:hr>199</ns3:hr>
            <ns3:cad>88</ns3:cad>
          </ns3:TrackPointExtension>
        </extensions>
      </trkpt>
      <trkpt lat="49.508379288017749786376953125" lon="5.93150264583528041839599609375">
        <ele>320</ele>
        <time>2026-09-05T16:24:57.000Z</time>
        <extensions>
          <ns3:TrackPointExtension>
            <ns3:atemp>24.0</ns3:atemp>
            <ns3:hr>199</ns3:hr>
            <ns3:cad>88</ns3:cad>
          </ns3:TrackPointExtension>
        </extensions>
      </trkpt>
      <trkpt lat="49.5083496160805225372314453125" lon="5.9315374307334423065185546875">
        <ele>319.79998779296875</ele>
        <time>2026-09-05T16:24:58.000Z</time>
        <extensions>
          <ns3:TrackPointExtension>
            <ns3:atemp>24.0</ns3:atemp>
            <ns3:hr>199</ns3:hr>
            <ns3:cad>88</ns3:cad>
          </ns3:TrackPointExtension>
        </extensions>
      </trkpt>
      <trkpt lat="49.5083241350948810577392578125" lon="5.93157573603093624114990234375">
        <ele>319.79998779296875</ele>
        <time>2026-09-05T16:24:59.000Z</time>
        <extensions>
          <ns3:TrackPointExtension>
            <ns3:atemp>24.0</ns3:atemp>
            <ns3:hr>199</ns3:hr>
            <ns3:cad>88</ns3:cad>
          </ns3:TrackPointExtension>
        </extensions>
      </trkpt>
      <trkpt lat="49.5082919485867023468017578125" lon="5.93161337077617645263671875">
        <ele>319.79998779296875</ele>
        <time>2026-09-05T16:25:00.000Z</time>
        <extensions>
          <ns3:TrackPointExtension>
            <ns3:atemp>24.0</ns3:atemp>
            <ns3:hr>199</ns3:hr>
            <ns3:cad>89</ns3:cad>
          </ns3:TrackPointExtension>
        </extensions>
      </trkpt>
      <trkpt lat="49.50826856307685375213623046875" lon="5.93165469355881214141845703125">
        <ele>319.79998779296875</ele>
        <time>2026-09-05T16:25:01.000Z</time>
        <extensions>
          <ns3:TrackPointExtension>
            <ns3:atemp>24.0</ns3:atemp>
            <ns3:hr>199</ns3:hr>
            <ns3:cad>88</ns3:cad>
          </ns3:TrackPointExtension>
        </extensions>
      </trkpt>
      <trkpt lat="49.50823620893061161041259765625" lon="5.93169291503727436065673828125">
        <ele>319.79998779296875</ele>
        <time>2026-09-05T16:25:02.000Z</time>
        <extensions>
          <ns3:TrackPointExtension>
            <ns3:atemp>24.0</ns3:atemp>
            <ns3:hr>199</ns3:hr>
            <ns3:cad>87</ns3:cad>
          </ns3:TrackPointExtension>
        </extensions>
      </trkpt>
      <trkpt lat="49.508213661611080169677734375" lon="5.93173700384795665740966796875">
        <ele>319.79998779296875</ele>
        <time>2026-09-05T16:25:03.000Z</time>
        <extensions>
          <ns3:TrackPointExtension>
            <ns3:atemp>24.0</ns3:atemp>
            <ns3:hr>199</ns3:hr>
            <ns3:cad>87</ns3:cad>
          </ns3:TrackPointExtension>
        </extensions>
      </trkpt>
      <trkpt lat="49.5081806369125843048095703125" lon="5.93177874572575092315673828125">
        <ele>319.79998779296875</ele>
        <time>2026-09-05T16:25:04.000Z</time>
        <extensions>
          <ns3:TrackPointExtension>
            <ns3:atemp>24.0</ns3:atemp>
            <ns3:hr>199</ns3:hr>
            <ns3:cad>87</ns3:cad>
          </ns3:TrackPointExtension>
        </extensions>
      </trkpt>
      <trkpt lat="49.50815792195498943328857421875" lon="5.93181847594678401947021484375">
        <ele>319.600006103515625</ele>
        <time>2026-09-05T16:25:05.000Z</time>
        <extensions>
          <ns3:TrackPointExtension>
            <ns3:atemp>24.0</ns3:atemp>
            <ns3:hr>199</ns3:hr>
            <ns3:cad>87</ns3:cad>
          </ns3:TrackPointExtension>
        </extensions>
      </trkpt>
      <trkpt lat="49.5081256516277790069580078125" lon="5.93186340294778347015380859375">
        <ele>319.600006103515625</ele>
        <time>2026-09-05T16:25:06.000Z</time>
        <extensions>
          <ns3:TrackPointExtension>
            <ns3:atemp>24.0</ns3:atemp>
            <ns3:hr>199</ns3:hr>
            <ns3:cad>87</ns3:cad>
          </ns3:TrackPointExtension>
        </extensions>
      </trkpt>
      <trkpt lat="49.50810243375599384307861328125" lon="5.93190497718751430511474609375">
        <ele>319.600006103515625</ele>
        <time>2026-09-05T16:25:07.000Z</time>
        <extensions>
          <ns3:TrackPointExtension>
            <ns3:atemp>25.0</ns3:atemp>
            <ns3:hr>199</ns3:hr>
            <ns3:cad>87</ns3:cad>
          </ns3:TrackPointExtension>
        </extensions>
      </trkpt>
      <trkpt lat="49.50806974433362483978271484375" lon="5.93195258639752864837646484375">
        <ele>319.600006103515625</ele>
        <time>2026-09-05T16:25:08.000Z</time>
        <extensions>
          <ns3:TrackPointExtension>
            <ns3:atemp>24.0</ns3:atemp>
            <ns3:hr>199</ns3:hr>
            <ns3:cad>87</ns3:cad>
          </ns3:TrackPointExtension>
        </extensions>
      </trkpt>
      <trkpt lat="49.508045017719268798828125" lon="5.93198980204761028289794921875">
        <ele>319.600006103515625</ele>
        <time>2026-09-05T16:25:09.000Z</time>
        <extensions>
          <ns3:TrackPointExtension>
            <ns3:atemp>24.0</ns3:atemp>
            <ns3:hr>199</ns3:hr>
            <ns3:cad>87</ns3:cad>
          </ns3:TrackPointExtension>
        </extensions>
      </trkpt>
      <trkpt lat="49.50801425613462924957275390625" lon="5.9320346452295780181884765625">
        <ele>319.399993896484375</ele>
        <time>2026-09-05T16:25:10.000Z</time>
        <extensions>
          <ns3:TrackPointExtension>
            <ns3:atemp>25.0</ns3:atemp>
            <ns3:hr>200</ns3:hr>
            <ns3:cad>87</ns3:cad>
          </ns3:TrackPointExtension>
        </extensions>
      </trkpt>
      <trkpt lat="49.5079875178635120391845703125" lon="5.93207362107932567596435546875">
        <ele>319.399993896484375</ele>
        <time>2026-09-05T16:25:11.000Z</time>
        <extensions>
          <ns3:TrackPointExtension>
            <ns3:atemp>24.0</ns3:atemp>
            <ns3:hr>200</ns3:hr>
            <ns3:cad>88</ns3:cad>
          </ns3:TrackPointExtension>
        </extensions>
      </trkpt>
      <trkpt lat="49.5079617016017436981201171875" lon="5.9321164526045322418212890625">
        <ele>319.399993896484375</ele>
        <time>2026-09-05T16:25:12.000Z</time>
        <extensions>
          <ns3:TrackPointExtension>
            <ns3:atemp>24.0</ns3:atemp>
            <ns3:hr>200</ns3:hr>
            <ns3:cad>88</ns3:cad>
          </ns3:TrackPointExtension>
        </extensions>
      </trkpt>
      <trkpt lat="49.50793295167386531829833984375" lon="5.932152830064296722412109375">
        <ele>319.20001220703125</ele>
        <time>2026-09-05T16:25:13.000Z</time>
        <extensions>
          <ns3:TrackPointExtension>
            <ns3:atemp>24.0</ns3:atemp>
            <ns3:hr>199</ns3:hr>
            <ns3:cad>89</ns3:cad>
          </ns3:TrackPointExtension>
        </extensions>
      </trkpt>
      <trkpt lat="49.50790822505950927734375" lon="5.93219675123691558837890625">
        <ele>319</ele>
        <time>2026-09-05T16:25:14.000Z</time>
        <extensions>
          <ns3:TrackPointExtension>
            <ns3:atemp>24.0</ns3:atemp>
            <ns3:hr>199</ns3:hr>
            <ns3:cad>89</ns3:cad>
          </ns3:TrackPointExtension>
        </extensions>
      </trkpt>
      <trkpt lat="49.50787880457937717437744140625" lon="5.93223270960152149200439453125">
        <ele>319</ele>
        <time>2026-09-05T16:25:15.000Z</time>
        <extensions>
          <ns3:TrackPointExtension>
            <ns3:atemp>24.0</ns3:atemp>
            <ns3:hr>199</ns3:hr>
            <ns3:cad>89</ns3:cad>
          </ns3:TrackPointExtension>
        </extensions>
      </trkpt>
      <trkpt lat="49.50785659253597259521484375" lon="5.93227587640285491943359375">
        <ele>319</ele>
        <time>2026-09-05T16:25:16.000Z</time>
        <extensions>
          <ns3:TrackPointExtension>
            <ns3:atemp>24.0</ns3:atemp>
            <ns3:hr>199</ns3:hr>
            <ns3:cad>88</ns3:cad>
          </ns3:TrackPointExtension>
        </extensions>
      </trkpt>
      <trkpt lat="49.50782650150358676910400390625" lon="5.9323172830045223236083984375">
        <ele>318.79998779296875</ele>
        <time>2026-09-05T16:25:17.000Z</time>
        <extensions>
          <ns3:TrackPointExtension>
            <ns3:atemp>24.0</ns3:atemp>
            <ns3:hr>199</ns3:hr>
            <ns3:cad>88</ns3:cad>
          </ns3:TrackPointExtension>
        </extensions>
      </trkpt>
      <trkpt lat="49.50780470855534076690673828125" lon="5.93236011452972888946533203125">
        <ele>318.79998779296875</ele>
        <time>2026-09-05T16:25:18.000Z</time>
        <extensions>
          <ns3:TrackPointExtension>
            <ns3:atemp>24.0</ns3:atemp>
            <ns3:hr>199</ns3:hr>
            <ns3:cad>88</ns3:cad>
          </ns3:TrackPointExtension>
        </extensions>
      </trkpt>
      <trkpt lat="49.50776799581944942474365234375" lon="5.93240085057914257049560546875">
        <ele>318.79998779296875</ele>
        <time>2026-09-05T16:25:19.000Z</time>
        <extensions>
          <ns3:TrackPointExtension>
            <ns3:atemp>24.0</ns3:atemp>
            <ns3:hr>199</ns3:hr>
            <ns3:cad>88</ns3:cad>
          </ns3:TrackPointExtension>
        </extensions>
      </trkpt>
      <trkpt lat="49.50774352066218852996826171875" lon="5.93243789859116077423095703125">
        <ele>318.79998779296875</ele>
        <time>2026-09-05T16:25:20.000Z</time>
        <extensions>
          <ns3:TrackPointExtension>
            <ns3:atemp>24.0</ns3:atemp>
            <ns3:hr>199</ns3:hr>
            <ns3:cad>88</ns3:cad>
          </ns3:TrackPointExtension>
        </extensions>
      </trkpt>
      <trkpt lat="49.5077092386782169342041015625" lon="5.93247880227863788604736328125">
        <ele>318.79998779296875</ele>
        <time>2026-09-05T16:25:21.000Z</time>
        <extensions>
          <ns3:TrackPointExtension>
            <ns3:atemp>24.0</ns3:atemp>
            <ns3:hr>199</ns3:hr>
            <ns3:cad>88</ns3:cad>
          </ns3:TrackPointExtension>
        </extensions>
      </trkpt>
      <trkpt lat="49.5076861046254634857177734375" lon="5.93252389691770076751708984375">
        <ele>318.79998779296875</ele>
        <time>2026-09-05T16:25:22.000Z</time>
        <extensions>
          <ns3:TrackPointExtension>
            <ns3:atemp>24.0</ns3:atemp>
            <ns3:hr>199</ns3:hr>
            <ns3:cad>87</ns3:cad>
          </ns3:TrackPointExtension>
        </extensions>
      </trkpt>
      <trkpt lat="49.50765601359307765960693359375" lon="5.93256614170968532562255859375">
        <ele>318.79998779296875</ele>
        <time>2026-09-05T16:25:23.000Z</time>
        <extensions>
          <ns3:TrackPointExtension>
            <ns3:atemp>24.0</ns3:atemp>
            <ns3:hr>199</ns3:hr>
            <ns3:cad>87</ns3:cad>
          </ns3:TrackPointExtension>
        </extensions>
      </trkpt>
      <trkpt lat="49.5076264254748821258544921875" lon="5.93259799294173717498779296875">
        <ele>318.79998779296875</ele>
        <time>2026-09-05T16:25:24.000Z</time>
        <extensions>
          <ns3:TrackPointExtension>
            <ns3:atemp>24.0</ns3:atemp>
            <ns3:hr>199</ns3:hr>
            <ns3:cad>87</ns3:cad>
          </ns3:TrackPointExtension>
        </extensions>
      </trkpt>
      <trkpt lat="49.5075985975563526153564453125" lon="5.93263654969632625579833984375">
        <ele>318.79998779296875</ele>
        <time>2026-09-05T16:25:25.000Z</time>
        <extensions>
          <ns3:TrackPointExtension>
            <ns3:atemp>24.0</ns3:atemp>
            <ns3:hr>199</ns3:hr>
            <ns3:cad>88</ns3:cad>
          </ns3:TrackPointExtension>
        </extensions>
      </trkpt>
      <trkpt lat="49.50756951235234737396240234375" lon="5.93267678283154964447021484375">
        <ele>318.79998779296875</ele>
        <time>2026-09-05T16:25:26.000Z</time>
        <extensions>
          <ns3:TrackPointExtension>
            <ns3:atemp>24.0</ns3:atemp>
            <ns3:hr>199</ns3:hr>
            <ns3:cad>88</ns3:cad>
          </ns3:TrackPointExtension>
        </extensions>
      </trkpt>
      <trkpt lat="49.50754386372864246368408203125" lon="5.93271617777645587921142578125">
        <ele>318.79998779296875</ele>
        <time>2026-09-05T16:25:27.000Z</time>
        <extensions>
          <ns3:TrackPointExtension>
            <ns3:atemp>24.0</ns3:atemp>
            <ns3:hr>199</ns3:hr>
            <ns3:cad>88</ns3:cad>
          </ns3:TrackPointExtension>
        </extensions>
      </trkpt>
      <trkpt lat="49.5075125992298126220703125" lon="5.932749621570110321044921875">
        <ele>318.79998779296875</ele>
        <time>2026-09-05T16:25:28.000Z</time>
        <extensions>
          <ns3:TrackPointExtension>
            <ns3:atemp>24.0</ns3:atemp>
            <ns3:hr>199</ns3:hr>
            <ns3:cad>88</ns3:cad>
          </ns3:TrackPointExtension>
        </extensions>
      </trkpt>
      <trkpt lat="49.5074909739196300506591796875" lon="5.932783819735050201416015625">
        <ele>319</ele>
        <time>2026-09-05T16:25:29.000Z</time>
        <extensions>
          <ns3:TrackPointExtension>
            <ns3:atemp>24.0</ns3:atemp>
            <ns3:hr>200</ns3:hr>
            <ns3:cad>87</ns3:cad>
          </ns3:TrackPointExtension>
        </extensions>
      </trkpt>
      <trkpt lat="49.50745970942080020904541015625" lon="5.9328208677470684051513671875">
        <ele>319</ele>
        <time>2026-09-05T16:25:30.000Z</time>
        <extensions>
          <ns3:TrackPointExtension>
            <ns3:atemp>24.0</ns3:atemp>
            <ns3:hr>200</ns3:hr>
            <ns3:cad>87</ns3:cad>
          </ns3:TrackPointExtension>
        </extensions>
      </trkpt>
      <trkpt lat="49.50743892230093479156494140625" lon="5.9328584186732769012451171875">
        <ele>319</ele>
        <time>2026-09-05T16:25:31.000Z</time>
        <extensions>
          <ns3:TrackPointExtension>
            <ns3:atemp>24.0</ns3:atemp>
            <ns3:hr>200</ns3:hr>
            <ns3:cad>87</ns3:cad>
          </ns3:TrackPointExtension>
        </extensions>
      </trkpt>
      <trkpt lat="49.50740288011729717254638671875" lon="5.93289571814239025115966796875">
        <ele>319</ele>
        <time>2026-09-05T16:25:32.000Z</time>
        <extensions>
          <ns3:TrackPointExtension>
            <ns3:atemp>24.0</ns3:atemp>
            <ns3:hr>200</ns3:hr>
            <ns3:cad>88</ns3:cad>
          </ns3:TrackPointExtension>
        </extensions>
      </trkpt>
      <trkpt lat="49.50738075189292430877685546875" lon="5.93293528072535991668701171875">
        <ele>319.20001220703125</ele>
        <time>2026-09-05T16:25:33.000Z</time>
        <extensions>
          <ns3:TrackPointExtension>
            <ns3:atemp>24.0</ns3:atemp>
            <ns3:hr>199</ns3:hr>
            <ns3:cad>87</ns3:cad>
          </ns3:TrackPointExtension>
        </extensions>
      </trkpt>
      <trkpt lat="49.50734806247055530548095703125" lon="5.93297618441283702850341796875">
        <ele>319.20001220703125</ele>
        <time>2026-09-05T16:25:34.000Z</time>
        <extensions>
          <ns3:TrackPointExtension>
            <ns3:atemp>24.0</ns3:atemp>
            <ns3:hr>199</ns3:hr>
            <ns3:cad>87</ns3:cad>
          </ns3:TrackPointExtension>
        </extensions>
      </trkpt>
      <trkpt lat="49.5073287002742290496826171875" lon="5.9330141544342041015625">
        <ele>319.20001220703125</ele>
        <time>2026-09-05T16:25:35.000Z</time>
        <extensions>
          <ns3:TrackPointExtension>
            <ns3:atemp>24.0</ns3:atemp>
            <ns3:hr>199</ns3:hr>
            <ns3:cad>87</ns3:cad>
          </ns3:TrackPointExtension>
        </extensions>
      </trkpt>
      <trkpt lat="49.507297687232494354248046875" lon="5.93305505812168121337890625">
        <ele>319</ele>
        <time>2026-09-05T16:25:36.000Z</time>
        <extensions>
          <ns3:TrackPointExtension>
            <ns3:atemp>24.0</ns3:atemp>
            <ns3:hr>199</ns3:hr>
            <ns3:cad>87</ns3:cad>
          </ns3:TrackPointExtension>
        </extensions>
      </trkpt>
      <trkpt lat="49.50727195478975772857666015625" lon="5.93308934010565280914306640625">
        <ele>318.79998779296875</ele>
        <time>2026-09-05T16:25:37.000Z</time>
        <extensions>
          <ns3:TrackPointExtension>
            <ns3:atemp>24.0</ns3:atemp>
            <ns3:hr>199</ns3:hr>
            <ns3:cad>87</ns3:cad>
          </ns3:TrackPointExtension>
        </extensions>
      </trkpt>
      <trkpt lat="49.5072445459663867950439453125" lon="5.9331256337463855743408203125">
        <ele>318.600006103515625</ele>
        <time>2026-09-05T16:25:38.000Z</time>
        <extensions>
          <ns3:TrackPointExtension>
            <ns3:atemp>24.0</ns3:atemp>
            <ns3:hr>199</ns3:hr>
            <ns3:cad>88</ns3:cad>
          </ns3:TrackPointExtension>
        </extensions>
      </trkpt>
      <trkpt lat="49.507218562066555023193359375" lon="5.93316058628261089324951171875">
        <ele>318.600006103515625</ele>
        <time>2026-09-05T16:25:39.000Z</time>
        <extensions>
          <ns3:TrackPointExtension>
            <ns3:atemp>24.0</ns3:atemp>
            <ns3:hr>199</ns3:hr>
            <ns3:cad>88</ns3:cad>
          </ns3:TrackPointExtension>
        </extensions>
      </trkpt>
      <trkpt lat="49.50718729756772518157958984375" lon="5.93319763429462909698486328125">
        <ele>318.600006103515625</ele>
        <time>2026-09-05T16:25:40.000Z</time>
        <extensions>
          <ns3:TrackPointExtension>
            <ns3:atemp>24.0</ns3:atemp>
            <ns3:hr>199</ns3:hr>
            <ns3:cad>88</ns3:cad>
          </ns3:TrackPointExtension>
        </extensions>
      </trkpt>
      <trkpt lat="49.507158212363719940185546875" lon="5.93322940170764923095703125">
        <ele>318.600006103515625</ele>
        <time>2026-09-05T16:25:41.000Z</time>
        <extensions>
          <ns3:TrackPointExtension>
            <ns3:atemp>24.0</ns3:atemp>
            <ns3:hr>199</ns3:hr>
            <ns3:cad>88</ns3:cad>
          </ns3:TrackPointExtension>
        </extensions>
      </trkpt>
      <trkpt lat="49.50713013298809528350830078125" lon="5.93326628208160400390625">
        <ele>318.600006103515625</ele>
        <time>2026-09-05T16:25:42.000Z</time>
        <extensions>
          <ns3:TrackPointExtension>
            <ns3:atemp>24.0</ns3:atemp>
            <ns3:hr>199</ns3:hr>
            <ns3:cad>88</ns3:cad>
          </ns3:TrackPointExtension>
        </extensions>
      </trkpt>
      <trkpt lat="49.5071000419557094573974609375" lon="5.93330190517008304595947265625">
        <ele>318.399993896484375</ele>
        <time>2026-09-05T16:25:43.000Z</time>
        <extensions>
          <ns3:TrackPointExtension>
            <ns3:atemp>24.0</ns3:atemp>
            <ns3:hr>199</ns3:hr>
            <ns3:cad>87</ns3:cad>
          </ns3:TrackPointExtension>
        </extensions>
      </trkpt>
      <trkpt lat="49.5070772431790828704833984375" lon="5.9333371929824352264404296875">
        <ele>318.399993896484375</ele>
        <time>2026-09-05T16:25:44.000Z</time>
        <extensions>
          <ns3:TrackPointExtension>
            <ns3:atemp>24.0</ns3:atemp>
            <ns3:hr>199</ns3:hr>
            <ns3:cad>87</ns3:cad>
          </ns3:TrackPointExtension>
        </extensions>
      </trkpt>
      <trkpt lat="49.5070420391857624053955078125" lon="5.9333650209009647369384765625">
        <ele>318.399993896484375</ele>
        <time>2026-09-05T16:25:45.000Z</time>
        <extensions>
          <ns3:TrackPointExtension>
            <ns3:atemp>24.0</ns3:atemp>
            <ns3:hr>199</ns3:hr>
            <ns3:cad>87</ns3:cad>
          </ns3:TrackPointExtension>
        </extensions>
      </trkpt>
      <trkpt lat="49.50700993649661540985107421875" lon="5.93338035978376865386962890625">
        <ele>318.399993896484375</ele>
        <time>2026-09-05T16:25:46.000Z</time>
        <extensions>
          <ns3:TrackPointExtension>
            <ns3:atemp>24.0</ns3:atemp>
            <ns3:hr>199</ns3:hr>
            <ns3:cad>87</ns3:cad>
          </ns3:TrackPointExtension>
        </extensions>
      </trkpt>
      <trkpt lat="49.50697054155170917510986328125" lon="5.933378599584102630615234375">
        <ele>318.399993896484375</ele>
        <time>2026-09-05T16:25:47.000Z</time>
        <extensions>
          <ns3:TrackPointExtension>
            <ns3:atemp>24.0</ns3:atemp>
            <ns3:hr>199</ns3:hr>
            <ns3:cad>87</ns3:cad>
          </ns3:TrackPointExtension>
        </extensions>
      </trkpt>
      <trkpt lat="49.50693734921514987945556640625" lon="5.933377258479595184326171875">
        <ele>318.399993896484375</ele>
        <time>2026-09-05T16:25:48.000Z</time>
        <extensions>
          <ns3:TrackPointExtension>
            <ns3:atemp>24.0</ns3:atemp>
            <ns3:hr>199</ns3:hr>
            <ns3:cad>87</ns3:cad>
          </ns3:TrackPointExtension>
        </extensions>
      </trkpt>
      <trkpt lat="49.5068985410034656524658203125" lon="5.93334138393402099609375">
        <ele>318.399993896484375</ele>
        <time>2026-09-05T16:25:49.000Z</time>
        <extensions>
          <ns3:TrackPointExtension>
            <ns3:atemp>24.0</ns3:atemp>
            <ns3:hr>199</ns3:hr>
            <ns3:cad>87</ns3:cad>
          </ns3:TrackPointExtension>
        </extensions>
      </trkpt>
      <trkpt lat="49.5068680308759212493896484375" lon="5.93332202173769474029541015625">
        <ele>318.399993896484375</ele>
        <time>2026-09-05T16:25:50.000Z</time>
        <extensions>
          <ns3:TrackPointExtension>
            <ns3:atemp>24.0</ns3:atemp>
            <ns3:hr>199</ns3:hr>
            <ns3:cad>87</ns3:cad>
          </ns3:TrackPointExtension>
        </extensions>
      </trkpt>
      <trkpt lat="49.5068328268826007843017578125" lon="5.9332828782498836517333984375">
        <ele>318.399993896484375</ele>
        <time>2026-09-05T16:25:51.000Z</time>
        <extensions>
          <ns3:TrackPointExtension>
            <ns3:atemp>24.0</ns3:atemp>
            <ns3:hr>198</ns3:hr>
            <ns3:cad>88</ns3:cad>
          </ns3:TrackPointExtension>
        </extensions>
      </trkpt>
      <trkpt lat="49.50680692680180072784423828125" lon="5.93325010500848293304443359375">
        <ele>318.20001220703125</ele>
        <time>2026-09-05T16:25:52.000Z</time>
        <extensions>
          <ns3:TrackPointExtension>
            <ns3:atemp>24.0</ns3:atemp>
            <ns3:hr>198</ns3:hr>
            <ns3:cad>88</ns3:cad>
          </ns3:TrackPointExtension>
        </extensions>
      </trkpt>
      <trkpt lat="49.5067741535604000091552734375" lon="5.93320953659713268280029296875">
        <ele>318.20001220703125</ele>
        <time>2026-09-05T16:25:53.000Z</time>
        <extensions>
          <ns3:TrackPointExtension>
            <ns3:atemp>24.0</ns3:atemp>
            <ns3:hr>199</ns3:hr>
            <ns3:cad>89</ns3:cad>
          </ns3:TrackPointExtension>
        </extensions>
      </trkpt>
      <trkpt lat="49.50674640946090221405029296875" lon="5.9331715665757656097412109375">
        <ele>318</ele>
        <time>2026-09-05T16:25:54.000Z</time>
        <extensions>
          <ns3:TrackPointExtension>
            <ns3:atemp>24.0</ns3:atemp>
            <ns3:hr>199</ns3:hr>
            <ns3:cad>89</ns3:cad>
          </ns3:TrackPointExtension>
        </extensions>
      </trkpt>
      <trkpt lat="49.5067171566188335418701171875" lon="5.9331293217837810516357421875">
        <ele>318</ele>
        <time>2026-09-05T16:25:55.000Z</time>
        <extensions>
          <ns3:TrackPointExtension>
            <ns3:atemp>24.0</ns3:atemp>
            <ns3:hr>199</ns3:hr>
            <ns3:cad>88</ns3:cad>
          </ns3:TrackPointExtension>
        </extensions>
      </trkpt>
      <trkpt lat="49.50669310055673122406005859375" lon="5.93308447860181331634521484375">
        <ele>318</ele>
        <time>2026-09-05T16:25:56.000Z</time>
        <extensions>
          <ns3:TrackPointExtension>
            <ns3:atemp>24.0</ns3:atemp>
            <ns3:hr>199</ns3:hr>
            <ns3:cad>87</ns3:cad>
          </ns3:TrackPointExtension>
        </extensions>
      </trkpt>
      <trkpt lat="49.506666697561740875244140625" lon="5.93305380083620548248291015625">
        <ele>318.399993896484375</ele>
        <time>2026-09-05T16:25:57.000Z</time>
        <extensions>
          <ns3:TrackPointExtension>
            <ns3:atemp>24.0</ns3:atemp>
            <ns3:hr>199</ns3:hr>
            <ns3:cad>87</ns3:cad>
          </ns3:TrackPointExtension>
        </extensions>
      </trkpt>
      <trkpt lat="49.50664096511900424957275390625" lon="5.93300803564488887786865234375">
        <ele>318.399993896484375</ele>
        <time>2026-09-05T16:25:58.000Z</time>
        <extensions>
          <ns3:TrackPointExtension>
            <ns3:atemp>24.0</ns3:atemp>
            <ns3:hr>198</ns3:hr>
            <ns3:cad>87</ns3:cad>
          </ns3:TrackPointExtension>
        </extensions>
      </trkpt>
      <trkpt lat="49.50661917217075824737548828125" lon="5.93298205174505710601806640625">
        <ele>318.399993896484375</ele>
        <time>2026-09-05T16:25:59.000Z</time>
        <extensions>
          <ns3:TrackPointExtension>
            <ns3:atemp>24.0</ns3:atemp>
            <ns3:hr>198</ns3:hr>
            <ns3:cad>87</ns3:cad>
          </ns3:TrackPointExtension>
        </extensions>
      </trkpt>
      <trkpt lat="49.5065887458622455596923828125" lon="5.93293838202953338623046875">
        <ele>318.399993896484375</ele>
        <time>2026-09-05T16:26:00.000Z</time>
        <extensions>
          <ns3:TrackPointExtension>
            <ns3:atemp>24.0</ns3:atemp>
            <ns3:hr>198</ns3:hr>
            <ns3:cad>87</ns3:cad>
          </ns3:TrackPointExtension>
        </extensions>
      </trkpt>
      <trkpt lat="49.506564438343048095703125" lon="5.93291181139647960662841796875">
        <ele>318.399993896484375</ele>
        <time>2026-09-05T16:26:01.000Z</time>
        <extensions>
          <ns3:TrackPointExtension>
            <ns3:atemp>24.0</ns3:atemp>
            <ns3:hr>199</ns3:hr>
            <ns3:cad>87</ns3:cad>
          </ns3:TrackPointExtension>
        </extensions>
      </trkpt>
      <trkpt lat="49.5065344311296939849853515625" lon="5.9328733384609222412109375">
        <ele>318.399993896484375</ele>
        <time>2026-09-05T16:26:02.000Z</time>
        <extensions>
          <ns3:TrackPointExtension>
            <ns3:atemp>24.0</ns3:atemp>
            <ns3:hr>199</ns3:hr>
            <ns3:cad>87</ns3:cad>
          </ns3:TrackPointExtension>
        </extensions>
      </trkpt>
      <trkpt lat="49.5065136440098285675048828125" lon="5.932840146124362945556640625">
        <ele>318.600006103515625</ele>
        <time>2026-09-05T16:26:03.000Z</time>
        <extensions>
          <ns3:TrackPointExtension>
            <ns3:atemp>24.0</ns3:atemp>
            <ns3:hr>199</ns3:hr>
            <ns3:cad>86</ns3:cad>
          </ns3:TrackPointExtension>
        </extensions>
      </trkpt>
      <trkpt lat="49.50648908503353595733642578125" lon="5.93280167318880558013916015625">
        <ele>318.79998779296875</ele>
        <time>2026-09-05T16:26:04.000Z</time>
        <extensions>
          <ns3:TrackPointExtension>
            <ns3:atemp>24.0</ns3:atemp>
            <ns3:hr>199</ns3:hr>
            <ns3:cad>86</ns3:cad>
          </ns3:TrackPointExtension>
        </extensions>
      </trkpt>
      <trkpt lat="49.506466872990131378173828125" lon="5.9327633678913116455078125">
        <ele>318.79998779296875</ele>
        <time>2026-09-05T16:26:05.000Z</time>
        <extensions>
          <ns3:TrackPointExtension>
            <ns3:atemp>24.0</ns3:atemp>
            <ns3:hr>199</ns3:hr>
            <ns3:cad>87</ns3:cad>
          </ns3:TrackPointExtension>
        </extensions>
      </trkpt>
      <trkpt lat="49.5064450800418853759765625" lon="5.93272992409765720367431640625">
        <ele>318.79998779296875</ele>
        <time>2026-09-05T16:26:06.000Z</time>
        <extensions>
          <ns3:TrackPointExtension>
            <ns3:atemp>24.0</ns3:atemp>
            <ns3:hr>199</ns3:hr>
            <ns3:cad>87</ns3:cad>
          </ns3:TrackPointExtension>
        </extensions>
      </trkpt>
      <trkpt lat="49.50642068870365619659423828125" lon="5.9326855838298797607421875">
        <ele>319</ele>
        <time>2026-09-05T16:26:07.000Z</time>
        <extensions>
          <ns3:TrackPointExtension>
            <ns3:atemp>24.0</ns3:atemp>
            <ns3:hr>199</ns3:hr>
            <ns3:cad>87</ns3:cad>
          </ns3:TrackPointExtension>
        </extensions>
      </trkpt>
      <trkpt lat="49.50639478862285614013671875" lon="5.93266211450099945068359375">
        <ele>319</ele>
        <time>2026-09-05T16:26:08.000Z</time>
        <extensions>
          <ns3:TrackPointExtension>
            <ns3:atemp>24.0</ns3:atemp>
            <ns3:hr>199</ns3:hr>
            <ns3:cad>87</ns3:cad>
          </ns3:TrackPointExtension>
        </extensions>
      </trkpt>
      <trkpt lat="49.506368972361087799072265625" lon="5.932616181671619415283203125">
        <ele>319</ele>
        <time>2026-09-05T16:26:09.000Z</time>
        <extensions>
          <ns3:TrackPointExtension>
            <ns3:atemp>24.0</ns3:atemp>
            <ns3:hr>199</ns3:hr>
            <ns3:cad>87</ns3:cad>
          </ns3:TrackPointExtension>
        </extensions>
      </trkpt>
      <trkpt lat="49.50634692795574665069580078125" lon="5.9325863420963287353515625">
        <ele>319.20001220703125</ele>
        <time>2026-09-05T16:26:10.000Z</time>
        <extensions>
          <ns3:TrackPointExtension>
            <ns3:atemp>24.0</ns3:atemp>
            <ns3:hr>199</ns3:hr>
            <ns3:cad>87</ns3:cad>
          </ns3:TrackPointExtension>
        </extensions>
      </trkpt>
      <trkpt lat="49.5063215307891368865966796875" lon="5.9325492940843105316162109375">
        <ele>319.399993896484375</ele>
        <time>2026-09-05T16:26:11.000Z</time>
        <extensions>
          <ns3:TrackPointExtension>
            <ns3:atemp>24.0</ns3:atemp>
            <ns3:hr>198</ns3:hr>
            <ns3:cad>86</ns3:cad>
          </ns3:TrackPointExtension>
        </extensions>
      </trkpt>
      <trkpt lat="49.5063024200499057769775390625" lon="5.9325090609490871429443359375">
        <ele>319.600006103515625</ele>
        <time>2026-09-05T16:26:12.000Z</time>
        <extensions>
          <ns3:TrackPointExtension>
            <ns3:atemp>24.0</ns3:atemp>
            <ns3:hr>198</ns3:hr>
            <ns3:cad>86</ns3:cad>
          </ns3:TrackPointExtension>
        </extensions>
      </trkpt>
      <trkpt lat="49.506281800568103790283203125" lon="5.932477377355098724365234375">
        <ele>319.79998779296875</ele>
        <time>2026-09-05T16:26:13.000Z</time>
        <extensions>
          <ns3:TrackPointExtension>
            <ns3:atemp>24.0</ns3:atemp>
            <ns3:hr>198</ns3:hr>
            <ns3:cad>85</ns3:cad>
          </ns3:TrackPointExtension>
        </extensions>
      </trkpt>
      <trkpt lat="49.50625774450600147247314453125" lon="5.932433120906352996826171875">
        <ele>319.79998779296875</ele>
        <time>2026-09-05T16:26:14.000Z</time>
        <extensions>
          <ns3:TrackPointExtension>
            <ns3:atemp>24.0</ns3:atemp>
            <ns3:hr>198</ns3:hr>
            <ns3:cad>85</ns3:cad>
          </ns3:TrackPointExtension>
        </extensions>
      </trkpt>
      <trkpt lat="49.50623427517712116241455078125" lon="5.9324091486632823944091796875">
        <ele>320</ele>
        <time>2026-09-05T16:26:15.000Z</time>
        <extensions>
          <ns3:TrackPointExtension>
            <ns3:atemp>24.0</ns3:atemp>
            <ns3:hr>199</ns3:hr>
            <ns3:cad>85</ns3:cad>
          </ns3:TrackPointExtension>
        </extensions>
      </trkpt>
      <trkpt lat="49.50620611198246479034423828125" lon="5.9323689155280590057373046875">
        <ele>320.20001220703125</ele>
        <time>2026-09-05T16:26:16.000Z</time>
        <extensions>
          <ns3:TrackPointExtension>
            <ns3:atemp>24.0</ns3:atemp>
            <ns3:hr>199</ns3:hr>
            <ns3:cad>85</ns3:cad>
          </ns3:TrackPointExtension>
        </extensions>
      </trkpt>
      <trkpt lat="49.50618415139615535736083984375" lon="5.93233681283891201019287109375">
        <ele>320.399993896484375</ele>
        <time>2026-09-05T16:26:17.000Z</time>
        <extensions>
          <ns3:TrackPointExtension>
            <ns3:atemp>24.0</ns3:atemp>
            <ns3:hr>199</ns3:hr>
            <ns3:cad>85</ns3:cad>
          </ns3:TrackPointExtension>
        </extensions>
      </trkpt>
      <trkpt lat="49.50616009533405303955078125" lon="5.9323005191981792449951171875">
        <ele>320.399993896484375</ele>
        <time>2026-09-05T16:26:18.000Z</time>
        <extensions>
          <ns3:TrackPointExtension>
            <ns3:atemp>24.0</ns3:atemp>
            <ns3:hr>199</ns3:hr>
            <ns3:cad>85</ns3:cad>
          </ns3:TrackPointExtension>
        </extensions>
      </trkpt>
      <trkpt lat="49.50614928267896175384521484375" lon="5.93224645592272281646728515625">
        <ele>320.399993896484375</ele>
        <time>2026-09-05T16:26:19.000Z</time>
        <extensions>
          <ns3:TrackPointExtension>
            <ns3:atemp>24.0</ns3:atemp>
            <ns3:hr>198</ns3:hr>
            <ns3:cad>85</ns3:cad>
          </ns3:TrackPointExtension>
        </extensions>
      </trkpt>
      <trkpt lat="49.5061260648071765899658203125" lon="5.9322116710245609283447265625">
        <ele>320.399993896484375</ele>
        <time>2026-09-05T16:26:20.000Z</time>
        <extensions>
          <ns3:TrackPointExtension>
            <ns3:atemp>24.0</ns3:atemp>
            <ns3:hr>198</ns3:hr>
            <ns3:cad>86</ns3:cad>
          </ns3:TrackPointExtension>
        </extensions>
      </trkpt>
      <trkpt lat="49.50609396211802959442138671875" lon="5.93217252753674983978271484375">
        <ele>320.20001220703125</ele>
        <time>2026-09-05T16:26:21.000Z</time>
        <extensions>
          <ns3:TrackPointExtension>
            <ns3:atemp>24.0</ns3:atemp>
            <ns3:hr>199</ns3:hr>
            <ns3:cad>86</ns3:cad>
          </ns3:TrackPointExtension>
        </extensions>
      </trkpt>
      <trkpt lat="49.50606822967529296875" lon="5.9321563504636287689208984375">
        <ele>320.399993896484375</ele>
        <time>2026-09-05T16:26:22.000Z</time>
        <extensions>
          <ns3:TrackPointExtension>
            <ns3:atemp>24.0</ns3:atemp>
            <ns3:hr>199</ns3:hr>
            <ns3:cad>86</ns3:cad>
          </ns3:TrackPointExtension>
        </extensions>
      </trkpt>
      <trkpt lat="49.50603512115776538848876953125" lon="5.93213413842022418975830078125">
        <ele>320.399993896484375</ele>
        <time>2026-09-05T16:26:23.000Z</time>
        <extensions>
          <ns3:TrackPointExtension>
            <ns3:atemp>24.0</ns3:atemp>
            <ns3:hr>199</ns3:hr>
            <ns3:cad>86</ns3:cad>
          </ns3:TrackPointExtension>
        </extensions>
      </trkpt>
      <trkpt lat="49.5060033537447452545166015625" lon="5.9321164526045322418212890625">
        <ele>320.600006103515625</ele>
        <time>2026-09-05T16:26:24.000Z</time>
        <extensions>
          <ns3:TrackPointExtension>
            <ns3:atemp>24.0</ns3:atemp>
            <ns3:hr>199</ns3:hr>
            <ns3:cad>85</ns3:cad>
          </ns3:TrackPointExtension>
        </extensions>
      </trkpt>
      <trkpt lat="49.5059751905500888824462890625" lon="5.9321164526045322418212890625">
        <ele>320.79998779296875</ele>
        <time>2026-09-05T16:26:25.000Z</time>
        <extensions>
          <ns3:TrackPointExtension>
            <ns3:atemp>24.0</ns3:atemp>
            <ns3:hr>198</ns3:hr>
            <ns3:cad>85</ns3:cad>
          </ns3:TrackPointExtension>
        </extensions>
      </trkpt>
      <trkpt lat="49.50594107620418071746826171875" lon="5.93211184255778789520263671875">
        <ele>321</ele>
        <time>2026-09-05T16:26:26.000Z</time>
        <extensions>
          <ns3:TrackPointExtension>
            <ns3:atemp>24.0</ns3:atemp>
            <ns3:hr>198</ns3:hr>
            <ns3:cad>85</ns3:cad>
          </ns3:TrackPointExtension>
        </extensions>
      </trkpt>
      <trkpt lat="49.50591408647596836090087890625" lon="5.93211896717548370361328125">
        <ele>321</ele>
        <time>2026-09-05T16:26:27.000Z</time>
        <extensions>
          <ns3:TrackPointExtension>
            <ns3:atemp>24.0</ns3:atemp>
            <ns3:hr>198</ns3:hr>
            <ns3:cad>85</ns3:cad>
          </ns3:TrackPointExtension>
        </extensions>
      </trkpt>
      <trkpt lat="49.50588189996778964996337890625" lon="5.93212927691638469696044921875">
        <ele>321</ele>
        <time>2026-09-05T16:26:28.000Z</time>
        <extensions>
          <ns3:TrackPointExtension>
            <ns3:atemp>24.0</ns3:atemp>
            <ns3:hr>198</ns3:hr>
            <ns3:cad>84</ns3:cad>
          </ns3:TrackPointExtension>
        </extensions>
      </trkpt>
      <trkpt lat="49.505850635468959808349609375" lon="5.93213732354342937469482421875">
        <ele>321</ele>
        <time>2026-09-05T16:26:29.000Z</time>
        <extensions>
          <ns3:TrackPointExtension>
            <ns3:atemp>24.0</ns3:atemp>
            <ns3:hr>198</ns3:hr>
            <ns3:cad>84</ns3:cad>
          </ns3:TrackPointExtension>
        </extensions>
      </trkpt>
      <trkpt lat="49.505825154483318328857421875" lon="5.93215811066329479217529296875">
        <ele>321</ele>
        <time>2026-09-05T16:26:30.000Z</time>
        <extensions>
          <ns3:TrackPointExtension>
            <ns3:atemp>24.0</ns3:atemp>
            <ns3:hr>198</ns3:hr>
            <ns3:cad>84</ns3:cad>
          </ns3:TrackPointExtension>
        </extensions>
      </trkpt>
      <trkpt lat="49.50578953139483928680419921875" lon="5.932172946631908416748046875">
        <ele>320.79998779296875</ele>
        <time>2026-09-05T16:26:31.000Z</time>
        <extensions>
          <ns3:TrackPointExtension>
            <ns3:atemp>24.0</ns3:atemp>
            <ns3:hr>198</ns3:hr>
            <ns3:cad>84</ns3:cad>
          </ns3:TrackPointExtension>
        </extensions>
      </trkpt>
      <trkpt lat="49.50576321221888065338134765625" lon="5.9321959130465984344482421875">
        <ele>320.79998779296875</ele>
        <time>2026-09-05T16:26:32.000Z</time>
        <extensions>
          <ns3:TrackPointExtension>
            <ns3:atemp>24.0</ns3:atemp>
            <ns3:hr>198</ns3:hr>
            <ns3:cad>84</ns3:cad>
          </ns3:TrackPointExtension>
        </extensions>
      </trkpt>
      <trkpt lat="49.50572985224425792694091796875" lon="5.932214520871639251708984375">
        <ele>320.79998779296875</ele>
        <time>2026-09-05T16:26:33.000Z</time>
        <extensions>
          <ns3:TrackPointExtension>
            <ns3:atemp>24.0</ns3:atemp>
            <ns3:hr>199</ns3:hr>
            <ns3:cad>84</ns3:cad>
          </ns3:TrackPointExtension>
        </extensions>
      </trkpt>
      <trkpt lat="49.505692385137081146240234375" lon="5.932229273021221160888671875">
        <ele>320.600006103515625</ele>
        <time>2026-09-05T16:26:34.000Z</time>
        <extensions>
          <ns3:TrackPointExtension>
            <ns3:atemp>24.0</ns3:atemp>
            <ns3:hr>199</ns3:hr>
            <ns3:cad>83</ns3:cad>
          </ns3:TrackPointExtension>
        </extensions>
      </trkpt>
      <trkpt lat="49.50566329993307590484619140625" lon="5.93225039541721343994140625">
        <ele>320.600006103515625</ele>
        <time>2026-09-05T16:26:35.000Z</time>
        <extensions>
          <ns3:TrackPointExtension>
            <ns3:atemp>24.0</ns3:atemp>
            <ns3:hr>199</ns3:hr>
            <ns3:cad>83</ns3:cad>
          </ns3:TrackPointExtension>
        </extensions>
      </trkpt>
      <trkpt lat="49.50562424026429653167724609375" lon="5.93226850032806396484375">
        <ele>320.600006103515625</ele>
        <time>2026-09-05T16:26:36.000Z</time>
        <extensions>
          <ns3:TrackPointExtension>
            <ns3:atemp>24.0</ns3:atemp>
            <ns3:hr>199</ns3:hr>
            <ns3:cad>84</ns3:cad>
          </ns3:TrackPointExtension>
        </extensions>
      </trkpt>
      <trkpt lat="49.50559775345027446746826171875" lon="5.93228618614375591278076171875">
        <ele>320.600006103515625</ele>
        <time>2026-09-05T16:26:37.000Z</time>
        <extensions>
          <ns3:TrackPointExtension>
            <ns3:atemp>24.0</ns3:atemp>
            <ns3:hr>198</ns3:hr>
            <ns3:cad>84</ns3:cad>
          </ns3:TrackPointExtension>
        </extensions>
      </trkpt>
      <trkpt lat="49.50556221418082714080810546875" lon="5.9323055483400821685791015625">
        <ele>320.399993896484375</ele>
        <time>2026-09-05T16:26:38.000Z</time>
        <extensions>
          <ns3:TrackPointExtension>
            <ns3:atemp>24.0</ns3:atemp>
            <ns3:hr>198</ns3:hr>
            <ns3:cad>84</ns3:cad>
          </ns3:TrackPointExtension>
        </extensions>
      </trkpt>
      <trkpt lat="49.50552583672106266021728515625" lon="5.932321809232234954833984375">
        <ele>320.399993896484375</ele>
        <time>2026-09-05T16:26:39.000Z</time>
        <extensions>
          <ns3:TrackPointExtension>
            <ns3:atemp>24.0</ns3:atemp>
            <ns3:hr>198</ns3:hr>
            <ns3:cad>83</ns3:cad>
          </ns3:TrackPointExtension>
        </extensions>
      </trkpt>
      <trkpt lat="49.5054964162409305572509765625" lon="5.93234485946595668792724609375">
        <ele>320.20001220703125</ele>
        <time>2026-09-05T16:26:40.000Z</time>
        <extensions>
          <ns3:TrackPointExtension>
            <ns3:atemp>24.0</ns3:atemp>
            <ns3:hr>198</ns3:hr>
            <ns3:cad>83</ns3:cad>
          </ns3:TrackPointExtension>
        </extensions>
      </trkpt>
      <trkpt lat="49.505455680191516876220703125" lon="5.93236246146261692047119140625">
        <ele>320.20001220703125</ele>
        <time>2026-09-05T16:26:41.000Z</time>
        <extensions>
          <ns3:TrackPointExtension>
            <ns3:atemp>24.0</ns3:atemp>
            <ns3:hr>198</ns3:hr>
            <ns3:cad>83</ns3:cad>
          </ns3:TrackPointExtension>
        </extensions>
      </trkpt>
      <trkpt lat="49.5054283551871776580810546875" lon="5.9323866851627826690673828125">
        <ele>320</ele>
        <time>2026-09-05T16:26:42.000Z</time>
        <extensions>
          <ns3:TrackPointExtension>
            <ns3:atemp>24.0</ns3:atemp>
            <ns3:hr>198</ns3:hr>
            <ns3:cad>84</ns3:cad>
          </ns3:TrackPointExtension>
        </extensions>
      </trkpt>
      <trkpt lat="49.50539189390838146209716796875" lon="5.93240705318748950958251953125">
        <ele>320</ele>
        <time>2026-09-05T16:26:43.000Z</time>
        <extensions>
          <ns3:TrackPointExtension>
            <ns3:atemp>24.0</ns3:atemp>
            <ns3:hr>198</ns3:hr>
            <ns3:cad>85</ns3:cad>
          </ns3:TrackPointExtension>
        </extensions>
      </trkpt>
      <trkpt lat="49.50535543262958526611328125" lon="5.932419039309024810791015625">
        <ele>319.79998779296875</ele>
        <time>2026-09-05T16:26:44.000Z</time>
        <extensions>
          <ns3:TrackPointExtension>
            <ns3:atemp>24.0</ns3:atemp>
            <ns3:hr>198</ns3:hr>
            <ns3:cad>85</ns3:cad>
          </ns3:TrackPointExtension>
        </extensions>
      </trkpt>
      <trkpt lat="49.50532617978751659393310546875" lon="5.93244007788598537445068359375">
        <ele>319.600006103515625</ele>
        <time>2026-09-05T16:26:45.000Z</time>
        <extensions>
          <ns3:TrackPointExtension>
            <ns3:atemp>24.0</ns3:atemp>
            <ns3:hr>198</ns3:hr>
            <ns3:cad>83</ns3:cad>
          </ns3:TrackPointExtension>
        </extensions>
      </trkpt>
      <trkpt lat="49.5052836835384368896484375" lon="5.9324540756642818450927734375">
        <ele>319.399993896484375</ele>
        <time>2026-09-05T16:26:46.000Z</time>
        <extensions>
          <ns3:TrackPointExtension>
            <ns3:atemp>24.0</ns3:atemp>
            <ns3:hr>198</ns3:hr>
            <ns3:cad>83</ns3:cad>
          </ns3:TrackPointExtension>
        </extensions>
      </trkpt>
      <trkpt lat="49.5052533410489559173583984375" lon="5.93247704207897186279296875">
        <ele>319.399993896484375</ele>
        <time>2026-09-05T16:26:47.000Z</time>
        <extensions>
          <ns3:TrackPointExtension>
            <ns3:atemp>24.0</ns3:atemp>
            <ns3:hr>198</ns3:hr>
            <ns3:cad>84</ns3:cad>
          </ns3:TrackPointExtension>
        </extensions>
      </trkpt>
      <trkpt lat="49.50521704740822315216064453125" lon="5.9324946440756320953369140625">
        <ele>319.399993896484375</ele>
        <time>2026-09-05T16:26:48.000Z</time>
        <extensions>
          <ns3:TrackPointExtension>
            <ns3:atemp>24.0</ns3:atemp>
            <ns3:hr>199</ns3:hr>
            <ns3:cad>84</ns3:cad>
          </ns3:TrackPointExtension>
        </extensions>
      </trkpt>
      <trkpt lat="49.50517899356782436370849609375" lon="5.932500846683979034423828125">
        <ele>319.399993896484375</ele>
        <time>2026-09-05T16:26:49.000Z</time>
        <extensions>
          <ns3:TrackPointExtension>
            <ns3:atemp>24.0</ns3:atemp>
            <ns3:hr>199</ns3:hr>
            <ns3:cad>84</ns3:cad>
          </ns3:TrackPointExtension>
        </extensions>
      </trkpt>
      <trkpt lat="49.505145885050296783447265625" lon="5.93251853249967098236083984375">
        <ele>319.20001220703125</ele>
        <time>2026-09-05T16:26:50.000Z</time>
        <extensions>
          <ns3:TrackPointExtension>
            <ns3:atemp>24.0</ns3:atemp>
            <ns3:hr>199</ns3:hr>
            <ns3:cad>84</ns3:cad>
          </ns3:TrackPointExtension>
        </extensions>
      </trkpt>
      <trkpt lat="49.50510271824896335601806640625" lon="5.93252590857446193695068359375">
        <ele>319</ele>
        <time>2026-09-05T16:26:51.000Z</time>
        <extensions>
          <ns3:TrackPointExtension>
            <ns3:atemp>24.0</ns3:atemp>
            <ns3:hr>199</ns3:hr>
            <ns3:cad>83</ns3:cad>
          </ns3:TrackPointExtension>
        </extensions>
      </trkpt>
      <trkpt lat="49.505072124302387237548828125" lon="5.93254367820918560028076171875">
        <ele>319</ele>
        <time>2026-09-05T16:26:52.000Z</time>
        <extensions>
          <ns3:TrackPointExtension>
            <ns3:atemp>24.0</ns3:atemp>
            <ns3:hr>199</ns3:hr>
            <ns3:cad>83</ns3:cad>
          </ns3:TrackPointExtension>
        </extensions>
      </trkpt>
      <trkpt lat="49.50503113679587841033935546875" lon="5.93254812061786651611328125">
        <ele>318.600006103515625</ele>
        <time>2026-09-05T16:26:53.000Z</time>
        <extensions>
          <ns3:TrackPointExtension>
            <ns3:atemp>24.0</ns3:atemp>
            <ns3:hr>199</ns3:hr>
            <ns3:cad>84</ns3:cad>
          </ns3:TrackPointExtension>
        </extensions>
      </trkpt>
      <trkpt lat="49.504998028278350830078125" lon="5.932555161416530609130859375">
        <ele>318.399993896484375</ele>
        <time>2026-09-05T16:26:54.000Z</time>
        <extensions>
          <ns3:TrackPointExtension>
            <ns3:atemp>24.0</ns3:atemp>
            <ns3:hr>198</ns3:hr>
            <ns3:cad>84</ns3:cad>
          </ns3:TrackPointExtension>
        </extensions>
      </trkpt>
      <trkpt lat="49.50496307574212551116943359375" lon="5.93256597407162189483642578125">
        <ele>318.20001220703125</ele>
        <time>2026-09-05T16:26:55.000Z</time>
        <extensions>
          <ns3:TrackPointExtension>
            <ns3:atemp>24.0</ns3:atemp>
            <ns3:hr>198</ns3:hr>
            <ns3:cad>84</ns3:cad>
          </ns3:TrackPointExtension>
        </extensions>
      </trkpt>
      <trkpt lat="49.50492351315915584564208984375" lon="5.9325710870325565338134765625">
        <ele>318.20001220703125</ele>
        <time>2026-09-05T16:26:56.000Z</time>
        <extensions>
          <ns3:TrackPointExtension>
            <ns3:atemp>24.0</ns3:atemp>
            <ns3:hr>198</ns3:hr>
            <ns3:cad>84</ns3:cad>
          </ns3:TrackPointExtension>
        </extensions>
      </trkpt>
      <trkpt lat="49.5048909075558185577392578125" lon="5.9325824864208698272705078125">
        <ele>318</ele>
        <time>2026-09-05T16:26:57.000Z</time>
        <extensions>
          <ns3:TrackPointExtension>
            <ns3:atemp>24.0</ns3:atemp>
            <ns3:hr>198</ns3:hr>
            <ns3:cad>85</ns3:cad>
          </ns3:TrackPointExtension>
        </extensions>
      </trkpt>
      <trkpt lat="49.5048476569354534149169921875" lon="5.93258592300117015838623046875">
        <ele>317.79998779296875</ele>
        <time>2026-09-05T16:26:58.000Z</time>
        <extensions>
          <ns3:TrackPointExtension>
            <ns3:atemp>24.0</ns3:atemp>
            <ns3:hr>198</ns3:hr>
            <ns3:cad>85</ns3:cad>
          </ns3:TrackPointExtension>
        </extensions>
      </trkpt>
      <trkpt lat="49.50481656007468700408935546875" lon="5.9325997531414031982421875">
        <ele>317.79998779296875</ele>
        <time>2026-09-05T16:26:59.000Z</time>
        <extensions>
          <ns3:TrackPointExtension>
            <ns3:atemp>24.0</ns3:atemp>
            <ns3:hr>198</ns3:hr>
            <ns3:cad>85</ns3:cad>
          </ns3:TrackPointExtension>
        </extensions>
      </trkpt>
      <trkpt lat="49.50477330945432186126708984375" lon="5.93261006288230419158935546875">
        <ele>317.79998779296875</ele>
        <time>2026-09-05T16:27:00.000Z</time>
        <extensions>
          <ns3:TrackPointExtension>
            <ns3:atemp>24.0</ns3:atemp>
            <ns3:hr>198</ns3:hr>
            <ns3:cad>85</ns3:cad>
          </ns3:TrackPointExtension>
        </extensions>
      </trkpt>
      <trkpt lat="49.50474078767001628875732421875" lon="5.93263051472604274749755859375">
        <ele>317.600006103515625</ele>
        <time>2026-09-05T16:27:01.000Z</time>
        <extensions>
          <ns3:TrackPointExtension>
            <ns3:atemp>24.0</ns3:atemp>
            <ns3:hr>198</ns3:hr>
            <ns3:cad>86</ns3:cad>
          </ns3:TrackPointExtension>
        </extensions>
      </trkpt>
      <trkpt lat="49.5047085173428058624267578125" lon="5.93266236595809459686279296875">
        <ele>317.399993896484375</ele>
        <time>2026-09-05T16:27:02.000Z</time>
        <extensions>
          <ns3:TrackPointExtension>
            <ns3:atemp>24.0</ns3:atemp>
            <ns3:hr>198</ns3:hr>
            <ns3:cad>86</ns3:cad>
          </ns3:TrackPointExtension>
        </extensions>
      </trkpt>
      <trkpt lat="49.50470558367669582366943359375" lon="5.9327162615954875946044921875">
        <ele>317.20001220703125</ele>
        <time>2026-09-05T16:27:03.000Z</time>
        <extensions>
          <ns3:TrackPointExtension>
            <ns3:atemp>24.0</ns3:atemp>
            <ns3:hr>198</ns3:hr>
            <ns3:cad>86</ns3:cad>
          </ns3:TrackPointExtension>
        </extensions>
      </trkpt>
      <trkpt lat="49.5047135464847087860107421875" lon="5.93277384527027606964111328125">
        <ele>317.20001220703125</ele>
        <time>2026-09-05T16:27:04.000Z</time>
        <extensions>
          <ns3:TrackPointExtension>
            <ns3:atemp>24.0</ns3:atemp>
            <ns3:hr>198</ns3:hr>
            <ns3:cad>86</ns3:cad>
          </ns3:TrackPointExtension>
        </extensions>
      </trkpt>
      <trkpt lat="49.50474011711776256561279296875" lon="5.93281810171902179718017578125">
        <ele>317</ele>
        <time>2026-09-05T16:27:05.000Z</time>
        <extensions>
          <ns3:TrackPointExtension>
            <ns3:atemp>24.0</ns3:atemp>
            <ns3:hr>198</ns3:hr>
            <ns3:cad>86</ns3:cad>
          </ns3:TrackPointExtension>
        </extensions>
      </trkpt>
      <trkpt lat="49.50476693920791149139404296875" lon="5.93285598792135715484619140625">
        <ele>317</ele>
        <time>2026-09-05T16:27:06.000Z</time>
        <extensions>
          <ns3:TrackPointExtension>
            <ns3:atemp>24.0</ns3:atemp>
            <ns3:hr>198</ns3:hr>
            <ns3:cad>88</ns3:cad>
          </ns3:TrackPointExtension>
        </extensions>
      </trkpt>
      <trkpt lat="49.504788480699062347412109375" lon="5.93290175311267375946044921875">
        <ele>317</ele>
        <time>2026-09-05T16:27:07.000Z</time>
        <extensions>
          <ns3:TrackPointExtension>
            <ns3:atemp>24.0</ns3:atemp>
            <ns3:hr>199</ns3:hr>
            <ns3:cad>89</ns3:cad>
          </ns3:TrackPointExtension>
        </extensions>
      </trkpt>
      <trkpt lat="49.5048101060092449188232421875" lon="5.9329318441450595855712890625">
        <ele>317.20001220703125</ele>
        <time>2026-09-05T16:27:08.000Z</time>
        <extensions>
          <ns3:TrackPointExtension>
            <ns3:atemp>24.0</ns3:atemp>
            <ns3:hr>199</ns3:hr>
            <ns3:cad>89</ns3:cad>
          </ns3:TrackPointExtension>
        </extensions>
      </trkpt>
      <trkpt lat="49.5048315636813640594482421875" lon="5.932984314858913421630859375">
        <ele>317.20001220703125</ele>
        <time>2026-09-05T16:27:09.000Z</time>
        <extensions>
          <ns3:TrackPointExtension>
            <ns3:atemp>24.0</ns3:atemp>
            <ns3:hr>198</ns3:hr>
            <ns3:cad>89</ns3:cad>
          </ns3:TrackPointExtension>
        </extensions>
      </trkpt>
      <trkpt lat="49.5048516802489757537841796875" lon="5.933016836643218994140625">
        <ele>317.399993896484375</ele>
        <time>2026-09-05T16:27:10.000Z</time>
        <extensions>
          <ns3:TrackPointExtension>
            <ns3:atemp>24.0</ns3:atemp>
            <ns3:hr>198</ns3:hr>
            <ns3:cad>87</ns3:cad>
          </ns3:TrackPointExtension>
        </extensions>
      </trkpt>
      <trkpt lat="49.5048758201301097869873046875" lon="5.93306838534772396087646484375">
        <ele>317.399993896484375</ele>
        <time>2026-09-05T16:27:11.000Z</time>
        <extensions>
          <ns3:TrackPointExtension>
            <ns3:atemp>24.0</ns3:atemp>
            <ns3:hr>198</ns3:hr>
            <ns3:cad>87</ns3:cad>
          </ns3:TrackPointExtension>
        </extensions>
      </trkpt>
      <trkpt lat="49.504893757402896881103515625" lon="5.93310710974037647247314453125">
        <ele>317.600006103515625</ele>
        <time>2026-09-05T16:27:12.000Z</time>
        <extensions>
          <ns3:TrackPointExtension>
            <ns3:atemp>24.0</ns3:atemp>
            <ns3:hr>198</ns3:hr>
            <ns3:cad>86</ns3:cad>
          </ns3:TrackPointExtension>
        </extensions>
      </trkpt>
      <trkpt lat="49.50491429306566715240478515625" lon="5.9331501089036464691162109375">
        <ele>317.600006103515625</ele>
        <time>2026-09-05T16:27:13.000Z</time>
        <extensions>
          <ns3:TrackPointExtension>
            <ns3:atemp>24.0</ns3:atemp>
            <ns3:hr>199</ns3:hr>
            <ns3:cad>85</ns3:cad>
          </ns3:TrackPointExtension>
        </extensions>
      </trkpt>
      <trkpt lat="49.50492988340556621551513671875" lon="5.93319880776107311248779296875">
        <ele>317.600006103515625</ele>
        <time>2026-09-05T16:27:14.000Z</time>
        <extensions>
          <ns3:TrackPointExtension>
            <ns3:atemp>24.0</ns3:atemp>
            <ns3:hr>199</ns3:hr>
            <ns3:cad>85</ns3:cad>
          </ns3:TrackPointExtension>
        </extensions>
      </trkpt>
      <trkpt lat="49.50495067052543163299560546875" lon="5.93323535285890102386474609375">
        <ele>317.79998779296875</ele>
        <time>2026-09-05T16:27:15.000Z</time>
        <extensions>
          <ns3:TrackPointExtension>
            <ns3:atemp>24.0</ns3:atemp>
            <ns3:hr>199</ns3:hr>
            <ns3:cad>85</ns3:cad>
          </ns3:TrackPointExtension>
        </extensions>
      </trkpt>
      <trkpt lat="49.50496827252209186553955078125" lon="5.9332872368395328521728515625">
        <ele>317.79998779296875</ele>
        <time>2026-09-05T16:27:16.000Z</time>
        <extensions>
          <ns3:TrackPointExtension>
            <ns3:atemp>24.0</ns3:atemp>
            <ns3:hr>198</ns3:hr>
            <ns3:cad>85</ns3:cad>
          </ns3:TrackPointExtension>
        </extensions>
      </trkpt>
      <trkpt lat="49.504982270300388336181640625" lon="5.93332805670797824859619140625">
        <ele>317.79998779296875</ele>
        <time>2026-09-05T16:27:17.000Z</time>
        <extensions>
          <ns3:TrackPointExtension>
            <ns3:atemp>24.0</ns3:atemp>
            <ns3:hr>198</ns3:hr>
            <ns3:cad>87</ns3:cad>
          </ns3:TrackPointExtension>
        </extensions>
      </trkpt>
      <trkpt lat="49.50500397942960262298583984375" lon="5.93338153325021266937255859375">
        <ele>317.79998779296875</ele>
        <time>2026-09-05T16:27:18.000Z</time>
        <extensions>
          <ns3:TrackPointExtension>
            <ns3:atemp>24.0</ns3:atemp>
            <ns3:hr>198</ns3:hr>
            <ns3:cad>87</ns3:cad>
          </ns3:TrackPointExtension>
        </extensions>
      </trkpt>
      <trkpt lat="49.50502024032175540924072265625" lon="5.93343190848827362060546875">
        <ele>317.79998779296875</ele>
        <time>2026-09-05T16:27:19.000Z</time>
        <extensions>
          <ns3:TrackPointExtension>
            <ns3:atemp>24.0</ns3:atemp>
            <ns3:hr>198</ns3:hr>
            <ns3:cad>87</ns3:cad>
          </ns3:TrackPointExtension>
        </extensions>
      </trkpt>
      <trkpt lat="49.50504119507968425750732421875" lon="5.9334756620228290557861328125">
        <ele>317.79998779296875</ele>
        <time>2026-09-05T16:27:20.000Z</time>
        <extensions>
          <ns3:TrackPointExtension>
            <ns3:atemp>24.0</ns3:atemp>
            <ns3:hr>198</ns3:hr>
            <ns3:cad>85</ns3:cad>
          </ns3:TrackPointExtension>
        </extensions>
      </trkpt>
      <trkpt lat="49.50506080873310565948486328125" lon="5.9335266239941120147705078125">
        <ele>317.79998779296875</ele>
        <time>2026-09-05T16:27:21.000Z</time>
        <extensions>
          <ns3:TrackPointExtension>
            <ns3:atemp>24.0</ns3:atemp>
            <ns3:hr>198</ns3:hr>
            <ns3:cad>85</ns3:cad>
          </ns3:TrackPointExtension>
        </extensions>
      </trkpt>
      <trkpt lat="49.505084194242954254150390625" lon="5.9335638396441936492919921875">
        <ele>318</ele>
        <time>2026-09-05T16:27:22.000Z</time>
        <extensions>
          <ns3:TrackPointExtension>
            <ns3:atemp>24.0</ns3:atemp>
            <ns3:hr>198</ns3:hr>
            <ns3:cad>85</ns3:cad>
          </ns3:TrackPointExtension>
        </extensions>
      </trkpt>
      <trkpt lat="49.5051064901053905487060546875" lon="5.93361790291965007781982421875">
        <ele>318</ele>
        <time>2026-09-05T16:27:23.000Z</time>
        <extensions>
          <ns3:TrackPointExtension>
            <ns3:atemp>24.0</ns3:atemp>
            <ns3:hr>198</ns3:hr>
            <ns3:cad>85</ns3:cad>
          </ns3:TrackPointExtension>
        </extensions>
      </trkpt>
      <trkpt lat="49.50512903742492198944091796875" lon="5.933655202388763427734375">
        <ele>318</ele>
        <time>2026-09-05T16:27:24.000Z</time>
        <extensions>
          <ns3:TrackPointExtension>
            <ns3:atemp>24.0</ns3:atemp>
            <ns3:hr>198</ns3:hr>
            <ns3:cad>85</ns3:cad>
          </ns3:TrackPointExtension>
        </extensions>
      </trkpt>
      <trkpt lat="49.50515334494411945343017578125" lon="5.93370406888425350189208984375">
        <ele>318</ele>
        <time>2026-09-05T16:27:25.000Z</time>
        <extensions>
          <ns3:TrackPointExtension>
            <ns3:atemp>24.0</ns3:atemp>
            <ns3:hr>198</ns3:hr>
            <ns3:cad>86</ns3:cad>
          </ns3:TrackPointExtension>
        </extensions>
      </trkpt>
      <trkpt lat="49.5051745511591434478759765625" lon="5.933748744428157806396484375">
        <ele>318</ele>
        <time>2026-09-05T16:27:26.000Z</time>
        <extensions>
          <ns3:TrackPointExtension>
            <ns3:atemp>24.0</ns3:atemp>
            <ns3:hr>197</ns3:hr>
            <ns3:cad>86</ns3:cad>
          </ns3:TrackPointExtension>
        </extensions>
      </trkpt>
      <trkpt lat="49.50519877485930919647216796875" lon="5.93379132449626922607421875">
        <ele>318</ele>
        <time>2026-09-05T16:27:27.000Z</time>
        <extensions>
          <ns3:TrackPointExtension>
            <ns3:atemp>24.0</ns3:atemp>
            <ns3:hr>197</ns3:hr>
            <ns3:cad>86</ns3:cad>
          </ns3:TrackPointExtension>
        </extensions>
      </trkpt>
      <trkpt lat="49.5052191428840160369873046875" lon="5.93384119682013988494873046875">
        <ele>318</ele>
        <time>2026-09-05T16:27:28.000Z</time>
        <extensions>
          <ns3:TrackPointExtension>
            <ns3:atemp>24.0</ns3:atemp>
            <ns3:hr>197</ns3:hr>
            <ns3:cad>86</ns3:cad>
          </ns3:TrackPointExtension>
        </extensions>
      </trkpt>
      <trkpt lat="49.5052432827651500701904296875" lon="5.933872796595096588134765625">
        <ele>318</ele>
        <time>2026-09-05T16:27:29.000Z</time>
        <extensions>
          <ns3:TrackPointExtension>
            <ns3:atemp>24.0</ns3:atemp>
            <ns3:hr>197</ns3:hr>
            <ns3:cad>86</ns3:cad>
          </ns3:TrackPointExtension>
        </extensions>
      </trkpt>
      <trkpt lat="49.5052644051611423492431640625" lon="5.9339225850999355316162109375">
        <ele>318</ele>
        <time>2026-09-05T16:27:30.000Z</time>
        <extensions>
          <ns3:TrackPointExtension>
            <ns3:atemp>24.0</ns3:atemp>
            <ns3:hr>197</ns3:hr>
            <ns3:cad>85</ns3:cad>
          </ns3:TrackPointExtension>
        </extensions>
      </trkpt>
      <trkpt lat="49.50528745539486408233642578125" lon="5.9339544363319873809814453125">
        <ele>318</ele>
        <time>2026-09-05T16:27:31.000Z</time>
        <extensions>
          <ns3:TrackPointExtension>
            <ns3:atemp>24.0</ns3:atemp>
            <ns3:hr>197</ns3:hr>
            <ns3:cad>85</ns3:cad>
          </ns3:TrackPointExtension>
        </extensions>
      </trkpt>
      <trkpt lat="49.5053158700466156005859375" lon="5.9340012073516845703125">
        <ele>318</ele>
        <time>2026-09-05T16:27:32.000Z</time>
        <extensions>
          <ns3:TrackPointExtension>
            <ns3:atemp>24.0</ns3:atemp>
            <ns3:hr>196</ns3:hr>
            <ns3:cad>86</ns3:cad>
          </ns3:TrackPointExtension>
        </extensions>
      </trkpt>
      <trkpt lat="49.5053453743457794189453125" lon="5.93404747545719146728515625">
        <ele>317.79998779296875</ele>
        <time>2026-09-05T16:27:33.000Z</time>
        <extensions>
          <ns3:TrackPointExtension>
            <ns3:atemp>24.0</ns3:atemp>
            <ns3:hr>196</ns3:hr>
            <ns3:cad>86</ns3:cad>
          </ns3:TrackPointExtension>
        </extensions>
      </trkpt>
      <trkpt lat="49.50537412427365779876708984375" lon="5.93410070054233074188232421875">
        <ele>317.79998779296875</ele>
        <time>2026-09-05T16:27:34.000Z</time>
        <extensions>
          <ns3:TrackPointExtension>
            <ns3:atemp>24.0</ns3:atemp>
            <ns3:hr>196</ns3:hr>
            <ns3:cad>86</ns3:cad>
          </ns3:TrackPointExtension>
        </extensions>
      </trkpt>
      <trkpt lat="49.5053958334028720855712890625" lon="5.93415208160877227783203125">
        <ele>317.600006103515625</ele>
        <time>2026-09-05T16:27:35.000Z</time>
        <extensions>
          <ns3:TrackPointExtension>
            <ns3:atemp>24.0</ns3:atemp>
            <ns3:hr>197</ns3:hr>
            <ns3:cad>86</ns3:cad>
          </ns3:TrackPointExtension>
        </extensions>
      </trkpt>
      <trkpt lat="49.5054226554930210113525390625" lon="5.93418753705918788909912109375">
        <ele>317.399993896484375</ele>
        <time>2026-09-05T16:27:36.000Z</time>
        <extensions>
          <ns3:TrackPointExtension>
            <ns3:atemp>24.0</ns3:atemp>
            <ns3:hr>198</ns3:hr>
            <ns3:cad>85</ns3:cad>
          </ns3:TrackPointExtension>
        </extensions>
      </trkpt>
      <trkpt lat="49.5054444484412670135498046875" lon="5.93423699028789997100830078125">
        <ele>317.20001220703125</ele>
        <time>2026-09-05T16:27:37.000Z</time>
        <extensions>
          <ns3:TrackPointExtension>
            <ns3:atemp>24.0</ns3:atemp>
            <ns3:hr>198</ns3:hr>
            <ns3:cad>85</ns3:cad>
          </ns3:TrackPointExtension>
        </extensions>
      </trkpt>
      <trkpt lat="49.50546816922724246978759765625" lon="5.9342692606151103973388671875">
        <ele>317.20001220703125</ele>
        <time>2026-09-05T16:27:38.000Z</time>
        <extensions>
          <ns3:TrackPointExtension>
            <ns3:atemp>24.0</ns3:atemp>
            <ns3:hr>198</ns3:hr>
            <ns3:cad>86</ns3:cad>
          </ns3:TrackPointExtension>
        </extensions>
      </trkpt>
      <trkpt lat="49.50549515895545482635498046875" lon="5.9343158639967441558837890625">
        <ele>317</ele>
        <time>2026-09-05T16:27:39.000Z</time>
        <extensions>
          <ns3:TrackPointExtension>
            <ns3:atemp>24.0</ns3:atemp>
            <ns3:hr>199</ns3:hr>
            <ns3:cad>87</ns3:cad>
          </ns3:TrackPointExtension>
        </extensions>
      </trkpt>
      <trkpt lat="49.50551443733274936676025390625" lon="5.934355258941650390625">
        <ele>317</ele>
        <time>2026-09-05T16:27:40.000Z</time>
        <extensions>
          <ns3:TrackPointExtension>
            <ns3:atemp>24.0</ns3:atemp>
            <ns3:hr>199</ns3:hr>
            <ns3:cad>87</ns3:cad>
          </ns3:TrackPointExtension>
        </extensions>
      </trkpt>
      <trkpt lat="49.505537487566471099853515625" lon="5.93439348042011260986328125">
        <ele>317</ele>
        <time>2026-09-05T16:27:41.000Z</time>
        <extensions>
          <ns3:TrackPointExtension>
            <ns3:atemp>24.0</ns3:atemp>
            <ns3:hr>199</ns3:hr>
            <ns3:cad>86</ns3:cad>
          </ns3:TrackPointExtension>
        </extensions>
      </trkpt>
      <trkpt lat="49.50555785559117794036865234375" lon="5.9344397485256195068359375">
        <ele>317</ele>
        <time>2026-09-05T16:27:42.000Z</time>
        <extensions>
          <ns3:TrackPointExtension>
            <ns3:atemp>24.0</ns3:atemp>
            <ns3:hr>199</ns3:hr>
            <ns3:cad>85</ns3:cad>
          </ns3:TrackPointExtension>
        </extensions>
      </trkpt>
      <trkpt lat="49.50557981617748737335205078125" lon="5.9344710968434810638427734375">
        <ele>317</ele>
        <time>2026-09-05T16:27:43.000Z</time>
        <extensions>
          <ns3:TrackPointExtension>
            <ns3:atemp>24.0</ns3:atemp>
            <ns3:hr>199</ns3:hr>
            <ns3:cad>85</ns3:cad>
          </ns3:TrackPointExtension>
        </extensions>
      </trkpt>
      <trkpt lat="49.50560630299150943756103515625" lon="5.93452222645282745361328125">
        <ele>317</ele>
        <time>2026-09-05T16:27:44.000Z</time>
        <extensions>
          <ns3:TrackPointExtension>
            <ns3:atemp>24.0</ns3:atemp>
            <ns3:hr>198</ns3:hr>
            <ns3:cad>85</ns3:cad>
          </ns3:TrackPointExtension>
        </extensions>
      </trkpt>
      <trkpt lat="49.50562893413007259368896484375" lon="5.93455634079873561859130859375">
        <ele>316.79998779296875</ele>
        <time>2026-09-05T16:27:45.000Z</time>
        <extensions>
          <ns3:TrackPointExtension>
            <ns3:atemp>24.0</ns3:atemp>
            <ns3:hr>198</ns3:hr>
            <ns3:cad>85</ns3:cad>
          </ns3:TrackPointExtension>
        </extensions>
      </trkpt>
      <trkpt lat="49.50565340928733348846435546875" lon="5.93460110016167163848876953125">
        <ele>317</ele>
        <time>2026-09-05T16:27:46.000Z</time>
        <extensions>
          <ns3:TrackPointExtension>
            <ns3:atemp>24.0</ns3:atemp>
            <ns3:hr>198</ns3:hr>
            <ns3:cad>85</ns3:cad>
          </ns3:TrackPointExtension>
        </extensions>
      </trkpt>
      <trkpt lat="49.50567662715911865234375" lon="5.934642255306243896484375">
        <ele>317</ele>
        <time>2026-09-05T16:27:47.000Z</time>
        <extensions>
          <ns3:TrackPointExtension>
            <ns3:atemp>24.0</ns3:atemp>
            <ns3:hr>198</ns3:hr>
            <ns3:cad>85</ns3:cad>
          </ns3:TrackPointExtension>
        </extensions>
      </trkpt>
      <trkpt lat="49.50570537708699703216552734375" lon="5.9346863441169261932373046875">
        <ele>316.79998779296875</ele>
        <time>2026-09-05T16:27:48.000Z</time>
        <extensions>
          <ns3:TrackPointExtension>
            <ns3:atemp>24.0</ns3:atemp>
            <ns3:hr>198</ns3:hr>
            <ns3:cad>85</ns3:cad>
          </ns3:TrackPointExtension>
        </extensions>
      </trkpt>
      <trkpt lat="49.505727253854274749755859375" lon="5.93473286367952823638916015625">
        <ele>316.79998779296875</ele>
        <time>2026-09-05T16:27:49.000Z</time>
        <extensions>
          <ns3:TrackPointExtension>
            <ns3:atemp>24.0</ns3:atemp>
            <ns3:hr>198</ns3:hr>
            <ns3:cad>86</ns3:cad>
          </ns3:TrackPointExtension>
        </extensions>
      </trkpt>
      <trkpt lat="49.50575265102088451385498046875" lon="5.93476840294897556304931640625">
        <ele>316.79998779296875</ele>
        <time>2026-09-05T16:27:50.000Z</time>
        <extensions>
          <ns3:TrackPointExtension>
            <ns3:atemp>24.0</ns3:atemp>
            <ns3:hr>197</ns3:hr>
            <ns3:cad>86</ns3:cad>
          </ns3:TrackPointExtension>
        </extensions>
      </trkpt>
      <trkpt lat="49.50577628798782825469970703125" lon="5.93481919728219509124755859375">
        <ele>316.79998779296875</ele>
        <time>2026-09-05T16:27:51.000Z</time>
        <extensions>
          <ns3:TrackPointExtension>
            <ns3:atemp>24.0</ns3:atemp>
            <ns3:hr>197</ns3:hr>
            <ns3:cad>86</ns3:cad>
          </ns3:TrackPointExtension>
        </extensions>
      </trkpt>
      <trkpt lat="49.505803026258945465087890625" lon="5.93485188670456409454345703125">
        <ele>316.600006103515625</ele>
        <time>2026-09-05T16:27:52.000Z</time>
        <extensions>
          <ns3:TrackPointExtension>
            <ns3:atemp>24.0</ns3:atemp>
            <ns3:hr>197</ns3:hr>
            <ns3:cad>87</ns3:cad>
          </ns3:TrackPointExtension>
        </extensions>
      </trkpt>
      <trkpt lat="49.505830518901348114013671875" lon="5.9349022619426250457763671875">
        <ele>316.600006103515625</ele>
        <time>2026-09-05T16:27:53.000Z</time>
        <extensions>
          <ns3:TrackPointExtension>
            <ns3:atemp>24.0</ns3:atemp>
            <ns3:hr>199</ns3:hr>
            <ns3:cad>87</ns3:cad>
          </ns3:TrackPointExtension>
        </extensions>
      </trkpt>
      <trkpt lat="49.50585507787764072418212890625" lon="5.93494006432592868804931640625">
        <ele>316.600006103515625</ele>
        <time>2026-09-05T16:27:54.000Z</time>
        <extensions>
          <ns3:TrackPointExtension>
            <ns3:atemp>24.0</ns3:atemp>
            <ns3:hr>199</ns3:hr>
            <ns3:cad>87</ns3:cad>
          </ns3:TrackPointExtension>
        </extensions>
      </trkpt>
      <trkpt lat="49.50588307343423366546630859375" lon="5.93498356640338897705078125">
        <ele>316.600006103515625</ele>
        <time>2026-09-05T16:27:55.000Z</time>
        <extensions>
          <ns3:TrackPointExtension>
            <ns3:atemp>24.0</ns3:atemp>
            <ns3:hr>198</ns3:hr>
            <ns3:cad>87</ns3:cad>
          </ns3:TrackPointExtension>
        </extensions>
      </trkpt>
      <trkpt lat="49.505904950201511383056640625" lon="5.9350256435573101043701171875">
        <ele>316.600006103515625</ele>
        <time>2026-09-05T16:27:56.000Z</time>
        <extensions>
          <ns3:TrackPointExtension>
            <ns3:atemp>24.0</ns3:atemp>
            <ns3:hr>198</ns3:hr>
            <ns3:cad>86</ns3:cad>
          </ns3:TrackPointExtension>
        </extensions>
      </trkpt>
      <trkpt lat="49.5059300959110260009765625" lon="5.93505841679871082305908203125">
        <ele>316.600006103515625</ele>
        <time>2026-09-05T16:27:57.000Z</time>
        <extensions>
          <ns3:TrackPointExtension>
            <ns3:atemp>24.0</ns3:atemp>
            <ns3:hr>198</ns3:hr>
            <ns3:cad>87</ns3:cad>
          </ns3:TrackPointExtension>
        </extensions>
      </trkpt>
      <trkpt lat="49.50595582835376262664794921875" lon="5.93510267324745655059814453125">
        <ele>316.600006103515625</ele>
        <time>2026-09-05T16:27:58.000Z</time>
        <extensions>
          <ns3:TrackPointExtension>
            <ns3:atemp>24.0</ns3:atemp>
            <ns3:hr>198</ns3:hr>
            <ns3:cad>86</ns3:cad>
          </ns3:TrackPointExtension>
        </extensions>
      </trkpt>
      <trkpt lat="49.50597862713038921356201171875" lon="5.9351319260895252227783203125">
        <ele>316.600006103515625</ele>
        <time>2026-09-05T16:27:59.000Z</time>
        <extensions>
          <ns3:TrackPointExtension>
            <ns3:atemp>24.0</ns3:atemp>
            <ns3:hr>198</ns3:hr>
            <ns3:cad>86</ns3:cad>
          </ns3:TrackPointExtension>
        </extensions>
      </trkpt>
      <trkpt lat="49.50600477866828441619873046875" lon="5.9351765178143978118896484375">
        <ele>316.600006103515625</ele>
        <time>2026-09-05T16:28:00.000Z</time>
        <extensions>
          <ns3:TrackPointExtension>
            <ns3:atemp>24.0</ns3:atemp>
            <ns3:hr>198</ns3:hr>
            <ns3:cad>86</ns3:cad>
          </ns3:TrackPointExtension>
        </extensions>
      </trkpt>
      <trkpt lat="49.50602791272103786468505859375" lon="5.93521499074995517730712890625">
        <ele>316.600006103515625</ele>
        <time>2026-09-05T16:28:01.000Z</time>
        <extensions>
          <ns3:TrackPointExtension>
            <ns3:atemp>24.0</ns3:atemp>
            <ns3:hr>198</ns3:hr>
            <ns3:cad>85</ns3:cad>
          </ns3:TrackPointExtension>
        </extensions>
      </trkpt>
      <trkpt lat="49.5060512982308864593505859375" lon="5.93525539152324199676513671875">
        <ele>316.600006103515625</ele>
        <time>2026-09-05T16:28:02.000Z</time>
        <extensions>
          <ns3:TrackPointExtension>
            <ns3:atemp>24.0</ns3:atemp>
            <ns3:hr>198</ns3:hr>
            <ns3:cad>85</ns3:cad>
          </ns3:TrackPointExtension>
        </extensions>
      </trkpt>
      <trkpt lat="49.50607418082654476165771484375" lon="5.93530249781906604766845703125">
        <ele>316.79998779296875</ele>
        <time>2026-09-05T16:28:03.000Z</time>
        <extensions>
          <ns3:TrackPointExtension>
            <ns3:atemp>24.0</ns3:atemp>
            <ns3:hr>198</ns3:hr>
            <ns3:cad>85</ns3:cad>
          </ns3:TrackPointExtension>
        </extensions>
      </trkpt>
      <trkpt lat="49.50609697960317134857177734375" lon="5.935337282717227935791015625">
        <ele>316.600006103515625</ele>
        <time>2026-09-05T16:28:04.000Z</time>
        <extensions>
          <ns3:TrackPointExtension>
            <ns3:atemp>24.0</ns3:atemp>
            <ns3:hr>198</ns3:hr>
            <ns3:cad>85</ns3:cad>
          </ns3:TrackPointExtension>
        </extensions>
      </trkpt>
      <trkpt lat="49.50612162239849567413330078125" lon="5.9353874064981937408447265625">
        <ele>316.600006103515625</ele>
        <time>2026-09-05T16:28:05.000Z</time>
        <extensions>
          <ns3:TrackPointExtension>
            <ns3:atemp>25.0</ns3:atemp>
            <ns3:hr>197</ns3:hr>
            <ns3:cad>85</ns3:cad>
          </ns3:TrackPointExtension>
        </extensions>
      </trkpt>
      <trkpt lat="49.5061485283076763153076171875" lon="5.93541967682540416717529296875">
        <ele>316.600006103515625</ele>
        <time>2026-09-05T16:28:06.000Z</time>
        <extensions>
          <ns3:TrackPointExtension>
            <ns3:atemp>24.0</ns3:atemp>
            <ns3:hr>197</ns3:hr>
            <ns3:cad>85</ns3:cad>
          </ns3:TrackPointExtension>
        </extensions>
      </trkpt>
      <trkpt lat="49.50617493130266666412353515625" lon="5.93547047115862369537353515625">
        <ele>316.600006103515625</ele>
        <time>2026-09-05T16:28:07.000Z</time>
        <extensions>
          <ns3:TrackPointExtension>
            <ns3:atemp>24.0</ns3:atemp>
            <ns3:hr>197</ns3:hr>
            <ns3:cad>86</ns3:cad>
          </ns3:TrackPointExtension>
        </extensions>
      </trkpt>
      <trkpt lat="49.5062009990215301513671875" lon="5.93550265766680240631103515625">
        <ele>316.399993896484375</ele>
        <time>2026-09-05T16:28:08.000Z</time>
        <extensions>
          <ns3:TrackPointExtension>
            <ns3:atemp>25.0</ns3:atemp>
            <ns3:hr>198</ns3:hr>
            <ns3:cad>86</ns3:cad>
          </ns3:TrackPointExtension>
        </extensions>
      </trkpt>
      <trkpt lat="49.5062289945781230926513671875" lon="5.93554993160068988800048828125">
        <ele>316.399993896484375</ele>
        <time>2026-09-05T16:28:09.000Z</time>
        <extensions>
          <ns3:TrackPointExtension>
            <ns3:atemp>25.0</ns3:atemp>
            <ns3:hr>198</ns3:hr>
            <ns3:cad>86</ns3:cad>
          </ns3:TrackPointExtension>
        </extensions>
      </trkpt>
      <trkpt lat="49.5062506198883056640625" lon="5.93558899126946926116943359375">
        <ele>316.600006103515625</ele>
        <time>2026-09-05T16:28:10.000Z</time>
        <extensions>
          <ns3:TrackPointExtension>
            <ns3:atemp>24.0</ns3:atemp>
            <ns3:hr>198</ns3:hr>
            <ns3:cad>87</ns3:cad>
          </ns3:TrackPointExtension>
        </extensions>
      </trkpt>
      <trkpt lat="49.50627651996910572052001953125" lon="5.93562922440469264984130859375">
        <ele>316.399993896484375</ele>
        <time>2026-09-05T16:28:11.000Z</time>
        <extensions>
          <ns3:TrackPointExtension>
            <ns3:atemp>24.0</ns3:atemp>
            <ns3:hr>198</ns3:hr>
            <ns3:cad>87</ns3:cad>
          </ns3:TrackPointExtension>
        </extensions>
      </trkpt>
      <trkpt lat="49.50629982165992259979248046875" lon="5.9356770850718021392822265625">
        <ele>316.600006103515625</ele>
        <time>2026-09-05T16:28:12.000Z</time>
        <extensions>
          <ns3:TrackPointExtension>
            <ns3:atemp>25.0</ns3:atemp>
            <ns3:hr>198</ns3:hr>
            <ns3:cad>87</ns3:cad>
          </ns3:TrackPointExtension>
        </extensions>
      </trkpt>
      <trkpt lat="49.50632697902619838714599609375" lon="5.93571136705577373504638671875">
        <ele>316.600006103515625</ele>
        <time>2026-09-05T16:28:13.000Z</time>
        <extensions>
          <ns3:TrackPointExtension>
            <ns3:atemp>25.0</ns3:atemp>
            <ns3:hr>198</ns3:hr>
            <ns3:cad>86</ns3:cad>
          </ns3:TrackPointExtension>
        </extensions>
      </trkpt>
      <trkpt lat="49.506352879106998443603515625" lon="5.93576266430318355560302734375">
        <ele>316.600006103515625</ele>
        <time>2026-09-05T16:28:14.000Z</time>
        <extensions>
          <ns3:TrackPointExtension>
            <ns3:atemp>25.0</ns3:atemp>
            <ns3:hr>197</ns3:hr>
            <ns3:cad>86</ns3:cad>
          </ns3:TrackPointExtension>
        </extensions>
      </trkpt>
      <trkpt lat="49.506379030644893646240234375" lon="5.93579401262104511260986328125">
        <ele>316.600006103515625</ele>
        <time>2026-09-05T16:28:15.000Z</time>
        <extensions>
          <ns3:TrackPointExtension>
            <ns3:atemp>25.0</ns3:atemp>
            <ns3:hr>197</ns3:hr>
            <ns3:cad>86</ns3:cad>
          </ns3:TrackPointExtension>
        </extensions>
      </trkpt>
      <trkpt lat="49.5064080320298671722412109375" lon="5.93584329821169376373291015625">
        <ele>316.600006103515625</ele>
        <time>2026-09-05T16:28:16.000Z</time>
        <extensions>
          <ns3:TrackPointExtension>
            <ns3:atemp>25.0</ns3:atemp>
            <ns3:hr>196</ns3:hr>
            <ns3:cad>86</ns3:cad>
          </ns3:TrackPointExtension>
        </extensions>
      </trkpt>
      <trkpt lat="49.506430663168430328369140625" lon="5.93588344752788543701171875">
        <ele>316.600006103515625</ele>
        <time>2026-09-05T16:28:17.000Z</time>
        <extensions>
          <ns3:TrackPointExtension>
            <ns3:atemp>25.0</ns3:atemp>
            <ns3:hr>196</ns3:hr>
            <ns3:cad>86</ns3:cad>
          </ns3:TrackPointExtension>
        </extensions>
      </trkpt>
      <trkpt lat="49.50645706616342067718505859375" lon="5.93592527322471141815185546875">
        <ele>316.600006103515625</ele>
        <time>2026-09-05T16:28:18.000Z</time>
        <extensions>
          <ns3:TrackPointExtension>
            <ns3:atemp>25.0</ns3:atemp>
            <ns3:hr>196</ns3:hr>
            <ns3:cad>86</ns3:cad>
          </ns3:TrackPointExtension>
        </extensions>
      </trkpt>
      <trkpt lat="49.50648103840649127960205078125" lon="5.9359701164066791534423828125">
        <ele>316.79998779296875</ele>
        <time>2026-09-05T16:28:19.000Z</time>
        <extensions>
          <ns3:TrackPointExtension>
            <ns3:atemp>25.0</ns3:atemp>
            <ns3:hr>196</ns3:hr>
            <ns3:cad>86</ns3:cad>
          </ns3:TrackPointExtension>
        </extensions>
      </trkpt>
      <trkpt lat="49.50650534592568874359130859375" lon="5.93600749969482421875">
        <ele>316.79998779296875</ele>
        <time>2026-09-05T16:28:20.000Z</time>
        <extensions>
          <ns3:TrackPointExtension>
            <ns3:atemp>25.0</ns3:atemp>
            <ns3:hr>196</ns3:hr>
            <ns3:cad>86</ns3:cad>
          </ns3:TrackPointExtension>
        </extensions>
      </trkpt>
      <trkpt lat="49.5065273903310298919677734375" lon="5.93605385161936283111572265625">
        <ele>316.600006103515625</ele>
        <time>2026-09-05T16:28:21.000Z</time>
        <extensions>
          <ns3:TrackPointExtension>
            <ns3:atemp>25.0</ns3:atemp>
            <ns3:hr>196</ns3:hr>
            <ns3:cad>86</ns3:cad>
          </ns3:TrackPointExtension>
        </extensions>
      </trkpt>
      <trkpt lat="49.5065532065927982330322265625" lon="5.93608503229916095733642578125">
        <ele>316.600006103515625</ele>
        <time>2026-09-05T16:28:22.000Z</time>
        <extensions>
          <ns3:TrackPointExtension>
            <ns3:atemp>25.0</ns3:atemp>
            <ns3:hr>196</ns3:hr>
            <ns3:cad>86</ns3:cad>
          </ns3:TrackPointExtension>
        </extensions>
      </trkpt>
      <trkpt lat="49.50658321380615234375" lon="5.93613230623304843902587890625">
        <ele>316.600006103515625</ele>
        <time>2026-09-05T16:28:23.000Z</time>
        <extensions>
          <ns3:TrackPointExtension>
            <ns3:atemp>25.0</ns3:atemp>
            <ns3:hr>196</ns3:hr>
            <ns3:cad>86</ns3:cad>
          </ns3:TrackPointExtension>
        </extensions>
      </trkpt>
      <trkpt lat="49.50660743750631809234619140625" lon="5.9361652471125125885009765625">
        <ele>316.399993896484375</ele>
        <time>2026-09-05T16:28:24.000Z</time>
        <extensions>
          <ns3:TrackPointExtension>
            <ns3:atemp>25.0</ns3:atemp>
            <ns3:hr>196</ns3:hr>
            <ns3:cad>86</ns3:cad>
          </ns3:TrackPointExtension>
        </extensions>
      </trkpt>
      <trkpt lat="49.50663593597710132598876953125" lon="5.936208665370941162109375">
        <ele>316.399993896484375</ele>
        <time>2026-09-05T16:28:25.000Z</time>
        <extensions>
          <ns3:TrackPointExtension>
            <ns3:atemp>25.0</ns3:atemp>
            <ns3:hr>196</ns3:hr>
            <ns3:cad>87</ns3:cad>
          </ns3:TrackPointExtension>
        </extensions>
      </trkpt>
      <trkpt lat="49.5066568069159984588623046875" lon="5.93624982051551342010498046875">
        <ele>316.399993896484375</ele>
        <time>2026-09-05T16:28:26.000Z</time>
        <extensions>
          <ns3:TrackPointExtension>
            <ns3:atemp>25.0</ns3:atemp>
            <ns3:hr>196</ns3:hr>
            <ns3:cad>87</ns3:cad>
          </ns3:TrackPointExtension>
        </extensions>
      </trkpt>
      <trkpt lat="49.50667901895940303802490234375" lon="5.9362866170704364776611328125">
        <ele>316.399993896484375</ele>
        <time>2026-09-05T16:28:27.000Z</time>
        <extensions>
          <ns3:TrackPointExtension>
            <ns3:atemp>25.0</ns3:atemp>
            <ns3:hr>195</ns3:hr>
            <ns3:cad>86</ns3:cad>
          </ns3:TrackPointExtension>
        </extensions>
      </trkpt>
      <trkpt lat="49.50670148245990276336669921875" lon="5.936333723366260528564453125">
        <ele>316.399993896484375</ele>
        <time>2026-09-05T16:28:28.000Z</time>
        <extensions>
          <ns3:TrackPointExtension>
            <ns3:atemp>25.0</ns3:atemp>
            <ns3:hr>195</ns3:hr>
            <ns3:cad>86</ns3:cad>
          </ns3:TrackPointExtension>
        </extensions>
      </trkpt>
      <trkpt lat="49.5067245326936244964599609375" lon="5.9363640658557415008544921875">
        <ele>316.399993896484375</ele>
        <time>2026-09-05T16:28:29.000Z</time>
        <extensions>
          <ns3:TrackPointExtension>
            <ns3:atemp>25.0</ns3:atemp>
            <ns3:hr>196</ns3:hr>
            <ns3:cad>86</ns3:cad>
          </ns3:TrackPointExtension>
        </extensions>
      </trkpt>
      <trkpt lat="49.50674959458410739898681640625" lon="5.9364170394837856292724609375">
        <ele>316.399993896484375</ele>
        <time>2026-09-05T16:28:30.000Z</time>
        <extensions>
          <ns3:TrackPointExtension>
            <ns3:atemp>25.0</ns3:atemp>
            <ns3:hr>196</ns3:hr>
            <ns3:cad>86</ns3:cad>
          </ns3:TrackPointExtension>
        </extensions>
      </trkpt>
      <trkpt lat="49.506774656474590301513671875" lon="5.93644679524004459381103515625">
        <ele>316.399993896484375</ele>
        <time>2026-09-05T16:28:31.000Z</time>
        <extensions>
          <ns3:TrackPointExtension>
            <ns3:atemp>25.0</ns3:atemp>
            <ns3:hr>197</ns3:hr>
            <ns3:cad>86</ns3:cad>
          </ns3:TrackPointExtension>
        </extensions>
      </trkpt>
      <trkpt lat="49.506802819669246673583984375" lon="5.9364914707839488983154296875">
        <ele>316.399993896484375</ele>
        <time>2026-09-05T16:28:32.000Z</time>
        <extensions>
          <ns3:TrackPointExtension>
            <ns3:atemp>25.0</ns3:atemp>
            <ns3:hr>198</ns3:hr>
            <ns3:cad>86</ns3:cad>
          </ns3:TrackPointExtension>
        </extensions>
      </trkpt>
      <trkpt lat="49.5068247802555561065673828125" lon="5.93652977608144283294677734375">
        <ele>316.20001220703125</ele>
        <time>2026-09-05T16:28:33.000Z</time>
        <extensions>
          <ns3:TrackPointExtension>
            <ns3:atemp>25.0</ns3:atemp>
            <ns3:hr>198</ns3:hr>
            <ns3:cad>86</ns3:cad>
          </ns3:TrackPointExtension>
        </extensions>
      </trkpt>
      <trkpt lat="49.50684933923184871673583984375" lon="5.9365605376660823822021484375">
        <ele>316.20001220703125</ele>
        <time>2026-09-05T16:28:34.000Z</time>
        <extensions>
          <ns3:TrackPointExtension>
            <ns3:atemp>25.0</ns3:atemp>
            <ns3:hr>198</ns3:hr>
            <ns3:cad>86</ns3:cad>
          </ns3:TrackPointExtension>
        </extensions>
      </trkpt>
      <trkpt lat="49.5068720541894435882568359375" lon="5.9366057999432086944580078125">
        <ele>316.20001220703125</ele>
        <time>2026-09-05T16:28:35.000Z</time>
        <extensions>
          <ns3:TrackPointExtension>
            <ns3:atemp>25.0</ns3:atemp>
            <ns3:hr>198</ns3:hr>
            <ns3:cad>86</ns3:cad>
          </ns3:TrackPointExtension>
        </extensions>
      </trkpt>
      <trkpt lat="49.506896026432514190673828125" lon="5.9366413392126560211181640625">
        <ele>316.20001220703125</ele>
        <time>2026-09-05T16:28:36.000Z</time>
        <extensions>
          <ns3:TrackPointExtension>
            <ns3:atemp>25.0</ns3:atemp>
            <ns3:hr>197</ns3:hr>
            <ns3:cad>87</ns3:cad>
          </ns3:TrackPointExtension>
        </extensions>
      </trkpt>
      <trkpt lat="49.506920166313648223876953125" lon="5.93668936751782894134521484375">
        <ele>316</ele>
        <time>2026-09-05T16:28:37.000Z</time>
        <extensions>
          <ns3:TrackPointExtension>
            <ns3:atemp>25.0</ns3:atemp>
            <ns3:hr>197</ns3:hr>
            <ns3:cad>87</ns3:cad>
          </ns3:TrackPointExtension>
        </extensions>
      </trkpt>
      <trkpt lat="49.50694221071898937225341796875" lon="5.9367214702069759368896484375">
        <ele>316</ele>
        <time>2026-09-05T16:28:38.000Z</time>
        <extensions>
          <ns3:TrackPointExtension>
            <ns3:atemp>25.0</ns3:atemp>
            <ns3:hr>198</ns3:hr>
            <ns3:cad>85</ns3:cad>
          </ns3:TrackPointExtension>
        </extensions>
      </trkpt>
      <trkpt lat="49.5069669373333454132080078125" lon="5.9367674030363559722900390625">
        <ele>316</ele>
        <time>2026-09-05T16:28:39.000Z</time>
        <extensions>
          <ns3:TrackPointExtension>
            <ns3:atemp>25.0</ns3:atemp>
            <ns3:hr>197</ns3:hr>
            <ns3:cad>85</ns3:cad>
          </ns3:TrackPointExtension>
        </extensions>
      </trkpt>
      <trkpt lat="49.5069860480725765228271484375" lon="5.93680419959127902984619140625">
        <ele>316.20001220703125</ele>
        <time>2026-09-05T16:28:40.000Z</time>
        <extensions>
          <ns3:TrackPointExtension>
            <ns3:atemp>25.0</ns3:atemp>
            <ns3:hr>197</ns3:hr>
            <ns3:cad>85</ns3:cad>
          </ns3:TrackPointExtension>
        </extensions>
      </trkpt>
      <trkpt lat="49.5070058293640613555908203125" lon="5.93683957122266292572021484375">
        <ele>316</ele>
        <time>2026-09-05T16:28:41.000Z</time>
        <extensions>
          <ns3:TrackPointExtension>
            <ns3:atemp>25.0</ns3:atemp>
            <ns3:hr>197</ns3:hr>
            <ns3:cad>85</ns3:cad>
          </ns3:TrackPointExtension>
        </extensions>
      </trkpt>
      <trkpt lat="49.507025443017482757568359375" lon="5.93688701279461383819580078125">
        <ele>316</ele>
        <time>2026-09-05T16:28:42.000Z</time>
        <extensions>
          <ns3:TrackPointExtension>
            <ns3:atemp>25.0</ns3:atemp>
            <ns3:hr>197</ns3:hr>
            <ns3:cad>85</ns3:cad>
          </ns3:TrackPointExtension>
        </extensions>
      </trkpt>
      <trkpt lat="49.5070393569767475128173828125" lon="5.93692037276923656463623046875">
        <ele>316.20001220703125</ele>
        <time>2026-09-05T16:28:43.000Z</time>
        <extensions>
          <ns3:TrackPointExtension>
            <ns3:atemp>25.0</ns3:atemp>
            <ns3:hr>196</ns3:hr>
            <ns3:cad>85</ns3:cad>
          </ns3:TrackPointExtension>
        </extensions>
      </trkpt>
      <trkpt lat="49.50703089125454425811767578125" lon="5.9369786269962787628173828125">
        <ele>316.20001220703125</ele>
        <time>2026-09-05T16:28:44.000Z</time>
        <extensions>
          <ns3:TrackPointExtension>
            <ns3:atemp>25.0</ns3:atemp>
            <ns3:hr>197</ns3:hr>
            <ns3:cad>85</ns3:cad>
          </ns3:TrackPointExtension>
        </extensions>
      </trkpt>
      <trkpt lat="49.5070195756852626800537109375" lon="5.937020368874073028564453125">
        <ele>316</ele>
        <time>2026-09-05T16:28:45.000Z</time>
        <extensions>
          <ns3:TrackPointExtension>
            <ns3:atemp>25.0</ns3:atemp>
            <ns3:hr>198</ns3:hr>
            <ns3:cad>85</ns3:cad>
          </ns3:TrackPointExtension>
        </extensions>
      </trkpt>
      <trkpt lat="49.50700700283050537109375" lon="5.937067978084087371826171875">
        <ele>315.79998779296875</ele>
        <time>2026-09-05T16:28:46.000Z</time>
        <extensions>
          <ns3:TrackPointExtension>
            <ns3:atemp>25.0</ns3:atemp>
            <ns3:hr>198</ns3:hr>
            <ns3:cad>85</ns3:cad>
          </ns3:TrackPointExtension>
        </extensions>
      </trkpt>
      <trkpt lat="49.50698562897741794586181640625" lon="5.9371103905141353607177734375">
        <ele>315.79998779296875</ele>
        <time>2026-09-05T16:28:47.000Z</time>
        <extensions>
          <ns3:TrackPointExtension>
            <ns3:atemp>25.0</ns3:atemp>
            <ns3:hr>198</ns3:hr>
            <ns3:cad>85</ns3:cad>
          </ns3:TrackPointExtension>
        </extensions>
      </trkpt>
      <trkpt lat="49.506973139941692352294921875" lon="5.93715305440127849578857421875">
        <ele>315.79998779296875</ele>
        <time>2026-09-05T16:28:48.000Z</time>
        <extensions>
          <ns3:TrackPointExtension>
            <ns3:atemp>25.0</ns3:atemp>
            <ns3:hr>197</ns3:hr>
            <ns3:cad>85</ns3:cad>
          </ns3:TrackPointExtension>
        </extensions>
      </trkpt>
      <trkpt lat="49.50694992206990718841552734375" lon="5.93720552511513233184814453125">
        <ele>315.600006103515625</ele>
        <time>2026-09-05T16:28:49.000Z</time>
        <extensions>
          <ns3:TrackPointExtension>
            <ns3:atemp>25.0</ns3:atemp>
            <ns3:hr>196</ns3:hr>
            <ns3:cad>85</ns3:cad>
          </ns3:TrackPointExtension>
        </extensions>
      </trkpt>
      <trkpt lat="49.506934247910976409912109375" lon="5.93725003302097320556640625">
        <ele>315.600006103515625</ele>
        <time>2026-09-05T16:28:50.000Z</time>
        <extensions>
          <ns3:TrackPointExtension>
            <ns3:atemp>25.0</ns3:atemp>
            <ns3:hr>196</ns3:hr>
            <ns3:cad>85</ns3:cad>
          </ns3:TrackPointExtension>
        </extensions>
      </trkpt>
      <trkpt lat="49.50691672973334789276123046875" lon="5.93729722313582897186279296875">
        <ele>315.399993896484375</ele>
        <time>2026-09-05T16:28:51.000Z</time>
        <extensions>
          <ns3:TrackPointExtension>
            <ns3:atemp>25.0</ns3:atemp>
            <ns3:hr>196</ns3:hr>
            <ns3:cad>85</ns3:cad>
          </ns3:TrackPointExtension>
        </extensions>
      </trkpt>
      <trkpt lat="49.506892673671245574951171875" lon="5.93734701164066791534423828125">
        <ele>315.399993896484375</ele>
        <time>2026-09-05T16:28:52.000Z</time>
        <extensions>
          <ns3:TrackPointExtension>
            <ns3:atemp>25.0</ns3:atemp>
            <ns3:hr>196</ns3:hr>
            <ns3:cad>85</ns3:cad>
          </ns3:TrackPointExtension>
        </extensions>
      </trkpt>
      <trkpt lat="49.50687884353101253509521484375" lon="5.937389172613620758056640625">
        <ele>315.399993896484375</ele>
        <time>2026-09-05T16:28:53.000Z</time>
        <extensions>
          <ns3:TrackPointExtension>
            <ns3:atemp>25.0</ns3:atemp>
            <ns3:hr>196</ns3:hr>
            <ns3:cad>84</ns3:cad>
          </ns3:TrackPointExtension>
        </extensions>
      </trkpt>
      <trkpt lat="49.5068526081740856170654296875" lon="5.93743334524333477020263671875">
        <ele>315.20001220703125</ele>
        <time>2026-09-05T16:28:54.000Z</time>
        <extensions>
          <ns3:TrackPointExtension>
            <ns3:atemp>25.0</ns3:atemp>
            <ns3:hr>196</ns3:hr>
            <ns3:cad>84</ns3:cad>
          </ns3:TrackPointExtension>
        </extensions>
      </trkpt>
      <trkpt lat="49.5068385265767574310302734375" lon="5.93747240491211414337158203125">
        <ele>315.399993896484375</ele>
        <time>2026-09-05T16:28:55.000Z</time>
        <extensions>
          <ns3:TrackPointExtension>
            <ns3:atemp>25.0</ns3:atemp>
            <ns3:hr>196</ns3:hr>
            <ns3:cad>84</ns3:cad>
          </ns3:TrackPointExtension>
        </extensions>
      </trkpt>
      <trkpt lat="49.50681581161916255950927734375" lon="5.93752386979758739471435546875">
        <ele>315.399993896484375</ele>
        <time>2026-09-05T16:28:56.000Z</time>
        <extensions>
          <ns3:TrackPointExtension>
            <ns3:atemp>25.0</ns3:atemp>
            <ns3:hr>195</ns3:hr>
            <ns3:cad>84</ns3:cad>
          </ns3:TrackPointExtension>
        </extensions>
      </trkpt>
      <trkpt lat="49.506796784698963165283203125" lon="5.937565863132476806640625">
        <ele>315.399993896484375</ele>
        <time>2026-09-05T16:28:57.000Z</time>
        <extensions>
          <ns3:TrackPointExtension>
            <ns3:atemp>25.0</ns3:atemp>
            <ns3:hr>196</ns3:hr>
            <ns3:cad>85</ns3:cad>
          </ns3:TrackPointExtension>
        </extensions>
      </trkpt>
      <trkpt lat="49.50677624903619289398193359375" lon="5.93761322088539600372314453125">
        <ele>315.20001220703125</ele>
        <time>2026-09-05T16:28:58.000Z</time>
        <extensions>
          <ns3:TrackPointExtension>
            <ns3:atemp>25.0</ns3:atemp>
            <ns3:hr>196</ns3:hr>
            <ns3:cad>85</ns3:cad>
          </ns3:TrackPointExtension>
        </extensions>
      </trkpt>
      <trkpt lat="49.50675311498343944549560546875" lon="5.93765798024833202362060546875">
        <ele>315.399993896484375</ele>
        <time>2026-09-05T16:28:59.000Z</time>
        <extensions>
          <ns3:TrackPointExtension>
            <ns3:atemp>25.0</ns3:atemp>
            <ns3:hr>196</ns3:hr>
            <ns3:cad>85</ns3:cad>
          </ns3:TrackPointExtension>
        </extensions>
      </trkpt>
      <trkpt lat="49.5067382790148258209228515625" lon="5.93770491890609264373779296875">
        <ele>315.399993896484375</ele>
        <time>2026-09-05T16:29:00.000Z</time>
        <extensions>
          <ns3:TrackPointExtension>
            <ns3:atemp>25.0</ns3:atemp>
            <ns3:hr>196</ns3:hr>
            <ns3:cad>85</ns3:cad>
          </ns3:TrackPointExtension>
        </extensions>
      </trkpt>
      <trkpt lat="49.5067151449620723724365234375" lon="5.9377554617822170257568359375">
        <ele>315.399993896484375</ele>
        <time>2026-09-05T16:29:01.000Z</time>
        <extensions>
          <ns3:TrackPointExtension>
            <ns3:atemp>25.0</ns3:atemp>
            <ns3:hr>196</ns3:hr>
            <ns3:cad>85</ns3:cad>
          </ns3:TrackPointExtension>
        </extensions>
      </trkpt>
      <trkpt lat="49.50670056045055389404296875" lon="5.93779812566936016082763671875">
        <ele>315.20001220703125</ele>
        <time>2026-09-05T16:29:02.000Z</time>
        <extensions>
          <ns3:TrackPointExtension>
            <ns3:atemp>25.0</ns3:atemp>
            <ns3:hr>196</ns3:hr>
            <ns3:cad>85</ns3:cad>
          </ns3:TrackPointExtension>
        </extensions>
      </trkpt>
      <trkpt lat="49.50667751021683216094970703125" lon="5.9378446452319622039794921875">
        <ele>315.399993896484375</ele>
        <time>2026-09-05T16:29:03.000Z</time>
        <extensions>
          <ns3:TrackPointExtension>
            <ns3:atemp>25.0</ns3:atemp>
            <ns3:hr>196</ns3:hr>
            <ns3:cad>86</ns3:cad>
          </ns3:TrackPointExtension>
        </extensions>
      </trkpt>
      <trkpt lat="49.506657309830188751220703125" lon="5.93788680620491504669189453125">
        <ele>315.20001220703125</ele>
        <time>2026-09-05T16:29:04.000Z</time>
        <extensions>
          <ns3:TrackPointExtension>
            <ns3:atemp>25.0</ns3:atemp>
            <ns3:hr>196</ns3:hr>
            <ns3:cad>86</ns3:cad>
          </ns3:TrackPointExtension>
        </extensions>
      </trkpt>
      <trkpt lat="49.5066403783857822418212890625" lon="5.937928296625614166259765625">
        <ele>315.20001220703125</ele>
        <time>2026-09-05T16:29:05.000Z</time>
        <extensions>
          <ns3:TrackPointExtension>
            <ns3:atemp>25.0</ns3:atemp>
            <ns3:hr>196</ns3:hr>
            <ns3:cad>86</ns3:cad>
          </ns3:TrackPointExtension>
        </extensions>
      </trkpt>
      <trkpt lat="49.50661548413336277008056640625" lon="5.93797632493078708648681640625">
        <ele>315.20001220703125</ele>
        <time>2026-09-05T16:29:06.000Z</time>
        <extensions>
          <ns3:TrackPointExtension>
            <ns3:atemp>25.0</ns3:atemp>
            <ns3:hr>196</ns3:hr>
            <ns3:cad>85</ns3:cad>
          </ns3:TrackPointExtension>
        </extensions>
      </trkpt>
      <trkpt lat="49.5066004805266857147216796875" lon="5.93801873736083507537841796875">
        <ele>315.20001220703125</ele>
        <time>2026-09-05T16:29:07.000Z</time>
        <extensions>
          <ns3:TrackPointExtension>
            <ns3:atemp>25.0</ns3:atemp>
            <ns3:hr>196</ns3:hr>
            <ns3:cad>85</ns3:cad>
          </ns3:TrackPointExtension>
        </extensions>
      </trkpt>
      <trkpt lat="49.50657592155039310455322265625" lon="5.93806852586567401885986328125">
        <ele>315.20001220703125</ele>
        <time>2026-09-05T16:29:08.000Z</time>
        <extensions>
          <ns3:TrackPointExtension>
            <ns3:atemp>25.0</ns3:atemp>
            <ns3:hr>196</ns3:hr>
            <ns3:cad>85</ns3:cad>
          </ns3:TrackPointExtension>
        </extensions>
      </trkpt>
      <trkpt lat="49.50655438005924224853515625" lon="5.93811010010540485382080078125">
        <ele>315.20001220703125</ele>
        <time>2026-09-05T16:29:09.000Z</time>
        <extensions>
          <ns3:TrackPointExtension>
            <ns3:atemp>25.0</ns3:atemp>
            <ns3:hr>196</ns3:hr>
            <ns3:cad>84</ns3:cad>
          </ns3:TrackPointExtension>
        </extensions>
      </trkpt>
      <trkpt lat="49.506531916558742523193359375" lon="5.9381574578583240509033203125">
        <ele>315.20001220703125</ele>
        <time>2026-09-05T16:29:10.000Z</time>
        <extensions>
          <ns3:TrackPointExtension>
            <ns3:atemp>25.0</ns3:atemp>
            <ns3:hr>196</ns3:hr>
            <ns3:cad>84</ns3:cad>
          </ns3:TrackPointExtension>
        </extensions>
      </trkpt>
      <trkpt lat="49.506507106125354766845703125" lon="5.93820448033511638641357421875">
        <ele>315.399993896484375</ele>
        <time>2026-09-05T16:29:11.000Z</time>
        <extensions>
          <ns3:TrackPointExtension>
            <ns3:atemp>25.0</ns3:atemp>
            <ns3:hr>197</ns3:hr>
            <ns3:cad>84</ns3:cad>
          </ns3:TrackPointExtension>
        </extensions>
      </trkpt>
      <trkpt lat="49.5064928568899631500244140625" lon="5.93824823386967182159423828125">
        <ele>315.399993896484375</ele>
        <time>2026-09-05T16:29:12.000Z</time>
        <extensions>
          <ns3:TrackPointExtension>
            <ns3:atemp>25.0</ns3:atemp>
            <ns3:hr>197</ns3:hr>
            <ns3:cad>85</ns3:cad>
          </ns3:TrackPointExtension>
        </extensions>
      </trkpt>
      <trkpt lat="49.506466872990131378173828125" lon="5.93829567544162273406982421875">
        <ele>315.20001220703125</ele>
        <time>2026-09-05T16:29:13.000Z</time>
        <extensions>
          <ns3:TrackPointExtension>
            <ns3:atemp>25.0</ns3:atemp>
            <ns3:hr>196</ns3:hr>
            <ns3:cad>85</ns3:cad>
          </ns3:TrackPointExtension>
        </extensions>
      </trkpt>
      <trkpt lat="49.50645069591701030731201171875" lon="5.93833775259554386138916015625">
        <ele>315.399993896484375</ele>
        <time>2026-09-05T16:29:14.000Z</time>
        <extensions>
          <ns3:TrackPointExtension>
            <ns3:atemp>25.0</ns3:atemp>
            <ns3:hr>196</ns3:hr>
            <ns3:cad>85</ns3:cad>
          </ns3:TrackPointExtension>
        </extensions>
      </trkpt>
      <trkpt lat="49.50642772950232028961181640625" lon="5.93838720582425594329833984375">
        <ele>315.399993896484375</ele>
        <time>2026-09-05T16:29:15.000Z</time>
        <extensions>
          <ns3:TrackPointExtension>
            <ns3:atemp>25.0</ns3:atemp>
            <ns3:hr>196</ns3:hr>
            <ns3:cad>85</ns3:cad>
          </ns3:TrackPointExtension>
        </extensions>
      </trkpt>
      <trkpt lat="49.506403170526027679443359375" lon="5.93842810951173305511474609375">
        <ele>315.399993896484375</ele>
        <time>2026-09-05T16:29:16.000Z</time>
        <extensions>
          <ns3:TrackPointExtension>
            <ns3:atemp>25.0</ns3:atemp>
            <ns3:hr>196</ns3:hr>
            <ns3:cad>85</ns3:cad>
          </ns3:TrackPointExtension>
        </extensions>
      </trkpt>
      <trkpt lat="49.5063860714435577392578125" lon="5.93847203068435192108154296875">
        <ele>315.20001220703125</ele>
        <time>2026-09-05T16:29:17.000Z</time>
        <extensions>
          <ns3:TrackPointExtension>
            <ns3:atemp>25.0</ns3:atemp>
            <ns3:hr>196</ns3:hr>
            <ns3:cad>85</ns3:cad>
          </ns3:TrackPointExtension>
        </extensions>
      </trkpt>
      <trkpt lat="49.506362266838550567626953125" lon="5.93852114863693714141845703125">
        <ele>315.20001220703125</ele>
        <time>2026-09-05T16:29:18.000Z</time>
        <extensions>
          <ns3:TrackPointExtension>
            <ns3:atemp>25.0</ns3:atemp>
            <ns3:hr>196</ns3:hr>
            <ns3:cad>85</ns3:cad>
          </ns3:TrackPointExtension>
        </extensions>
      </trkpt>
      <trkpt lat="49.5063480176031589508056640625" lon="5.93856423161923885345458984375">
        <ele>315.399993896484375</ele>
        <time>2026-09-05T16:29:19.000Z</time>
        <extensions>
          <ns3:TrackPointExtension>
            <ns3:atemp>25.0</ns3:atemp>
            <ns3:hr>196</ns3:hr>
            <ns3:cad>85</ns3:cad>
          </ns3:TrackPointExtension>
        </extensions>
      </trkpt>
      <trkpt lat="49.5063208602368831634521484375" lon="5.93860530294477939605712890625">
        <ele>315.399993896484375</ele>
        <time>2026-09-05T16:29:20.000Z</time>
        <extensions>
          <ns3:TrackPointExtension>
            <ns3:atemp>25.0</ns3:atemp>
            <ns3:hr>196</ns3:hr>
            <ns3:cad>85</ns3:cad>
          </ns3:TrackPointExtension>
        </extensions>
      </trkpt>
      <trkpt lat="49.50630283914506435394287109375" lon="5.93864637427031993865966796875">
        <ele>315.399993896484375</ele>
        <time>2026-09-05T16:29:21.000Z</time>
        <extensions>
          <ns3:TrackPointExtension>
            <ns3:atemp>25.0</ns3:atemp>
            <ns3:hr>196</ns3:hr>
            <ns3:cad>85</ns3:cad>
          </ns3:TrackPointExtension>
        </extensions>
      </trkpt>
      <trkpt lat="49.5062792859971523284912109375" lon="5.938696078956127166748046875">
        <ele>315.399993896484375</ele>
        <time>2026-09-05T16:29:22.000Z</time>
        <extensions>
          <ns3:TrackPointExtension>
            <ns3:atemp>25.0</ns3:atemp>
            <ns3:hr>196</ns3:hr>
            <ns3:cad>85</ns3:cad>
          </ns3:TrackPointExtension>
        </extensions>
      </trkpt>
      <trkpt lat="49.5062578283250331878662109375" lon="5.9387394972145557403564453125">
        <ele>315.600006103515625</ele>
        <time>2026-09-05T16:29:23.000Z</time>
        <extensions>
          <ns3:TrackPointExtension>
            <ns3:atemp>25.0</ns3:atemp>
            <ns3:hr>196</ns3:hr>
            <ns3:cad>85</ns3:cad>
          </ns3:TrackPointExtension>
        </extensions>
      </trkpt>
      <trkpt lat="49.506238885223865509033203125" lon="5.938783586025238037109375">
        <ele>315.399993896484375</ele>
        <time>2026-09-05T16:29:24.000Z</time>
        <extensions>
          <ns3:TrackPointExtension>
            <ns3:atemp>25.0</ns3:atemp>
            <ns3:hr>196</ns3:hr>
            <ns3:cad>85</ns3:cad>
          </ns3:TrackPointExtension>
        </extensions>
      </trkpt>
      <trkpt lat="49.50621281750500202178955078125" lon="5.93882725574076175689697265625">
        <ele>315.399993896484375</ele>
        <time>2026-09-05T16:29:25.000Z</time>
        <extensions>
          <ns3:TrackPointExtension>
            <ns3:atemp>25.0</ns3:atemp>
            <ns3:hr>196</ns3:hr>
            <ns3:cad>85</ns3:cad>
          </ns3:TrackPointExtension>
        </extensions>
      </trkpt>
      <trkpt lat="49.50619454495608806610107421875" lon="5.93886950053274631500244140625">
        <ele>315.399993896484375</ele>
        <time>2026-09-05T16:29:26.000Z</time>
        <extensions>
          <ns3:TrackPointExtension>
            <ns3:atemp>25.0</ns3:atemp>
            <ns3:hr>196</ns3:hr>
            <ns3:cad>85</ns3:cad>
          </ns3:TrackPointExtension>
        </extensions>
      </trkpt>
      <trkpt lat="49.50616470538079738616943359375" lon="5.9389138408005237579345703125">
        <ele>315.399993896484375</ele>
        <time>2026-09-05T16:29:27.000Z</time>
        <extensions>
          <ns3:TrackPointExtension>
            <ns3:atemp>25.0</ns3:atemp>
            <ns3:hr>196</ns3:hr>
            <ns3:cad>86</ns3:cad>
          </ns3:TrackPointExtension>
        </extensions>
      </trkpt>
      <trkpt lat="49.50614542700350284576416015625" lon="5.93895432539284229278564453125">
        <ele>315.399993896484375</ele>
        <time>2026-09-05T16:29:28.000Z</time>
        <extensions>
          <ns3:TrackPointExtension>
            <ns3:atemp>25.0</ns3:atemp>
            <ns3:hr>196</ns3:hr>
            <ns3:cad>86</ns3:cad>
          </ns3:TrackPointExtension>
        </extensions>
      </trkpt>
      <trkpt lat="49.5061151683330535888671875" lon="5.93900025822222232818603515625">
        <ele>315.399993896484375</ele>
        <time>2026-09-05T16:29:29.000Z</time>
        <extensions>
          <ns3:TrackPointExtension>
            <ns3:atemp>25.0</ns3:atemp>
            <ns3:hr>196</ns3:hr>
            <ns3:cad>86</ns3:cad>
          </ns3:TrackPointExtension>
        </extensions>
      </trkpt>
      <trkpt lat="49.50608608312904834747314453125" lon="5.9390328638255596160888671875">
        <ele>315.399993896484375</ele>
        <time>2026-09-05T16:29:30.000Z</time>
        <extensions>
          <ns3:TrackPointExtension>
            <ns3:atemp>25.0</ns3:atemp>
            <ns3:hr>196</ns3:hr>
            <ns3:cad>86</ns3:cad>
          </ns3:TrackPointExtension>
        </extensions>
      </trkpt>
      <trkpt lat="49.506060518324375152587890625" lon="5.939064882695674896240234375">
        <ele>315.399993896484375</ele>
        <time>2026-09-05T16:29:31.000Z</time>
        <extensions>
          <ns3:TrackPointExtension>
            <ns3:atemp>25.0</ns3:atemp>
            <ns3:hr>197</ns3:hr>
            <ns3:cad>86</ns3:cad>
          </ns3:TrackPointExtension>
        </extensions>
      </trkpt>
      <trkpt lat="49.5060254819691181182861328125" lon="5.9390958957374095916748046875">
        <ele>315.399993896484375</ele>
        <time>2026-09-05T16:29:32.000Z</time>
        <extensions>
          <ns3:TrackPointExtension>
            <ns3:atemp>25.0</ns3:atemp>
            <ns3:hr>198</ns3:hr>
            <ns3:cad>86</ns3:cad>
          </ns3:TrackPointExtension>
        </extensions>
      </trkpt>
      <trkpt lat="49.506003521382808685302734375" lon="5.93913026154041290283203125">
        <ele>315.399993896484375</ele>
        <time>2026-09-05T16:29:33.000Z</time>
        <extensions>
          <ns3:TrackPointExtension>
            <ns3:atemp>25.0</ns3:atemp>
            <ns3:hr>197</ns3:hr>
            <ns3:cad>85</ns3:cad>
          </ns3:TrackPointExtension>
        </extensions>
      </trkpt>
      <trkpt lat="49.50596722774207592010498046875" lon="5.9391555748879909515380859375">
        <ele>315.399993896484375</ele>
        <time>2026-09-05T16:29:34.000Z</time>
        <extensions>
          <ns3:TrackPointExtension>
            <ns3:atemp>25.0</ns3:atemp>
            <ns3:hr>196</ns3:hr>
            <ns3:cad>85</ns3:cad>
          </ns3:TrackPointExtension>
        </extensions>
      </trkpt>
      <trkpt lat="49.50593747198581695556640625" lon="5.93917661346495151519775390625">
        <ele>315.399993896484375</ele>
        <time>2026-09-05T16:29:35.000Z</time>
        <extensions>
          <ns3:TrackPointExtension>
            <ns3:atemp>25.0</ns3:atemp>
            <ns3:hr>196</ns3:hr>
            <ns3:cad>85</ns3:cad>
          </ns3:TrackPointExtension>
        </extensions>
      </trkpt>
      <trkpt lat="49.50590419583022594451904296875" lon="5.93919639475643634796142578125">
        <ele>315.399993896484375</ele>
        <time>2026-09-05T16:29:36.000Z</time>
        <extensions>
          <ns3:TrackPointExtension>
            <ns3:atemp>25.0</ns3:atemp>
            <ns3:hr>196</ns3:hr>
            <ns3:cad>85</ns3:cad>
          </ns3:TrackPointExtension>
        </extensions>
      </trkpt>
      <trkpt lat="49.50586966238915920257568359375" lon="5.93920695595443248748779296875">
        <ele>315.399993896484375</ele>
        <time>2026-09-05T16:29:37.000Z</time>
        <extensions>
          <ns3:TrackPointExtension>
            <ns3:atemp>25.0</ns3:atemp>
            <ns3:hr>196</ns3:hr>
            <ns3:cad>85</ns3:cad>
          </ns3:TrackPointExtension>
        </extensions>
      </trkpt>
      <trkpt lat="49.50583948753774166107177734375" lon="5.9392249770462512969970703125">
        <ele>315.399993896484375</ele>
        <time>2026-09-05T16:29:38.000Z</time>
        <extensions>
          <ns3:TrackPointExtension>
            <ns3:atemp>25.0</ns3:atemp>
            <ns3:hr>196</ns3:hr>
            <ns3:cad>85</ns3:cad>
          </ns3:TrackPointExtension>
        </extensions>
      </trkpt>
      <trkpt lat="49.505796991288661956787109375" lon="5.9392286650836467742919921875">
        <ele>315.399993896484375</ele>
        <time>2026-09-05T16:29:39.000Z</time>
        <extensions>
          <ns3:TrackPointExtension>
            <ns3:atemp>25.0</ns3:atemp>
            <ns3:hr>196</ns3:hr>
            <ns3:cad>85</ns3:cad>
          </ns3:TrackPointExtension>
        </extensions>
      </trkpt>
      <trkpt lat="49.505764804780483245849609375" lon="5.93924886547029018402099609375">
        <ele>315.399993896484375</ele>
        <time>2026-09-05T16:29:40.000Z</time>
        <extensions>
          <ns3:TrackPointExtension>
            <ns3:atemp>25.0</ns3:atemp>
            <ns3:hr>196</ns3:hr>
            <ns3:cad>85</ns3:cad>
          </ns3:TrackPointExtension>
        </extensions>
      </trkpt>
      <trkpt lat="49.50572230853140354156494140625" lon="5.93925607390701770782470703125">
        <ele>315.399993896484375</ele>
        <time>2026-09-05T16:29:41.000Z</time>
        <extensions>
          <ns3:TrackPointExtension>
            <ns3:atemp>25.0</ns3:atemp>
            <ns3:hr>196</ns3:hr>
            <ns3:cad>85</ns3:cad>
          </ns3:TrackPointExtension>
        </extensions>
      </trkpt>
      <trkpt lat="49.505687020719051361083984375" lon="5.93925766646862030029296875">
        <ele>315.399993896484375</ele>
        <time>2026-09-05T16:29:42.000Z</time>
        <extensions>
          <ns3:TrackPointExtension>
            <ns3:atemp>25.0</ns3:atemp>
            <ns3:hr>196</ns3:hr>
            <ns3:cad>85</ns3:cad>
          </ns3:TrackPointExtension>
        </extensions>
      </trkpt>
      <trkpt lat="49.50564787723124027252197265625" lon="5.939261019229888916015625">
        <ele>315.399993896484375</ele>
        <time>2026-09-05T16:29:43.000Z</time>
        <extensions>
          <ns3:TrackPointExtension>
            <ns3:atemp>25.0</ns3:atemp>
            <ns3:hr>196</ns3:hr>
            <ns3:cad>85</ns3:cad>
          </ns3:TrackPointExtension>
        </extensions>
      </trkpt>
      <trkpt lat="49.50561292469501495361328125" lon="5.9392504580318927764892578125">
        <ele>315.600006103515625</ele>
        <time>2026-09-05T16:29:44.000Z</time>
        <extensions>
          <ns3:TrackPointExtension>
            <ns3:atemp>25.0</ns3:atemp>
            <ns3:hr>196</ns3:hr>
            <ns3:cad>85</ns3:cad>
          </ns3:TrackPointExtension>
        </extensions>
      </trkpt>
      <trkpt lat="49.50558207929134368896484375" lon="5.939251966774463653564453125">
        <ele>315.600006103515625</ele>
        <time>2026-09-05T16:29:45.000Z</time>
        <extensions>
          <ns3:TrackPointExtension>
            <ns3:atemp>25.0</ns3:atemp>
            <ns3:hr>196</ns3:hr>
            <ns3:cad>86</ns3:cad>
          </ns3:TrackPointExtension>
        </extensions>
      </trkpt>
      <trkpt lat="49.50554184615612030029296875" lon="5.93923377804458141326904296875">
        <ele>315.600006103515625</ele>
        <time>2026-09-05T16:29:46.000Z</time>
        <extensions>
          <ns3:TrackPointExtension>
            <ns3:atemp>25.0</ns3:atemp>
            <ns3:hr>196</ns3:hr>
            <ns3:cad>86</ns3:cad>
          </ns3:TrackPointExtension>
        </extensions>
      </trkpt>
      <trkpt lat="49.505513347685337066650390625" lon="5.93922824598848819732666015625">
        <ele>315.600006103515625</ele>
        <time>2026-09-05T16:29:47.000Z</time>
        <extensions>
          <ns3:TrackPointExtension>
            <ns3:atemp>25.0</ns3:atemp>
            <ns3:hr>196</ns3:hr>
            <ns3:cad>86</ns3:cad>
          </ns3:TrackPointExtension>
        </extensions>
      </trkpt>
      <trkpt lat="49.50547839514911174774169921875" lon="5.93919656239449977874755859375">
        <ele>315.600006103515625</ele>
        <time>2026-09-05T16:29:48.000Z</time>
        <extensions>
          <ns3:TrackPointExtension>
            <ns3:atemp>25.0</ns3:atemp>
            <ns3:hr>196</ns3:hr>
            <ns3:cad>85</ns3:cad>
          </ns3:TrackPointExtension>
        </extensions>
      </trkpt>
      <trkpt lat="49.50545475818216800689697265625" lon="5.93916655518114566802978515625">
        <ele>315.600006103515625</ele>
        <time>2026-09-05T16:29:49.000Z</time>
        <extensions>
          <ns3:TrackPointExtension>
            <ns3:atemp>25.0</ns3:atemp>
            <ns3:hr>196</ns3:hr>
            <ns3:cad>85</ns3:cad>
          </ns3:TrackPointExtension>
        </extensions>
      </trkpt>
      <trkpt lat="49.505426846444606781005859375" lon="5.93912816606462001800537109375">
        <ele>315.399993896484375</ele>
        <time>2026-09-05T16:29:50.000Z</time>
        <extensions>
          <ns3:TrackPointExtension>
            <ns3:atemp>25.0</ns3:atemp>
            <ns3:hr>196</ns3:hr>
            <ns3:cad>85</ns3:cad>
          </ns3:TrackPointExtension>
        </extensions>
      </trkpt>
      <trkpt lat="49.5054022036492824554443359375" lon="5.9390858374536037445068359375">
        <ele>315.399993896484375</ele>
        <time>2026-09-05T16:29:51.000Z</time>
        <extensions>
          <ns3:TrackPointExtension>
            <ns3:atemp>25.0</ns3:atemp>
            <ns3:hr>196</ns3:hr>
            <ns3:cad>85</ns3:cad>
          </ns3:TrackPointExtension>
        </extensions>
      </trkpt>
      <trkpt lat="49.5053753815591335296630859375" lon="5.939054824411869049072265625">
        <ele>315.399993896484375</ele>
        <time>2026-09-05T16:29:52.000Z</time>
        <extensions>
          <ns3:TrackPointExtension>
            <ns3:atemp>25.0</ns3:atemp>
            <ns3:hr>196</ns3:hr>
            <ns3:cad>85</ns3:cad>
          </ns3:TrackPointExtension>
        </extensions>
      </trkpt>
      <trkpt lat="49.50534663163125514984130859375" lon="5.93900746665894985198974609375">
        <ele>315.399993896484375</ele>
        <time>2026-09-05T16:29:53.000Z</time>
        <extensions>
          <ns3:TrackPointExtension>
            <ns3:atemp>25.0</ns3:atemp>
            <ns3:hr>196</ns3:hr>
            <ns3:cad>86</ns3:cad>
          </ns3:TrackPointExtension>
        </extensions>
      </trkpt>
      <trkpt lat="49.50531922280788421630859375" lon="5.9389765374362468719482421875">
        <ele>315.399993896484375</ele>
        <time>2026-09-05T16:29:54.000Z</time>
        <extensions>
          <ns3:TrackPointExtension>
            <ns3:atemp>25.0</ns3:atemp>
            <ns3:hr>196</ns3:hr>
            <ns3:cad>86</ns3:cad>
          </ns3:TrackPointExtension>
        </extensions>
      </trkpt>
      <trkpt lat="49.5052892155945301055908203125" lon="5.93893186189234256744384765625">
        <ele>315.399993896484375</ele>
        <time>2026-09-05T16:29:55.000Z</time>
        <extensions>
          <ns3:TrackPointExtension>
            <ns3:atemp>25.0</ns3:atemp>
            <ns3:hr>196</ns3:hr>
            <ns3:cad>86</ns3:cad>
          </ns3:TrackPointExtension>
        </extensions>
      </trkpt>
      <trkpt lat="49.50526482425630092620849609375" lon="5.938898585736751556396484375">
        <ele>315.399993896484375</ele>
        <time>2026-09-05T16:29:56.000Z</time>
        <extensions>
          <ns3:TrackPointExtension>
            <ns3:atemp>25.0</ns3:atemp>
            <ns3:hr>196</ns3:hr>
            <ns3:cad>86</ns3:cad>
          </ns3:TrackPointExtension>
        </extensions>
      </trkpt>
      <trkpt lat="49.5052392594516277313232421875" lon="5.93885927461087703704833984375">
        <ele>315.399993896484375</ele>
        <time>2026-09-05T16:29:57.000Z</time>
        <extensions>
          <ns3:TrackPointExtension>
            <ns3:atemp>25.0</ns3:atemp>
            <ns3:hr>196</ns3:hr>
            <ns3:cad>86</ns3:cad>
          </ns3:TrackPointExtension>
        </extensions>
      </trkpt>
      <trkpt lat="49.50521704740822315216064453125" lon="5.93881652690470218658447265625">
        <ele>315.600006103515625</ele>
        <time>2026-09-05T16:29:58.000Z</time>
        <extensions>
          <ns3:TrackPointExtension>
            <ns3:atemp>25.0</ns3:atemp>
            <ns3:hr>196</ns3:hr>
            <ns3:cad>86</ns3:cad>
          </ns3:TrackPointExtension>
        </extensions>
      </trkpt>
      <trkpt lat="49.50519391335546970367431640625" lon="5.93878534622490406036376953125">
        <ele>315.79998779296875</ele>
        <time>2026-09-05T16:29:59.000Z</time>
        <extensions>
          <ns3:TrackPointExtension>
            <ns3:atemp>25.0</ns3:atemp>
            <ns3:hr>196</ns3:hr>
            <ns3:cad>86</ns3:cad>
          </ns3:TrackPointExtension>
        </extensions>
      </trkpt>
      <trkpt lat="49.505167342722415924072265625" lon="5.9387408383190631866455078125">
        <ele>316</ele>
        <time>2026-09-05T16:30:00.000Z</time>
        <extensions>
          <ns3:TrackPointExtension>
            <ns3:atemp>25.0</ns3:atemp>
            <ns3:hr>196</ns3:hr>
            <ns3:cad>86</ns3:cad>
          </ns3:TrackPointExtension>
        </extensions>
      </trkpt>
      <trkpt lat="49.5051400177180767059326171875" lon="5.93871443532407283782958984375">
        <ele>316</ele>
        <time>2026-09-05T16:30:01.000Z</time>
        <extensions>
          <ns3:TrackPointExtension>
            <ns3:atemp>25.0</ns3:atemp>
            <ns3:hr>196</ns3:hr>
            <ns3:cad>85</ns3:cad>
          </ns3:TrackPointExtension>
        </extensions>
      </trkpt>
      <trkpt lat="49.505111686885356903076171875" lon="5.93866883777081966400146484375">
        <ele>316</ele>
        <time>2026-09-05T16:30:02.000Z</time>
        <extensions>
          <ns3:TrackPointExtension>
            <ns3:atemp>25.0</ns3:atemp>
            <ns3:hr>197</ns3:hr>
            <ns3:cad>85</ns3:cad>
          </ns3:TrackPointExtension>
        </extensions>
      </trkpt>
      <trkpt lat="49.5050877146422863006591796875" lon="5.93863648362457752227783203125">
        <ele>316</ele>
        <time>2026-09-05T16:30:03.000Z</time>
        <extensions>
          <ns3:TrackPointExtension>
            <ns3:atemp>25.0</ns3:atemp>
            <ns3:hr>198</ns3:hr>
            <ns3:cad>85</ns3:cad>
          </ns3:TrackPointExtension>
        </extensions>
      </trkpt>
      <trkpt lat="49.50506181456148624420166015625" lon="5.93860027380287647247314453125">
        <ele>315.79998779296875</ele>
        <time>2026-09-05T16:30:04.000Z</time>
        <extensions>
          <ns3:TrackPointExtension>
            <ns3:atemp>25.0</ns3:atemp>
            <ns3:hr>198</ns3:hr>
            <ns3:cad>85</ns3:cad>
          </ns3:TrackPointExtension>
        </extensions>
      </trkpt>
      <trkpt lat="49.50504303909838199615478515625" lon="5.93855719082057476043701171875">
        <ele>315.600006103515625</ele>
        <time>2026-09-05T16:30:05.000Z</time>
        <extensions>
          <ns3:TrackPointExtension>
            <ns3:atemp>25.0</ns3:atemp>
            <ns3:hr>198</ns3:hr>
            <ns3:cad>85</ns3:cad>
          </ns3:TrackPointExtension>
        </extensions>
      </trkpt>
      <trkpt lat="49.5050220005214214324951171875" lon="5.9385219030082225799560546875">
        <ele>315.600006103515625</ele>
        <time>2026-09-05T16:30:06.000Z</time>
        <extensions>
          <ns3:TrackPointExtension>
            <ns3:atemp>25.0</ns3:atemp>
            <ns3:hr>198</ns3:hr>
            <ns3:cad>85</ns3:cad>
          </ns3:TrackPointExtension>
        </extensions>
      </trkpt>
      <trkpt lat="49.5050045661628246307373046875" lon="5.93846951611340045928955078125">
        <ele>315.399993896484375</ele>
        <time>2026-09-05T16:30:07.000Z</time>
        <extensions>
          <ns3:TrackPointExtension>
            <ns3:atemp>25.0</ns3:atemp>
            <ns3:hr>198</ns3:hr>
            <ns3:cad>86</ns3:cad>
          </ns3:TrackPointExtension>
        </extensions>
      </trkpt>
      <trkpt lat="49.504986964166164398193359375" lon="5.9384323842823505401611328125">
        <ele>315.600006103515625</ele>
        <time>2026-09-05T16:30:08.000Z</time>
        <extensions>
          <ns3:TrackPointExtension>
            <ns3:atemp>25.0</ns3:atemp>
            <ns3:hr>198</ns3:hr>
            <ns3:cad>86</ns3:cad>
          </ns3:TrackPointExtension>
        </extensions>
      </trkpt>
      <trkpt lat="49.5049740560352802276611328125" lon="5.93837521970272064208984375">
        <ele>315.399993896484375</ele>
        <time>2026-09-05T16:30:09.000Z</time>
        <extensions>
          <ns3:TrackPointExtension>
            <ns3:atemp>25.0</ns3:atemp>
            <ns3:hr>197</ns3:hr>
            <ns3:cad>86</ns3:cad>
          </ns3:TrackPointExtension>
        </extensions>
      </trkpt>
      <trkpt lat="49.50496257282793521881103515625" lon="5.9383318014442920684814453125">
        <ele>315.20001220703125</ele>
        <time>2026-09-05T16:30:10.000Z</time>
        <extensions>
          <ns3:TrackPointExtension>
            <ns3:atemp>25.0</ns3:atemp>
            <ns3:hr>196</ns3:hr>
            <ns3:cad>86</ns3:cad>
          </ns3:TrackPointExtension>
        </extensions>
      </trkpt>
      <trkpt lat="49.504952766001224517822265625" lon="5.93827321194112300872802734375">
        <ele>315</ele>
        <time>2026-09-05T16:30:11.000Z</time>
        <extensions>
          <ns3:TrackPointExtension>
            <ns3:atemp>25.0</ns3:atemp>
            <ns3:hr>196</ns3:hr>
            <ns3:cad>86</ns3:cad>
          </ns3:TrackPointExtension>
        </extensions>
      </trkpt>
      <trkpt lat="49.5049479044973850250244140625" lon="5.93821906484663486480712890625">
        <ele>315</ele>
        <time>2026-09-05T16:30:12.000Z</time>
        <extensions>
          <ns3:TrackPointExtension>
            <ns3:atemp>25.0</ns3:atemp>
            <ns3:hr>196</ns3:hr>
            <ns3:cad>86</ns3:cad>
          </ns3:TrackPointExtension>
        </extensions>
      </trkpt>
      <trkpt lat="49.5049375109374523162841796875" lon="5.93816877342760562896728515625">
        <ele>315</ele>
        <time>2026-09-05T16:30:13.000Z</time>
        <extensions>
          <ns3:TrackPointExtension>
            <ns3:atemp>25.0</ns3:atemp>
            <ns3:hr>197</ns3:hr>
            <ns3:cad>86</ns3:cad>
          </ns3:TrackPointExtension>
        </extensions>
      </trkpt>
      <trkpt lat="49.5049361698329448699951171875" lon="5.93811093829572200775146484375">
        <ele>314.79998779296875</ele>
        <time>2026-09-05T16:30:14.000Z</time>
        <extensions>
          <ns3:TrackPointExtension>
            <ns3:atemp>25.0</ns3:atemp>
            <ns3:hr>197</ns3:hr>
            <ns3:cad>86</ns3:cad>
          </ns3:TrackPointExtension>
        </extensions>
      </trkpt>
      <trkpt lat="49.5049261115491390228271484375" lon="5.93806701712310314178466796875">
        <ele>315</ele>
        <time>2026-09-05T16:30:15.000Z</time>
        <extensions>
          <ns3:TrackPointExtension>
            <ns3:atemp>25.0</ns3:atemp>
            <ns3:hr>198</ns3:hr>
            <ns3:cad>86</ns3:cad>
          </ns3:TrackPointExtension>
        </extensions>
      </trkpt>
      <trkpt lat="49.5049163885414600372314453125" lon="5.93800666742026805877685546875">
        <ele>315</ele>
        <time>2026-09-05T16:30:16.000Z</time>
        <extensions>
          <ns3:TrackPointExtension>
            <ns3:atemp>25.0</ns3:atemp>
            <ns3:hr>198</ns3:hr>
            <ns3:cad>86</ns3:cad>
          </ns3:TrackPointExtension>
        </extensions>
      </trkpt>
      <trkpt lat="49.50490876100957393646240234375" lon="5.93796241097152233123779296875">
        <ele>315.20001220703125</ele>
        <time>2026-09-05T16:30:17.000Z</time>
        <extensions>
          <ns3:TrackPointExtension>
            <ns3:atemp>25.0</ns3:atemp>
            <ns3:hr>198</ns3:hr>
            <ns3:cad>86</ns3:cad>
          </ns3:TrackPointExtension>
        </extensions>
      </trkpt>
      <trkpt lat="49.5049006305634975433349609375" lon="5.937903486192226409912109375">
        <ele>315.20001220703125</ele>
        <time>2026-09-05T16:30:18.000Z</time>
        <extensions>
          <ns3:TrackPointExtension>
            <ns3:atemp>25.0</ns3:atemp>
            <ns3:hr>198</ns3:hr>
            <ns3:cad>86</ns3:cad>
          </ns3:TrackPointExtension>
        </extensions>
      </trkpt>
      <trkpt lat="49.50489920563995838165283203125" lon="5.93785009346902370452880859375">
        <ele>315.399993896484375</ele>
        <time>2026-09-05T16:30:19.000Z</time>
        <extensions>
          <ns3:TrackPointExtension>
            <ns3:atemp>25.0</ns3:atemp>
            <ns3:hr>197</ns3:hr>
            <ns3:cad>86</ns3:cad>
          </ns3:TrackPointExtension>
        </extensions>
      </trkpt>
      <trkpt lat="49.5048912428319454193115234375" lon="5.93780013732612133026123046875">
        <ele>315.600006103515625</ele>
        <time>2026-09-05T16:30:20.000Z</time>
        <extensions>
          <ns3:TrackPointExtension>
            <ns3:atemp>25.0</ns3:atemp>
            <ns3:hr>197</ns3:hr>
            <ns3:cad>85</ns3:cad>
          </ns3:TrackPointExtension>
        </extensions>
      </trkpt>
      <trkpt lat="49.5048868842422962188720703125" lon="5.9377403743565082550048828125">
        <ele>315.600006103515625</ele>
        <time>2026-09-05T16:30:21.000Z</time>
        <extensions>
          <ns3:TrackPointExtension>
            <ns3:atemp>25.0</ns3:atemp>
            <ns3:hr>196</ns3:hr>
            <ns3:cad>85</ns3:cad>
          </ns3:TrackPointExtension>
        </extensions>
      </trkpt>
      <trkpt lat="49.50487825088202953338623046875" lon="5.9376961179077625274658203125">
        <ele>315.399993896484375</ele>
        <time>2026-09-05T16:30:22.000Z</time>
        <extensions>
          <ns3:TrackPointExtension>
            <ns3:atemp>25.0</ns3:atemp>
            <ns3:hr>196</ns3:hr>
            <ns3:cad>85</ns3:cad>
          </ns3:TrackPointExtension>
        </extensions>
      </trkpt>
      <trkpt lat="49.50486852787435054779052734375" lon="5.93763551674783229827880859375">
        <ele>315.399993896484375</ele>
        <time>2026-09-05T16:30:23.000Z</time>
        <extensions>
          <ns3:TrackPointExtension>
            <ns3:atemp>25.0</ns3:atemp>
            <ns3:hr>196</ns3:hr>
            <ns3:cad>85</ns3:cad>
          </ns3:TrackPointExtension>
        </extensions>
      </trkpt>
      <trkpt lat="49.5048624090850353240966796875" lon="5.93758421950042247772216796875">
        <ele>315.399993896484375</ele>
        <time>2026-09-05T16:30:24.000Z</time>
        <extensions>
          <ns3:TrackPointExtension>
            <ns3:atemp>25.0</ns3:atemp>
            <ns3:hr>196</ns3:hr>
            <ns3:cad>85</ns3:cad>
          </ns3:TrackPointExtension>
        </extensions>
      </trkpt>
      <trkpt lat="49.504856877028942108154296875" lon="5.93752655200660228729248046875">
        <ele>315.20001220703125</ele>
        <time>2026-09-05T16:30:25.000Z</time>
        <extensions>
          <ns3:TrackPointExtension>
            <ns3:atemp>25.0</ns3:atemp>
            <ns3:hr>197</ns3:hr>
            <ns3:cad>85</ns3:cad>
          </ns3:TrackPointExtension>
        </extensions>
      </trkpt>
      <trkpt lat="49.5048513449728488922119140625" lon="5.93747357837855815887451171875">
        <ele>315.20001220703125</ele>
        <time>2026-09-05T16:30:26.000Z</time>
        <extensions>
          <ns3:TrackPointExtension>
            <ns3:atemp>25.0</ns3:atemp>
            <ns3:hr>198</ns3:hr>
            <ns3:cad>85</ns3:cad>
          </ns3:TrackPointExtension>
        </extensions>
      </trkpt>
      <trkpt lat="49.5048375986516475677490234375" lon="5.93741775490343570709228515625">
        <ele>315.20001220703125</ele>
        <time>2026-09-05T16:30:27.000Z</time>
        <extensions>
          <ns3:TrackPointExtension>
            <ns3:atemp>25.0</ns3:atemp>
            <ns3:hr>198</ns3:hr>
            <ns3:cad>86</ns3:cad>
          </ns3:TrackPointExtension>
        </extensions>
      </trkpt>
      <trkpt lat="49.504822678864002227783203125" lon="5.937365032732486724853515625">
        <ele>315.20001220703125</ele>
        <time>2026-09-05T16:30:28.000Z</time>
        <extensions>
          <ns3:TrackPointExtension>
            <ns3:atemp>25.0</ns3:atemp>
            <ns3:hr>198</ns3:hr>
            <ns3:cad>86</ns3:cad>
          </ns3:TrackPointExtension>
        </extensions>
      </trkpt>
      <trkpt lat="49.50480314902961254119873046875" lon="5.93732354231178760528564453125">
        <ele>315.20001220703125</ele>
        <time>2026-09-05T16:30:29.000Z</time>
        <extensions>
          <ns3:TrackPointExtension>
            <ns3:atemp>25.0</ns3:atemp>
            <ns3:hr>197</ns3:hr>
            <ns3:cad>86</ns3:cad>
          </ns3:TrackPointExtension>
        </extensions>
      </trkpt>
      <trkpt lat="49.50477347709238529205322265625" lon="5.93727911822497844696044921875">
        <ele>315.399993896484375</ele>
        <time>2026-09-05T16:30:30.000Z</time>
        <extensions>
          <ns3:TrackPointExtension>
            <ns3:atemp>25.0</ns3:atemp>
            <ns3:hr>196</ns3:hr>
            <ns3:cad>86</ns3:cad>
          </ns3:TrackPointExtension>
        </extensions>
      </trkpt>
      <trkpt lat="49.50474363751709461212158203125" lon="5.93725673854351043701171875">
        <ele>315.399993896484375</ele>
        <time>2026-09-05T16:30:31.000Z</time>
        <extensions>
          <ns3:TrackPointExtension>
            <ns3:atemp>25.0</ns3:atemp>
            <ns3:hr>197</ns3:hr>
            <ns3:cad>86</ns3:cad>
          </ns3:TrackPointExtension>
        </extensions>
      </trkpt>
      <trkpt lat="49.50471145100891590118408203125" lon="5.93723922036588191986083984375">
        <ele>315.399993896484375</ele>
        <time>2026-09-05T16:30:32.000Z</time>
        <extensions>
          <ns3:TrackPointExtension>
            <ns3:atemp>25.0</ns3:atemp>
            <ns3:hr>198</ns3:hr>
            <ns3:cad>86</ns3:cad>
          </ns3:TrackPointExtension>
        </extensions>
      </trkpt>
      <trkpt lat="49.5046786777675151824951171875" lon="5.9372176788747310638427734375">
        <ele>315.399993896484375</ele>
        <time>2026-09-05T16:30:33.000Z</time>
        <extensions>
          <ns3:TrackPointExtension>
            <ns3:atemp>25.0</ns3:atemp>
            <ns3:hr>198</ns3:hr>
            <ns3:cad>86</ns3:cad>
          </ns3:TrackPointExtension>
        </extensions>
      </trkpt>
      <trkpt lat="49.5046548731625080108642578125" lon="5.93720871023833751678466796875">
        <ele>315.399993896484375</ele>
        <time>2026-09-05T16:30:34.000Z</time>
        <extensions>
          <ns3:TrackPointExtension>
            <ns3:atemp>25.0</ns3:atemp>
            <ns3:hr>198</ns3:hr>
            <ns3:cad>85</ns3:cad>
          </ns3:TrackPointExtension>
        </extensions>
      </trkpt>
      <trkpt lat="49.50462377630174160003662109375" lon="5.93718909658491611480712890625">
        <ele>315.600006103515625</ele>
        <time>2026-09-05T16:30:35.000Z</time>
        <extensions>
          <ns3:TrackPointExtension>
            <ns3:atemp>25.0</ns3:atemp>
            <ns3:hr>198</ns3:hr>
            <ns3:cad>85</ns3:cad>
          </ns3:TrackPointExtension>
        </extensions>
      </trkpt>
      <trkpt lat="49.5045968703925609588623046875" lon="5.93717434443533420562744140625">
        <ele>315.600006103515625</ele>
        <time>2026-09-05T16:30:36.000Z</time>
        <extensions>
          <ns3:TrackPointExtension>
            <ns3:atemp>25.0</ns3:atemp>
            <ns3:hr>198</ns3:hr>
            <ns3:cad>84</ns3:cad>
          </ns3:TrackPointExtension>
        </extensions>
      </trkpt>
      <trkpt lat="49.50456728227436542510986328125" lon="5.93716017901897430419921875">
        <ele>315.600006103515625</ele>
        <time>2026-09-05T16:30:37.000Z</time>
        <extensions>
          <ns3:TrackPointExtension>
            <ns3:atemp>25.0</ns3:atemp>
            <ns3:hr>197</ns3:hr>
            <ns3:cad>84</ns3:cad>
          </ns3:TrackPointExtension>
        </extensions>
      </trkpt>
      <trkpt lat="49.50453945435583591461181640625" lon="5.93714031390845775604248046875">
        <ele>315.600006103515625</ele>
        <time>2026-09-05T16:30:38.000Z</time>
        <extensions>
          <ns3:TrackPointExtension>
            <ns3:atemp>25.0</ns3:atemp>
            <ns3:hr>197</ns3:hr>
            <ns3:cad>84</ns3:cad>
          </ns3:TrackPointExtension>
        </extensions>
      </trkpt>
      <trkpt lat="49.50451581738889217376708984375" lon="5.93713293783366680145263671875">
        <ele>315.399993896484375</ele>
        <time>2026-09-05T16:30:39.000Z</time>
        <extensions>
          <ns3:TrackPointExtension>
            <ns3:atemp>25.0</ns3:atemp>
            <ns3:hr>198</ns3:hr>
            <ns3:cad>84</ns3:cad>
          </ns3:TrackPointExtension>
        </extensions>
      </trkpt>
      <trkpt lat="49.5044828765094280242919921875" lon="5.93711449764668941497802734375">
        <ele>315.399993896484375</ele>
        <time>2026-09-05T16:30:40.000Z</time>
        <extensions>
          <ns3:TrackPointExtension>
            <ns3:atemp>25.0</ns3:atemp>
            <ns3:hr>198</ns3:hr>
            <ns3:cad>83</ns3:cad>
          </ns3:TrackPointExtension>
        </extensions>
      </trkpt>
      <trkpt lat="49.5044597424566745758056640625" lon="5.9370949678122997283935546875">
        <ele>315.399993896484375</ele>
        <time>2026-09-05T16:30:41.000Z</time>
        <extensions>
          <ns3:TrackPointExtension>
            <ns3:atemp>25.0</ns3:atemp>
            <ns3:hr>198</ns3:hr>
            <ns3:cad>83</ns3:cad>
          </ns3:TrackPointExtension>
        </extensions>
      </trkpt>
      <trkpt lat="49.504431746900081634521484375" lon="5.9370745159685611724853515625">
        <ele>315.20001220703125</ele>
        <time>2026-09-05T16:30:42.000Z</time>
        <extensions>
          <ns3:TrackPointExtension>
            <ns3:atemp>25.0</ns3:atemp>
            <ns3:hr>198</ns3:hr>
            <ns3:cad>83</ns3:cad>
          </ns3:TrackPointExtension>
        </extensions>
      </trkpt>
      <trkpt lat="49.50440383516252040863037109375" lon="5.93705666251480579376220703125">
        <ele>315.20001220703125</ele>
        <time>2026-09-05T16:30:43.000Z</time>
        <extensions>
          <ns3:TrackPointExtension>
            <ns3:atemp>25.0</ns3:atemp>
            <ns3:hr>198</ns3:hr>
            <ns3:cad>84</ns3:cad>
          </ns3:TrackPointExtension>
        </extensions>
      </trkpt>
      <trkpt lat="49.5043725706636905670166015625" lon="5.93704752624034881591796875">
        <ele>315.20001220703125</ele>
        <time>2026-09-05T16:30:44.000Z</time>
        <extensions>
          <ns3:TrackPointExtension>
            <ns3:atemp>25.0</ns3:atemp>
            <ns3:hr>198</ns3:hr>
            <ns3:cad>84</ns3:cad>
          </ns3:TrackPointExtension>
        </extensions>
      </trkpt>
      <trkpt lat="49.504339881241321563720703125" lon="5.9370175190269947052001953125">
        <ele>315.20001220703125</ele>
        <time>2026-09-05T16:30:45.000Z</time>
        <extensions>
          <ns3:TrackPointExtension>
            <ns3:atemp>25.0</ns3:atemp>
            <ns3:hr>198</ns3:hr>
            <ns3:cad>84</ns3:cad>
          </ns3:TrackPointExtension>
        </extensions>
      </trkpt>
      <trkpt lat="49.5043122209608554840087890625" lon="5.93700653873383998870849609375">
        <ele>315.20001220703125</ele>
        <time>2026-09-05T16:30:46.000Z</time>
        <extensions>
          <ns3:TrackPointExtension>
            <ns3:atemp>25.0</ns3:atemp>
            <ns3:hr>198</ns3:hr>
            <ns3:cad>84</ns3:cad>
          </ns3:TrackPointExtension>
        </extensions>
      </trkpt>
      <trkpt lat="49.504277519881725311279296875" lon="5.9369849972426891326904296875">
        <ele>315.20001220703125</ele>
        <time>2026-09-05T16:30:47.000Z</time>
        <extensions>
          <ns3:TrackPointExtension>
            <ns3:atemp>25.0</ns3:atemp>
            <ns3:hr>198</ns3:hr>
            <ns3:cad>85</ns3:cad>
          </ns3:TrackPointExtension>
        </extensions>
      </trkpt>
      <trkpt lat="49.50424692593514919281005859375" lon="5.93696077354252338409423828125">
        <ele>315.399993896484375</ele>
        <time>2026-09-05T16:30:48.000Z</time>
        <extensions>
          <ns3:TrackPointExtension>
            <ns3:atemp>25.0</ns3:atemp>
            <ns3:hr>198</ns3:hr>
            <ns3:cad>85</ns3:cad>
          </ns3:TrackPointExtension>
        </extensions>
      </trkpt>
      <trkpt lat="49.504215158522129058837890625" lon="5.93694602139294147491455078125">
        <ele>315.399993896484375</ele>
        <time>2026-09-05T16:30:49.000Z</time>
        <extensions>
          <ns3:TrackPointExtension>
            <ns3:atemp>25.0</ns3:atemp>
            <ns3:hr>198</ns3:hr>
            <ns3:cad>85</ns3:cad>
          </ns3:TrackPointExtension>
        </extensions>
      </trkpt>
      <trkpt lat="49.50417785905301570892333984375" lon="5.9369219653308391571044921875">
        <ele>315.399993896484375</ele>
        <time>2026-09-05T16:30:50.000Z</time>
        <extensions>
          <ns3:TrackPointExtension>
            <ns3:atemp>25.0</ns3:atemp>
            <ns3:hr>197</ns3:hr>
            <ns3:cad>85</ns3:cad>
          </ns3:TrackPointExtension>
        </extensions>
      </trkpt>
      <trkpt lat="49.5041469298303127288818359375" lon="5.93691282905638217926025390625">
        <ele>315.399993896484375</ele>
        <time>2026-09-05T16:30:51.000Z</time>
        <extensions>
          <ns3:TrackPointExtension>
            <ns3:atemp>25.0</ns3:atemp>
            <ns3:hr>197</ns3:hr>
            <ns3:cad>84</ns3:cad>
          </ns3:TrackPointExtension>
        </extensions>
      </trkpt>
      <trkpt lat="49.50410895980894565582275390625" lon="5.93688516877591609954833984375">
        <ele>315.399993896484375</ele>
        <time>2026-09-05T16:30:52.000Z</time>
        <extensions>
          <ns3:TrackPointExtension>
            <ns3:atemp>25.0</ns3:atemp>
            <ns3:hr>196</ns3:hr>
            <ns3:cad>84</ns3:cad>
          </ns3:TrackPointExtension>
        </extensions>
      </trkpt>
      <trkpt lat="49.50407979078590869903564453125" lon="5.936873853206634521484375">
        <ele>315.399993896484375</ele>
        <time>2026-09-05T16:30:53.000Z</time>
        <extensions>
          <ns3:TrackPointExtension>
            <ns3:atemp>25.0</ns3:atemp>
            <ns3:hr>196</ns3:hr>
            <ns3:cad>84</ns3:cad>
          </ns3:TrackPointExtension>
        </extensions>
      </trkpt>
      <trkpt lat="49.50404039584100246429443359375" lon="5.93684745021164417266845703125">
        <ele>315.20001220703125</ele>
        <time>2026-09-05T16:30:54.000Z</time>
        <extensions>
          <ns3:TrackPointExtension>
            <ns3:atemp>25.0</ns3:atemp>
            <ns3:hr>196</ns3:hr>
            <ns3:cad>85</ns3:cad>
          </ns3:TrackPointExtension>
        </extensions>
      </trkpt>
      <trkpt lat="49.50400686822831630706787109375" lon="5.9368267469108104705810546875">
        <ele>315.399993896484375</ele>
        <time>2026-09-05T16:30:55.000Z</time>
        <extensions>
          <ns3:TrackPointExtension>
            <ns3:atemp>25.0</ns3:atemp>
            <ns3:hr>196</ns3:hr>
            <ns3:cad>86</ns3:cad>
          </ns3:TrackPointExtension>
        </extensions>
      </trkpt>
      <trkpt lat="49.50397417880594730377197265625" lon="5.93680520541965961456298828125">
        <ele>315.399993896484375</ele>
        <time>2026-09-05T16:30:56.000Z</time>
        <extensions>
          <ns3:TrackPointExtension>
            <ns3:atemp>25.0</ns3:atemp>
            <ns3:hr>196</ns3:hr>
            <ns3:cad>86</ns3:cad>
          </ns3:TrackPointExtension>
        </extensions>
      </trkpt>
      <trkpt lat="49.5039430819451808929443359375" lon="5.93677452765405178070068359375">
        <ele>315.20001220703125</ele>
        <time>2026-09-05T16:30:57.000Z</time>
        <extensions>
          <ns3:TrackPointExtension>
            <ns3:atemp>25.0</ns3:atemp>
            <ns3:hr>196</ns3:hr>
            <ns3:cad>87</ns3:cad>
          </ns3:TrackPointExtension>
        </extensions>
      </trkpt>
      <trkpt lat="49.50391634367406368255615234375" lon="5.93676078133285045623779296875">
        <ele>315.20001220703125</ele>
        <time>2026-09-05T16:30:58.000Z</time>
        <extensions>
          <ns3:TrackPointExtension>
            <ns3:atemp>25.0</ns3:atemp>
            <ns3:hr>196</ns3:hr>
            <ns3:cad>87</ns3:cad>
          </ns3:TrackPointExtension>
        </extensions>
      </trkpt>
      <trkpt lat="49.50387879274785518646240234375" lon="5.9367335401475429534912109375">
        <ele>315.20001220703125</ele>
        <time>2026-09-05T16:30:59.000Z</time>
        <extensions>
          <ns3:TrackPointExtension>
            <ns3:atemp>25.0</ns3:atemp>
            <ns3:hr>196</ns3:hr>
            <ns3:cad>87</ns3:cad>
          </ns3:TrackPointExtension>
        </extensions>
      </trkpt>
      <trkpt lat="49.5038473606109619140625" lon="5.93671317212283611297607421875">
        <ele>315.20001220703125</ele>
        <time>2026-09-05T16:31:00.000Z</time>
        <extensions>
          <ns3:TrackPointExtension>
            <ns3:atemp>25.0</ns3:atemp>
            <ns3:hr>197</ns3:hr>
            <ns3:cad>87</ns3:cad>
          </ns3:TrackPointExtension>
        </extensions>
      </trkpt>
      <trkpt lat="49.50381182134151458740234375" lon="5.9366923011839389801025390625">
        <ele>315</ele>
        <time>2026-09-05T16:31:01.000Z</time>
        <extensions>
          <ns3:TrackPointExtension>
            <ns3:atemp>25.0</ns3:atemp>
            <ns3:hr>198</ns3:hr>
            <ns3:cad>85</ns3:cad>
          </ns3:TrackPointExtension>
        </extensions>
      </trkpt>
      <trkpt lat="49.50377703644335269927978515625" lon="5.936662964522838592529296875">
        <ele>315</ele>
        <time>2026-09-05T16:31:02.000Z</time>
        <extensions>
          <ns3:TrackPointExtension>
            <ns3:atemp>25.0</ns3:atemp>
            <ns3:hr>197</ns3:hr>
            <ns3:cad>85</ns3:cad>
          </ns3:TrackPointExtension>
        </extensions>
      </trkpt>
      <trkpt lat="49.5037419162690639495849609375" lon="5.93665030784904956817626953125">
        <ele>314.79998779296875</ele>
        <time>2026-09-05T16:31:03.000Z</time>
        <extensions>
          <ns3:TrackPointExtension>
            <ns3:atemp>25.0</ns3:atemp>
            <ns3:hr>196</ns3:hr>
            <ns3:cad>85</ns3:cad>
          </ns3:TrackPointExtension>
        </extensions>
      </trkpt>
      <trkpt lat="49.50370327569544315338134765625" lon="5.93662281520664691925048828125">
        <ele>314.600006103515625</ele>
        <time>2026-09-05T16:31:04.000Z</time>
        <extensions>
          <ns3:TrackPointExtension>
            <ns3:atemp>25.0</ns3:atemp>
            <ns3:hr>196</ns3:hr>
            <ns3:cad>84</ns3:cad>
          </ns3:TrackPointExtension>
        </extensions>
      </trkpt>
      <trkpt lat="49.50367368757724761962890625" lon="5.9366138465702533721923828125">
        <ele>314.399993896484375</ele>
        <time>2026-09-05T16:31:05.000Z</time>
        <extensions>
          <ns3:TrackPointExtension>
            <ns3:atemp>25.0</ns3:atemp>
            <ns3:hr>196</ns3:hr>
            <ns3:cad>84</ns3:cad>
          </ns3:TrackPointExtension>
        </extensions>
      </trkpt>
      <trkpt lat="49.50363538227975368499755859375" lon="5.93659020960330963134765625">
        <ele>314.20001220703125</ele>
        <time>2026-09-05T16:31:06.000Z</time>
        <extensions>
          <ns3:TrackPointExtension>
            <ns3:atemp>25.0</ns3:atemp>
            <ns3:hr>196</ns3:hr>
            <ns3:cad>84</ns3:cad>
          </ns3:TrackPointExtension>
        </extensions>
      </trkpt>
      <trkpt lat="49.50360235758125782012939453125" lon="5.93656984157860279083251953125">
        <ele>314.20001220703125</ele>
        <time>2026-09-05T16:31:07.000Z</time>
        <extensions>
          <ns3:TrackPointExtension>
            <ns3:atemp>25.0</ns3:atemp>
            <ns3:hr>196</ns3:hr>
            <ns3:cad>85</ns3:cad>
          </ns3:TrackPointExtension>
        </extensions>
      </trkpt>
      <trkpt lat="49.50356815941631793975830078125" lon="5.93655265867710113525390625">
        <ele>314</ele>
        <time>2026-09-05T16:31:08.000Z</time>
        <extensions>
          <ns3:TrackPointExtension>
            <ns3:atemp>25.0</ns3:atemp>
            <ns3:hr>196</ns3:hr>
            <ns3:cad>85</ns3:cad>
          </ns3:TrackPointExtension>
        </extensions>
      </trkpt>
      <trkpt lat="49.5035340450704097747802734375" lon="5.9365291893482208251953125">
        <ele>314</ele>
        <time>2026-09-05T16:31:09.000Z</time>
        <extensions>
          <ns3:TrackPointExtension>
            <ns3:atemp>25.0</ns3:atemp>
            <ns3:hr>196</ns3:hr>
            <ns3:cad>85</ns3:cad>
          </ns3:TrackPointExtension>
        </extensions>
      </trkpt>
      <trkpt lat="49.5035082288086414337158203125" lon="5.936524830758571624755859375">
        <ele>314</ele>
        <time>2026-09-05T16:31:10.000Z</time>
        <extensions>
          <ns3:TrackPointExtension>
            <ns3:atemp>25.0</ns3:atemp>
            <ns3:hr>196</ns3:hr>
            <ns3:cad>85</ns3:cad>
          </ns3:TrackPointExtension>
        </extensions>
      </trkpt>
      <trkpt lat="49.50347411446273326873779296875" lon="5.93649658374488353729248046875">
        <ele>313.79998779296875</ele>
        <time>2026-09-05T16:31:11.000Z</time>
        <extensions>
          <ns3:TrackPointExtension>
            <ns3:atemp>25.0</ns3:atemp>
            <ns3:hr>196</ns3:hr>
            <ns3:cad>85</ns3:cad>
          </ns3:TrackPointExtension>
        </extensions>
      </trkpt>
      <trkpt lat="49.5034441910684108734130859375" lon="5.936482250690460205078125">
        <ele>313.600006103515625</ele>
        <time>2026-09-05T16:31:12.000Z</time>
        <extensions>
          <ns3:TrackPointExtension>
            <ns3:atemp>25.0</ns3:atemp>
            <ns3:hr>196</ns3:hr>
            <ns3:cad>85</ns3:cad>
          </ns3:TrackPointExtension>
        </extensions>
      </trkpt>
      <trkpt lat="49.5034056343138217926025390625" lon="5.93646054156124591827392578125">
        <ele>313.600006103515625</ele>
        <time>2026-09-05T16:31:13.000Z</time>
        <extensions>
          <ns3:TrackPointExtension>
            <ns3:atemp>25.0</ns3:atemp>
            <ns3:hr>196</ns3:hr>
            <ns3:cad>85</ns3:cad>
          </ns3:TrackPointExtension>
        </extensions>
      </trkpt>
      <trkpt lat="49.50336816720664501190185546875" lon="5.93643791042268276214599609375">
        <ele>313.399993896484375</ele>
        <time>2026-09-05T16:31:14.000Z</time>
        <extensions>
          <ns3:TrackPointExtension>
            <ns3:atemp>25.0</ns3:atemp>
            <ns3:hr>196</ns3:hr>
            <ns3:cad>84</ns3:cad>
          </ns3:TrackPointExtension>
        </extensions>
      </trkpt>
      <trkpt lat="49.503336735069751739501953125" lon="5.9364219009876251220703125">
        <ele>313.20001220703125</ele>
        <time>2026-09-05T16:31:15.000Z</time>
        <extensions>
          <ns3:TrackPointExtension>
            <ns3:atemp>25.0</ns3:atemp>
            <ns3:hr>196</ns3:hr>
            <ns3:cad>84</ns3:cad>
          </ns3:TrackPointExtension>
        </extensions>
      </trkpt>
      <trkpt lat="49.5033013634383678436279296875" lon="5.9364006109535694122314453125">
        <ele>313</ele>
        <time>2026-09-05T16:31:16.000Z</time>
        <extensions>
          <ns3:TrackPointExtension>
            <ns3:atemp>25.0</ns3:atemp>
            <ns3:hr>196</ns3:hr>
            <ns3:cad>84</ns3:cad>
          </ns3:TrackPointExtension>
        </extensions>
      </trkpt>
      <trkpt lat="49.5032745413482189178466796875" lon="5.9363892115652561187744140625">
        <ele>313</ele>
        <time>2026-09-05T16:31:17.000Z</time>
        <extensions>
          <ns3:TrackPointExtension>
            <ns3:atemp>25.0</ns3:atemp>
            <ns3:hr>196</ns3:hr>
            <ns3:cad>85</ns3:cad>
          </ns3:TrackPointExtension>
        </extensions>
      </trkpt>
      <trkpt lat="49.50324210338294506072998046875" lon="5.9363682568073272705078125">
        <ele>312.79998779296875</ele>
        <time>2026-09-05T16:31:18.000Z</time>
        <extensions>
          <ns3:TrackPointExtension>
            <ns3:atemp>25.0</ns3:atemp>
            <ns3:hr>196</ns3:hr>
            <ns3:cad>85</ns3:cad>
          </ns3:TrackPointExtension>
        </extensions>
      </trkpt>
      <trkpt lat="49.50320891104638576507568359375" lon="5.93635224737226963043212890625">
        <ele>312.79998779296875</ele>
        <time>2026-09-05T16:31:19.000Z</time>
        <extensions>
          <ns3:TrackPointExtension>
            <ns3:atemp>25.0</ns3:atemp>
            <ns3:hr>196</ns3:hr>
            <ns3:cad>85</ns3:cad>
          </ns3:TrackPointExtension>
        </extensions>
      </trkpt>
      <trkpt lat="49.50317907147109508514404296875" lon="5.936336405575275421142578125">
        <ele>312.600006103515625</ele>
        <time>2026-09-05T16:31:20.000Z</time>
        <extensions>
          <ns3:TrackPointExtension>
            <ns3:atemp>25.0</ns3:atemp>
            <ns3:hr>196</ns3:hr>
            <ns3:cad>85</ns3:cad>
          </ns3:TrackPointExtension>
        </extensions>
      </trkpt>
      <trkpt lat="49.50314202345907688140869140625" lon="5.93632224015891551971435546875">
        <ele>312.399993896484375</ele>
        <time>2026-09-05T16:31:21.000Z</time>
        <extensions>
          <ns3:TrackPointExtension>
            <ns3:atemp>25.0</ns3:atemp>
            <ns3:hr>196</ns3:hr>
            <ns3:cad>85</ns3:cad>
          </ns3:TrackPointExtension>
        </extensions>
      </trkpt>
      <trkpt lat="49.50311469845473766326904296875" lon="5.93631201423704624176025390625">
        <ele>312.20001220703125</ele>
        <time>2026-09-05T16:31:22.000Z</time>
        <extensions>
          <ns3:TrackPointExtension>
            <ns3:atemp>25.0</ns3:atemp>
            <ns3:hr>196</ns3:hr>
            <ns3:cad>85</ns3:cad>
          </ns3:TrackPointExtension>
        </extensions>
      </trkpt>
      <trkpt lat="49.50307513587176799774169921875" lon="5.936290808022022247314453125">
        <ele>312</ele>
        <time>2026-09-05T16:31:23.000Z</time>
        <extensions>
          <ns3:TrackPointExtension>
            <ns3:atemp>25.0</ns3:atemp>
            <ns3:hr>195</ns3:hr>
            <ns3:cad>85</ns3:cad>
          </ns3:TrackPointExtension>
        </extensions>
      </trkpt>
      <trkpt lat="49.50304429046809673309326171875" lon="5.93627396039664745330810546875">
        <ele>311.79998779296875</ele>
        <time>2026-09-05T16:31:24.000Z</time>
        <extensions>
          <ns3:TrackPointExtension>
            <ns3:atemp>25.0</ns3:atemp>
            <ns3:hr>195</ns3:hr>
            <ns3:cad>84</ns3:cad>
          </ns3:TrackPointExtension>
        </extensions>
      </trkpt>
      <trkpt lat="49.5030093379318714141845703125" lon="5.9362591244280338287353515625">
        <ele>311.600006103515625</ele>
        <time>2026-09-05T16:31:25.000Z</time>
        <extensions>
          <ns3:TrackPointExtension>
            <ns3:atemp>25.0</ns3:atemp>
            <ns3:hr>196</ns3:hr>
            <ns3:cad>84</ns3:cad>
          </ns3:TrackPointExtension>
        </extensions>
      </trkpt>
      <trkpt lat="49.50297455303370952606201171875" lon="5.93624026514589786529541015625">
        <ele>311.399993896484375</ele>
        <time>2026-09-05T16:31:26.000Z</time>
        <extensions>
          <ns3:TrackPointExtension>
            <ns3:atemp>25.0</ns3:atemp>
            <ns3:hr>196</ns3:hr>
            <ns3:cad>84</ns3:cad>
          </ns3:TrackPointExtension>
        </extensions>
      </trkpt>
      <trkpt lat="49.5029412768781185150146484375" lon="5.93623858876526355743408203125">
        <ele>311.600006103515625</ele>
        <time>2026-09-05T16:31:27.000Z</time>
        <extensions>
          <ns3:TrackPointExtension>
            <ns3:atemp>25.0</ns3:atemp>
            <ns3:hr>196</ns3:hr>
            <ns3:cad>84</ns3:cad>
          </ns3:TrackPointExtension>
        </extensions>
      </trkpt>
      <trkpt lat="49.502904228866100311279296875" lon="5.936254598200321197509765625">
        <ele>311.600006103515625</ele>
        <time>2026-09-05T16:31:28.000Z</time>
        <extensions>
          <ns3:TrackPointExtension>
            <ns3:atemp>25.0</ns3:atemp>
            <ns3:hr>195</ns3:hr>
            <ns3:cad>84</ns3:cad>
          </ns3:TrackPointExtension>
        </extensions>
      </trkpt>
      <trkpt lat="49.502888806164264678955078125" lon="5.93629089184105396270751953125">
        <ele>311.600006103515625</ele>
        <time>2026-09-05T16:31:29.000Z</time>
        <extensions>
          <ns3:TrackPointExtension>
            <ns3:atemp>25.0</ns3:atemp>
            <ns3:hr>194</ns3:hr>
            <ns3:cad>85</ns3:cad>
          </ns3:TrackPointExtension>
        </extensions>
      </trkpt>
      <trkpt lat="49.50287195853888988494873046875" lon="5.9363362379372119903564453125">
        <ele>311.600006103515625</ele>
        <time>2026-09-05T16:31:30.000Z</time>
        <extensions>
          <ns3:TrackPointExtension>
            <ns3:atemp>26.0</ns3:atemp>
            <ns3:hr>195</ns3:hr>
            <ns3:cad>85</ns3:cad>
          </ns3:TrackPointExtension>
        </extensions>
      </trkpt>
      <trkpt lat="49.50286097824573516845703125" lon="5.936377309262752532958984375">
        <ele>311.600006103515625</ele>
        <time>2026-09-05T16:31:31.000Z</time>
        <extensions>
          <ns3:TrackPointExtension>
            <ns3:atemp>26.0</ns3:atemp>
            <ns3:hr>195</ns3:hr>
            <ns3:cad>86</ns3:cad>
          </ns3:TrackPointExtension>
        </extensions>
      </trkpt>
      <trkpt lat="49.50284597463905811309814453125" lon="5.93642902560532093048095703125">
        <ele>311.600006103515625</ele>
        <time>2026-09-05T16:31:32.000Z</time>
        <extensions>
          <ns3:TrackPointExtension>
            <ns3:atemp>25.0</ns3:atemp>
            <ns3:hr>195</ns3:hr>
            <ns3:cad>87</ns3:cad>
          </ns3:TrackPointExtension>
        </extensions>
      </trkpt>
      <trkpt lat="49.50283289887011051177978515625" lon="5.936475209891796112060546875">
        <ele>311.600006103515625</ele>
        <time>2026-09-05T16:31:33.000Z</time>
        <extensions>
          <ns3:TrackPointExtension>
            <ns3:atemp>25.0</ns3:atemp>
            <ns3:hr>195</ns3:hr>
            <ns3:cad>88</ns3:cad>
          </ns3:TrackPointExtension>
        </extensions>
      </trkpt>
      <trkpt lat="49.50282267294824123382568359375" lon="5.93652089126408100128173828125">
        <ele>311.600006103515625</ele>
        <time>2026-09-05T16:31:34.000Z</time>
        <extensions>
          <ns3:TrackPointExtension>
            <ns3:atemp>25.0</ns3:atemp>
            <ns3:hr>195</ns3:hr>
            <ns3:cad>88</ns3:cad>
          </ns3:TrackPointExtension>
        </extensions>
      </trkpt>
      <trkpt lat="49.50280725024640560150146484375" lon="5.93657101504504680633544921875">
        <ele>311.600006103515625</ele>
        <time>2026-09-05T16:31:35.000Z</time>
        <extensions>
          <ns3:TrackPointExtension>
            <ns3:atemp>25.0</ns3:atemp>
            <ns3:hr>194</ns3:hr>
            <ns3:cad>87</ns3:cad>
          </ns3:TrackPointExtension>
        </extensions>
      </trkpt>
      <trkpt lat="49.50280037708580493927001953125" lon="5.93661594204604625701904296875">
        <ele>311.399993896484375</ele>
        <time>2026-09-05T16:31:36.000Z</time>
        <extensions>
          <ns3:TrackPointExtension>
            <ns3:atemp>25.0</ns3:atemp>
            <ns3:hr>194</ns3:hr>
            <ns3:cad>87</ns3:cad>
          </ns3:TrackPointExtension>
        </extensions>
      </trkpt>
      <trkpt lat="49.50278453528881072998046875" lon="5.936672687530517578125">
        <ele>311.399993896484375</ele>
        <time>2026-09-05T16:31:37.000Z</time>
        <extensions>
          <ns3:TrackPointExtension>
            <ns3:atemp>25.0</ns3:atemp>
            <ns3:hr>194</ns3:hr>
            <ns3:cad>85</ns3:cad>
          </ns3:TrackPointExtension>
        </extensions>
      </trkpt>
      <trkpt lat="49.502774812281131744384765625" lon="5.936717279255390167236328125">
        <ele>311.399993896484375</ele>
        <time>2026-09-05T16:31:38.000Z</time>
        <extensions>
          <ns3:TrackPointExtension>
            <ns3:atemp>25.0</ns3:atemp>
            <ns3:hr>195</ns3:hr>
            <ns3:cad>85</ns3:cad>
          </ns3:TrackPointExtension>
        </extensions>
      </trkpt>
      <trkpt lat="49.502761401236057281494140625" lon="5.9367700852453708648681640625">
        <ele>311.399993896484375</ele>
        <time>2026-09-05T16:31:39.000Z</time>
        <extensions>
          <ns3:TrackPointExtension>
            <ns3:atemp>25.0</ns3:atemp>
            <ns3:hr>196</ns3:hr>
            <ns3:cad>85</ns3:cad>
          </ns3:TrackPointExtension>
        </extensions>
      </trkpt>
      <trkpt lat="49.5027451403439044952392578125" lon="5.9368193708360195159912109375">
        <ele>311.399993896484375</ele>
        <time>2026-09-05T16:31:40.000Z</time>
        <extensions>
          <ns3:TrackPointExtension>
            <ns3:atemp>26.0</ns3:atemp>
            <ns3:hr>196</ns3:hr>
            <ns3:cad>85</ns3:cad>
          </ns3:TrackPointExtension>
        </extensions>
      </trkpt>
      <trkpt lat="49.50273617170751094818115234375" lon="5.93686957843601703643798828125">
        <ele>311.399993896484375</ele>
        <time>2026-09-05T16:31:41.000Z</time>
        <extensions>
          <ns3:TrackPointExtension>
            <ns3:atemp>25.0</ns3:atemp>
            <ns3:hr>196</ns3:hr>
            <ns3:cad>85</ns3:cad>
          </ns3:TrackPointExtension>
        </extensions>
      </trkpt>
      <trkpt lat="49.5027189888060092926025390625" lon="5.93692221678793430328369140625">
        <ele>311.399993896484375</ele>
        <time>2026-09-05T16:31:42.000Z</time>
        <extensions>
          <ns3:TrackPointExtension>
            <ns3:atemp>25.0</ns3:atemp>
            <ns3:hr>196</ns3:hr>
            <ns3:cad>85</ns3:cad>
          </ns3:TrackPointExtension>
        </extensions>
      </trkpt>
      <trkpt lat="49.5027122832834720611572265625" lon="5.9369717538356781005859375">
        <ele>311.399993896484375</ele>
        <time>2026-09-05T16:31:43.000Z</time>
        <extensions>
          <ns3:TrackPointExtension>
            <ns3:atemp>26.0</ns3:atemp>
            <ns3:hr>196</ns3:hr>
            <ns3:cad>85</ns3:cad>
          </ns3:TrackPointExtension>
        </extensions>
      </trkpt>
      <trkpt lat="49.5026968605816364288330078125" lon="5.93702749349176883697509765625">
        <ele>311.399993896484375</ele>
        <time>2026-09-05T16:31:44.000Z</time>
        <extensions>
          <ns3:TrackPointExtension>
            <ns3:atemp>26.0</ns3:atemp>
            <ns3:hr>196</ns3:hr>
            <ns3:cad>85</ns3:cad>
          </ns3:TrackPointExtension>
        </extensions>
      </trkpt>
      <trkpt lat="49.5026871375739574432373046875" lon="5.9370751865208148956298828125">
        <ele>311.399993896484375</ele>
        <time>2026-09-05T16:31:45.000Z</time>
        <extensions>
          <ns3:TrackPointExtension>
            <ns3:atemp>25.0</ns3:atemp>
            <ns3:hr>196</ns3:hr>
            <ns3:cad>85</ns3:cad>
          </ns3:TrackPointExtension>
        </extensions>
      </trkpt>
      <trkpt lat="49.5026712119579315185546875" lon="5.9371388889849185943603515625">
        <ele>311.399993896484375</ele>
        <time>2026-09-05T16:31:46.000Z</time>
        <extensions>
          <ns3:TrackPointExtension>
            <ns3:atemp>25.0</ns3:atemp>
            <ns3:hr>196</ns3:hr>
            <ns3:cad>86</ns3:cad>
          </ns3:TrackPointExtension>
        </extensions>
      </trkpt>
      <trkpt lat="49.50265738181769847869873046875" lon="5.93718792311847209930419921875">
        <ele>311.399993896484375</ele>
        <time>2026-09-05T16:31:47.000Z</time>
        <extensions>
          <ns3:TrackPointExtension>
            <ns3:atemp>25.0</ns3:atemp>
            <ns3:hr>196</ns3:hr>
            <ns3:cad>86</ns3:cad>
          </ns3:TrackPointExtension>
        </extensions>
      </trkpt>
      <trkpt lat="49.50264229439198970794677734375" lon="5.937249362468719482421875">
        <ele>311.20001220703125</ele>
        <time>2026-09-05T16:31:48.000Z</time>
        <extensions>
          <ns3:TrackPointExtension>
            <ns3:atemp>26.0</ns3:atemp>
            <ns3:hr>196</ns3:hr>
            <ns3:cad>86</ns3:cad>
          </ns3:TrackPointExtension>
        </extensions>
      </trkpt>
      <trkpt lat="49.5026264525949954986572265625" lon="5.93730443157255649566650390625">
        <ele>311.399993896484375</ele>
        <time>2026-09-05T16:31:49.000Z</time>
        <extensions>
          <ns3:TrackPointExtension>
            <ns3:atemp>25.0</ns3:atemp>
            <ns3:hr>196</ns3:hr>
            <ns3:cad>86</ns3:cad>
          </ns3:TrackPointExtension>
        </extensions>
      </trkpt>
      <trkpt lat="49.50261949561536312103271484375" lon="5.93736008740961551666259765625">
        <ele>311.399993896484375</ele>
        <time>2026-09-05T16:31:50.000Z</time>
        <extensions>
          <ns3:TrackPointExtension>
            <ns3:atemp>25.0</ns3:atemp>
            <ns3:hr>196</ns3:hr>
            <ns3:cad>87</ns3:cad>
          </ns3:TrackPointExtension>
        </extensions>
      </trkpt>
      <trkpt lat="49.5026026479899883270263671875" lon="5.93741859309375286102294921875">
        <ele>311.20001220703125</ele>
        <time>2026-09-05T16:31:51.000Z</time>
        <extensions>
          <ns3:TrackPointExtension>
            <ns3:atemp>26.0</ns3:atemp>
            <ns3:hr>196</ns3:hr>
            <ns3:cad>87</ns3:cad>
          </ns3:TrackPointExtension>
        </extensions>
      </trkpt>
      <trkpt lat="49.50259619392454624176025390625" lon="5.93747123144567012786865234375">
        <ele>311.20001220703125</ele>
        <time>2026-09-05T16:31:52.000Z</time>
        <extensions>
          <ns3:TrackPointExtension>
            <ns3:atemp>25.0</ns3:atemp>
            <ns3:hr>198</ns3:hr>
            <ns3:cad>87</ns3:cad>
          </ns3:TrackPointExtension>
        </extensions>
      </trkpt>
      <trkpt lat="49.50257775373756885528564453125" lon="5.93753342516720294952392578125">
        <ele>311.20001220703125</ele>
        <time>2026-09-05T16:31:53.000Z</time>
        <extensions>
          <ns3:TrackPointExtension>
            <ns3:atemp>26.0</ns3:atemp>
            <ns3:hr>198</ns3:hr>
            <ns3:cad>87</ns3:cad>
          </ns3:TrackPointExtension>
        </extensions>
      </trkpt>
      <trkpt lat="49.50256861746311187744140625" lon="5.93759075738489627838134765625">
        <ele>311.20001220703125</ele>
        <time>2026-09-05T16:31:54.000Z</time>
        <extensions>
          <ns3:TrackPointExtension>
            <ns3:atemp>26.0</ns3:atemp>
            <ns3:hr>198</ns3:hr>
            <ns3:cad>87</ns3:cad>
          </ns3:TrackPointExtension>
        </extensions>
      </trkpt>
      <trkpt lat="49.50255327858030796051025390625" lon="5.9376503527164459228515625">
        <ele>311.20001220703125</ele>
        <time>2026-09-05T16:31:55.000Z</time>
        <extensions>
          <ns3:TrackPointExtension>
            <ns3:atemp>26.0</ns3:atemp>
            <ns3:hr>198</ns3:hr>
            <ns3:cad>87</ns3:cad>
          </ns3:TrackPointExtension>
        </extensions>
      </trkpt>
      <trkpt lat="49.5025433041155338287353515625" lon="5.93769930303096771240234375">
        <ele>311.20001220703125</ele>
        <time>2026-09-05T16:31:56.000Z</time>
        <extensions>
          <ns3:TrackPointExtension>
            <ns3:atemp>25.0</ns3:atemp>
            <ns3:hr>198</ns3:hr>
            <ns3:cad>87</ns3:cad>
          </ns3:TrackPointExtension>
        </extensions>
      </trkpt>
      <trkpt lat="49.50252964161336421966552734375" lon="5.93776091001927852630615234375">
        <ele>311.20001220703125</ele>
        <time>2026-09-05T16:31:57.000Z</time>
        <extensions>
          <ns3:TrackPointExtension>
            <ns3:atemp>25.0</ns3:atemp>
            <ns3:hr>197</ns3:hr>
            <ns3:cad>87</ns3:cad>
          </ns3:TrackPointExtension>
        </extensions>
      </trkpt>
      <trkpt lat="49.5025154761970043182373046875" lon="5.93781623058021068572998046875">
        <ele>311.20001220703125</ele>
        <time>2026-09-05T16:31:58.000Z</time>
        <extensions>
          <ns3:TrackPointExtension>
            <ns3:atemp>25.0</ns3:atemp>
            <ns3:hr>197</ns3:hr>
            <ns3:cad>87</ns3:cad>
          </ns3:TrackPointExtension>
        </extensions>
      </trkpt>
      <trkpt lat="49.50250466354191303253173828125" lon="5.93787121586501598358154296875">
        <ele>311</ele>
        <time>2026-09-05T16:31:59.000Z</time>
        <extensions>
          <ns3:TrackPointExtension>
            <ns3:atemp>26.0</ns3:atemp>
            <ns3:hr>196</ns3:hr>
            <ns3:cad>87</ns3:cad>
          </ns3:TrackPointExtension>
        </extensions>
      </trkpt>
      <trkpt lat="49.5024873130023479461669921875" lon="5.93792653642594814300537109375">
        <ele>311</ele>
        <time>2026-09-05T16:32:00.000Z</time>
        <extensions>
          <ns3:TrackPointExtension>
            <ns3:atemp>25.0</ns3:atemp>
            <ns3:hr>198</ns3:hr>
            <ns3:cad>87</ns3:cad>
          </ns3:TrackPointExtension>
        </extensions>
      </trkpt>
      <trkpt lat="49.50247951783239841461181640625" lon="5.937974564731121063232421875">
        <ele>311</ele>
        <time>2026-09-05T16:32:01.000Z</time>
        <extensions>
          <ns3:TrackPointExtension>
            <ns3:atemp>25.0</ns3:atemp>
            <ns3:hr>198</ns3:hr>
            <ns3:cad>87</ns3:cad>
          </ns3:TrackPointExtension>
        </extensions>
      </trkpt>
      <trkpt lat="49.50246023945510387420654296875" lon="5.938028879463672637939453125">
        <ele>311</ele>
        <time>2026-09-05T16:32:02.000Z</time>
        <extensions>
          <ns3:TrackPointExtension>
            <ns3:atemp>25.0</ns3:atemp>
            <ns3:hr>198</ns3:hr>
            <ns3:cad>87</ns3:cad>
          </ns3:TrackPointExtension>
        </extensions>
      </trkpt>
      <trkpt lat="49.5024500973522663116455078125" lon="5.938079170882701873779296875">
        <ele>310.79998779296875</ele>
        <time>2026-09-05T16:32:03.000Z</time>
        <extensions>
          <ns3:TrackPointExtension>
            <ns3:atemp>26.0</ns3:atemp>
            <ns3:hr>198</ns3:hr>
            <ns3:cad>87</ns3:cad>
          </ns3:TrackPointExtension>
        </extensions>
      </trkpt>
      <trkpt lat="49.50243542902171611785888671875" lon="5.93813407234847545623779296875">
        <ele>310.79998779296875</ele>
        <time>2026-09-05T16:32:04.000Z</time>
        <extensions>
          <ns3:TrackPointExtension>
            <ns3:atemp>25.0</ns3:atemp>
            <ns3:hr>198</ns3:hr>
            <ns3:cad>87</ns3:cad>
          </ns3:TrackPointExtension>
        </extensions>
      </trkpt>
      <trkpt lat="49.502422772347927093505859375" lon="5.93818201683461666107177734375">
        <ele>310.79998779296875</ele>
        <time>2026-09-05T16:32:05.000Z</time>
        <extensions>
          <ns3:TrackPointExtension>
            <ns3:atemp>26.0</ns3:atemp>
            <ns3:hr>197</ns3:hr>
            <ns3:cad>86</ns3:cad>
          </ns3:TrackPointExtension>
        </extensions>
      </trkpt>
      <trkpt lat="49.502414055168628692626953125" lon="5.93823348172008991241455078125">
        <ele>310.600006103515625</ele>
        <time>2026-09-05T16:32:06.000Z</time>
        <extensions>
          <ns3:TrackPointExtension>
            <ns3:atemp>26.0</ns3:atemp>
            <ns3:hr>197</ns3:hr>
            <ns3:cad>86</ns3:cad>
          </ns3:TrackPointExtension>
        </extensions>
      </trkpt>
      <trkpt lat="49.50240106321871280670166015625" lon="5.93828561715781688690185546875">
        <ele>310.600006103515625</ele>
        <time>2026-09-05T16:32:07.000Z</time>
        <extensions>
          <ns3:TrackPointExtension>
            <ns3:atemp>25.0</ns3:atemp>
            <ns3:hr>197</ns3:hr>
            <ns3:cad>86</ns3:cad>
          </ns3:TrackPointExtension>
        </extensions>
      </trkpt>
      <trkpt lat="49.502391256392002105712890625" lon="5.93833364546298980712890625">
        <ele>310.79998779296875</ele>
        <time>2026-09-05T16:32:08.000Z</time>
        <extensions>
          <ns3:TrackPointExtension>
            <ns3:atemp>26.0</ns3:atemp>
            <ns3:hr>198</ns3:hr>
            <ns3:cad>86</ns3:cad>
          </ns3:TrackPointExtension>
        </extensions>
      </trkpt>
      <trkpt lat="49.50237155891954898834228515625" lon="5.93838754110038280487060546875">
        <ele>310.79998779296875</ele>
        <time>2026-09-05T16:32:09.000Z</time>
        <extensions>
          <ns3:TrackPointExtension>
            <ns3:atemp>26.0</ns3:atemp>
            <ns3:hr>198</ns3:hr>
            <ns3:cad>86</ns3:cad>
          </ns3:TrackPointExtension>
        </extensions>
      </trkpt>
      <trkpt lat="49.502364434301853179931640625" lon="5.93843213282525539398193359375">
        <ele>310.79998779296875</ele>
        <time>2026-09-05T16:32:10.000Z</time>
        <extensions>
          <ns3:TrackPointExtension>
            <ns3:atemp>26.0</ns3:atemp>
            <ns3:hr>197</ns3:hr>
            <ns3:cad>86</ns3:cad>
          </ns3:TrackPointExtension>
        </extensions>
      </trkpt>
      <trkpt lat="49.50235228054225444793701171875" lon="5.93849684111773967742919921875">
        <ele>311</ele>
        <time>2026-09-05T16:32:11.000Z</time>
        <extensions>
          <ns3:TrackPointExtension>
            <ns3:atemp>26.0</ns3:atemp>
            <ns3:hr>197</ns3:hr>
            <ns3:cad>86</ns3:cad>
          </ns3:TrackPointExtension>
        </extensions>
      </trkpt>
      <trkpt lat="49.5023438148200511932373046875" lon="5.93854730017483234405517578125">
        <ele>310.79998779296875</ele>
        <time>2026-09-05T16:32:12.000Z</time>
        <extensions>
          <ns3:TrackPointExtension>
            <ns3:atemp>26.0</ns3:atemp>
            <ns3:hr>196</ns3:hr>
            <ns3:cad>86</ns3:cad>
          </ns3:TrackPointExtension>
        </extensions>
      </trkpt>
      <trkpt lat="49.5023317448794841766357421875" lon="5.9386013634502887725830078125">
        <ele>310.79998779296875</ele>
        <time>2026-09-05T16:32:13.000Z</time>
        <extensions>
          <ns3:TrackPointExtension>
            <ns3:atemp>26.0</ns3:atemp>
            <ns3:hr>196</ns3:hr>
            <ns3:cad>86</ns3:cad>
          </ns3:TrackPointExtension>
        </extensions>
      </trkpt>
      <trkpt lat="49.5023159869015216827392578125" lon="5.93865324743092060089111328125">
        <ele>311</ele>
        <time>2026-09-05T16:32:14.000Z</time>
        <extensions>
          <ns3:TrackPointExtension>
            <ns3:atemp>26.0</ns3:atemp>
            <ns3:hr>196</ns3:hr>
            <ns3:cad>86</ns3:cad>
          </ns3:TrackPointExtension>
        </extensions>
      </trkpt>
      <trkpt lat="49.5023059286177158355712890625" lon="5.9387083165347576141357421875">
        <ele>310.79998779296875</ele>
        <time>2026-09-05T16:32:15.000Z</time>
        <extensions>
          <ns3:TrackPointExtension>
            <ns3:atemp>26.0</ns3:atemp>
            <ns3:hr>196</ns3:hr>
            <ns3:cad>86</ns3:cad>
          </ns3:TrackPointExtension>
        </extensions>
      </trkpt>
      <trkpt lat="49.50228673405945301055908203125" lon="5.93876070342957973480224609375">
        <ele>310.600006103515625</ele>
        <time>2026-09-05T16:32:16.000Z</time>
        <extensions>
          <ns3:TrackPointExtension>
            <ns3:atemp>26.0</ns3:atemp>
            <ns3:hr>196</ns3:hr>
            <ns3:cad>86</ns3:cad>
          </ns3:TrackPointExtension>
        </extensions>
      </trkpt>
      <trkpt lat="49.50228019617497920989990234375" lon="5.93881451524794101715087890625">
        <ele>310.79998779296875</ele>
        <time>2026-09-05T16:32:17.000Z</time>
        <extensions>
          <ns3:TrackPointExtension>
            <ns3:atemp>26.0</ns3:atemp>
            <ns3:hr>196</ns3:hr>
            <ns3:cad>86</ns3:cad>
          </ns3:TrackPointExtension>
        </extensions>
      </trkpt>
      <trkpt lat="49.502263851463794708251953125" lon="5.93887553550302982330322265625">
        <ele>310.600006103515625</ele>
        <time>2026-09-05T16:32:18.000Z</time>
        <extensions>
          <ns3:TrackPointExtension>
            <ns3:atemp>26.0</ns3:atemp>
            <ns3:hr>196</ns3:hr>
            <ns3:cad>86</ns3:cad>
          </ns3:TrackPointExtension>
        </extensions>
      </trkpt>
      <trkpt lat="49.5022563077509403228759765625" lon="5.93892465345561504364013671875">
        <ele>310.600006103515625</ele>
        <time>2026-09-05T16:32:19.000Z</time>
        <extensions>
          <ns3:TrackPointExtension>
            <ns3:atemp>26.0</ns3:atemp>
            <ns3:hr>196</ns3:hr>
            <ns3:cad>86</ns3:cad>
          </ns3:TrackPointExtension>
        </extensions>
      </trkpt>
      <trkpt lat="49.50224532745778560638427734375" lon="5.93898416496813297271728515625">
        <ele>310.600006103515625</ele>
        <time>2026-09-05T16:32:20.000Z</time>
        <extensions>
          <ns3:TrackPointExtension>
            <ns3:atemp>26.0</ns3:atemp>
            <ns3:hr>196</ns3:hr>
            <ns3:cad>86</ns3:cad>
          </ns3:TrackPointExtension>
        </extensions>
      </trkpt>
      <trkpt lat="49.50223468244075775146484375" lon="5.9390424191951751708984375">
        <ele>310.600006103515625</ele>
        <time>2026-09-05T16:32:21.000Z</time>
        <extensions>
          <ns3:TrackPointExtension>
            <ns3:atemp>26.0</ns3:atemp>
            <ns3:hr>196</ns3:hr>
            <ns3:cad>86</ns3:cad>
          </ns3:TrackPointExtension>
        </extensions>
      </trkpt>
      <trkpt lat="49.50222789309918880462646484375" lon="5.93909279443323612213134765625">
        <ele>310.600006103515625</ele>
        <time>2026-09-05T16:32:22.000Z</time>
        <extensions>
          <ns3:TrackPointExtension>
            <ns3:atemp>26.0</ns3:atemp>
            <ns3:hr>197</ns3:hr>
            <ns3:cad>86</ns3:cad>
          </ns3:TrackPointExtension>
        </extensions>
      </trkpt>
      <trkpt lat="49.502213560044765472412109375" lon="5.93914744444191455841064453125">
        <ele>310.600006103515625</ele>
        <time>2026-09-05T16:32:23.000Z</time>
        <extensions>
          <ns3:TrackPointExtension>
            <ns3:atemp>26.0</ns3:atemp>
            <ns3:hr>197</ns3:hr>
            <ns3:cad>86</ns3:cad>
          </ns3:TrackPointExtension>
        </extensions>
      </trkpt>
      <trkpt lat="49.502209536731243133544921875" lon="5.93919589184224605560302734375">
        <ele>310.600006103515625</ele>
        <time>2026-09-05T16:32:24.000Z</time>
        <extensions>
          <ns3:TrackPointExtension>
            <ns3:atemp>26.0</ns3:atemp>
            <ns3:hr>198</ns3:hr>
            <ns3:cad>86</ns3:cad>
          </ns3:TrackPointExtension>
        </extensions>
      </trkpt>
      <trkpt lat="49.50219436548650264739990234375" lon="5.93925624154508113861083984375">
        <ele>310.600006103515625</ele>
        <time>2026-09-05T16:32:25.000Z</time>
        <extensions>
          <ns3:TrackPointExtension>
            <ns3:atemp>26.0</ns3:atemp>
            <ns3:hr>198</ns3:hr>
            <ns3:cad>86</ns3:cad>
          </ns3:TrackPointExtension>
        </extensions>
      </trkpt>
      <trkpt lat="49.50218581594526767730712890625" lon="5.9393052756786346435546875">
        <ele>310.600006103515625</ele>
        <time>2026-09-05T16:32:26.000Z</time>
        <extensions>
          <ns3:TrackPointExtension>
            <ns3:atemp>26.0</ns3:atemp>
            <ns3:hr>198</ns3:hr>
            <ns3:cad>86</ns3:cad>
          </ns3:TrackPointExtension>
        </extensions>
      </trkpt>
      <trkpt lat="49.50216989032924175262451171875" lon="5.93936570920050144195556640625">
        <ele>310.600006103515625</ele>
        <time>2026-09-05T16:32:27.000Z</time>
        <extensions>
          <ns3:TrackPointExtension>
            <ns3:atemp>26.0</ns3:atemp>
            <ns3:hr>199</ns3:hr>
            <ns3:cad>86</ns3:cad>
          </ns3:TrackPointExtension>
        </extensions>
      </trkpt>
      <trkpt lat="49.50215798802673816680908203125" lon="5.939418263733386993408203125">
        <ele>310.600006103515625</ele>
        <time>2026-09-05T16:32:28.000Z</time>
        <extensions>
          <ns3:TrackPointExtension>
            <ns3:atemp>26.0</ns3:atemp>
            <ns3:hr>197</ns3:hr>
            <ns3:cad>86</ns3:cad>
          </ns3:TrackPointExtension>
        </extensions>
      </trkpt>
      <trkpt lat="49.50215019285678863525390625" lon="5.93947350047528743743896484375">
        <ele>310.600006103515625</ele>
        <time>2026-09-05T16:32:29.000Z</time>
        <extensions>
          <ns3:TrackPointExtension>
            <ns3:atemp>26.0</ns3:atemp>
            <ns3:hr>197</ns3:hr>
            <ns3:cad>86</ns3:cad>
          </ns3:TrackPointExtension>
        </extensions>
      </trkpt>
      <trkpt lat="49.50213803909718990325927734375" lon="5.93952680937945842742919921875">
        <ele>310.600006103515625</ele>
        <time>2026-09-05T16:32:30.000Z</time>
        <extensions>
          <ns3:TrackPointExtension>
            <ns3:atemp>26.0</ns3:atemp>
            <ns3:hr>197</ns3:hr>
            <ns3:cad>86</ns3:cad>
          </ns3:TrackPointExtension>
        </extensions>
      </trkpt>
      <trkpt lat="49.502129070460796356201171875" lon="5.939568467438220977783203125">
        <ele>310.600006103515625</ele>
        <time>2026-09-05T16:32:31.000Z</time>
        <extensions>
          <ns3:TrackPointExtension>
            <ns3:atemp>26.0</ns3:atemp>
            <ns3:hr>197</ns3:hr>
            <ns3:cad>86</ns3:cad>
          </ns3:TrackPointExtension>
        </extensions>
      </trkpt>
      <trkpt lat="49.50211507268249988555908203125" lon="5.93962169252336025238037109375">
        <ele>310.600006103515625</ele>
        <time>2026-09-05T16:32:32.000Z</time>
        <extensions>
          <ns3:TrackPointExtension>
            <ns3:atemp>26.0</ns3:atemp>
            <ns3:hr>199</ns3:hr>
            <ns3:cad>86</ns3:cad>
          </ns3:TrackPointExtension>
        </extensions>
      </trkpt>
      <trkpt lat="49.50210954062640666961669921875" lon="5.93966259621083736419677734375">
        <ele>310.600006103515625</ele>
        <time>2026-09-05T16:32:33.000Z</time>
        <extensions>
          <ns3:TrackPointExtension>
            <ns3:atemp>26.0</ns3:atemp>
            <ns3:hr>199</ns3:hr>
            <ns3:cad>86</ns3:cad>
          </ns3:TrackPointExtension>
        </extensions>
      </trkpt>
      <trkpt lat="49.50209864415228366851806640625" lon="5.93971506692469120025634765625">
        <ele>310.600006103515625</ele>
        <time>2026-09-05T16:32:34.000Z</time>
        <extensions>
          <ns3:TrackPointExtension>
            <ns3:atemp>26.0</ns3:atemp>
            <ns3:hr>199</ns3:hr>
            <ns3:cad>86</ns3:cad>
          </ns3:TrackPointExtension>
        </extensions>
      </trkpt>
      <trkpt lat="49.502085484564304351806640625" lon="5.93976200558245182037353515625">
        <ele>310.600006103515625</ele>
        <time>2026-09-05T16:32:35.000Z</time>
        <extensions>
          <ns3:TrackPointExtension>
            <ns3:atemp>26.0</ns3:atemp>
            <ns3:hr>199</ns3:hr>
            <ns3:cad>86</ns3:cad>
          </ns3:TrackPointExtension>
        </extensions>
      </trkpt>
      <trkpt lat="49.502074755728244781494140625" lon="5.93980257399380207061767578125">
        <ele>310.600006103515625</ele>
        <time>2026-09-05T16:32:36.000Z</time>
        <extensions>
          <ns3:TrackPointExtension>
            <ns3:atemp>26.0</ns3:atemp>
            <ns3:hr>199</ns3:hr>
            <ns3:cad>86</ns3:cad>
          </ns3:TrackPointExtension>
        </extensions>
      </trkpt>
      <trkpt lat="49.5020596683025360107421875" lon="5.93986292369663715362548828125">
        <ele>310.79998779296875</ele>
        <time>2026-09-05T16:32:37.000Z</time>
        <extensions>
          <ns3:TrackPointExtension>
            <ns3:atemp>26.0</ns3:atemp>
            <ns3:hr>199</ns3:hr>
            <ns3:cad>85</ns3:cad>
          </ns3:TrackPointExtension>
        </extensions>
      </trkpt>
      <trkpt lat="49.50205438770353794097900390625" lon="5.93991472385823726654052734375">
        <ele>310.79998779296875</ele>
        <time>2026-09-05T16:32:38.000Z</time>
        <extensions>
          <ns3:TrackPointExtension>
            <ns3:atemp>26.0</ns3:atemp>
            <ns3:hr>199</ns3:hr>
            <ns3:cad>85</ns3:cad>
          </ns3:TrackPointExtension>
        </extensions>
      </trkpt>
      <trkpt lat="49.5020435750484466552734375" lon="5.93997071497142314910888671875">
        <ele>310.79998779296875</ele>
        <time>2026-09-05T16:32:39.000Z</time>
        <extensions>
          <ns3:TrackPointExtension>
            <ns3:atemp>26.0</ns3:atemp>
            <ns3:hr>199</ns3:hr>
            <ns3:cad>85</ns3:cad>
          </ns3:TrackPointExtension>
        </extensions>
      </trkpt>
      <trkpt lat="49.50203779153525829315185546875" lon="5.9400182403624057769775390625">
        <ele>310.79998779296875</ele>
        <time>2026-09-05T16:32:40.000Z</time>
        <extensions>
          <ns3:TrackPointExtension>
            <ns3:atemp>26.0</ns3:atemp>
            <ns3:hr>199</ns3:hr>
            <ns3:cad>84</ns3:cad>
          </ns3:TrackPointExtension>
        </extensions>
      </trkpt>
      <trkpt lat="49.50202622450888156890869140625" lon="5.94006660394370555877685546875">
        <ele>311</ele>
        <time>2026-09-05T16:32:41.000Z</time>
        <extensions>
          <ns3:TrackPointExtension>
            <ns3:atemp>26.0</ns3:atemp>
            <ns3:hr>199</ns3:hr>
            <ns3:cad>84</ns3:cad>
          </ns3:TrackPointExtension>
        </extensions>
      </trkpt>
      <trkpt lat="49.5020140707492828369140625" lon="5.94011371023952960968017578125">
        <ele>311</ele>
        <time>2026-09-05T16:32:42.000Z</time>
        <extensions>
          <ns3:TrackPointExtension>
            <ns3:atemp>26.0</ns3:atemp>
            <ns3:hr>198</ns3:hr>
            <ns3:cad>85</ns3:cad>
          </ns3:TrackPointExtension>
        </extensions>
      </trkpt>
      <trkpt lat="49.5020004920661449432373046875" lon="5.94015813432633876800537109375">
        <ele>311</ele>
        <time>2026-09-05T16:32:43.000Z</time>
        <extensions>
          <ns3:TrackPointExtension>
            <ns3:atemp>26.0</ns3:atemp>
            <ns3:hr>198</ns3:hr>
            <ns3:cad>86</ns3:cad>
          </ns3:TrackPointExtension>
        </extensions>
      </trkpt>
      <trkpt lat="49.50199194252490997314453125" lon="5.94021446071565151214599609375">
        <ele>311</ele>
        <time>2026-09-05T16:32:44.000Z</time>
        <extensions>
          <ns3:TrackPointExtension>
            <ns3:atemp>26.0</ns3:atemp>
            <ns3:hr>198</ns3:hr>
            <ns3:cad>86</ns3:cad>
          </ns3:TrackPointExtension>
        </extensions>
      </trkpt>
      <trkpt lat="49.50197911821305751800537109375" lon="5.940261818468570709228515625">
        <ele>311</ele>
        <time>2026-09-05T16:32:45.000Z</time>
        <extensions>
          <ns3:TrackPointExtension>
            <ns3:atemp>26.0</ns3:atemp>
            <ns3:hr>198</ns3:hr>
            <ns3:cad>86</ns3:cad>
          </ns3:TrackPointExtension>
        </extensions>
      </trkpt>
      <trkpt lat="49.50196017511188983917236328125" lon="5.94032677821815013885498046875">
        <ele>311</ele>
        <time>2026-09-05T16:32:46.000Z</time>
        <extensions>
          <ns3:TrackPointExtension>
            <ns3:atemp>26.0</ns3:atemp>
            <ns3:hr>198</ns3:hr>
            <ns3:cad>86</ns3:cad>
          </ns3:TrackPointExtension>
        </extensions>
      </trkpt>
      <trkpt lat="49.50194726698100566864013671875" lon="5.94037757255136966705322265625">
        <ele>311</ele>
        <time>2026-09-05T16:32:47.000Z</time>
        <extensions>
          <ns3:TrackPointExtension>
            <ns3:atemp>26.0</ns3:atemp>
            <ns3:hr>198</ns3:hr>
            <ns3:cad>86</ns3:cad>
          </ns3:TrackPointExtension>
        </extensions>
      </trkpt>
      <trkpt lat="49.50193033553659915924072265625" lon="5.9404359944164752960205078125">
        <ele>311.20001220703125</ele>
        <time>2026-09-05T16:32:48.000Z</time>
        <extensions>
          <ns3:TrackPointExtension>
            <ns3:atemp>26.0</ns3:atemp>
            <ns3:hr>198</ns3:hr>
            <ns3:cad>86</ns3:cad>
          </ns3:TrackPointExtension>
        </extensions>
      </trkpt>
      <trkpt lat="49.50191910378634929656982421875" lon="5.940482430160045623779296875">
        <ele>311.20001220703125</ele>
        <time>2026-09-05T16:32:49.000Z</time>
        <extensions>
          <ns3:TrackPointExtension>
            <ns3:atemp>26.0</ns3:atemp>
            <ns3:hr>198</ns3:hr>
            <ns3:cad>86</ns3:cad>
          </ns3:TrackPointExtension>
        </extensions>
      </trkpt>
      <trkpt lat="49.501914493739604949951171875" lon="5.94053196720778942108154296875">
        <ele>311.20001220703125</ele>
        <time>2026-09-05T16:32:50.000Z</time>
        <extensions>
          <ns3:TrackPointExtension>
            <ns3:atemp>26.0</ns3:atemp>
            <ns3:hr>198</ns3:hr>
            <ns3:cad>86</ns3:cad>
          </ns3:TrackPointExtension>
        </extensions>
      </trkpt>
      <trkpt lat="49.50191055424511432647705078125" lon="5.940586030483245849609375">
        <ele>311.20001220703125</ele>
        <time>2026-09-05T16:32:51.000Z</time>
        <extensions>
          <ns3:TrackPointExtension>
            <ns3:atemp>26.0</ns3:atemp>
            <ns3:hr>198</ns3:hr>
            <ns3:cad>86</ns3:cad>
          </ns3:TrackPointExtension>
        </extensions>
      </trkpt>
      <trkpt lat="49.5019146613776683807373046875" lon="5.94061025418341159820556640625">
        <ele>311.399993896484375</ele>
        <time>2026-09-05T16:32:52.000Z</time>
        <extensions>
          <ns3:TrackPointExtension>
            <ns3:atemp>26.0</ns3:atemp>
            <ns3:hr>195</ns3:hr>
            <ns3:cad>86</ns3:cad>
          </ns3:TrackPointExtension>
        </extensions>
      </trkpt>
      <trkpt lat="49.50192891061305999755859375" lon="5.94064579345285892486572265625">
        <ele>311.399993896484375</ele>
        <time>2026-09-05T16:32:53.000Z</time>
        <extensions>
          <ns3:TrackPointExtension>
            <ns3:atemp>26.0</ns3:atemp>
            <ns3:hr>196</ns3:hr>
            <ns3:cad>86</ns3:cad>
          </ns3:TrackPointExtension>
        </extensions>
      </trkpt>
      <trkpt lat="49.50195514596998691558837890625" lon="5.9406676702201366424560546875">
        <ele>311.399993896484375</ele>
        <time>2026-09-05T16:32:54.000Z</time>
        <extensions>
          <ns3:TrackPointExtension>
            <ns3:atemp>26.0</ns3:atemp>
            <ns3:hr>193</ns3:hr>
            <ns3:cad>86</ns3:cad>
          </ns3:TrackPointExtension>
        </extensions>
      </trkpt>
      <trkpt lat="49.5019807107746601104736328125" lon="5.9406887926161289215087890625">
        <ele>311.600006103515625</ele>
        <time>2026-09-05T16:32:55.000Z</time>
        <extensions>
          <ns3:TrackPointExtension>
            <ns3:atemp>26.0</ns3:atemp>
            <ns3:hr>194</ns3:hr>
            <ns3:cad>85</ns3:cad>
          </ns3:TrackPointExtension>
        </extensions>
      </trkpt>
      <trkpt lat="49.5020087063312530517578125" lon="5.94070463441312313079833984375">
        <ele>311.79998779296875</ele>
        <time>2026-09-05T16:32:56.000Z</time>
        <extensions>
          <ns3:TrackPointExtension>
            <ns3:atemp>26.0</ns3:atemp>
            <ns3:hr>193</ns3:hr>
            <ns3:cad>85</ns3:cad>
          </ns3:TrackPointExtension>
        </extensions>
      </trkpt>
      <trkpt lat="49.50203209184110164642333984375" lon="5.9407035447657108306884765625">
        <ele>311.79998779296875</ele>
        <time>2026-09-05T16:32:57.000Z</time>
        <extensions>
          <ns3:TrackPointExtension>
            <ns3:atemp>26.0</ns3:atemp>
            <ns3:hr>194</ns3:hr>
            <ns3:cad>85</ns3:cad>
          </ns3:TrackPointExtension>
        </extensions>
      </trkpt>
      <trkpt lat="49.50205774046480655670166015625" lon="5.94072056002914905548095703125">
        <ele>311.79998779296875</ele>
        <time>2026-09-05T16:32:58.000Z</time>
        <extensions>
          <ns3:TrackPointExtension>
            <ns3:atemp>26.0</ns3:atemp>
            <ns3:hr>196</ns3:hr>
            <ns3:cad>85</ns3:cad>
          </ns3:TrackPointExtension>
        </extensions>
      </trkpt>
      <trkpt lat="49.5020806230604648590087890625" lon="5.9407268464565277099609375">
        <ele>311.79998779296875</ele>
        <time>2026-09-05T16:32:59.000Z</time>
        <extensions>
          <ns3:TrackPointExtension>
            <ns3:atemp>26.0</ns3:atemp>
            <ns3:hr>198</ns3:hr>
            <ns3:cad>85</ns3:cad>
          </ns3:TrackPointExtension>
        </extensions>
      </trkpt>
      <trkpt lat="49.502100907266139984130859375" lon="5.9407672472298145294189453125">
        <ele>311.79998779296875</ele>
        <time>2026-09-05T16:33:00.000Z</time>
        <extensions>
          <ns3:TrackPointExtension>
            <ns3:atemp>26.0</ns3:atemp>
            <ns3:hr>198</ns3:hr>
            <ns3:cad>85</ns3:cad>
          </ns3:TrackPointExtension>
        </extensions>
      </trkpt>
      <trkpt lat="49.5021144859492778778076171875" lon="5.94081209041178226470947265625">
        <ele>311.600006103515625</ele>
        <time>2026-09-05T16:33:01.000Z</time>
        <extensions>
          <ns3:TrackPointExtension>
            <ns3:atemp>26.0</ns3:atemp>
            <ns3:hr>198</ns3:hr>
            <ns3:cad>85</ns3:cad>
          </ns3:TrackPointExtension>
        </extensions>
      </trkpt>
      <trkpt lat="49.502120353281497955322265625" lon="5.94086699187755584716796875">
        <ele>311.600006103515625</ele>
        <time>2026-09-05T16:33:02.000Z</time>
        <extensions>
          <ns3:TrackPointExtension>
            <ns3:atemp>26.0</ns3:atemp>
            <ns3:hr>198</ns3:hr>
            <ns3:cad>85</ns3:cad>
          </ns3:TrackPointExtension>
        </extensions>
      </trkpt>
      <trkpt lat="49.50211842544376850128173828125" lon="5.9409338794648647308349609375">
        <ele>311.600006103515625</ele>
        <time>2026-09-05T16:33:03.000Z</time>
        <extensions>
          <ns3:TrackPointExtension>
            <ns3:atemp>26.0</ns3:atemp>
            <ns3:hr>199</ns3:hr>
            <ns3:cad>85</ns3:cad>
          </ns3:TrackPointExtension>
        </extensions>
      </trkpt>
      <trkpt lat="49.50212144292891025543212890625" lon="5.94103538431227207183837890625">
        <ele>311.399993896484375</ele>
        <time>2026-09-05T16:33:04.000Z</time>
        <extensions>
          <ns3:TrackPointExtension>
            <ns3:atemp>26.0</ns3:atemp>
            <ns3:hr>199</ns3:hr>
            <ns3:cad>85</ns3:cad>
          </ns3:TrackPointExtension>
        </extensions>
      </trkpt>
      <trkpt lat="49.50211255811154842376708984375" lon="5.9411132521927356719970703125">
        <ele>311.399993896484375</ele>
        <time>2026-09-05T16:33:05.000Z</time>
        <extensions>
          <ns3:TrackPointExtension>
            <ns3:atemp>26.0</ns3:atemp>
            <ns3:hr>199</ns3:hr>
            <ns3:cad>85</ns3:cad>
          </ns3:TrackPointExtension>
        </extensions>
      </trkpt>
      <trkpt lat="49.5021040923893451690673828125" lon="5.9411839954555034637451171875">
        <ele>311.399993896484375</ele>
        <time>2026-09-05T16:33:06.000Z</time>
        <extensions>
          <ns3:TrackPointExtension>
            <ns3:atemp>26.0</ns3:atemp>
            <ns3:hr>199</ns3:hr>
            <ns3:cad>85</ns3:cad>
          </ns3:TrackPointExtension>
        </extensions>
      </trkpt>
      <trkpt lat="49.5020876638591289520263671875" lon="5.9412540681660175323486328125">
        <ele>311.399993896484375</ele>
        <time>2026-09-05T16:33:07.000Z</time>
        <extensions>
          <ns3:TrackPointExtension>
            <ns3:atemp>26.0</ns3:atemp>
            <ns3:hr>199</ns3:hr>
            <ns3:cad>84</ns3:cad>
          </ns3:TrackPointExtension>
        </extensions>
      </trkpt>
      <trkpt lat="49.5020812936127185821533203125" lon="5.94130955636501312255859375">
        <ele>311.20001220703125</ele>
        <time>2026-09-05T16:33:08.000Z</time>
        <extensions>
          <ns3:TrackPointExtension>
            <ns3:atemp>26.0</ns3:atemp>
            <ns3:hr>199</ns3:hr>
            <ns3:cad>84</ns3:cad>
          </ns3:TrackPointExtension>
        </extensions>
      </trkpt>
      <trkpt lat="49.50207584537565708160400390625" lon="5.941372253000736236572265625">
        <ele>311.399993896484375</ele>
        <time>2026-09-05T16:33:09.000Z</time>
        <extensions>
          <ns3:TrackPointExtension>
            <ns3:atemp>26.0</ns3:atemp>
            <ns3:hr>199</ns3:hr>
            <ns3:cad>84</ns3:cad>
          </ns3:TrackPointExtension>
        </extensions>
      </trkpt>
      <trkpt lat="49.5020665414631366729736328125" lon="5.94141860492527484893798828125">
        <ele>311.20001220703125</ele>
        <time>2026-09-05T16:33:10.000Z</time>
        <extensions>
          <ns3:TrackPointExtension>
            <ns3:atemp>26.0</ns3:atemp>
            <ns3:hr>199</ns3:hr>
            <ns3:cad>86</ns3:cad>
          </ns3:TrackPointExtension>
        </extensions>
      </trkpt>
      <trkpt lat="49.50205254368484020233154296875" lon="5.941462777554988861083984375">
        <ele>311.20001220703125</ele>
        <time>2026-09-05T16:33:11.000Z</time>
        <extensions>
          <ns3:TrackPointExtension>
            <ns3:atemp>26.0</ns3:atemp>
            <ns3:hr>199</ns3:hr>
            <ns3:cad>87</ns3:cad>
          </ns3:TrackPointExtension>
        </extensions>
      </trkpt>
      <trkpt lat="49.502031840384006500244140625" lon="5.9415113925933837890625">
        <ele>311.20001220703125</ele>
        <time>2026-09-05T16:33:12.000Z</time>
        <extensions>
          <ns3:TrackPointExtension>
            <ns3:atemp>26.0</ns3:atemp>
            <ns3:hr>200</ns3:hr>
            <ns3:cad>87</ns3:cad>
          </ns3:TrackPointExtension>
        </extensions>
      </trkpt>
      <trkpt lat="49.5020112209022045135498046875" lon="5.94154835678637027740478515625">
        <ele>311.20001220703125</ele>
        <time>2026-09-05T16:33:13.000Z</time>
        <extensions>
          <ns3:TrackPointExtension>
            <ns3:atemp>26.0</ns3:atemp>
            <ns3:hr>200</ns3:hr>
            <ns3:cad>87</ns3:cad>
          </ns3:TrackPointExtension>
        </extensions>
      </trkpt>
      <trkpt lat="49.50198733247816562652587890625" lon="5.9415957145392894744873046875">
        <ele>311</ele>
        <time>2026-09-05T16:33:14.000Z</time>
        <extensions>
          <ns3:TrackPointExtension>
            <ns3:atemp>26.0</ns3:atemp>
            <ns3:hr>201</ns3:hr>
            <ns3:cad>87</ns3:cad>
          </ns3:TrackPointExtension>
        </extensions>
      </trkpt>
      <trkpt lat="49.5019699819386005401611328125" lon="5.94162614084780216217041015625">
        <ele>311</ele>
        <time>2026-09-05T16:33:15.000Z</time>
        <extensions>
          <ns3:TrackPointExtension>
            <ns3:atemp>26.0</ns3:atemp>
            <ns3:hr>201</ns3:hr>
            <ns3:cad>87</ns3:cad>
          </ns3:TrackPointExtension>
        </extensions>
      </trkpt>
      <trkpt lat="49.50195372104644775390625" lon="5.941680036485195159912109375">
        <ele>310.79998779296875</ele>
        <time>2026-09-05T16:33:16.000Z</time>
        <extensions>
          <ns3:TrackPointExtension>
            <ns3:atemp>26.0</ns3:atemp>
            <ns3:hr>201</ns3:hr>
            <ns3:cad>87</ns3:cad>
          </ns3:TrackPointExtension>
        </extensions>
      </trkpt>
      <trkpt lat="49.50194022618234157562255859375" lon="5.9417204372584819793701171875">
        <ele>310.79998779296875</ele>
        <time>2026-09-05T16:33:17.000Z</time>
        <extensions>
          <ns3:TrackPointExtension>
            <ns3:atemp>26.0</ns3:atemp>
            <ns3:hr>201</ns3:hr>
            <ns3:cad>86</ns3:cad>
          </ns3:TrackPointExtension>
        </extensions>
      </trkpt>
      <trkpt lat="49.50192312709987163543701171875" lon="5.9417660348117351531982421875">
        <ele>311</ele>
        <time>2026-09-05T16:33:18.000Z</time>
        <extensions>
          <ns3:TrackPointExtension>
            <ns3:atemp>26.0</ns3:atemp>
            <ns3:hr>201</ns3:hr>
            <ns3:cad>87</ns3:cad>
          </ns3:TrackPointExtension>
        </extensions>
      </trkpt>
      <trkpt lat="49.501907788217067718505859375" lon="5.9418247081339359283447265625">
        <ele>311.399993896484375</ele>
        <time>2026-09-05T16:33:19.000Z</time>
        <extensions>
          <ns3:TrackPointExtension>
            <ns3:atemp>26.0</ns3:atemp>
            <ns3:hr>201</ns3:hr>
            <ns3:cad>87</ns3:cad>
          </ns3:TrackPointExtension>
        </extensions>
      </trkpt>
      <trkpt lat="49.50189211405813694000244140625" lon="5.9418716467916965484619140625">
        <ele>311.600006103515625</ele>
        <time>2026-09-05T16:33:20.000Z</time>
        <extensions>
          <ns3:TrackPointExtension>
            <ns3:atemp>26.0</ns3:atemp>
            <ns3:hr>201</ns3:hr>
            <ns3:cad>87</ns3:cad>
          </ns3:TrackPointExtension>
        </extensions>
      </trkpt>
      <trkpt lat="49.5018643699586391448974609375" lon="5.9419142268598079681396484375">
        <ele>311.79998779296875</ele>
        <time>2026-09-05T16:33:21.000Z</time>
        <extensions>
          <ns3:TrackPointExtension>
            <ns3:atemp>26.0</ns3:atemp>
            <ns3:hr>200</ns3:hr>
            <ns3:cad>87</ns3:cad>
          </ns3:TrackPointExtension>
        </extensions>
      </trkpt>
      <trkpt lat="49.50184467248618602752685546875" lon="5.94194130040705204010009765625">
        <ele>312</ele>
        <time>2026-09-05T16:33:22.000Z</time>
        <extensions>
          <ns3:TrackPointExtension>
            <ns3:atemp>26.0</ns3:atemp>
            <ns3:hr>199</ns3:hr>
            <ns3:cad>87</ns3:cad>
          </ns3:TrackPointExtension>
        </extensions>
      </trkpt>
      <trkpt lat="49.50181667692959308624267578125" lon="5.9419792704284191131591796875">
        <ele>312.20001220703125</ele>
        <time>2026-09-05T16:33:23.000Z</time>
        <extensions>
          <ns3:TrackPointExtension>
            <ns3:atemp>26.0</ns3:atemp>
            <ns3:hr>199</ns3:hr>
            <ns3:cad>86</ns3:cad>
          </ns3:TrackPointExtension>
        </extensions>
      </trkpt>
      <trkpt lat="49.50181080959737300872802734375" lon="5.942013300955295562744140625">
        <ele>312.399993896484375</ele>
        <time>2026-09-05T16:33:24.000Z</time>
        <extensions>
          <ns3:TrackPointExtension>
            <ns3:atemp>26.0</ns3:atemp>
            <ns3:hr>199</ns3:hr>
            <ns3:cad>86</ns3:cad>
          </ns3:TrackPointExtension>
        </extensions>
      </trkpt>
      <trkpt lat="49.5018097199499607086181640625" lon="5.9420654363930225372314453125">
        <ele>312.399993896484375</ele>
        <time>2026-09-05T16:33:25.000Z</time>
        <extensions>
          <ns3:TrackPointExtension>
            <ns3:atemp>26.0</ns3:atemp>
            <ns3:hr>200</ns3:hr>
            <ns3:cad>86</ns3:cad>
          </ns3:TrackPointExtension>
        </extensions>
      </trkpt>
      <trkpt lat="49.5018129050731658935546875" lon="5.94212436117231845855712890625">
        <ele>312.20001220703125</ele>
        <time>2026-09-05T16:33:26.000Z</time>
        <extensions>
          <ns3:TrackPointExtension>
            <ns3:atemp>26.0</ns3:atemp>
            <ns3:hr>200</ns3:hr>
            <ns3:cad>86</ns3:cad>
          </ns3:TrackPointExtension>
        </extensions>
      </trkpt>
      <trkpt lat="49.50181365944445133209228515625" lon="5.94219912774860858917236328125">
        <ele>312</ele>
        <time>2026-09-05T16:33:27.000Z</time>
        <extensions>
          <ns3:TrackPointExtension>
            <ns3:atemp>26.0</ns3:atemp>
            <ns3:hr>201</ns3:hr>
            <ns3:cad>86</ns3:cad>
          </ns3:TrackPointExtension>
        </extensions>
      </trkpt>
      <trkpt lat="49.50181248597800731658935546875" lon="5.942286215722560882568359375">
        <ele>311.79998779296875</ele>
        <time>2026-09-05T16:33:28.000Z</time>
        <extensions>
          <ns3:TrackPointExtension>
            <ns3:atemp>26.0</ns3:atemp>
            <ns3:hr>200</ns3:hr>
            <ns3:cad>85</ns3:cad>
          </ns3:TrackPointExtension>
        </extensions>
      </trkpt>
      <trkpt lat="49.501815252006053924560546875" lon="5.94235016964375972747802734375">
        <ele>311.600006103515625</ele>
        <time>2026-09-05T16:33:29.000Z</time>
        <extensions>
          <ns3:TrackPointExtension>
            <ns3:atemp>26.0</ns3:atemp>
            <ns3:hr>199</ns3:hr>
            <ns3:cad>85</ns3:cad>
          </ns3:TrackPointExtension>
        </extensions>
      </trkpt>
      <trkpt lat="49.50180846266448497772216796875" lon="5.94242108054459095001220703125">
        <ele>311.399993896484375</ele>
        <time>2026-09-05T16:33:30.000Z</time>
        <extensions>
          <ns3:TrackPointExtension>
            <ns3:atemp>26.0</ns3:atemp>
            <ns3:hr>198</ns3:hr>
            <ns3:cad>86</ns3:cad>
          </ns3:TrackPointExtension>
        </extensions>
      </trkpt>
      <trkpt lat="49.501809887588024139404296875" lon="5.9424754790961742401123046875">
        <ele>311.20001220703125</ele>
        <time>2026-09-05T16:33:31.000Z</time>
        <extensions>
          <ns3:TrackPointExtension>
            <ns3:atemp>26.0</ns3:atemp>
            <ns3:hr>199</ns3:hr>
            <ns3:cad>86</ns3:cad>
          </ns3:TrackPointExtension>
        </extensions>
      </trkpt>
      <trkpt lat="49.50180058367550373077392578125" lon="5.942530296742916107177734375">
        <ele>311.20001220703125</ele>
        <time>2026-09-05T16:33:32.000Z</time>
        <extensions>
          <ns3:TrackPointExtension>
            <ns3:atemp>26.0</ns3:atemp>
            <ns3:hr>199</ns3:hr>
            <ns3:cad>86</ns3:cad>
          </ns3:TrackPointExtension>
        </extensions>
      </trkpt>
      <trkpt lat="49.5017966441810131072998046875" lon="5.942577235400676727294921875">
        <ele>311</ele>
        <time>2026-09-05T16:33:33.000Z</time>
        <extensions>
          <ns3:TrackPointExtension>
            <ns3:atemp>26.0</ns3:atemp>
            <ns3:hr>199</ns3:hr>
            <ns3:cad>86</ns3:cad>
          </ns3:TrackPointExtension>
        </extensions>
      </trkpt>
      <trkpt lat="49.50178851373493671417236328125" lon="5.9426266886293888092041015625">
        <ele>311</ele>
        <time>2026-09-05T16:33:34.000Z</time>
        <extensions>
          <ns3:TrackPointExtension>
            <ns3:atemp>26.0</ns3:atemp>
            <ns3:hr>199</ns3:hr>
            <ns3:cad>86</ns3:cad>
          </ns3:TrackPointExtension>
        </extensions>
      </trkpt>
      <trkpt lat="49.50177862308919429779052734375" lon="5.942675136029720306396484375">
        <ele>311</ele>
        <time>2026-09-05T16:33:35.000Z</time>
        <extensions>
          <ns3:TrackPointExtension>
            <ns3:atemp>26.0</ns3:atemp>
            <ns3:hr>200</ns3:hr>
            <ns3:cad>86</ns3:cad>
          </ns3:TrackPointExtension>
        </extensions>
      </trkpt>
      <trkpt lat="49.50176957063376903533935546875" lon="5.9427091665565967559814453125">
        <ele>311</ele>
        <time>2026-09-05T16:33:36.000Z</time>
        <extensions>
          <ns3:TrackPointExtension>
            <ns3:atemp>26.0</ns3:atemp>
            <ns3:hr>200</ns3:hr>
            <ns3:cad>86</ns3:cad>
          </ns3:TrackPointExtension>
        </extensions>
      </trkpt>
      <trkpt lat="49.501756243407726287841796875" lon="5.9427557699382305145263671875">
        <ele>311</ele>
        <time>2026-09-05T16:33:37.000Z</time>
        <extensions>
          <ns3:TrackPointExtension>
            <ns3:atemp>26.0</ns3:atemp>
            <ns3:hr>201</ns3:hr>
            <ns3:cad>86</ns3:cad>
          </ns3:TrackPointExtension>
        </extensions>
      </trkpt>
      <trkpt lat="49.50174844823777675628662109375" lon="5.9427929855883121490478515625">
        <ele>310.79998779296875</ele>
        <time>2026-09-05T16:33:38.000Z</time>
        <extensions>
          <ns3:TrackPointExtension>
            <ns3:atemp>26.0</ns3:atemp>
            <ns3:hr>201</ns3:hr>
            <ns3:cad>86</ns3:cad>
          </ns3:TrackPointExtension>
        </extensions>
      </trkpt>
      <trkpt lat="49.501736462116241455078125" lon="5.94283707439899444580078125">
        <ele>310.600006103515625</ele>
        <time>2026-09-05T16:33:39.000Z</time>
        <extensions>
          <ns3:TrackPointExtension>
            <ns3:atemp>26.0</ns3:atemp>
            <ns3:hr>200</ns3:hr>
            <ns3:cad>86</ns3:cad>
          </ns3:TrackPointExtension>
        </extensions>
      </trkpt>
      <trkpt lat="49.501725733280181884765625" lon="5.94286884181201457977294921875">
        <ele>310.600006103515625</ele>
        <time>2026-09-05T16:33:40.000Z</time>
        <extensions>
          <ns3:TrackPointExtension>
            <ns3:atemp>26.0</ns3:atemp>
            <ns3:hr>200</ns3:hr>
            <ns3:cad>86</ns3:cad>
          </ns3:TrackPointExtension>
        </extensions>
      </trkpt>
      <trkpt lat="49.50171223841607570648193359375" lon="5.94291410408914089202880859375">
        <ele>310.399993896484375</ele>
        <time>2026-09-05T16:33:41.000Z</time>
        <extensions>
          <ns3:TrackPointExtension>
            <ns3:atemp>26.0</ns3:atemp>
            <ns3:hr>199</ns3:hr>
            <ns3:cad>87</ns3:cad>
          </ns3:TrackPointExtension>
        </extensions>
      </trkpt>
      <trkpt lat="49.50170184485614299774169921875" lon="5.94295777380466461181640625">
        <ele>310.79998779296875</ele>
        <time>2026-09-05T16:33:42.000Z</time>
        <extensions>
          <ns3:TrackPointExtension>
            <ns3:atemp>26.0</ns3:atemp>
            <ns3:hr>198</ns3:hr>
            <ns3:cad>87</ns3:cad>
          </ns3:TrackPointExtension>
        </extensions>
      </trkpt>
      <trkpt lat="49.50169061310589313507080078125" lon="5.9430095739662647247314453125">
        <ele>311.399993896484375</ele>
        <time>2026-09-05T16:33:43.000Z</time>
        <extensions>
          <ns3:TrackPointExtension>
            <ns3:atemp>26.0</ns3:atemp>
            <ns3:hr>199</ns3:hr>
            <ns3:cad>86</ns3:cad>
          </ns3:TrackPointExtension>
        </extensions>
      </trkpt>
      <trkpt lat="49.501674436032772064208984375" lon="5.9430628828704357147216796875">
        <ele>311.79998779296875</ele>
        <time>2026-09-05T16:33:44.000Z</time>
        <extensions>
          <ns3:TrackPointExtension>
            <ns3:atemp>26.0</ns3:atemp>
            <ns3:hr>199</ns3:hr>
            <ns3:cad>86</ns3:cad>
          </ns3:TrackPointExtension>
        </extensions>
      </trkpt>
      <trkpt lat="49.5016558282077312469482421875" lon="5.94310085289180278778076171875">
        <ele>311.600006103515625</ele>
        <time>2026-09-05T16:33:45.000Z</time>
        <extensions>
          <ns3:TrackPointExtension>
            <ns3:atemp>26.0</ns3:atemp>
            <ns3:hr>199</ns3:hr>
            <ns3:cad>87</ns3:cad>
          </ns3:TrackPointExtension>
        </extensions>
      </trkpt>
      <trkpt lat="49.50163864530622959136962890625" lon="5.9431473724544048309326171875">
        <ele>311.600006103515625</ele>
        <time>2026-09-05T16:33:46.000Z</time>
        <extensions>
          <ns3:TrackPointExtension>
            <ns3:atemp>26.0</ns3:atemp>
            <ns3:hr>199</ns3:hr>
            <ns3:cad>87</ns3:cad>
          </ns3:TrackPointExtension>
        </extensions>
      </trkpt>
      <trkpt lat="49.50161769054830074310302734375" lon="5.94318886287510395050048828125">
        <ele>311.79998779296875</ele>
        <time>2026-09-05T16:33:47.000Z</time>
        <extensions>
          <ns3:TrackPointExtension>
            <ns3:atemp>26.0</ns3:atemp>
            <ns3:hr>200</ns3:hr>
            <ns3:cad>87</ns3:cad>
          </ns3:TrackPointExtension>
        </extensions>
      </trkpt>
      <trkpt lat="49.501602686941623687744140625" lon="5.94323781318962574005126953125">
        <ele>311.79998779296875</ele>
        <time>2026-09-05T16:33:48.000Z</time>
        <extensions>
          <ns3:TrackPointExtension>
            <ns3:atemp>26.0</ns3:atemp>
            <ns3:hr>200</ns3:hr>
            <ns3:cad>87</ns3:cad>
          </ns3:TrackPointExtension>
        </extensions>
      </trkpt>
      <trkpt lat="49.50159740634262561798095703125" lon="5.94327427446842193603515625">
        <ele>311.79998779296875</ele>
        <time>2026-09-05T16:33:49.000Z</time>
        <extensions>
          <ns3:TrackPointExtension>
            <ns3:atemp>26.0</ns3:atemp>
            <ns3:hr>199</ns3:hr>
            <ns3:cad>87</ns3:cad>
          </ns3:TrackPointExtension>
        </extensions>
      </trkpt>
      <trkpt lat="49.50159522704780101776123046875" lon="5.94333135522902011871337890625">
        <ele>311.79998779296875</ele>
        <time>2026-09-05T16:33:50.000Z</time>
        <extensions>
          <ns3:TrackPointExtension>
            <ns3:atemp>26.0</ns3:atemp>
            <ns3:hr>199</ns3:hr>
            <ns3:cad>87</ns3:cad>
          </ns3:TrackPointExtension>
        </extensions>
      </trkpt>
      <trkpt lat="49.50158600695431232452392578125" lon="5.9433944709599018096923828125">
        <ele>312</ele>
        <time>2026-09-05T16:33:51.000Z</time>
        <extensions>
          <ns3:TrackPointExtension>
            <ns3:atemp>26.0</ns3:atemp>
            <ns3:hr>198</ns3:hr>
            <ns3:cad>87</ns3:cad>
          </ns3:TrackPointExtension>
        </extensions>
      </trkpt>
      <trkpt lat="49.50157888233661651611328125" lon="5.943455994129180908203125">
        <ele>312</ele>
        <time>2026-09-05T16:33:52.000Z</time>
        <extensions>
          <ns3:TrackPointExtension>
            <ns3:atemp>26.0</ns3:atemp>
            <ns3:hr>198</ns3:hr>
            <ns3:cad>86</ns3:cad>
          </ns3:TrackPointExtension>
        </extensions>
      </trkpt>
      <trkpt lat="49.50157083570957183837890625" lon="5.9435171820223331451416015625">
        <ele>312</ele>
        <time>2026-09-05T16:33:53.000Z</time>
        <extensions>
          <ns3:TrackPointExtension>
            <ns3:atemp>26.0</ns3:atemp>
            <ns3:hr>197</ns3:hr>
            <ns3:cad>85</ns3:cad>
          </ns3:TrackPointExtension>
        </extensions>
      </trkpt>
      <trkpt lat="49.501567147672176361083984375" lon="5.94357057474553585052490234375">
        <ele>312</ele>
        <time>2026-09-05T16:33:54.000Z</time>
        <extensions>
          <ns3:TrackPointExtension>
            <ns3:atemp>26.0</ns3:atemp>
            <ns3:hr>199</ns3:hr>
            <ns3:cad>85</ns3:cad>
          </ns3:TrackPointExtension>
        </extensions>
      </trkpt>
      <trkpt lat="49.501554071903228759765625" lon="5.94362472184002399444580078125">
        <ele>312</ele>
        <time>2026-09-05T16:33:55.000Z</time>
        <extensions>
          <ns3:TrackPointExtension>
            <ns3:atemp>26.0</ns3:atemp>
            <ns3:hr>198</ns3:hr>
            <ns3:cad>85</ns3:cad>
          </ns3:TrackPointExtension>
        </extensions>
      </trkpt>
      <trkpt lat="49.50154325924813747406005859375" lon="5.9436757676303386688232421875">
        <ele>312</ele>
        <time>2026-09-05T16:33:56.000Z</time>
        <extensions>
          <ns3:TrackPointExtension>
            <ns3:atemp>26.0</ns3:atemp>
            <ns3:hr>198</ns3:hr>
            <ns3:cad>84</ns3:cad>
          </ns3:TrackPointExtension>
        </extensions>
      </trkpt>
      <trkpt lat="49.5015257410705089569091796875" lon="5.94371608458459377288818359375">
        <ele>311.79998779296875</ele>
        <time>2026-09-05T16:33:57.000Z</time>
        <extensions>
          <ns3:TrackPointExtension>
            <ns3:atemp>26.0</ns3:atemp>
            <ns3:hr>198</ns3:hr>
            <ns3:cad>84</ns3:cad>
          </ns3:TrackPointExtension>
        </extensions>
      </trkpt>
      <trkpt lat="49.50150604359805583953857421875" lon="5.94376604072749614715576171875">
        <ele>311.600006103515625</ele>
        <time>2026-09-05T16:33:58.000Z</time>
        <extensions>
          <ns3:TrackPointExtension>
            <ns3:atemp>26.0</ns3:atemp>
            <ns3:hr>198</ns3:hr>
            <ns3:cad>84</ns3:cad>
          </ns3:TrackPointExtension>
        </extensions>
      </trkpt>
      <trkpt lat="49.501498080790042877197265625" lon="5.94379738904535770416259765625">
        <ele>311.399993896484375</ele>
        <time>2026-09-05T16:33:59.000Z</time>
        <extensions>
          <ns3:TrackPointExtension>
            <ns3:atemp>26.0</ns3:atemp>
            <ns3:hr>198</ns3:hr>
            <ns3:cad>85</ns3:cad>
          </ns3:TrackPointExtension>
        </extensions>
      </trkpt>
      <trkpt lat="49.5014771260321140289306640625" lon="5.943852961063385009765625">
        <ele>311.20001220703125</ele>
        <time>2026-09-05T16:34:00.000Z</time>
        <extensions>
          <ns3:TrackPointExtension>
            <ns3:atemp>26.0</ns3:atemp>
            <ns3:hr>198</ns3:hr>
            <ns3:cad>85</ns3:cad>
          </ns3:TrackPointExtension>
        </extensions>
      </trkpt>
      <trkpt lat="49.50147335417568683624267578125" lon="5.943908281624317169189453125">
        <ele>311.20001220703125</ele>
        <time>2026-09-05T16:34:01.000Z</time>
        <extensions>
          <ns3:TrackPointExtension>
            <ns3:atemp>26.0</ns3:atemp>
            <ns3:hr>198</ns3:hr>
            <ns3:cad>85</ns3:cad>
          </ns3:TrackPointExtension>
        </extensions>
      </trkpt>
      <trkpt lat="49.5014663971960544586181640625" lon="5.943955220282077789306640625">
        <ele>311</ele>
        <time>2026-09-05T16:34:02.000Z</time>
        <extensions>
          <ns3:TrackPointExtension>
            <ns3:atemp>26.0</ns3:atemp>
            <ns3:hr>198</ns3:hr>
            <ns3:cad>85</ns3:cad>
          </ns3:TrackPointExtension>
        </extensions>
      </trkpt>
      <trkpt lat="49.5014643855392932891845703125" lon="5.9440117143094539642333984375">
        <ele>311.20001220703125</ele>
        <time>2026-09-05T16:34:03.000Z</time>
        <extensions>
          <ns3:TrackPointExtension>
            <ns3:atemp>26.0</ns3:atemp>
            <ns3:hr>198</ns3:hr>
            <ns3:cad>85</ns3:cad>
          </ns3:TrackPointExtension>
        </extensions>
      </trkpt>
      <trkpt lat="49.5014586858451366424560546875" lon="5.94404943287372589111328125">
        <ele>311.399993896484375</ele>
        <time>2026-09-05T16:34:04.000Z</time>
        <extensions>
          <ns3:TrackPointExtension>
            <ns3:atemp>26.0</ns3:atemp>
            <ns3:hr>198</ns3:hr>
            <ns3:cad>85</ns3:cad>
          </ns3:TrackPointExtension>
        </extensions>
      </trkpt>
      <trkpt lat="49.5014427602291107177734375" lon="5.9440982155501842498779296875">
        <ele>311.20001220703125</ele>
        <time>2026-09-05T16:34:05.000Z</time>
        <extensions>
          <ns3:TrackPointExtension>
            <ns3:atemp>26.0</ns3:atemp>
            <ns3:hr>198</ns3:hr>
            <ns3:cad>85</ns3:cad>
          </ns3:TrackPointExtension>
        </extensions>
      </trkpt>
      <trkpt lat="49.50143404304981231689453125" lon="5.944142974913120269775390625">
        <ele>311.399993896484375</ele>
        <time>2026-09-05T16:34:06.000Z</time>
        <extensions>
          <ns3:TrackPointExtension>
            <ns3:atemp>26.0</ns3:atemp>
            <ns3:hr>199</ns3:hr>
            <ns3:cad>85</ns3:cad>
          </ns3:TrackPointExtension>
        </extensions>
      </trkpt>
      <trkpt lat="49.5014197938144207000732421875" lon="5.94419938512146472930908203125">
        <ele>311.600006103515625</ele>
        <time>2026-09-05T16:34:07.000Z</time>
        <extensions>
          <ns3:TrackPointExtension>
            <ns3:atemp>26.0</ns3:atemp>
            <ns3:hr>199</ns3:hr>
            <ns3:cad>85</ns3:cad>
          </ns3:TrackPointExtension>
        </extensions>
      </trkpt>
      <trkpt lat="49.50140462256968021392822265625" lon="5.9442477487027645111083984375">
        <ele>311.79998779296875</ele>
        <time>2026-09-05T16:34:08.000Z</time>
        <extensions>
          <ns3:TrackPointExtension>
            <ns3:atemp>26.0</ns3:atemp>
            <ns3:hr>199</ns3:hr>
            <ns3:cad>85</ns3:cad>
          </ns3:TrackPointExtension>
        </extensions>
      </trkpt>
      <trkpt lat="49.50139892287552356719970703125" lon="5.94429393298923969268798828125">
        <ele>311.79998779296875</ele>
        <time>2026-09-05T16:34:09.000Z</time>
        <extensions>
          <ns3:TrackPointExtension>
            <ns3:atemp>26.0</ns3:atemp>
            <ns3:hr>198</ns3:hr>
            <ns3:cad>85</ns3:cad>
          </ns3:TrackPointExtension>
        </extensions>
      </trkpt>
      <trkpt lat="49.50138651765882968902587890625" lon="5.94434774480760097503662109375">
        <ele>312</ele>
        <time>2026-09-05T16:34:10.000Z</time>
        <extensions>
          <ns3:TrackPointExtension>
            <ns3:atemp>26.0</ns3:atemp>
            <ns3:hr>198</ns3:hr>
            <ns3:cad>86</ns3:cad>
          </ns3:TrackPointExtension>
        </extensions>
      </trkpt>
      <trkpt lat="49.501378722488880157470703125" lon="5.9443982876837253570556640625">
        <ele>312.20001220703125</ele>
        <time>2026-09-05T16:34:11.000Z</time>
        <extensions>
          <ns3:TrackPointExtension>
            <ns3:atemp>26.0</ns3:atemp>
            <ns3:hr>198</ns3:hr>
            <ns3:cad>86</ns3:cad>
          </ns3:TrackPointExtension>
        </extensions>
      </trkpt>
      <trkpt lat="49.50136103667318820953369140625" lon="5.94445218332111835479736328125">
        <ele>312.20001220703125</ele>
        <time>2026-09-05T16:34:12.000Z</time>
        <extensions>
          <ns3:TrackPointExtension>
            <ns3:atemp>26.0</ns3:atemp>
            <ns3:hr>198</ns3:hr>
            <ns3:cad>85</ns3:cad>
          </ns3:TrackPointExtension>
        </extensions>
      </trkpt>
      <trkpt lat="49.5013527385890483856201171875" lon="5.94449333846569061279296875">
        <ele>312.20001220703125</ele>
        <time>2026-09-05T16:34:13.000Z</time>
        <extensions>
          <ns3:TrackPointExtension>
            <ns3:atemp>26.0</ns3:atemp>
            <ns3:hr>197</ns3:hr>
            <ns3:cad>85</ns3:cad>
          </ns3:TrackPointExtension>
        </extensions>
      </trkpt>
      <trkpt lat="49.50134326703846454620361328125" lon="5.9445501677691936492919921875">
        <ele>312.20001220703125</ele>
        <time>2026-09-05T16:34:14.000Z</time>
        <extensions>
          <ns3:TrackPointExtension>
            <ns3:atemp>26.0</ns3:atemp>
            <ns3:hr>197</ns3:hr>
            <ns3:cad>84</ns3:cad>
          </ns3:TrackPointExtension>
        </extensions>
      </trkpt>
      <trkpt lat="49.50132901780307292938232421875" lon="5.944593250751495361328125">
        <ele>312.399993896484375</ele>
        <time>2026-09-05T16:34:15.000Z</time>
        <extensions>
          <ns3:TrackPointExtension>
            <ns3:atemp>26.0</ns3:atemp>
            <ns3:hr>198</ns3:hr>
            <ns3:cad>84</ns3:cad>
          </ns3:TrackPointExtension>
        </extensions>
      </trkpt>
      <trkpt lat="49.50131879188120365142822265625" lon="5.944634489715099334716796875">
        <ele>312.399993896484375</ele>
        <time>2026-09-05T16:34:16.000Z</time>
        <extensions>
          <ns3:TrackPointExtension>
            <ns3:atemp>26.0</ns3:atemp>
            <ns3:hr>199</ns3:hr>
            <ns3:cad>86</ns3:cad>
          </ns3:TrackPointExtension>
        </extensions>
      </trkpt>
      <trkpt lat="49.50130772776901721954345703125" lon="5.9446923248469829559326171875">
        <ele>312.399993896484375</ele>
        <time>2026-09-05T16:34:17.000Z</time>
        <extensions>
          <ns3:TrackPointExtension>
            <ns3:atemp>26.0</ns3:atemp>
            <ns3:hr>198</ns3:hr>
            <ns3:cad>86</ns3:cad>
          </ns3:TrackPointExtension>
        </extensions>
      </trkpt>
      <trkpt lat="49.5013031177222728729248046875" lon="5.94474186189472675323486328125">
        <ele>312.20001220703125</ele>
        <time>2026-09-05T16:34:18.000Z</time>
        <extensions>
          <ns3:TrackPointExtension>
            <ns3:atemp>26.0</ns3:atemp>
            <ns3:hr>197</ns3:hr>
            <ns3:cad>85</ns3:cad>
          </ns3:TrackPointExtension>
        </extensions>
      </trkpt>
      <trkpt lat="49.5012944005429744720458984375" lon="5.9448033012449741363525390625">
        <ele>312</ele>
        <time>2026-09-05T16:34:19.000Z</time>
        <extensions>
          <ns3:TrackPointExtension>
            <ns3:atemp>26.0</ns3:atemp>
            <ns3:hr>197</ns3:hr>
            <ns3:cad>85</ns3:cad>
          </ns3:TrackPointExtension>
        </extensions>
      </trkpt>
      <trkpt lat="49.50129146687686443328857421875" lon="5.9448542632162570953369140625">
        <ele>312</ele>
        <time>2026-09-05T16:34:20.000Z</time>
        <extensions>
          <ns3:TrackPointExtension>
            <ns3:atemp>26.0</ns3:atemp>
            <ns3:hr>196</ns3:hr>
            <ns3:cad>85</ns3:cad>
          </ns3:TrackPointExtension>
        </extensions>
      </trkpt>
      <trkpt lat="49.5012846775352954864501953125" lon="5.944917462766170501708984375">
        <ele>311.79998779296875</ele>
        <time>2026-09-05T16:34:21.000Z</time>
        <extensions>
          <ns3:TrackPointExtension>
            <ns3:atemp>26.0</ns3:atemp>
            <ns3:hr>196</ns3:hr>
            <ns3:cad>85</ns3:cad>
          </ns3:TrackPointExtension>
        </extensions>
      </trkpt>
      <trkpt lat="49.50127202086150646209716796875" lon="5.94497001729905605316162109375">
        <ele>311.79998779296875</ele>
        <time>2026-09-05T16:34:22.000Z</time>
        <extensions>
          <ns3:TrackPointExtension>
            <ns3:atemp>26.0</ns3:atemp>
            <ns3:hr>196</ns3:hr>
            <ns3:cad>85</ns3:cad>
          </ns3:TrackPointExtension>
        </extensions>
      </trkpt>
      <trkpt lat="49.5012598671019077301025390625" lon="5.9450118429958820343017578125">
        <ele>311.79998779296875</ele>
        <time>2026-09-05T16:34:23.000Z</time>
        <extensions>
          <ns3:TrackPointExtension>
            <ns3:atemp>26.0</ns3:atemp>
            <ns3:hr>196</ns3:hr>
            <ns3:cad>85</ns3:cad>
          </ns3:TrackPointExtension>
        </extensions>
      </trkpt>
      <trkpt lat="49.5012508146464824676513671875" lon="5.94507512636482715606689453125">
        <ele>311.79998779296875</ele>
        <time>2026-09-05T16:34:24.000Z</time>
        <extensions>
          <ns3:TrackPointExtension>
            <ns3:atemp>26.0</ns3:atemp>
            <ns3:hr>196</ns3:hr>
            <ns3:cad>87</ns3:cad>
          </ns3:TrackPointExtension>
        </extensions>
      </trkpt>
      <trkpt lat="49.50124922208487987518310546875" lon="5.9451305307447910308837890625">
        <ele>311.79998779296875</ele>
        <time>2026-09-05T16:34:25.000Z</time>
        <extensions>
          <ns3:TrackPointExtension>
            <ns3:atemp>26.0</ns3:atemp>
            <ns3:hr>196</ns3:hr>
            <ns3:cad>87</ns3:cad>
          </ns3:TrackPointExtension>
        </extensions>
      </trkpt>
      <trkpt lat="49.50124050490558147430419921875" lon="5.94518668949604034423828125">
        <ele>311.600006103515625</ele>
        <time>2026-09-05T16:34:26.000Z</time>
        <extensions>
          <ns3:TrackPointExtension>
            <ns3:atemp>26.0</ns3:atemp>
            <ns3:hr>196</ns3:hr>
            <ns3:cad>86</ns3:cad>
          </ns3:TrackPointExtension>
        </extensions>
      </trkpt>
      <trkpt lat="49.5012330450117588043212890625" lon="5.94523228704929351806640625">
        <ele>311.399993896484375</ele>
        <time>2026-09-05T16:34:27.000Z</time>
        <extensions>
          <ns3:TrackPointExtension>
            <ns3:atemp>26.0</ns3:atemp>
            <ns3:hr>196</ns3:hr>
            <ns3:cad>85</ns3:cad>
          </ns3:TrackPointExtension>
        </extensions>
      </trkpt>
      <trkpt lat="49.50122608803212642669677734375" lon="5.94529540278017520904541015625">
        <ele>311.600006103515625</ele>
        <time>2026-09-05T16:34:28.000Z</time>
        <extensions>
          <ns3:TrackPointExtension>
            <ns3:atemp>26.0</ns3:atemp>
            <ns3:hr>196</ns3:hr>
            <ns3:cad>85</ns3:cad>
          </ns3:TrackPointExtension>
        </extensions>
      </trkpt>
      <trkpt lat="49.50122441165149211883544921875" lon="5.94534301199018955230712890625">
        <ele>311.399993896484375</ele>
        <time>2026-09-05T16:34:29.000Z</time>
        <extensions>
          <ns3:TrackPointExtension>
            <ns3:atemp>26.0</ns3:atemp>
            <ns3:hr>196</ns3:hr>
            <ns3:cad>86</ns3:cad>
          </ns3:TrackPointExtension>
        </extensions>
      </trkpt>
      <trkpt lat="49.50122055597603321075439453125" lon="5.9453913755714893341064453125">
        <ele>311.399993896484375</ele>
        <time>2026-09-05T16:34:30.000Z</time>
        <extensions>
          <ns3:TrackPointExtension>
            <ns3:atemp>26.0</ns3:atemp>
            <ns3:hr>196</ns3:hr>
            <ns3:cad>86</ns3:cad>
          </ns3:TrackPointExtension>
        </extensions>
      </trkpt>
      <trkpt lat="49.501211754977703094482421875" lon="5.94544208608567714691162109375">
        <ele>311.399993896484375</ele>
        <time>2026-09-05T16:34:31.000Z</time>
        <extensions>
          <ns3:TrackPointExtension>
            <ns3:atemp>26.0</ns3:atemp>
            <ns3:hr>196</ns3:hr>
            <ns3:cad>86</ns3:cad>
          </ns3:TrackPointExtension>
        </extensions>
      </trkpt>
      <trkpt lat="49.50120245106518268585205078125" lon="5.9454882703721523284912109375">
        <ele>311.399993896484375</ele>
        <time>2026-09-05T16:34:32.000Z</time>
        <extensions>
          <ns3:TrackPointExtension>
            <ns3:atemp>26.0</ns3:atemp>
            <ns3:hr>196</ns3:hr>
            <ns3:cad>86</ns3:cad>
          </ns3:TrackPointExtension>
        </extensions>
      </trkpt>
      <trkpt lat="49.50119197368621826171875" lon="5.94555390067398548126220703125">
        <ele>311.399993896484375</ele>
        <time>2026-09-05T16:34:33.000Z</time>
        <extensions>
          <ns3:TrackPointExtension>
            <ns3:atemp>26.0</ns3:atemp>
            <ns3:hr>196</ns3:hr>
            <ns3:cad>86</ns3:cad>
          </ns3:TrackPointExtension>
        </extensions>
      </trkpt>
      <trkpt lat="49.50119130313396453857421875" lon="5.9456009231507778167724609375">
        <ele>311.20001220703125</ele>
        <time>2026-09-05T16:34:34.000Z</time>
        <extensions>
          <ns3:TrackPointExtension>
            <ns3:atemp>26.0</ns3:atemp>
            <ns3:hr>196</ns3:hr>
            <ns3:cad>86</ns3:cad>
          </ns3:TrackPointExtension>
        </extensions>
      </trkpt>
      <trkpt lat="49.50118116103112697601318359375" lon="5.94566789455711841583251953125">
        <ele>311.20001220703125</ele>
        <time>2026-09-05T16:34:35.000Z</time>
        <extensions>
          <ns3:TrackPointExtension>
            <ns3:atemp>26.0</ns3:atemp>
            <ns3:hr>196</ns3:hr>
            <ns3:cad>86</ns3:cad>
          </ns3:TrackPointExtension>
        </extensions>
      </trkpt>
      <trkpt lat="49.50116422958672046661376953125" lon="5.9457172639667987823486328125">
        <ele>311.20001220703125</ele>
        <time>2026-09-05T16:34:36.000Z</time>
        <extensions>
          <ns3:TrackPointExtension>
            <ns3:atemp>26.0</ns3:atemp>
            <ns3:hr>196</ns3:hr>
            <ns3:cad>86</ns3:cad>
          </ns3:TrackPointExtension>
        </extensions>
      </trkpt>
      <trkpt lat="49.50114578939974308013916015625" lon="5.94576336443424224853515625">
        <ele>311.399993896484375</ele>
        <time>2026-09-05T16:34:37.000Z</time>
        <extensions>
          <ns3:TrackPointExtension>
            <ns3:atemp>26.0</ns3:atemp>
            <ns3:hr>197</ns3:hr>
            <ns3:cad>86</ns3:cad>
          </ns3:TrackPointExtension>
        </extensions>
      </trkpt>
      <trkpt lat="49.5011291094124317169189453125" lon="5.9458057768642902374267578125">
        <ele>311.399993896484375</ele>
        <time>2026-09-05T16:34:38.000Z</time>
        <extensions>
          <ns3:TrackPointExtension>
            <ns3:atemp>26.0</ns3:atemp>
            <ns3:hr>198</ns3:hr>
            <ns3:cad>87</ns3:cad>
          </ns3:TrackPointExtension>
        </extensions>
      </trkpt>
      <trkpt lat="49.50111662037670612335205078125" lon="5.94584114849567413330078125">
        <ele>311.600006103515625</ele>
        <time>2026-09-05T16:34:39.000Z</time>
        <extensions>
          <ns3:TrackPointExtension>
            <ns3:atemp>26.0</ns3:atemp>
            <ns3:hr>198</ns3:hr>
            <ns3:cad>87</ns3:cad>
          </ns3:TrackPointExtension>
        </extensions>
      </trkpt>
      <trkpt lat="49.50109608471393585205078125" lon="5.9458939544856548309326171875">
        <ele>311.600006103515625</ele>
        <time>2026-09-05T16:34:40.000Z</time>
        <extensions>
          <ns3:TrackPointExtension>
            <ns3:atemp>26.0</ns3:atemp>
            <ns3:hr>198</ns3:hr>
            <ns3:cad>87</ns3:cad>
          </ns3:TrackPointExtension>
        </extensions>
      </trkpt>
      <trkpt lat="49.50108133256435394287109375" lon="5.9459402225911617279052734375">
        <ele>311.600006103515625</ele>
        <time>2026-09-05T16:34:41.000Z</time>
        <extensions>
          <ns3:TrackPointExtension>
            <ns3:atemp>26.0</ns3:atemp>
            <ns3:hr>197</ns3:hr>
            <ns3:cad>86</ns3:cad>
          </ns3:TrackPointExtension>
        </extensions>
      </trkpt>
      <trkpt lat="49.50105945579707622528076171875" lon="5.9459962137043476104736328125">
        <ele>311.79998779296875</ele>
        <time>2026-09-05T16:34:42.000Z</time>
        <extensions>
          <ns3:TrackPointExtension>
            <ns3:atemp>26.0</ns3:atemp>
            <ns3:hr>197</ns3:hr>
            <ns3:cad>86</ns3:cad>
          </ns3:TrackPointExtension>
        </extensions>
      </trkpt>
      <trkpt lat="49.5010382495820522308349609375" lon="5.9460349380970001220703125">
        <ele>311.79998779296875</ele>
        <time>2026-09-05T16:34:43.000Z</time>
        <extensions>
          <ns3:TrackPointExtension>
            <ns3:atemp>26.0</ns3:atemp>
            <ns3:hr>196</ns3:hr>
            <ns3:cad>86</ns3:cad>
          </ns3:TrackPointExtension>
        </extensions>
      </trkpt>
      <trkpt lat="49.501007907092571258544921875" lon="5.94608413986861705780029296875">
        <ele>311.79998779296875</ele>
        <time>2026-09-05T16:34:44.000Z</time>
        <extensions>
          <ns3:TrackPointExtension>
            <ns3:atemp>26.0</ns3:atemp>
            <ns3:hr>196</ns3:hr>
            <ns3:cad>86</ns3:cad>
          </ns3:TrackPointExtension>
        </extensions>
      </trkpt>
      <trkpt lat="49.5009872876107692718505859375" lon="5.9461232833564281463623046875">
        <ele>311.600006103515625</ele>
        <time>2026-09-05T16:34:45.000Z</time>
        <extensions>
          <ns3:TrackPointExtension>
            <ns3:atemp>26.0</ns3:atemp>
            <ns3:hr>197</ns3:hr>
            <ns3:cad>86</ns3:cad>
          </ns3:TrackPointExtension>
        </extensions>
      </trkpt>
      <trkpt lat="49.5009624771773815155029296875" lon="5.94617131166160106658935546875">
        <ele>311.399993896484375</ele>
        <time>2026-09-05T16:34:46.000Z</time>
        <extensions>
          <ns3:TrackPointExtension>
            <ns3:atemp>25.0</ns3:atemp>
            <ns3:hr>198</ns3:hr>
            <ns3:cad>86</ns3:cad>
          </ns3:TrackPointExtension>
        </extensions>
      </trkpt>
      <trkpt lat="49.50094747357070446014404296875" lon="5.9462205134332180023193359375">
        <ele>311.20001220703125</ele>
        <time>2026-09-05T16:34:47.000Z</time>
        <extensions>
          <ns3:TrackPointExtension>
            <ns3:atemp>26.0</ns3:atemp>
            <ns3:hr>198</ns3:hr>
            <ns3:cad>86</ns3:cad>
          </ns3:TrackPointExtension>
        </extensions>
      </trkpt>
      <trkpt lat="49.50093540363013744354248046875" lon="5.94626401551067829132080078125">
        <ele>311.20001220703125</ele>
        <time>2026-09-05T16:34:48.000Z</time>
        <extensions>
          <ns3:TrackPointExtension>
            <ns3:atemp>26.0</ns3:atemp>
            <ns3:hr>198</ns3:hr>
            <ns3:cad>86</ns3:cad>
          </ns3:TrackPointExtension>
        </extensions>
      </trkpt>
      <trkpt lat="49.50092040002346038818359375" lon="5.94632218591868877410888671875">
        <ele>311.20001220703125</ele>
        <time>2026-09-05T16:34:49.000Z</time>
        <extensions>
          <ns3:TrackPointExtension>
            <ns3:atemp>26.0</ns3:atemp>
            <ns3:hr>198</ns3:hr>
            <ns3:cad>87</ns3:cad>
          </ns3:TrackPointExtension>
        </extensions>
      </trkpt>
      <trkpt lat="49.50090774334967136383056640625" lon="5.9463630057871341705322265625">
        <ele>311.399993896484375</ele>
        <time>2026-09-05T16:34:50.000Z</time>
        <extensions>
          <ns3:TrackPointExtension>
            <ns3:atemp>25.0</ns3:atemp>
            <ns3:hr>198</ns3:hr>
            <ns3:cad>87</ns3:cad>
          </ns3:TrackPointExtension>
        </extensions>
      </trkpt>
      <trkpt lat="49.50089131481945514678955078125" lon="5.9464092738926410675048828125">
        <ele>311.600006103515625</ele>
        <time>2026-09-05T16:34:51.000Z</time>
        <extensions>
          <ns3:TrackPointExtension>
            <ns3:atemp>26.0</ns3:atemp>
            <ns3:hr>198</ns3:hr>
            <ns3:cad>87</ns3:cad>
          </ns3:TrackPointExtension>
        </extensions>
      </trkpt>
      <trkpt lat="49.50088016688823699951171875" lon="5.94646048732101917266845703125">
        <ele>311.79998779296875</ele>
        <time>2026-09-05T16:34:52.000Z</time>
        <extensions>
          <ns3:TrackPointExtension>
            <ns3:atemp>26.0</ns3:atemp>
            <ns3:hr>198</ns3:hr>
            <ns3:cad>87</ns3:cad>
          </ns3:TrackPointExtension>
        </extensions>
      </trkpt>
      <trkpt lat="49.50086717493832111358642578125" lon="5.94651966355741024017333984375">
        <ele>312</ele>
        <time>2026-09-05T16:34:53.000Z</time>
        <extensions>
          <ns3:TrackPointExtension>
            <ns3:atemp>26.0</ns3:atemp>
            <ns3:hr>198</ns3:hr>
            <ns3:cad>87</ns3:cad>
          </ns3:TrackPointExtension>
        </extensions>
      </trkpt>
      <trkpt lat="49.5008541829884052276611328125" lon="5.94656308181583881378173828125">
        <ele>312</ele>
        <time>2026-09-05T16:34:54.000Z</time>
        <extensions>
          <ns3:TrackPointExtension>
            <ns3:atemp>26.0</ns3:atemp>
            <ns3:hr>198</ns3:hr>
            <ns3:cad>86</ns3:cad>
          </ns3:TrackPointExtension>
        </extensions>
      </trkpt>
      <trkpt lat="49.5008421130478382110595703125" lon="5.946601219475269317626953125">
        <ele>312</ele>
        <time>2026-09-05T16:34:55.000Z</time>
        <extensions>
          <ns3:TrackPointExtension>
            <ns3:atemp>26.0</ns3:atemp>
            <ns3:hr>198</ns3:hr>
            <ns3:cad>86</ns3:cad>
          </ns3:TrackPointExtension>
        </extensions>
      </trkpt>
      <trkpt lat="49.50081638060510158538818359375" lon="5.946636088192462921142578125">
        <ele>312.20001220703125</ele>
        <time>2026-09-05T16:34:56.000Z</time>
        <extensions>
          <ns3:TrackPointExtension>
            <ns3:atemp>26.0</ns3:atemp>
            <ns3:hr>198</ns3:hr>
            <ns3:cad>86</ns3:cad>
          </ns3:TrackPointExtension>
        </extensions>
      </trkpt>
      <trkpt lat="49.50079089961946010589599609375" lon="5.94666232354938983917236328125">
        <ele>312</ele>
        <time>2026-09-05T16:34:57.000Z</time>
        <extensions>
          <ns3:TrackPointExtension>
            <ns3:atemp>25.0</ns3:atemp>
            <ns3:hr>198</ns3:hr>
            <ns3:cad>86</ns3:cad>
          </ns3:TrackPointExtension>
        </extensions>
      </trkpt>
      <trkpt lat="49.5007586292922496795654296875" lon="5.94670959748327732086181640625">
        <ele>312</ele>
        <time>2026-09-05T16:34:58.000Z</time>
        <extensions>
          <ns3:TrackPointExtension>
            <ns3:atemp>26.0</ns3:atemp>
            <ns3:hr>198</ns3:hr>
            <ns3:cad>86</ns3:cad>
          </ns3:TrackPointExtension>
        </extensions>
      </trkpt>
      <trkpt lat="49.50073524378240108489990234375" lon="5.94674983061850070953369140625">
        <ele>312</ele>
        <time>2026-09-05T16:34:59.000Z</time>
        <extensions>
          <ns3:TrackPointExtension>
            <ns3:atemp>26.0</ns3:atemp>
            <ns3:hr>198</ns3:hr>
            <ns3:cad>86</ns3:cad>
          </ns3:TrackPointExtension>
        </extensions>
      </trkpt>
      <trkpt lat="49.50070942752063274383544921875" lon="5.94679626636207103729248046875">
        <ele>312</ele>
        <time>2026-09-05T16:35:00.000Z</time>
        <extensions>
          <ns3:TrackPointExtension>
            <ns3:atemp>26.0</ns3:atemp>
            <ns3:hr>198</ns3:hr>
            <ns3:cad>86</ns3:cad>
          </ns3:TrackPointExtension>
        </extensions>
      </trkpt>
      <trkpt lat="49.50070473365485668182373046875" lon="5.946849994361400604248046875">
        <ele>312</ele>
        <time>2026-09-05T16:35:01.000Z</time>
        <extensions>
          <ns3:TrackPointExtension>
            <ns3:atemp>26.0</ns3:atemp>
            <ns3:hr>198</ns3:hr>
            <ns3:cad>85</ns3:cad>
          </ns3:TrackPointExtension>
        </extensions>
      </trkpt>
      <trkpt lat="49.50069819577038288116455078125" lon="5.94690808095037937164306640625">
        <ele>312</ele>
        <time>2026-09-05T16:35:02.000Z</time>
        <extensions>
          <ns3:TrackPointExtension>
            <ns3:atemp>26.0</ns3:atemp>
            <ns3:hr>198</ns3:hr>
            <ns3:cad>85</ns3:cad>
          </ns3:TrackPointExtension>
        </extensions>
      </trkpt>
      <trkpt lat="49.50069249607622623443603515625" lon="5.94696499407291412353515625">
        <ele>312.20001220703125</ele>
        <time>2026-09-05T16:35:03.000Z</time>
        <extensions>
          <ns3:TrackPointExtension>
            <ns3:atemp>26.0</ns3:atemp>
            <ns3:hr>198</ns3:hr>
            <ns3:cad>86</ns3:cad>
          </ns3:TrackPointExtension>
        </extensions>
      </trkpt>
      <trkpt lat="49.5006919093430042266845703125" lon="5.94702274538576602935791015625">
        <ele>312.20001220703125</ele>
        <time>2026-09-05T16:35:04.000Z</time>
        <extensions>
          <ns3:TrackPointExtension>
            <ns3:atemp>26.0</ns3:atemp>
            <ns3:hr>197</ns3:hr>
            <ns3:cad>86</ns3:cad>
          </ns3:TrackPointExtension>
        </extensions>
      </trkpt>
      <trkpt lat="49.500682018697261810302734375" lon="5.947085358202457427978515625">
        <ele>312.20001220703125</ele>
        <time>2026-09-05T16:35:05.000Z</time>
        <extensions>
          <ns3:TrackPointExtension>
            <ns3:atemp>26.0</ns3:atemp>
            <ns3:hr>197</ns3:hr>
            <ns3:cad>86</ns3:cad>
          </ns3:TrackPointExtension>
        </extensions>
      </trkpt>
      <trkpt lat="49.50067506171762943267822265625" lon="5.9471333026885986328125">
        <ele>312.20001220703125</ele>
        <time>2026-09-05T16:35:06.000Z</time>
        <extensions>
          <ns3:TrackPointExtension>
            <ns3:atemp>26.0</ns3:atemp>
            <ns3:hr>196</ns3:hr>
            <ns3:cad>86</ns3:cad>
          </ns3:TrackPointExtension>
        </extensions>
      </trkpt>
      <trkpt lat="49.50066064484417438507080078125" lon="5.94718803651630878448486328125">
        <ele>312.20001220703125</ele>
        <time>2026-09-05T16:35:07.000Z</time>
        <extensions>
          <ns3:TrackPointExtension>
            <ns3:atemp>25.0</ns3:atemp>
            <ns3:hr>196</ns3:hr>
            <ns3:cad>86</ns3:cad>
          </ns3:TrackPointExtension>
        </extensions>
      </trkpt>
      <trkpt lat="49.5006567053496837615966796875" lon="5.94723296351730823516845703125">
        <ele>312.20001220703125</ele>
        <time>2026-09-05T16:35:08.000Z</time>
        <extensions>
          <ns3:TrackPointExtension>
            <ns3:atemp>26.0</ns3:atemp>
            <ns3:hr>196</ns3:hr>
            <ns3:cad>86</ns3:cad>
          </ns3:TrackPointExtension>
        </extensions>
      </trkpt>
      <trkpt lat="49.50064538978040218353271484375" lon="5.9472928941249847412109375">
        <ele>312.20001220703125</ele>
        <time>2026-09-05T16:35:09.000Z</time>
        <extensions>
          <ns3:TrackPointExtension>
            <ns3:atemp>26.0</ns3:atemp>
            <ns3:hr>196</ns3:hr>
            <ns3:cad>85</ns3:cad>
          </ns3:TrackPointExtension>
        </extensions>
      </trkpt>
      <trkpt lat="49.5006386004388332366943359375" lon="5.94734192825853824615478515625">
        <ele>312.20001220703125</ele>
        <time>2026-09-05T16:35:10.000Z</time>
        <extensions>
          <ns3:TrackPointExtension>
            <ns3:atemp>26.0</ns3:atemp>
            <ns3:hr>196</ns3:hr>
            <ns3:cad>85</ns3:cad>
          </ns3:TrackPointExtension>
        </extensions>
      </trkpt>
      <trkpt lat="49.5006339065730571746826171875" lon="5.9473936446011066436767578125">
        <ele>311.79998779296875</ele>
        <time>2026-09-05T16:35:11.000Z</time>
        <extensions>
          <ns3:TrackPointExtension>
            <ns3:atemp>26.0</ns3:atemp>
            <ns3:hr>196</ns3:hr>
            <ns3:cad>85</ns3:cad>
          </ns3:TrackPointExtension>
        </extensions>
      </trkpt>
      <trkpt lat="49.5006245188415050506591796875" lon="5.9474459476768970489501953125">
        <ele>311.79998779296875</ele>
        <time>2026-09-05T16:35:12.000Z</time>
        <extensions>
          <ns3:TrackPointExtension>
            <ns3:atemp>26.0</ns3:atemp>
            <ns3:hr>196</ns3:hr>
            <ns3:cad>85</ns3:cad>
          </ns3:TrackPointExtension>
        </extensions>
      </trkpt>
      <trkpt lat="49.50062493793666362762451171875" lon="5.9474979154765605926513671875">
        <ele>311.79998779296875</ele>
        <time>2026-09-05T16:35:13.000Z</time>
        <extensions>
          <ns3:TrackPointExtension>
            <ns3:atemp>26.0</ns3:atemp>
            <ns3:hr>196</ns3:hr>
            <ns3:cad>86</ns3:cad>
          </ns3:TrackPointExtension>
        </extensions>
      </trkpt>
      <trkpt lat="49.50062041170895099639892578125" lon="5.94755583442747592926025390625">
        <ele>311.600006103515625</ele>
        <time>2026-09-05T16:35:14.000Z</time>
        <extensions>
          <ns3:TrackPointExtension>
            <ns3:atemp>26.0</ns3:atemp>
            <ns3:hr>197</ns3:hr>
            <ns3:cad>86</ns3:cad>
          </ns3:TrackPointExtension>
        </extensions>
      </trkpt>
      <trkpt lat="49.5006178133189678192138671875" lon="5.9476018510758876800537109375">
        <ele>311.600006103515625</ele>
        <time>2026-09-05T16:35:15.000Z</time>
        <extensions>
          <ns3:TrackPointExtension>
            <ns3:atemp>26.0</ns3:atemp>
            <ns3:hr>198</ns3:hr>
            <ns3:cad>86</ns3:cad>
          </ns3:TrackPointExtension>
        </extensions>
      </trkpt>
      <trkpt lat="49.500606916844844818115234375" lon="5.94766127876937389373779296875">
        <ele>311.79998779296875</ele>
        <time>2026-09-05T16:35:16.000Z</time>
        <extensions>
          <ns3:TrackPointExtension>
            <ns3:atemp>26.0</ns3:atemp>
            <ns3:hr>198</ns3:hr>
            <ns3:cad>86</ns3:cad>
          </ns3:TrackPointExtension>
        </extensions>
      </trkpt>
      <trkpt lat="49.50059459544718265533447265625" lon="5.9477114863693714141845703125">
        <ele>311.79998779296875</ele>
        <time>2026-09-05T16:35:17.000Z</time>
        <extensions>
          <ns3:TrackPointExtension>
            <ns3:atemp>26.0</ns3:atemp>
            <ns3:hr>197</ns3:hr>
            <ns3:cad>86</ns3:cad>
          </ns3:TrackPointExtension>
        </extensions>
      </trkpt>
      <trkpt lat="49.5005859620869159698486328125" lon="5.94776052050292491912841796875">
        <ele>311.79998779296875</ele>
        <time>2026-09-05T16:35:18.000Z</time>
        <extensions>
          <ns3:TrackPointExtension>
            <ns3:atemp>26.0</ns3:atemp>
            <ns3:hr>196</ns3:hr>
            <ns3:cad>86</ns3:cad>
          </ns3:TrackPointExtension>
        </extensions>
      </trkpt>
      <trkpt lat="49.50057297013700008392333984375" lon="5.94781567342579364776611328125">
        <ele>311.79998779296875</ele>
        <time>2026-09-05T16:35:19.000Z</time>
        <extensions>
          <ns3:TrackPointExtension>
            <ns3:atemp>26.0</ns3:atemp>
            <ns3:hr>196</ns3:hr>
            <ns3:cad>87</ns3:cad>
          </ns3:TrackPointExtension>
        </extensions>
      </trkpt>
      <trkpt lat="49.50057079084217548370361328125" lon="5.94786026515066623687744140625">
        <ele>311.79998779296875</ele>
        <time>2026-09-05T16:35:20.000Z</time>
        <extensions>
          <ns3:TrackPointExtension>
            <ns3:atemp>26.0</ns3:atemp>
            <ns3:hr>196</ns3:hr>
            <ns3:cad>87</ns3:cad>
          </ns3:TrackPointExtension>
        </extensions>
      </trkpt>
      <trkpt lat="49.500576741993427276611328125" lon="5.94791206531226634979248046875">
        <ele>312</ele>
        <time>2026-09-05T16:35:21.000Z</time>
        <extensions>
          <ns3:TrackPointExtension>
            <ns3:atemp>26.0</ns3:atemp>
            <ns3:hr>196</ns3:hr>
            <ns3:cad>86</ns3:cad>
          </ns3:TrackPointExtension>
        </extensions>
      </trkpt>
      <trkpt lat="49.5005943439900875091552734375" lon="5.94793184660375118255615234375">
        <ele>312.20001220703125</ele>
        <time>2026-09-05T16:35:22.000Z</time>
        <extensions>
          <ns3:TrackPointExtension>
            <ns3:atemp>26.0</ns3:atemp>
            <ns3:hr>196</ns3:hr>
            <ns3:cad>86</ns3:cad>
          </ns3:TrackPointExtension>
        </extensions>
      </trkpt>
      <trkpt lat="49.50062778778374195098876953125" lon="5.94795472919940948486328125">
        <ele>312.20001220703125</ele>
        <time>2026-09-05T16:35:23.000Z</time>
        <extensions>
          <ns3:TrackPointExtension>
            <ns3:atemp>26.0</ns3:atemp>
            <ns3:hr>197</ns3:hr>
            <ns3:cad>86</ns3:cad>
          </ns3:TrackPointExtension>
        </extensions>
      </trkpt>
      <trkpt lat="49.50065561570227146148681640625" lon="5.94796671532094478607177734375">
        <ele>312.20001220703125</ele>
        <time>2026-09-05T16:35:24.000Z</time>
        <extensions>
          <ns3:TrackPointExtension>
            <ns3:atemp>26.0</ns3:atemp>
            <ns3:hr>198</ns3:hr>
            <ns3:cad>86</ns3:cad>
          </ns3:TrackPointExtension>
        </extensions>
      </trkpt>
      <trkpt lat="49.5006922446191310882568359375" lon="5.94797350466251373291015625">
        <ele>312.20001220703125</ele>
        <time>2026-09-05T16:35:25.000Z</time>
        <extensions>
          <ns3:TrackPointExtension>
            <ns3:atemp>26.0</ns3:atemp>
            <ns3:hr>198</ns3:hr>
            <ns3:cad>86</ns3:cad>
          </ns3:TrackPointExtension>
        </extensions>
      </trkpt>
      <trkpt lat="49.50072736479341983795166015625" lon="5.9479877538979053497314453125">
        <ele>312.20001220703125</ele>
        <time>2026-09-05T16:35:26.000Z</time>
        <extensions>
          <ns3:TrackPointExtension>
            <ns3:atemp>26.0</ns3:atemp>
            <ns3:hr>198</ns3:hr>
            <ns3:cad>86</ns3:cad>
          </ns3:TrackPointExtension>
        </extensions>
      </trkpt>
      <trkpt lat="49.50075854547321796417236328125" lon="5.94799538142979145050048828125">
        <ele>312</ele>
        <time>2026-09-05T16:35:27.000Z</time>
        <extensions>
          <ns3:TrackPointExtension>
            <ns3:atemp>26.0</ns3:atemp>
            <ns3:hr>198</ns3:hr>
            <ns3:cad>85</ns3:cad>
          </ns3:TrackPointExtension>
        </extensions>
      </trkpt>
      <trkpt lat="49.500799365341663360595703125" lon="5.948018766939640045166015625">
        <ele>311.79998779296875</ele>
        <time>2026-09-05T16:35:28.000Z</time>
        <extensions>
          <ns3:TrackPointExtension>
            <ns3:atemp>26.0</ns3:atemp>
            <ns3:hr>198</ns3:hr>
            <ns3:cad>84</ns3:cad>
          </ns3:TrackPointExtension>
        </extensions>
      </trkpt>
      <trkpt lat="49.50082928873598575592041015625" lon="5.94803963787853717803955078125">
        <ele>311.79998779296875</ele>
        <time>2026-09-05T16:35:29.000Z</time>
        <extensions>
          <ns3:TrackPointExtension>
            <ns3:atemp>26.0</ns3:atemp>
            <ns3:hr>197</ns3:hr>
            <ns3:cad>84</ns3:cad>
          </ns3:TrackPointExtension>
        </extensions>
      </trkpt>
      <trkpt lat="49.500859715044498443603515625" lon="5.94806738197803497314453125">
        <ele>311.79998779296875</ele>
        <time>2026-09-05T16:35:30.000Z</time>
        <extensions>
          <ns3:TrackPointExtension>
            <ns3:atemp>26.0</ns3:atemp>
            <ns3:hr>197</ns3:hr>
            <ns3:cad>84</ns3:cad>
          </ns3:TrackPointExtension>
        </extensions>
      </trkpt>
      <trkpt lat="49.5008826814591884613037109375" lon="5.94809613190591335296630859375">
        <ele>311.79998779296875</ele>
        <time>2026-09-05T16:35:31.000Z</time>
        <extensions>
          <ns3:TrackPointExtension>
            <ns3:atemp>25.0</ns3:atemp>
            <ns3:hr>196</ns3:hr>
            <ns3:cad>85</ns3:cad>
          </ns3:TrackPointExtension>
        </extensions>
      </trkpt>
      <trkpt lat="49.50091059319674968719482421875" lon="5.94812504947185516357421875">
        <ele>312</ele>
        <time>2026-09-05T16:35:32.000Z</time>
        <extensions>
          <ns3:TrackPointExtension>
            <ns3:atemp>25.0</ns3:atemp>
            <ns3:hr>197</ns3:hr>
            <ns3:cad>86</ns3:cad>
          </ns3:TrackPointExtension>
        </extensions>
      </trkpt>
      <trkpt lat="49.5009380020201206207275390625" lon="5.948144160211086273193359375">
        <ele>312</ele>
        <time>2026-09-05T16:35:33.000Z</time>
        <extensions>
          <ns3:TrackPointExtension>
            <ns3:atemp>25.0</ns3:atemp>
            <ns3:hr>198</ns3:hr>
            <ns3:cad>86</ns3:cad>
          </ns3:TrackPointExtension>
        </extensions>
      </trkpt>
      <trkpt lat="49.5009832642972469329833984375" lon="5.9481631033122539520263671875">
        <ele>312</ele>
        <time>2026-09-05T16:35:34.000Z</time>
        <extensions>
          <ns3:TrackPointExtension>
            <ns3:atemp>26.0</ns3:atemp>
            <ns3:hr>198</ns3:hr>
            <ns3:cad>86</ns3:cad>
          </ns3:TrackPointExtension>
        </extensions>
      </trkpt>
      <trkpt lat="49.50101427733898162841796875" lon="5.94817475415766239166259765625">
        <ele>312</ele>
        <time>2026-09-05T16:35:35.000Z</time>
        <extensions>
          <ns3:TrackPointExtension>
            <ns3:atemp>25.0</ns3:atemp>
            <ns3:hr>198</ns3:hr>
            <ns3:cad>86</ns3:cad>
          </ns3:TrackPointExtension>
        </extensions>
      </trkpt>
      <trkpt lat="49.5010422728955745697021484375" lon="5.9481929428875446319580078125">
        <ele>312</ele>
        <time>2026-09-05T16:35:36.000Z</time>
        <extensions>
          <ns3:TrackPointExtension>
            <ns3:atemp>26.0</ns3:atemp>
            <ns3:hr>198</ns3:hr>
            <ns3:cad>86</ns3:cad>
          </ns3:TrackPointExtension>
        </extensions>
      </trkpt>
      <trkpt lat="49.50106523931026458740234375" lon="5.94821096397936344146728515625">
        <ele>312</ele>
        <time>2026-09-05T16:35:37.000Z</time>
        <extensions>
          <ns3:TrackPointExtension>
            <ns3:atemp>26.0</ns3:atemp>
            <ns3:hr>197</ns3:hr>
            <ns3:cad>87</ns3:cad>
          </ns3:TrackPointExtension>
        </extensions>
      </trkpt>
      <trkpt lat="49.5010898821055889129638671875" lon="5.94823258928954601287841796875">
        <ele>311.79998779296875</ele>
        <time>2026-09-05T16:35:38.000Z</time>
        <extensions>
          <ns3:TrackPointExtension>
            <ns3:atemp>25.0</ns3:atemp>
            <ns3:hr>197</ns3:hr>
            <ns3:cad>87</ns3:cad>
          </ns3:TrackPointExtension>
        </extensions>
      </trkpt>
      <trkpt lat="49.50111896730959415435791015625" lon="5.9482435695827007293701171875">
        <ele>312</ele>
        <time>2026-09-05T16:35:39.000Z</time>
        <extensions>
          <ns3:TrackPointExtension>
            <ns3:atemp>25.0</ns3:atemp>
            <ns3:hr>196</ns3:hr>
            <ns3:cad>88</ns3:cad>
          </ns3:TrackPointExtension>
        </extensions>
      </trkpt>
      <trkpt lat="49.50114763341844081878662109375" lon="5.9482539631426334381103515625">
        <ele>311.79998779296875</ele>
        <time>2026-09-05T16:35:40.000Z</time>
        <extensions>
          <ns3:TrackPointExtension>
            <ns3:atemp>26.0</ns3:atemp>
            <ns3:hr>196</ns3:hr>
            <ns3:cad>88</ns3:cad>
          </ns3:TrackPointExtension>
        </extensions>
      </trkpt>
      <trkpt lat="49.50119574554264545440673828125" lon="5.94826309941709041595458984375">
        <ele>312</ele>
        <time>2026-09-05T16:35:41.000Z</time>
        <extensions>
          <ns3:TrackPointExtension>
            <ns3:atemp>25.0</ns3:atemp>
            <ns3:hr>196</ns3:hr>
            <ns3:cad>88</ns3:cad>
          </ns3:TrackPointExtension>
        </extensions>
      </trkpt>
      <trkpt lat="49.50123312883079051971435546875" lon="5.94826779328286647796630859375">
        <ele>312</ele>
        <time>2026-09-05T16:35:42.000Z</time>
        <extensions>
          <ns3:TrackPointExtension>
            <ns3:atemp>25.0</ns3:atemp>
            <ns3:hr>197</ns3:hr>
            <ns3:cad>88</ns3:cad>
          </ns3:TrackPointExtension>
        </extensions>
      </trkpt>
      <trkpt lat="49.50125743634998798370361328125" lon="5.94828573055565357208251953125">
        <ele>312</ele>
        <time>2026-09-05T16:35:43.000Z</time>
        <extensions>
          <ns3:TrackPointExtension>
            <ns3:atemp>26.0</ns3:atemp>
            <ns3:hr>197</ns3:hr>
            <ns3:cad>88</ns3:cad>
          </ns3:TrackPointExtension>
        </extensions>
      </trkpt>
      <trkpt lat="49.50127352960407733917236328125" lon="5.94828774221241474151611328125">
        <ele>311.79998779296875</ele>
        <time>2026-09-05T16:35:44.000Z</time>
        <extensions>
          <ns3:TrackPointExtension>
            <ns3:atemp>26.0</ns3:atemp>
            <ns3:hr>196</ns3:hr>
            <ns3:cad>87</ns3:cad>
          </ns3:TrackPointExtension>
        </extensions>
      </trkpt>
      <trkpt lat="49.501290209591388702392578125" lon="5.9482794441282749176025390625">
        <ele>311.79998779296875</ele>
        <time>2026-09-05T16:35:45.000Z</time>
        <extensions>
          <ns3:TrackPointExtension>
            <ns3:atemp>25.0</ns3:atemp>
            <ns3:hr>196</ns3:hr>
            <ns3:cad>88</ns3:cad>
          </ns3:TrackPointExtension>
        </extensions>
      </trkpt>
      <trkpt lat="49.50129783712327480316162109375" lon="5.94829075969755649566650390625">
        <ele>311.79998779296875</ele>
        <time>2026-09-05T16:35:46.000Z</time>
        <extensions>
          <ns3:TrackPointExtension>
            <ns3:atemp>26.0</ns3:atemp>
            <ns3:hr>196</ns3:hr>
            <ns3:cad>88</ns3:cad>
          </ns3:TrackPointExtension>
        </extensions>
      </trkpt>
      <trkpt lat="49.50131778605282306671142578125" lon="5.948278270661830902099609375">
        <ele>311.79998779296875</ele>
        <time>2026-09-05T16:35:47.000Z</time>
        <extensions>
          <ns3:TrackPointExtension>
            <ns3:atemp>25.0</ns3:atemp>
            <ns3:hr>196</ns3:hr>
            <ns3:cad>88</ns3:cad>
          </ns3:TrackPointExtension>
        </extensions>
      </trkpt>
      <trkpt lat="49.5013353042304515838623046875" lon="5.948280282318592071533203125">
        <ele>311.600006103515625</ele>
        <time>2026-09-05T16:35:48.000Z</time>
        <extensions>
          <ns3:TrackPointExtension>
            <ns3:atemp>25.0</ns3:atemp>
            <ns3:hr>196</ns3:hr>
            <ns3:cad>88</ns3:cad>
          </ns3:TrackPointExtension>
        </extensions>
      </trkpt>
      <trkpt lat="49.5013477094471454620361328125" lon="5.9482692182064056396484375">
        <ele>311.600006103515625</ele>
        <time>2026-09-05T16:35:49.000Z</time>
        <extensions>
          <ns3:TrackPointExtension>
            <ns3:atemp>25.0</ns3:atemp>
            <ns3:hr>196</ns3:hr>
            <ns3:cad>87</ns3:cad>
          </ns3:TrackPointExtension>
        </extensions>
      </trkpt>
      <trkpt lat="49.50136036612093448638916015625" lon="5.94827550463378429412841796875">
        <ele>311.79998779296875</ele>
        <time>2026-09-05T16:35:50.000Z</time>
        <extensions>
          <ns3:TrackPointExtension>
            <ns3:atemp>25.0</ns3:atemp>
            <ns3:hr>196</ns3:hr>
            <ns3:cad>87</ns3:cad>
          </ns3:TrackPointExtension>
        </extensions>
      </trkpt>
      <trkpt lat="49.5013745315372943878173828125" lon="5.94826963730156421661376953125">
        <ele>311.79998779296875</ele>
        <time>2026-09-05T16:35:51.000Z</time>
        <extensions>
          <ns3:TrackPointExtension>
            <ns3:atemp>25.0</ns3:atemp>
            <ns3:hr>196</ns3:hr>
            <ns3:cad>87</ns3:cad>
          </ns3:TrackPointExtension>
        </extensions>
      </trkpt>
      <trkpt lat="49.5013855956494808197021484375" lon="5.94826946966350078582763671875">
        <ele>311.79998779296875</ele>
        <time>2026-09-05T16:35:52.000Z</time>
        <extensions>
          <ns3:TrackPointExtension>
            <ns3:atemp>26.0</ns3:atemp>
            <ns3:hr>196</ns3:hr>
            <ns3:cad>87</ns3:cad>
          </ns3:TrackPointExtension>
        </extensions>
      </trkpt>
      <trkpt lat="49.50139909051358699798583984375" lon="5.948266871273517608642578125">
        <ele>312</ele>
        <time>2026-09-05T16:35:53.000Z</time>
        <extensions>
          <ns3:TrackPointExtension>
            <ns3:atemp>25.0</ns3:atemp>
            <ns3:hr>196</ns3:hr>
            <ns3:cad>87</ns3:cad>
          </ns3:TrackPointExtension>
        </extensions>
      </trkpt>
      <trkpt lat="49.5014211349189281463623046875" lon="5.94826393760740756988525390625">
        <ele>312</ele>
        <time>2026-09-05T16:35:54.000Z</time>
        <extensions>
          <ns3:TrackPointExtension>
            <ns3:atemp>25.0</ns3:atemp>
            <ns3:hr>196</ns3:hr>
            <ns3:cad>88</ns3:cad>
          </ns3:TrackPointExtension>
        </extensions>
      </trkpt>
      <trkpt lat="49.50143747963011264801025390625" lon="5.94826812855899333953857421875">
        <ele>312</ele>
        <time>2026-09-05T16:35:55.000Z</time>
        <extensions>
          <ns3:TrackPointExtension>
            <ns3:atemp>25.0</ns3:atemp>
            <ns3:hr>196</ns3:hr>
            <ns3:cad>88</ns3:cad>
          </ns3:TrackPointExtension>
        </extensions>
      </trkpt>
      <trkpt lat="49.5014476217329502105712890625" lon="5.94828036613762378692626953125">
        <ele>312</ele>
        <time>2026-09-05T16:35:56.000Z</time>
        <extensions>
          <ns3:TrackPointExtension>
            <ns3:atemp>25.0</ns3:atemp>
            <ns3:hr>197</ns3:hr>
            <ns3:cad>88</ns3:cad>
          </ns3:TrackPointExtension>
        </extensions>
      </trkpt>
      <trkpt lat="49.50144938193261623382568359375" lon="5.94830098561942577362060546875">
        <ele>312</ele>
        <time>2026-09-05T16:35:57.000Z</time>
        <extensions>
          <ns3:TrackPointExtension>
            <ns3:atemp>25.0</ns3:atemp>
            <ns3:hr>197</ns3:hr>
            <ns3:cad>86</ns3:cad>
          </ns3:TrackPointExtension>
        </extensions>
      </trkpt>
      <trkpt lat="49.50144343078136444091796875" lon="5.94831456430256366729736328125">
        <ele>312</ele>
        <time>2026-09-05T16:35:58.000Z</time>
        <extensions>
          <ns3:TrackPointExtension>
            <ns3:atemp>25.0</ns3:atemp>
            <ns3:hr>196</ns3:hr>
            <ns3:cad>86</ns3:cad>
          </ns3:TrackPointExtension>
        </extensions>
      </trkpt>
      <trkpt lat="49.50148542411625385284423828125" lon="5.9483334235846996307373046875">
        <ele>311.79998779296875</ele>
        <time>2026-09-05T16:35:59.000Z</time>
        <extensions>
          <ns3:TrackPointExtension>
            <ns3:atemp>25.0</ns3:atemp>
            <ns3:hr>196</ns3:hr>
            <ns3:cad>87</ns3:cad>
          </ns3:TrackPointExtension>
        </extensions>
      </trkpt>
      <trkpt lat="49.5015133358538150787353515625" lon="5.9483475051820278167724609375">
        <ele>311.79998779296875</ele>
        <time>2026-09-05T16:36:00.000Z</time>
        <extensions>
          <ns3:TrackPointExtension>
            <ns3:atemp>26.0</ns3:atemp>
            <ns3:hr>196</ns3:hr>
            <ns3:cad>87</ns3:cad>
          </ns3:TrackPointExtension>
        </extensions>
      </trkpt>
      <trkpt lat="49.501535631716251373291015625" lon="5.94836619682610034942626953125">
        <ele>311.79998779296875</ele>
        <time>2026-09-05T16:36:01.000Z</time>
        <extensions>
          <ns3:TrackPointExtension>
            <ns3:atemp>25.0</ns3:atemp>
            <ns3:hr>196</ns3:hr>
            <ns3:cad>87</ns3:cad>
          </ns3:TrackPointExtension>
        </extensions>
      </trkpt>
      <trkpt lat="49.5015800558030605316162109375" lon="5.9484105370938777923583984375">
        <ele>311.79998779296875</ele>
        <time>2026-09-05T16:36:02.000Z</time>
        <extensions>
          <ns3:TrackPointExtension>
            <ns3:atemp>25.0</ns3:atemp>
            <ns3:hr>197</ns3:hr>
            <ns3:cad>87</ns3:cad>
          </ns3:TrackPointExtension>
        </extensions>
      </trkpt>
      <trkpt lat="49.501610733568668365478515625" lon="5.9484596550464630126953125">
        <ele>311.79998779296875</ele>
        <time>2026-09-05T16:36:03.000Z</time>
        <extensions>
          <ns3:TrackPointExtension>
            <ns3:atemp>25.0</ns3:atemp>
            <ns3:hr>198</ns3:hr>
            <ns3:cad>86</ns3:cad>
          </ns3:TrackPointExtension>
        </extensions>
      </trkpt>
      <trkpt lat="49.50165708549320697784423828125" lon="5.94850298948585987091064453125">
        <ele>311.79998779296875</ele>
        <time>2026-09-05T16:36:04.000Z</time>
        <extensions>
          <ns3:TrackPointExtension>
            <ns3:atemp>25.0</ns3:atemp>
            <ns3:hr>198</ns3:hr>
            <ns3:cad>86</ns3:cad>
          </ns3:TrackPointExtension>
        </extensions>
      </trkpt>
      <trkpt lat="49.50169329531490802764892578125" lon="5.94854959286749362945556640625">
        <ele>311.79998779296875</ele>
        <time>2026-09-05T16:36:05.000Z</time>
        <extensions>
          <ns3:TrackPointExtension>
            <ns3:atemp>25.0</ns3:atemp>
            <ns3:hr>198</ns3:hr>
            <ns3:cad>86</ns3:cad>
          </ns3:TrackPointExtension>
        </extensions>
      </trkpt>
      <trkpt lat="49.50173704884946346282958984375" lon="5.94859636388719081878662109375">
        <ele>311.79998779296875</ele>
        <time>2026-09-05T16:36:06.000Z</time>
        <extensions>
          <ns3:TrackPointExtension>
            <ns3:atemp>25.0</ns3:atemp>
            <ns3:hr>198</ns3:hr>
            <ns3:cad>85</ns3:cad>
          </ns3:TrackPointExtension>
        </extensions>
      </trkpt>
      <trkpt lat="49.50177560560405254364013671875" lon="5.94863793812692165374755859375">
        <ele>311.79998779296875</ele>
        <time>2026-09-05T16:36:07.000Z</time>
        <extensions>
          <ns3:TrackPointExtension>
            <ns3:atemp>25.0</ns3:atemp>
            <ns3:hr>198</ns3:hr>
            <ns3:cad>85</ns3:cad>
          </ns3:TrackPointExtension>
        </extensions>
      </trkpt>
      <trkpt lat="49.50181785039603710174560546875" lon="5.94867666251957416534423828125">
        <ele>311.79998779296875</ele>
        <time>2026-09-05T16:36:08.000Z</time>
        <extensions>
          <ns3:TrackPointExtension>
            <ns3:atemp>25.0</ns3:atemp>
            <ns3:hr>198</ns3:hr>
            <ns3:cad>85</ns3:cad>
          </ns3:TrackPointExtension>
        </extensions>
      </trkpt>
      <trkpt lat="49.50185171328485012054443359375" lon="5.9486717171967029571533203125">
        <ele>311.79998779296875</ele>
        <time>2026-09-05T16:36:09.000Z</time>
        <extensions>
          <ns3:TrackPointExtension>
            <ns3:atemp>25.0</ns3:atemp>
            <ns3:hr>197</ns3:hr>
            <ns3:cad>85</ns3:cad>
          </ns3:TrackPointExtension>
        </extensions>
      </trkpt>
      <trkpt lat="49.50188373215496540069580078125" lon="5.94865738414227962493896484375">
        <ele>311.79998779296875</ele>
        <time>2026-09-05T16:36:10.000Z</time>
        <extensions>
          <ns3:TrackPointExtension>
            <ns3:atemp>25.0</ns3:atemp>
            <ns3:hr>197</ns3:hr>
            <ns3:cad>85</ns3:cad>
          </ns3:TrackPointExtension>
        </extensions>
      </trkpt>
      <trkpt lat="49.50192865915596485137939453125" lon="5.94866911880671977996826171875">
        <ele>311.79998779296875</ele>
        <time>2026-09-05T16:36:11.000Z</time>
        <extensions>
          <ns3:TrackPointExtension>
            <ns3:atemp>25.0</ns3:atemp>
            <ns3:hr>197</ns3:hr>
            <ns3:cad>85</ns3:cad>
          </ns3:TrackPointExtension>
        </extensions>
      </trkpt>
      <trkpt lat="49.50197048485279083251953125" lon="5.9486914984881877899169921875">
        <ele>311.399993896484375</ele>
        <time>2026-09-05T16:36:12.000Z</time>
        <extensions>
          <ns3:TrackPointExtension>
            <ns3:atemp>25.0</ns3:atemp>
            <ns3:hr>198</ns3:hr>
            <ns3:cad>85</ns3:cad>
          </ns3:TrackPointExtension>
        </extensions>
      </trkpt>
      <trkpt lat="49.50202203355729579925537109375" lon="5.94872879795730113983154296875">
        <ele>311.20001220703125</ele>
        <time>2026-09-05T16:36:13.000Z</time>
        <extensions>
          <ns3:TrackPointExtension>
            <ns3:atemp>25.0</ns3:atemp>
            <ns3:hr>198</ns3:hr>
            <ns3:cad>85</ns3:cad>
          </ns3:TrackPointExtension>
        </extensions>
      </trkpt>
      <trkpt lat="49.50209579430520534515380859375" lon="5.94877758063375949859619140625">
        <ele>311</ele>
        <time>2026-09-05T16:36:14.000Z</time>
        <extensions>
          <ns3:TrackPointExtension>
            <ns3:atemp>25.0</ns3:atemp>
            <ns3:hr>198</ns3:hr>
            <ns3:cad>86</ns3:cad>
          </ns3:TrackPointExtension>
        </extensions>
      </trkpt>
      <trkpt lat="49.50216050259768962860107421875" lon="5.94881513155996799468994140625">
        <ele>311.20001220703125</ele>
        <time>2026-09-05T16:36:15.000Z</time>
        <extensions>
          <ns3:TrackPointExtension>
            <ns3:atemp>25.0</ns3:atemp>
            <ns3:hr>197</ns3:hr>
            <ns3:cad>88</ns3:cad>
          </ns3:TrackPointExtension>
        </extensions>
      </trkpt>
      <trkpt lat="49.50224130414426326751708984375" lon="5.948816053569316864013671875">
        <ele>311.20001220703125</ele>
        <time>2026-09-05T16:36:16.000Z</time>
        <extensions>
          <ns3:TrackPointExtension>
            <ns3:atemp>25.0</ns3:atemp>
            <ns3:hr>197</ns3:hr>
            <ns3:cad>88</ns3:cad>
          </ns3:TrackPointExtension>
        </extensions>
      </trkpt>
      <trkpt lat="49.50232143513858318328857421875" lon="5.9488485753536224365234375">
        <ele>311.600006103515625</ele>
        <time>2026-09-05T16:36:17.000Z</time>
        <extensions>
          <ns3:TrackPointExtension>
            <ns3:atemp>25.0</ns3:atemp>
            <ns3:hr>196</ns3:hr>
            <ns3:cad>89</ns3:cad>
          </ns3:TrackPointExtension>
        </extensions>
      </trkpt>
      <trkpt lat="49.5023817010223865509033203125" lon="5.948876403272151947021484375">
        <ele>312</ele>
        <time>2026-09-05T16:36:18.000Z</time>
        <extensions>
          <ns3:TrackPointExtension>
            <ns3:atemp>25.0</ns3:atemp>
            <ns3:hr>197</ns3:hr>
            <ns3:cad>92</ns3:cad>
          </ns3:TrackPointExtension>
        </extensions>
      </trkpt>
      <trkpt lat="49.50244230218231678009033203125" lon="5.9489017166197299957275390625">
        <ele>312.399993896484375</ele>
        <time>2026-09-05T16:36:19.000Z</time>
        <extensions>
          <ns3:TrackPointExtension>
            <ns3:atemp>25.0</ns3:atemp>
            <ns3:hr>198</ns3:hr>
            <ns3:cad>93</ns3:cad>
          </ns3:TrackPointExtension>
        </extensions>
      </trkpt>
      <trkpt lat="49.5025263726711273193359375" lon="5.948939435184001922607421875">
        <ele>312.600006103515625</ele>
        <time>2026-09-05T16:36:20.000Z</time>
        <extensions>
          <ns3:TrackPointExtension>
            <ns3:atemp>25.0</ns3:atemp>
            <ns3:hr>198</ns3:hr>
            <ns3:cad>93</ns3:cad>
          </ns3:TrackPointExtension>
        </extensions>
      </trkpt>
      <trkpt lat="49.5025771670043468475341796875" lon="5.9489620663225650787353515625">
        <ele>312.600006103515625</ele>
        <time>2026-09-05T16:36:21.000Z</time>
        <extensions>
          <ns3:TrackPointExtension>
            <ns3:atemp>25.0</ns3:atemp>
            <ns3:hr>198</ns3:hr>
            <ns3:cad>92</ns3:cad>
          </ns3:TrackPointExtension>
        </extensions>
      </trkpt>
      <trkpt lat="49.502636007964611053466796875" lon="5.9489882178604602813720703125">
        <ele>312.600006103515625</ele>
        <time>2026-09-05T16:36:22.000Z</time>
        <extensions>
          <ns3:TrackPointExtension>
            <ns3:atemp>25.0</ns3:atemp>
            <ns3:hr>198</ns3:hr>
            <ns3:cad>91</ns3:cad>
          </ns3:TrackPointExtension>
        </extensions>
      </trkpt>
      <trkpt lat="49.50268001295626163482666015625" lon="5.9490150399506092071533203125">
        <ele>312.399993896484375</ele>
        <time>2026-09-05T16:36:23.000Z</time>
        <extensions>
          <ns3:TrackPointExtension>
            <ns3:atemp>25.0</ns3:atemp>
            <ns3:hr>198</ns3:hr>
            <ns3:cad>91</ns3:cad>
          </ns3:TrackPointExtension>
        </extensions>
      </trkpt>
      <trkpt lat="49.50273499824106693267822265625" lon="5.949046723544597625732421875">
        <ele>312.399993896484375</ele>
        <time>2026-09-05T16:36:24.000Z</time>
        <extensions>
          <ns3:TrackPointExtension>
            <ns3:atemp>25.0</ns3:atemp>
            <ns3:hr>199</ns3:hr>
            <ns3:cad>89</ns3:cad>
          </ns3:TrackPointExtension>
        </extensions>
      </trkpt>
      <trkpt lat="49.50277539901435375213623046875" lon="5.9490760602056980133056640625">
        <ele>312.20001220703125</ele>
        <time>2026-09-05T16:36:25.000Z</time>
        <extensions>
          <ns3:TrackPointExtension>
            <ns3:atemp>25.0</ns3:atemp>
            <ns3:hr>199</ns3:hr>
            <ns3:cad>88</ns3:cad>
          </ns3:TrackPointExtension>
        </extensions>
      </trkpt>
      <trkpt lat="49.50282803736627101898193359375" lon="5.9491099230945110321044921875">
        <ele>312.20001220703125</ele>
        <time>2026-09-05T16:36:26.000Z</time>
        <extensions>
          <ns3:TrackPointExtension>
            <ns3:atemp>25.0</ns3:atemp>
            <ns3:hr>199</ns3:hr>
            <ns3:cad>88</ns3:cad>
          </ns3:TrackPointExtension>
        </extensions>
      </trkpt>
      <trkpt lat="49.50287078507244586944580078125" lon="5.94914219342172145843505859375">
        <ele>312</ele>
        <time>2026-09-05T16:36:27.000Z</time>
        <extensions>
          <ns3:TrackPointExtension>
            <ns3:atemp>25.0</ns3:atemp>
            <ns3:hr>199</ns3:hr>
            <ns3:cad>88</ns3:cad>
          </ns3:TrackPointExtension>
        </extensions>
      </trkpt>
      <trkpt lat="49.50292174704372882843017578125" lon="5.949180163443088531494140625">
        <ele>312</ele>
        <time>2026-09-05T16:36:28.000Z</time>
        <extensions>
          <ns3:TrackPointExtension>
            <ns3:atemp>25.0</ns3:atemp>
            <ns3:hr>199</ns3:hr>
            <ns3:cad>88</ns3:cad>
          </ns3:TrackPointExtension>
        </extensions>
      </trkpt>
      <trkpt lat="49.502963237464427947998046875" lon="5.9492178820073604583740234375">
        <ele>312</ele>
        <time>2026-09-05T16:36:29.000Z</time>
        <extensions>
          <ns3:TrackPointExtension>
            <ns3:atemp>25.0</ns3:atemp>
            <ns3:hr>199</ns3:hr>
            <ns3:cad>88</ns3:cad>
          </ns3:TrackPointExtension>
        </extensions>
      </trkpt>
      <trkpt lat="49.50300925411283969879150390625" lon="5.9492540918290615081787109375">
        <ele>312.20001220703125</ele>
        <time>2026-09-05T16:36:30.000Z</time>
        <extensions>
          <ns3:TrackPointExtension>
            <ns3:atemp>25.0</ns3:atemp>
            <ns3:hr>199</ns3:hr>
            <ns3:cad>88</ns3:cad>
          </ns3:TrackPointExtension>
        </extensions>
      </trkpt>
      <trkpt lat="49.50304630212485790252685546875" lon="5.94928435049951076507568359375">
        <ele>312.20001220703125</ele>
        <time>2026-09-05T16:36:31.000Z</time>
        <extensions>
          <ns3:TrackPointExtension>
            <ns3:atemp>25.0</ns3:atemp>
            <ns3:hr>199</ns3:hr>
            <ns3:cad>88</ns3:cad>
          </ns3:TrackPointExtension>
        </extensions>
      </trkpt>
    </trkseg>
  </trk>
</gpx>
