<gpx xmlns:ns3="http://www.garmin.com/xmlschemas/TrackPointExtension/v1" xmlns="http://www.topografix.com/GPX/1/1" xmlns:xsi="http://www.w3.org/2001/XMLSchema-instance" xmlns:ns2="http://www.garmin.com/xmlschemas/GpxExtensions/v3" creator="Garmin Connect" version="1.1" xsi:schemaLocation="http://www.topografix.com/GPX/1/1 http://www.topografix.com/GPX/11.xsd">
  <extensions>
<distance>1008.59</distance>
<average_hr>65.0</average_hr>
<average_speed>1.2009999752044678</average_speed>
<start_time>2026-10-04T14:01:14+00:00</start_time>
<end_time>2026-10-04T14:15:13.857000+00:00</end_time>
<moving_time>804.0</moving_time>
<elapsed_time>839.857</elapsed_time>
</extensions>
<metadata>
    <link href="connect.garmin.com">
      <text>Garmin Connect</text>
    </link>
    <time>2026-10-04T14:01:14.000Z</time>
  </metadata>
  <trk>
    <name>Metz Walking</name>
    <type>walking</type>
    <trkseg>
      <trkpt lat="49.138411469757556915283203125" lon="6.15376791916787624359130859375">
        <ele>176.1999969482421875</ele>
        <time>2026-10-04T14:01:14.000Z</time>
        <extensions>
          <ns3:TrackPointExtension>
            <ns3:hr>99</ns3:hr>
          </ns3:TrackPointExtension>
        </extensions>
      </trkpt>
      <trkpt lat="49.13841909728944301605224609375" lon="6.15378853864967823028564453125">
        <ele>176.1999969482421875</ele>
        <time>2026-10-04T14:01:15.000Z</time>
        <extensions>
          <ns3:TrackPointExtension>
            <ns3:hr>99</ns3:hr>
          </ns3:TrackPointExtension>
        </extensions>
      </trkpt>
      <trkpt lat="49.13842395879328250885009765625" lon="6.1537980102002620697021484375">
        <ele>176.1999969482421875</ele>
        <time>2026-10-04T14:01:16.000Z</time>
        <extensions>
          <ns3:TrackPointExtension>
            <ns3:hr>99</ns3:hr>
          </ns3:TrackPointExtension>
        </extensions>
      </trkpt>
      <trkpt lat="49.13843066431581974029541015625" lon="6.15380563773214817047119140625">
        <ele>176.1999969482421875</ele>
        <time>2026-10-04T14:01:17.000Z</time>
        <extensions>
          <ns3:TrackPointExtension>
            <ns3:hr>100</ns3:hr>
          </ns3:TrackPointExtension>
        </extensions>
      </trkpt>
      <trkpt lat="49.138434268534183502197265625" lon="6.15381116978824138641357421875">
        <ele>176.1999969482421875</ele>
        <time>2026-10-04T14:01:18.000Z</time>
        <extensions>
          <ns3:TrackPointExtension>
            <ns3:hr>99</ns3:hr>
          </ns3:TrackPointExtension>
        </extensions>
      </trkpt>
      <trkpt lat="49.13843502290546894073486328125" lon="6.15381561219692230224609375">
        <ele>176.1999969482421875</ele>
        <time>2026-10-04T14:01:19.000Z</time>
        <extensions>
          <ns3:TrackPointExtension>
            <ns3:hr>100</ns3:hr>
          </ns3:TrackPointExtension>
        </extensions>
      </trkpt>
      <trkpt lat="49.1384354420006275177001953125" lon="6.15381888113915920257568359375">
        <ele>176.1999969482421875</ele>
        <time>2026-10-04T14:01:20.000Z</time>
        <extensions>
          <ns3:TrackPointExtension>
            <ns3:hr>100</ns3:hr>
          </ns3:TrackPointExtension>
        </extensions>
      </trkpt>
      <trkpt lat="49.13843150250613689422607421875" lon="6.1538176238536834716796875">
        <ele>176.1999969482421875</ele>
        <time>2026-10-04T14:01:21.000Z</time>
        <extensions>
          <ns3:TrackPointExtension>
            <ns3:hr>100</ns3:hr>
          </ns3:TrackPointExtension>
        </extensions>
      </trkpt>
      <trkpt lat="49.13842856884002685546875" lon="6.15382575429975986480712890625">
        <ele>176.1999969482421875</ele>
        <time>2026-10-04T14:01:22.000Z</time>
        <extensions>
          <ns3:TrackPointExtension>
            <ns3:hr>100</ns3:hr>
          </ns3:TrackPointExtension>
        </extensions>
      </trkpt>
      <trkpt lat="49.138428904116153717041015625" lon="6.1538442783057689666748046875">
        <ele>176.1999969482421875</ele>
        <time>2026-10-04T14:01:23.000Z</time>
        <extensions>
          <ns3:TrackPointExtension>
            <ns3:hr>100</ns3:hr>
          </ns3:TrackPointExtension>
        </extensions>
      </trkpt>
      <trkpt lat="49.13842898793518543243408203125" lon="6.15385877899825572967529296875">
        <ele>176.1999969482421875</ele>
        <time>2026-10-04T14:01:24.000Z</time>
        <extensions>
          <ns3:TrackPointExtension>
            <ns3:hr>100</ns3:hr>
          </ns3:TrackPointExtension>
        </extensions>
      </trkpt>
      <trkpt lat="49.138420857489109039306640625" lon="6.15387671627104282379150390625">
        <ele>176</ele>
        <time>2026-10-04T14:01:25.000Z</time>
        <extensions>
          <ns3:TrackPointExtension>
            <ns3:hr>99</ns3:hr>
          </ns3:TrackPointExtension>
        </extensions>
      </trkpt>
      <trkpt lat="49.13841624744236469268798828125" lon="6.15388945676386356353759765625">
        <ele>176</ele>
        <time>2026-10-04T14:01:26.000Z</time>
        <extensions>
          <ns3:TrackPointExtension>
            <ns3:hr>100</ns3:hr>
          </ns3:TrackPointExtension>
        </extensions>
      </trkpt>
      <trkpt lat="49.138412810862064361572265625" lon="6.15390186198055744171142578125">
        <ele>176</ele>
        <time>2026-10-04T14:01:27.000Z</time>
        <extensions>
          <ns3:TrackPointExtension>
            <ns3:hr>99</ns3:hr>
          </ns3:TrackPointExtension>
        </extensions>
      </trkpt>
      <trkpt lat="49.13840937428176403045654296875" lon="6.15391175262629985809326171875">
        <ele>175.8000030517578125</ele>
        <time>2026-10-04T14:01:28.000Z</time>
        <extensions>
          <ns3:TrackPointExtension>
            <ns3:hr>98</ns3:hr>
          </ns3:TrackPointExtension>
        </extensions>
      </trkpt>
      <trkpt lat="49.138404093682765960693359375" lon="6.15392298437654972076416015625">
        <ele>175.8000030517578125</ele>
        <time>2026-10-04T14:01:29.000Z</time>
        <extensions>
          <ns3:TrackPointExtension>
            <ns3:hr>98</ns3:hr>
          </ns3:TrackPointExtension>
        </extensions>
      </trkpt>
      <trkpt lat="49.138399399816989898681640625" lon="6.15393656305968761444091796875">
        <ele>176</ele>
        <time>2026-10-04T14:01:30.000Z</time>
        <extensions>
          <ns3:TrackPointExtension>
            <ns3:hr>98</ns3:hr>
          </ns3:TrackPointExtension>
        </extensions>
      </trkpt>
      <trkpt lat="49.13839093409478664398193359375" lon="6.15395299158990383148193359375">
        <ele>176</ele>
        <time>2026-10-04T14:01:31.000Z</time>
        <extensions>
          <ns3:TrackPointExtension>
            <ns3:hr>98</ns3:hr>
          </ns3:TrackPointExtension>
        </extensions>
      </trkpt>
      <trkpt lat="49.13838523440062999725341796875" lon="6.15396237932145595550537109375">
        <ele>176</ele>
        <time>2026-10-04T14:01:32.000Z</time>
        <extensions>
          <ns3:TrackPointExtension>
            <ns3:hr>97</ns3:hr>
          </ns3:TrackPointExtension>
        </extensions>
      </trkpt>
      <trkpt lat="49.1383777745068073272705078125" lon="6.153971850872039794921875">
        <ele>176</ele>
        <time>2026-10-04T14:01:33.000Z</time>
        <extensions>
          <ns3:TrackPointExtension>
            <ns3:hr>98</ns3:hr>
          </ns3:TrackPointExtension>
        </extensions>
      </trkpt>
      <trkpt lat="49.13837115280330181121826171875" lon="6.153980903327465057373046875">
        <ele>176</ele>
        <time>2026-10-04T14:01:34.000Z</time>
        <extensions>
          <ns3:TrackPointExtension>
            <ns3:hr>98</ns3:hr>
          </ns3:TrackPointExtension>
        </extensions>
      </trkpt>
      <trkpt lat="49.1383640281856060028076171875" lon="6.15399087779223918914794921875">
        <ele>176</ele>
        <time>2026-10-04T14:01:35.000Z</time>
        <extensions>
          <ns3:TrackPointExtension>
            <ns3:hr>98</ns3:hr>
          </ns3:TrackPointExtension>
        </extensions>
      </trkpt>
      <trkpt lat="49.13835623301565647125244140625" lon="6.1540026962757110595703125">
        <ele>176</ele>
        <time>2026-10-04T14:01:36.000Z</time>
        <extensions>
          <ns3:TrackPointExtension>
            <ns3:hr>98</ns3:hr>
          </ns3:TrackPointExtension>
        </extensions>
      </trkpt>
      <trkpt lat="49.13834835402667522430419921875" lon="6.1540159396827220916748046875">
        <ele>176</ele>
        <time>2026-10-04T14:01:37.000Z</time>
        <extensions>
          <ns3:TrackPointExtension>
            <ns3:hr>98</ns3:hr>
          </ns3:TrackPointExtension>
        </extensions>
      </trkpt>
      <trkpt lat="49.1383418999612331390380859375" lon="6.15402750670909881591796875">
        <ele>176</ele>
        <time>2026-10-04T14:01:38.000Z</time>
        <extensions>
          <ns3:TrackPointExtension>
            <ns3:hr>98</ns3:hr>
          </ns3:TrackPointExtension>
        </extensions>
      </trkpt>
      <trkpt lat="49.138335026800632476806640625" lon="6.154039241373538970947265625">
        <ele>176</ele>
        <time>2026-10-04T14:01:39.000Z</time>
        <extensions>
          <ns3:TrackPointExtension>
            <ns3:hr>97</ns3:hr>
          </ns3:TrackPointExtension>
        </extensions>
      </trkpt>
      <trkpt lat="49.1383284889161586761474609375" lon="6.15404921583831310272216796875">
        <ele>176</ele>
        <time>2026-10-04T14:01:40.000Z</time>
        <extensions>
          <ns3:TrackPointExtension>
            <ns3:hr>97</ns3:hr>
          </ns3:TrackPointExtension>
        </extensions>
      </trkpt>
      <trkpt lat="49.13832237012684345245361328125" lon="6.15405960939824581146240234375">
        <ele>176</ele>
        <time>2026-10-04T14:01:41.000Z</time>
        <extensions>
          <ns3:TrackPointExtension>
            <ns3:hr>97</ns3:hr>
          </ns3:TrackPointExtension>
        </extensions>
      </trkpt>
      <trkpt lat="49.138316921889781951904296875" lon="6.154068745672702789306640625">
        <ele>176</ele>
        <time>2026-10-04T14:01:42.000Z</time>
        <extensions>
          <ns3:TrackPointExtension>
            <ns3:hr>97</ns3:hr>
          </ns3:TrackPointExtension>
        </extensions>
      </trkpt>
      <trkpt lat="49.1383100487291812896728515625" lon="6.154080145061016082763671875">
        <ele>176</ele>
        <time>2026-10-04T14:01:43.000Z</time>
        <extensions>
          <ns3:TrackPointExtension>
            <ns3:hr>96</ns3:hr>
          </ns3:TrackPointExtension>
        </extensions>
      </trkpt>
      <trkpt lat="49.13830317556858062744140625" lon="6.15409229882061481475830078125">
        <ele>176</ele>
        <time>2026-10-04T14:01:44.000Z</time>
        <extensions>
          <ns3:TrackPointExtension>
            <ns3:hr>96</ns3:hr>
          </ns3:TrackPointExtension>
        </extensions>
      </trkpt>
      <trkpt lat="49.13829672150313854217529296875" lon="6.1541037820279598236083984375">
        <ele>176</ele>
        <time>2026-10-04T14:01:45.000Z</time>
        <extensions>
          <ns3:TrackPointExtension>
            <ns3:hr>96</ns3:hr>
          </ns3:TrackPointExtension>
        </extensions>
      </trkpt>
      <trkpt lat="49.13829035125672817230224609375" lon="6.15411492995917797088623046875">
        <ele>176</ele>
        <time>2026-10-04T14:01:46.000Z</time>
        <extensions>
          <ns3:TrackPointExtension>
            <ns3:hr>95</ns3:hr>
          </ns3:TrackPointExtension>
        </extensions>
      </trkpt>
      <trkpt lat="49.138284064829349517822265625" lon="6.15412649698555469512939453125">
        <ele>176</ele>
        <time>2026-10-04T14:01:47.000Z</time>
        <extensions>
          <ns3:TrackPointExtension>
            <ns3:hr>95</ns3:hr>
          </ns3:TrackPointExtension>
        </extensions>
      </trkpt>
      <trkpt lat="49.13827727548778057098388671875" lon="6.15413739345967769622802734375">
        <ele>176</ele>
        <time>2026-10-04T14:01:48.000Z</time>
        <extensions>
          <ns3:TrackPointExtension>
            <ns3:hr>95</ns3:hr>
          </ns3:TrackPointExtension>
        </extensions>
      </trkpt>
      <trkpt lat="49.1382698155939579010009765625" lon="6.15414879284799098968505859375">
        <ele>176</ele>
        <time>2026-10-04T14:01:49.000Z</time>
        <extensions>
          <ns3:TrackPointExtension>
            <ns3:hr>94</ns3:hr>
          </ns3:TrackPointExtension>
        </extensions>
      </trkpt>
      <trkpt lat="49.13826168514788150787353515625" lon="6.15416027605533599853515625">
        <ele>176</ele>
        <time>2026-10-04T14:01:50.000Z</time>
        <extensions>
          <ns3:TrackPointExtension>
            <ns3:hr>94</ns3:hr>
          </ns3:TrackPointExtension>
        </extensions>
      </trkpt>
      <trkpt lat="49.1382547281682491302490234375" lon="6.15417209453880786895751953125">
        <ele>176</ele>
        <time>2026-10-04T14:01:51.000Z</time>
        <extensions>
          <ns3:TrackPointExtension>
            <ns3:hr>93</ns3:hr>
          </ns3:TrackPointExtension>
        </extensions>
      </trkpt>
      <trkpt lat="49.138246513903141021728515625" lon="6.15418734960258007049560546875">
        <ele>176</ele>
        <time>2026-10-04T14:01:52.000Z</time>
        <extensions>
          <ns3:TrackPointExtension>
            <ns3:hr>93</ns3:hr>
          </ns3:TrackPointExtension>
        </extensions>
      </trkpt>
      <trkpt lat="49.13823838345706462860107421875" lon="6.1541993357241153717041015625">
        <ele>176</ele>
        <time>2026-10-04T14:01:53.000Z</time>
        <extensions>
          <ns3:TrackPointExtension>
            <ns3:hr>92</ns3:hr>
          </ns3:TrackPointExtension>
        </extensions>
      </trkpt>
      <trkpt lat="49.138231091201305389404296875" lon="6.15421014837920665740966796875">
        <ele>176</ele>
        <time>2026-10-04T14:01:54.000Z</time>
        <extensions>
          <ns3:TrackPointExtension>
            <ns3:hr>92</ns3:hr>
          </ns3:TrackPointExtension>
        </extensions>
      </trkpt>
      <trkpt lat="49.13822396658360958099365234375" lon="6.154220290482044219970703125">
        <ele>176</ele>
        <time>2026-10-04T14:01:55.000Z</time>
        <extensions>
          <ns3:TrackPointExtension>
            <ns3:hr>91</ns3:hr>
          </ns3:TrackPointExtension>
        </extensions>
      </trkpt>
      <trkpt lat="49.13821558468043804168701171875" lon="6.154233030974864959716796875">
        <ele>176</ele>
        <time>2026-10-04T14:01:56.000Z</time>
        <extensions>
          <ns3:TrackPointExtension>
            <ns3:hr>88</ns3:hr>
          </ns3:TrackPointExtension>
        </extensions>
      </trkpt>
      <trkpt lat="49.13820552639663219451904296875" lon="6.15424719639122486114501953125">
        <ele>176</ele>
        <time>2026-10-04T14:01:57.000Z</time>
        <extensions>
          <ns3:TrackPointExtension>
            <ns3:hr>74</ns3:hr>
          </ns3:TrackPointExtension>
        </extensions>
      </trkpt>
      <trkpt lat="49.1381973959505558013916015625" lon="6.154258511960506439208984375">
        <ele>176</ele>
        <time>2026-10-04T14:01:58.000Z</time>
        <extensions>
          <ns3:TrackPointExtension>
            <ns3:hr>56</ns3:hr>
          </ns3:TrackPointExtension>
        </extensions>
      </trkpt>
      <trkpt lat="49.1381911933422088623046875" lon="6.15426890552043914794921875">
        <ele>176</ele>
        <time>2026-10-04T14:01:59.000Z</time>
        <extensions>
          <ns3:TrackPointExtension>
            <ns3:hr>55</ns3:hr>
          </ns3:TrackPointExtension>
        </extensions>
      </trkpt>
      <trkpt lat="49.13818373344838619232177734375" lon="6.154281310737133026123046875">
        <ele>176</ele>
        <time>2026-10-04T14:02:00.000Z</time>
        <extensions>
          <ns3:TrackPointExtension>
            <ns3:hr>54</ns3:hr>
          </ns3:TrackPointExtension>
        </extensions>
      </trkpt>
      <trkpt lat="49.13817518390715122222900390625" lon="6.1542972363531589508056640625">
        <ele>176</ele>
        <time>2026-10-04T14:02:01.000Z</time>
        <extensions>
          <ns3:TrackPointExtension>
            <ns3:hr>54</ns3:hr>
          </ns3:TrackPointExtension>
        </extensions>
      </trkpt>
      <trkpt lat="49.13816881366074085235595703125" lon="6.15431006066501140594482421875">
        <ele>175.8000030517578125</ele>
        <time>2026-10-04T14:02:02.000Z</time>
        <extensions>
          <ns3:TrackPointExtension>
            <ns3:hr>53</ns3:hr>
          </ns3:TrackPointExtension>
        </extensions>
      </trkpt>
      <trkpt lat="49.13816034793853759765625" lon="6.15432263351976871490478515625">
        <ele>175.8000030517578125</ele>
        <time>2026-10-04T14:02:03.000Z</time>
        <extensions>
          <ns3:TrackPointExtension>
            <ns3:hr>53</ns3:hr>
          </ns3:TrackPointExtension>
        </extensions>
      </trkpt>
      <trkpt lat="49.138152301311492919921875" lon="6.1543357931077480316162109375">
        <ele>175.8000030517578125</ele>
        <time>2026-10-04T14:02:04.000Z</time>
        <extensions>
          <ns3:TrackPointExtension>
            <ns3:hr>53</ns3:hr>
          </ns3:TrackPointExtension>
        </extensions>
      </trkpt>
      <trkpt lat="49.138145260512828826904296875" lon="6.15434794686734676361083984375">
        <ele>175.8000030517578125</ele>
        <time>2026-10-04T14:02:05.000Z</time>
        <extensions>
          <ns3:TrackPointExtension>
            <ns3:hr>54</ns3:hr>
          </ns3:TrackPointExtension>
        </extensions>
      </trkpt>
      <trkpt lat="49.13813813589513301849365234375" lon="6.1543595977127552032470703125">
        <ele>175.8000030517578125</ele>
        <time>2026-10-04T14:02:06.000Z</time>
        <extensions>
          <ns3:TrackPointExtension>
            <ns3:hr>54</ns3:hr>
          </ns3:TrackPointExtension>
        </extensions>
      </trkpt>
      <trkpt lat="49.1381306760013103485107421875" lon="6.15437074564397335052490234375">
        <ele>175.8000030517578125</ele>
        <time>2026-10-04T14:02:07.000Z</time>
        <extensions>
          <ns3:TrackPointExtension>
            <ns3:hr>58</ns3:hr>
          </ns3:TrackPointExtension>
        </extensions>
      </trkpt>
      <trkpt lat="49.13812355138361454010009765625" lon="6.15438281558454036712646484375">
        <ele>175.8000030517578125</ele>
        <time>2026-10-04T14:02:08.000Z</time>
        <extensions>
          <ns3:TrackPointExtension>
            <ns3:hr>58</ns3:hr>
          </ns3:TrackPointExtension>
        </extensions>
      </trkpt>
      <trkpt lat="49.1381139121949672698974609375" lon="6.15439924411475658416748046875">
        <ele>175.8000030517578125</ele>
        <time>2026-10-04T14:02:09.000Z</time>
        <extensions>
          <ns3:TrackPointExtension>
            <ns3:hr>58</ns3:hr>
          </ns3:TrackPointExtension>
        </extensions>
      </trkpt>
      <trkpt lat="49.1381058655679225921630859375" lon="6.1544129066169261932373046875">
        <ele>175.8000030517578125</ele>
        <time>2026-10-04T14:02:10.000Z</time>
        <extensions>
          <ns3:TrackPointExtension>
            <ns3:hr>59</ns3:hr>
          </ns3:TrackPointExtension>
        </extensions>
      </trkpt>
      <trkpt lat="49.13809656165540218353271484375" lon="6.1544256471097469329833984375">
        <ele>175.8000030517578125</ele>
        <time>2026-10-04T14:02:11.000Z</time>
        <extensions>
          <ns3:TrackPointExtension>
            <ns3:hr>59</ns3:hr>
          </ns3:TrackPointExtension>
        </extensions>
      </trkpt>
      <trkpt lat="49.1380880959331989288330078125" lon="6.1544363759458065032958984375">
        <ele>175.8000030517578125</ele>
        <time>2026-10-04T14:02:12.000Z</time>
        <extensions>
          <ns3:TrackPointExtension>
            <ns3:hr>61</ns3:hr>
          </ns3:TrackPointExtension>
        </extensions>
      </trkpt>
      <trkpt lat="49.13808214478194713592529296875" lon="6.1544450931251049041748046875">
        <ele>175.8000030517578125</ele>
        <time>2026-10-04T14:02:13.000Z</time>
        <extensions>
          <ns3:TrackPointExtension>
            <ns3:hr>62</ns3:hr>
          </ns3:TrackPointExtension>
        </extensions>
      </trkpt>
      <trkpt lat="49.13807476870715618133544921875" lon="6.1544564925134181976318359375">
        <ele>175.8000030517578125</ele>
        <time>2026-10-04T14:02:14.000Z</time>
        <extensions>
          <ns3:TrackPointExtension>
            <ns3:hr>62</ns3:hr>
          </ns3:TrackPointExtension>
        </extensions>
      </trkpt>
      <trkpt lat="49.1380679793655872344970703125" lon="6.15446713753044605255126953125">
        <ele>175.8000030517578125</ele>
        <time>2026-10-04T14:02:15.000Z</time>
        <extensions>
          <ns3:TrackPointExtension>
            <ns3:hr>61</ns3:hr>
          </ns3:TrackPointExtension>
        </extensions>
      </trkpt>
      <trkpt lat="49.1380609385669231414794921875" lon="6.15447945892810821533203125">
        <ele>175.8000030517578125</ele>
        <time>2026-10-04T14:02:16.000Z</time>
        <extensions>
          <ns3:TrackPointExtension>
            <ns3:hr>61</ns3:hr>
          </ns3:TrackPointExtension>
        </extensions>
      </trkpt>
      <trkpt lat="49.138052724301815032958984375" lon="6.15449178032577037811279296875">
        <ele>175.8000030517578125</ele>
        <time>2026-10-04T14:02:17.000Z</time>
        <extensions>
          <ns3:TrackPointExtension>
            <ns3:hr>61</ns3:hr>
          </ns3:TrackPointExtension>
        </extensions>
      </trkpt>
      <trkpt lat="49.138044677674770355224609375" lon="6.15450670011341571807861328125">
        <ele>175.8000030517578125</ele>
        <time>2026-10-04T14:02:18.000Z</time>
        <extensions>
          <ns3:TrackPointExtension>
            <ns3:hr>60</ns3:hr>
          </ns3:TrackPointExtension>
        </extensions>
      </trkpt>
      <trkpt lat="49.138036631047725677490234375" lon="6.15452103316783905029296875">
        <ele>175.8000030517578125</ele>
        <time>2026-10-04T14:02:19.000Z</time>
        <extensions>
          <ns3:TrackPointExtension>
            <ns3:hr>60</ns3:hr>
          </ns3:TrackPointExtension>
        </extensions>
      </trkpt>
      <trkpt lat="49.13802950643002986907958984375" lon="6.15453586913645267486572265625">
        <ele>175.8000030517578125</ele>
        <time>2026-10-04T14:02:20.000Z</time>
        <extensions>
          <ns3:TrackPointExtension>
            <ns3:hr>59</ns3:hr>
          </ns3:TrackPointExtension>
        </extensions>
      </trkpt>
      <trkpt lat="49.13802162744104862213134765625" lon="6.15455112420022487640380859375">
        <ele>175.8000030517578125</ele>
        <time>2026-10-04T14:02:21.000Z</time>
        <extensions>
          <ns3:TrackPointExtension>
            <ns3:hr>58</ns3:hr>
          </ns3:TrackPointExtension>
        </extensions>
      </trkpt>
      <trkpt lat="49.13801458664238452911376953125" lon="6.154562942683696746826171875">
        <ele>175.8000030517578125</ele>
        <time>2026-10-04T14:02:22.000Z</time>
        <extensions>
          <ns3:TrackPointExtension>
            <ns3:hr>57</ns3:hr>
          </ns3:TrackPointExtension>
        </extensions>
      </trkpt>
      <trkpt lat="49.13800788111984729766845703125" lon="6.15457392297685146331787109375">
        <ele>175.8000030517578125</ele>
        <time>2026-10-04T14:02:23.000Z</time>
        <extensions>
          <ns3:TrackPointExtension>
            <ns3:hr>56</ns3:hr>
          </ns3:TrackPointExtension>
        </extensions>
      </trkpt>
      <trkpt lat="49.13800469599664211273193359375" lon="6.154588423669338226318359375">
        <ele>175.8000030517578125</ele>
        <time>2026-10-04T14:02:24.000Z</time>
        <extensions>
          <ns3:TrackPointExtension>
            <ns3:hr>55</ns3:hr>
          </ns3:TrackPointExtension>
        </extensions>
      </trkpt>
      <trkpt lat="49.13799899630248546600341796875" lon="6.15460258908569812774658203125">
        <ele>175.8000030517578125</ele>
        <time>2026-10-04T14:02:25.000Z</time>
        <extensions>
          <ns3:TrackPointExtension>
            <ns3:hr>55</ns3:hr>
          </ns3:TrackPointExtension>
        </extensions>
      </trkpt>
      <trkpt lat="49.137992374598979949951171875" lon="6.15461650304496288299560546875">
        <ele>175.8000030517578125</ele>
        <time>2026-10-04T14:02:26.000Z</time>
        <extensions>
          <ns3:TrackPointExtension>
            <ns3:hr>55</ns3:hr>
          </ns3:TrackPointExtension>
        </extensions>
      </trkpt>
      <trkpt lat="49.1379865072667598724365234375" lon="6.154627315700054168701171875">
        <ele>175.8000030517578125</ele>
        <time>2026-10-04T14:02:27.000Z</time>
        <extensions>
          <ns3:TrackPointExtension>
            <ns3:hr>55</ns3:hr>
          </ns3:TrackPointExtension>
        </extensions>
      </trkpt>
      <trkpt lat="49.13797887973487377166748046875" lon="6.15463896654546260833740234375">
        <ele>175.8000030517578125</ele>
        <time>2026-10-04T14:02:28.000Z</time>
        <extensions>
          <ns3:TrackPointExtension>
            <ns3:hr>55</ns3:hr>
          </ns3:TrackPointExtension>
        </extensions>
      </trkpt>
      <trkpt lat="49.13797192275524139404296875" lon="6.15464936010539531707763671875">
        <ele>175.8000030517578125</ele>
        <time>2026-10-04T14:02:29.000Z</time>
        <extensions>
          <ns3:TrackPointExtension>
            <ns3:hr>55</ns3:hr>
          </ns3:TrackPointExtension>
        </extensions>
      </trkpt>
      <trkpt lat="49.13796446286141872406005859375" lon="6.15466193296015262603759765625">
        <ele>175.8000030517578125</ele>
        <time>2026-10-04T14:02:30.000Z</time>
        <extensions>
          <ns3:TrackPointExtension>
            <ns3:hr>56</ns3:hr>
          </ns3:TrackPointExtension>
        </extensions>
      </trkpt>
      <trkpt lat="49.13795792497694492340087890625" lon="6.15467391908168792724609375">
        <ele>175.8000030517578125</ele>
        <time>2026-10-04T14:02:31.000Z</time>
        <extensions>
          <ns3:TrackPointExtension>
            <ns3:hr>55</ns3:hr>
          </ns3:TrackPointExtension>
        </extensions>
      </trkpt>
      <trkpt lat="49.137950129806995391845703125" lon="6.15468707866966724395751953125">
        <ele>175.8000030517578125</ele>
        <time>2026-10-04T14:02:32.000Z</time>
        <extensions>
          <ns3:TrackPointExtension>
            <ns3:hr>55</ns3:hr>
          </ns3:TrackPointExtension>
        </extensions>
      </trkpt>
      <trkpt lat="49.13794216699898242950439453125" lon="6.15469965152442455291748046875">
        <ele>175.8000030517578125</ele>
        <time>2026-10-04T14:02:33.000Z</time>
        <extensions>
          <ns3:TrackPointExtension>
            <ns3:hr>55</ns3:hr>
          </ns3:TrackPointExtension>
        </extensions>
      </trkpt>
      <trkpt lat="49.137934707105159759521484375" lon="6.15471440367400646209716796875">
        <ele>175.8000030517578125</ele>
        <time>2026-10-04T14:02:34.000Z</time>
        <extensions>
          <ns3:TrackPointExtension>
            <ns3:hr>55</ns3:hr>
          </ns3:TrackPointExtension>
        </extensions>
      </trkpt>
      <trkpt lat="49.13792791776359081268310546875" lon="6.15472798235714435577392578125">
        <ele>175.8000030517578125</ele>
        <time>2026-10-04T14:02:35.000Z</time>
        <extensions>
          <ns3:TrackPointExtension>
            <ns3:hr>54</ns3:hr>
          </ns3:TrackPointExtension>
        </extensions>
      </trkpt>
      <trkpt lat="49.13792020641267299652099609375" lon="6.1547431536018848419189453125">
        <ele>175.8000030517578125</ele>
        <time>2026-10-04T14:02:36.000Z</time>
        <extensions>
          <ns3:TrackPointExtension>
            <ns3:hr>54</ns3:hr>
          </ns3:TrackPointExtension>
        </extensions>
      </trkpt>
      <trkpt lat="49.13791215978562831878662109375" lon="6.154755391180515289306640625">
        <ele>175.8000030517578125</ele>
        <time>2026-10-04T14:02:37.000Z</time>
        <extensions>
          <ns3:TrackPointExtension>
            <ns3:hr>54</ns3:hr>
          </ns3:TrackPointExtension>
        </extensions>
      </trkpt>
      <trkpt lat="49.1379036940634250640869140625" lon="6.15476704202592372894287109375">
        <ele>175.8000030517578125</ele>
        <time>2026-10-04T14:02:38.000Z</time>
        <extensions>
          <ns3:TrackPointExtension>
            <ns3:hr>54</ns3:hr>
          </ns3:TrackPointExtension>
        </extensions>
      </trkpt>
      <trkpt lat="49.1378959827125072479248046875" lon="6.154776178300380706787109375">
        <ele>175.8000030517578125</ele>
        <time>2026-10-04T14:02:39.000Z</time>
        <extensions>
          <ns3:TrackPointExtension>
            <ns3:hr>54</ns3:hr>
          </ns3:TrackPointExtension>
        </extensions>
      </trkpt>
      <trkpt lat="49.1378879360854625701904296875" lon="6.15478791296482086181640625">
        <ele>175.8000030517578125</ele>
        <time>2026-10-04T14:02:40.000Z</time>
        <extensions>
          <ns3:TrackPointExtension>
            <ns3:hr>54</ns3:hr>
          </ns3:TrackPointExtension>
        </extensions>
      </trkpt>
      <trkpt lat="49.13788014091551303863525390625" lon="6.15480107255280017852783203125">
        <ele>175.8000030517578125</ele>
        <time>2026-10-04T14:02:41.000Z</time>
        <extensions>
          <ns3:TrackPointExtension>
            <ns3:hr>54</ns3:hr>
          </ns3:TrackPointExtension>
        </extensions>
      </trkpt>
      <trkpt lat="49.13787293247878551483154296875" lon="6.154812388122081756591796875">
        <ele>175.8000030517578125</ele>
        <time>2026-10-04T14:02:42.000Z</time>
        <extensions>
          <ns3:TrackPointExtension>
            <ns3:hr>54</ns3:hr>
          </ns3:TrackPointExtension>
        </extensions>
      </trkpt>
      <trkpt lat="49.1378653049468994140625" lon="6.15482538007199764251708984375">
        <ele>175.8000030517578125</ele>
        <time>2026-10-04T14:02:43.000Z</time>
        <extensions>
          <ns3:TrackPointExtension>
            <ns3:hr>53</ns3:hr>
          </ns3:TrackPointExtension>
        </extensions>
      </trkpt>
      <trkpt lat="49.137857258319854736328125" lon="6.15483862347900867462158203125">
        <ele>175.8000030517578125</ele>
        <time>2026-10-04T14:02:44.000Z</time>
        <extensions>
          <ns3:TrackPointExtension>
            <ns3:hr>54</ns3:hr>
          </ns3:TrackPointExtension>
        </extensions>
      </trkpt>
      <trkpt lat="49.137848876416683197021484375" lon="6.154854297637939453125">
        <ele>175.8000030517578125</ele>
        <time>2026-10-04T14:02:45.000Z</time>
        <extensions>
          <ns3:TrackPointExtension>
            <ns3:hr>54</ns3:hr>
          </ns3:TrackPointExtension>
        </extensions>
      </trkpt>
      <trkpt lat="49.1378420032560825347900390625" lon="6.15486997179687023162841796875">
        <ele>175.600006103515625</ele>
        <time>2026-10-04T14:02:46.000Z</time>
        <extensions>
          <ns3:TrackPointExtension>
            <ns3:hr>53</ns3:hr>
          </ns3:TrackPointExtension>
        </extensions>
      </trkpt>
      <trkpt lat="49.1378339566290378570556640625" lon="6.15488690324127674102783203125">
        <ele>175.600006103515625</ele>
        <time>2026-10-04T14:02:47.000Z</time>
        <extensions>
          <ns3:TrackPointExtension>
            <ns3:hr>53</ns3:hr>
          </ns3:TrackPointExtension>
        </extensions>
      </trkpt>
      <trkpt lat="49.1378264129161834716796875" lon="6.15489947609603404998779296875">
        <ele>175.600006103515625</ele>
        <time>2026-10-04T14:02:48.000Z</time>
        <extensions>
          <ns3:TrackPointExtension>
            <ns3:hr>53</ns3:hr>
          </ns3:TrackPointExtension>
        </extensions>
      </trkpt>
      <trkpt lat="49.13782163523137569427490234375" lon="6.154912300407886505126953125">
        <ele>175.600006103515625</ele>
        <time>2026-10-04T14:02:49.000Z</time>
        <extensions>
          <ns3:TrackPointExtension>
            <ns3:hr>53</ns3:hr>
          </ns3:TrackPointExtension>
        </extensions>
      </trkpt>
      <trkpt lat="49.137816019356250762939453125" lon="6.15492696873843669891357421875">
        <ele>175.8000030517578125</ele>
        <time>2026-10-04T14:02:50.000Z</time>
        <extensions>
          <ns3:TrackPointExtension>
            <ns3:hr>54</ns3:hr>
          </ns3:TrackPointExtension>
        </extensions>
      </trkpt>
      <trkpt lat="49.13781023584306240081787109375" lon="6.15494079887866973876953125">
        <ele>175.8000030517578125</ele>
        <time>2026-10-04T14:02:51.000Z</time>
        <extensions>
          <ns3:TrackPointExtension>
            <ns3:hr>53</ns3:hr>
          </ns3:TrackPointExtension>
        </extensions>
      </trkpt>
      <trkpt lat="49.13780386559665203094482421875" lon="6.15495144389569759368896484375">
        <ele>175.8000030517578125</ele>
        <time>2026-10-04T14:02:52.000Z</time>
        <extensions>
          <ns3:TrackPointExtension>
            <ns3:hr>53</ns3:hr>
          </ns3:TrackPointExtension>
        </extensions>
      </trkpt>
      <trkpt lat="49.13779665715992450714111328125" lon="6.15496451966464519500732421875">
        <ele>175.8000030517578125</ele>
        <time>2026-10-04T14:02:53.000Z</time>
        <extensions>
          <ns3:TrackPointExtension>
            <ns3:hr>54</ns3:hr>
          </ns3:TrackPointExtension>
        </extensions>
      </trkpt>
      <trkpt lat="49.1377883590757846832275390625" lon="6.15497943945229053497314453125">
        <ele>175.8000030517578125</ele>
        <time>2026-10-04T14:02:54.000Z</time>
        <extensions>
          <ns3:TrackPointExtension>
            <ns3:hr>53</ns3:hr>
          </ns3:TrackPointExtension>
        </extensions>
      </trkpt>
      <trkpt lat="49.1377834975719451904296875" lon="6.15498849190771579742431640625">
        <ele>175.8000030517578125</ele>
        <time>2026-10-04T14:02:55.000Z</time>
        <extensions>
          <ns3:TrackPointExtension>
            <ns3:hr>53</ns3:hr>
          </ns3:TrackPointExtension>
        </extensions>
      </trkpt>
      <trkpt lat="49.1377783007919788360595703125" lon="6.1549996398389339447021484375">
        <ele>175.8000030517578125</ele>
        <time>2026-10-04T14:02:56.000Z</time>
        <extensions>
          <ns3:TrackPointExtension>
            <ns3:hr>53</ns3:hr>
          </ns3:TrackPointExtension>
        </extensions>
      </trkpt>
      <trkpt lat="49.137771092355251312255859375" lon="6.15500877611339092254638671875">
        <ele>175.8000030517578125</ele>
        <time>2026-10-04T14:02:57.000Z</time>
        <extensions>
          <ns3:TrackPointExtension>
            <ns3:hr>53</ns3:hr>
          </ns3:TrackPointExtension>
        </extensions>
      </trkpt>
      <trkpt lat="49.13776312954723834991455078125" lon="6.15501833148300647735595703125">
        <ele>175.8000030517578125</ele>
        <time>2026-10-04T14:02:58.000Z</time>
        <extensions>
          <ns3:TrackPointExtension>
            <ns3:hr>53</ns3:hr>
          </ns3:TrackPointExtension>
        </extensions>
      </trkpt>
      <trkpt lat="49.13775541819632053375244140625" lon="6.15502889268100261688232421875">
        <ele>175.8000030517578125</ele>
        <time>2026-10-04T14:02:59.000Z</time>
        <extensions>
          <ns3:TrackPointExtension>
            <ns3:hr>53</ns3:hr>
          </ns3:TrackPointExtension>
        </extensions>
      </trkpt>
      <trkpt lat="49.137747623026371002197265625" lon="6.15504146553575992584228515625">
        <ele>175.8000030517578125</ele>
        <time>2026-10-04T14:03:00.000Z</time>
        <extensions>
          <ns3:TrackPointExtension>
            <ns3:hr>54</ns3:hr>
          </ns3:TrackPointExtension>
        </extensions>
      </trkpt>
      <trkpt lat="49.13774049840867519378662109375" lon="6.15505370311439037322998046875">
        <ele>175.8000030517578125</ele>
        <time>2026-10-04T14:03:01.000Z</time>
        <extensions>
          <ns3:TrackPointExtension>
            <ns3:hr>54</ns3:hr>
          </ns3:TrackPointExtension>
        </extensions>
      </trkpt>
      <trkpt lat="49.1377352178096771240234375" lon="6.15506426431238651275634765625">
        <ele>175.8000030517578125</ele>
        <time>2026-10-04T14:03:02.000Z</time>
        <extensions>
          <ns3:TrackPointExtension>
            <ns3:hr>54</ns3:hr>
          </ns3:TrackPointExtension>
        </extensions>
      </trkpt>
      <trkpt lat="49.1377296857535839080810546875" lon="6.155075915157794952392578125">
        <ele>175.8000030517578125</ele>
        <time>2026-10-04T14:03:03.000Z</time>
        <extensions>
          <ns3:TrackPointExtension>
            <ns3:hr>55</ns3:hr>
          </ns3:TrackPointExtension>
        </extensions>
      </trkpt>
      <trkpt lat="49.1377229802310466766357421875" lon="6.15508723072707653045654296875">
        <ele>175.8000030517578125</ele>
        <time>2026-10-04T14:03:04.000Z</time>
        <extensions>
          <ns3:TrackPointExtension>
            <ns3:hr>56</ns3:hr>
          </ns3:TrackPointExtension>
        </extensions>
      </trkpt>
      <trkpt lat="49.1377145983278751373291015625" lon="6.1551002226769924163818359375">
        <ele>175.8000030517578125</ele>
        <time>2026-10-04T14:03:05.000Z</time>
        <extensions>
          <ns3:TrackPointExtension>
            <ns3:hr>57</ns3:hr>
          </ns3:TrackPointExtension>
        </extensions>
      </trkpt>
      <trkpt lat="49.13770881481468677520751953125" lon="6.15511204116046428680419921875">
        <ele>175.8000030517578125</ele>
        <time>2026-10-04T14:03:06.000Z</time>
        <extensions>
          <ns3:TrackPointExtension>
            <ns3:hr>57</ns3:hr>
          </ns3:TrackPointExtension>
        </extensions>
      </trkpt>
      <trkpt lat="49.1377048753201961517333984375" lon="6.15512545220553874969482421875">
        <ele>175.8000030517578125</ele>
        <time>2026-10-04T14:03:07.000Z</time>
        <extensions>
          <ns3:TrackPointExtension>
            <ns3:hr>58</ns3:hr>
          </ns3:TrackPointExtension>
        </extensions>
      </trkpt>
      <trkpt lat="49.1377005167305469512939453125" lon="6.15513861179351806640625">
        <ele>175.8000030517578125</ele>
        <time>2026-10-04T14:03:08.000Z</time>
        <extensions>
          <ns3:TrackPointExtension>
            <ns3:hr>58</ns3:hr>
          </ns3:TrackPointExtension>
        </extensions>
      </trkpt>
      <trkpt lat="49.13769573904573917388916015625" lon="6.15514825098216533660888671875">
        <ele>175.8000030517578125</ele>
        <time>2026-10-04T14:03:09.000Z</time>
        <extensions>
          <ns3:TrackPointExtension>
            <ns3:hr>57</ns3:hr>
          </ns3:TrackPointExtension>
        </extensions>
      </trkpt>
      <trkpt lat="49.13769163191318511962890625" lon="6.155154369771480560302734375">
        <ele>175.8000030517578125</ele>
        <time>2026-10-04T14:03:10.000Z</time>
        <extensions>
          <ns3:TrackPointExtension>
            <ns3:hr>57</ns3:hr>
          </ns3:TrackPointExtension>
        </extensions>
      </trkpt>
      <trkpt lat="49.1376850940287113189697265625" lon="6.15516400896012783050537109375">
        <ele>175.8000030517578125</ele>
        <time>2026-10-04T14:03:11.000Z</time>
        <extensions>
          <ns3:TrackPointExtension>
            <ns3:hr>58</ns3:hr>
          </ns3:TrackPointExtension>
        </extensions>
      </trkpt>
      <trkpt lat="49.1376783885061740875244140625" lon="6.15517415106296539306640625">
        <ele>175.8000030517578125</ele>
        <time>2026-10-04T14:03:12.000Z</time>
        <extensions>
          <ns3:TrackPointExtension>
            <ns3:hr>58</ns3:hr>
          </ns3:TrackPointExtension>
        </extensions>
      </trkpt>
      <trkpt lat="49.1376723535358905792236328125" lon="6.155184544622898101806640625">
        <ele>175.8000030517578125</ele>
        <time>2026-10-04T14:03:13.000Z</time>
        <extensions>
          <ns3:TrackPointExtension>
            <ns3:hr>58</ns3:hr>
          </ns3:TrackPointExtension>
        </extensions>
      </trkpt>
      <trkpt lat="49.137665815651416778564453125" lon="6.15519368089735507965087890625">
        <ele>175.8000030517578125</ele>
        <time>2026-10-04T14:03:14.000Z</time>
        <extensions>
          <ns3:TrackPointExtension>
            <ns3:hr>58</ns3:hr>
          </ns3:TrackPointExtension>
        </extensions>
      </trkpt>
      <trkpt lat="49.13765902630984783172607421875" lon="6.15520499646663665771484375">
        <ele>175.8000030517578125</ele>
        <time>2026-10-04T14:03:15.000Z</time>
        <extensions>
          <ns3:TrackPointExtension>
            <ns3:hr>58</ns3:hr>
          </ns3:TrackPointExtension>
        </extensions>
      </trkpt>
      <trkpt lat="49.1376532427966594696044921875" lon="6.1552155576646327972412109375">
        <ele>175.8000030517578125</ele>
        <time>2026-10-04T14:03:16.000Z</time>
        <extensions>
          <ns3:TrackPointExtension>
            <ns3:hr>58</ns3:hr>
          </ns3:TrackPointExtension>
        </extensions>
      </trkpt>
      <trkpt lat="49.13764729164540767669677734375" lon="6.155227124691009521484375">
        <ele>175.8000030517578125</ele>
        <time>2026-10-04T14:03:17.000Z</time>
        <extensions>
          <ns3:TrackPointExtension>
            <ns3:hr>58</ns3:hr>
          </ns3:TrackPointExtension>
        </extensions>
      </trkpt>
      <trkpt lat="49.1376415081322193145751953125" lon="6.1552376858890056610107421875">
        <ele>175.8000030517578125</ele>
        <time>2026-10-04T14:03:18.000Z</time>
        <extensions>
          <ns3:TrackPointExtension>
            <ns3:hr>58</ns3:hr>
          </ns3:TrackPointExtension>
        </extensions>
      </trkpt>
      <trkpt lat="49.137635640799999237060546875" lon="6.155246235430240631103515625">
        <ele>175.600006103515625</ele>
        <time>2026-10-04T14:03:19.000Z</time>
        <extensions>
          <ns3:TrackPointExtension>
            <ns3:hr>59</ns3:hr>
          </ns3:TrackPointExtension>
        </extensions>
      </trkpt>
      <trkpt lat="49.1376280970871448516845703125" lon="6.1552579700946807861328125">
        <ele>175.600006103515625</ele>
        <time>2026-10-04T14:03:20.000Z</time>
        <extensions>
          <ns3:TrackPointExtension>
            <ns3:hr>58</ns3:hr>
          </ns3:TrackPointExtension>
        </extensions>
      </trkpt>
      <trkpt lat="49.1376223973929882049560546875" lon="6.155269034206867218017578125">
        <ele>175.600006103515625</ele>
        <time>2026-10-04T14:03:21.000Z</time>
        <extensions>
          <ns3:TrackPointExtension>
            <ns3:hr>58</ns3:hr>
          </ns3:TrackPointExtension>
        </extensions>
      </trkpt>
      <trkpt lat="49.137614183127880096435546875" lon="6.155279763042926788330078125">
        <ele>175.600006103515625</ele>
        <time>2026-10-04T14:03:22.000Z</time>
        <extensions>
          <ns3:TrackPointExtension>
            <ns3:hr>58</ns3:hr>
          </ns3:TrackPointExtension>
        </extensions>
      </trkpt>
      <trkpt lat="49.137606807053089141845703125" lon="6.1552901566028594970703125">
        <ele>175.600006103515625</ele>
        <time>2026-10-04T14:03:23.000Z</time>
        <extensions>
          <ns3:TrackPointExtension>
            <ns3:hr>58</ns3:hr>
          </ns3:TrackPointExtension>
        </extensions>
      </trkpt>
      <trkpt lat="49.137600772082805633544921875" lon="6.15529887378215789794921875">
        <ele>175.600006103515625</ele>
        <time>2026-10-04T14:03:24.000Z</time>
        <extensions>
          <ns3:TrackPointExtension>
            <ns3:hr>58</ns3:hr>
          </ns3:TrackPointExtension>
        </extensions>
      </trkpt>
      <trkpt lat="49.13759565912187099456787109375" lon="6.15530968643724918365478515625">
        <ele>175.600006103515625</ele>
        <time>2026-10-04T14:03:25.000Z</time>
        <extensions>
          <ns3:TrackPointExtension>
            <ns3:hr>59</ns3:hr>
          </ns3:TrackPointExtension>
        </extensions>
      </trkpt>
      <trkpt lat="49.13758928887546062469482421875" lon="6.1553215049207210540771484375">
        <ele>175.600006103515625</ele>
        <time>2026-10-04T14:03:26.000Z</time>
        <extensions>
          <ns3:TrackPointExtension>
            <ns3:hr>60</ns3:hr>
          </ns3:TrackPointExtension>
        </extensions>
      </trkpt>
      <trkpt lat="49.13758241571485996246337890625" lon="6.1553332395851612091064453125">
        <ele>175.600006103515625</ele>
        <time>2026-10-04T14:03:27.000Z</time>
        <extensions>
          <ns3:TrackPointExtension>
            <ns3:hr>62</ns3:hr>
          </ns3:TrackPointExtension>
        </extensions>
      </trkpt>
      <trkpt lat="49.137575961649417877197265625" lon="6.15534388460218906402587890625">
        <ele>175.8000030517578125</ele>
        <time>2026-10-04T14:03:28.000Z</time>
        <extensions>
          <ns3:TrackPointExtension>
            <ns3:hr>64</ns3:hr>
          </ns3:TrackPointExtension>
        </extensions>
      </trkpt>
      <trkpt lat="49.137569926679134368896484375" lon="6.15535360760986804962158203125">
        <ele>175.8000030517578125</ele>
        <time>2026-10-04T14:03:29.000Z</time>
        <extensions>
          <ns3:TrackPointExtension>
            <ns3:hr>66</ns3:hr>
          </ns3:TrackPointExtension>
        </extensions>
      </trkpt>
      <trkpt lat="49.137563221156597137451171875" lon="6.15536433644592761993408203125">
        <ele>175.8000030517578125</ele>
        <time>2026-10-04T14:03:30.000Z</time>
        <extensions>
          <ns3:TrackPointExtension>
            <ns3:hr>65</ns3:hr>
          </ns3:TrackPointExtension>
        </extensions>
      </trkpt>
      <trkpt lat="49.13755844347178936004638671875" lon="6.15537389181554317474365234375">
        <ele>175.8000030517578125</ele>
        <time>2026-10-04T14:03:31.000Z</time>
        <extensions>
          <ns3:TrackPointExtension>
            <ns3:hr>64</ns3:hr>
          </ns3:TrackPointExtension>
        </extensions>
      </trkpt>
      <trkpt lat="49.137552492320537567138671875" lon="6.15538495592772960662841796875">
        <ele>175.600006103515625</ele>
        <time>2026-10-04T14:03:32.000Z</time>
        <extensions>
          <ns3:TrackPointExtension>
            <ns3:hr>64</ns3:hr>
          </ns3:TrackPointExtension>
        </extensions>
      </trkpt>
      <trkpt lat="49.13754679262638092041015625" lon="6.1553939245641231536865234375">
        <ele>175.600006103515625</ele>
        <time>2026-10-04T14:03:33.000Z</time>
        <extensions>
          <ns3:TrackPointExtension>
            <ns3:hr>63</ns3:hr>
          </ns3:TrackPointExtension>
        </extensions>
      </trkpt>
      <trkpt lat="49.13754033856093883514404296875" lon="6.15540079772472381591796875">
        <ele>175.600006103515625</ele>
        <time>2026-10-04T14:03:34.000Z</time>
        <extensions>
          <ns3:TrackPointExtension>
            <ns3:hr>63</ns3:hr>
          </ns3:TrackPointExtension>
        </extensions>
      </trkpt>
      <trkpt lat="49.137533716857433319091796875" lon="6.15541093982756137847900390625">
        <ele>175.600006103515625</ele>
        <time>2026-10-04T14:03:35.000Z</time>
        <extensions>
          <ns3:TrackPointExtension>
            <ns3:hr>62</ns3:hr>
          </ns3:TrackPointExtension>
        </extensions>
      </trkpt>
      <trkpt lat="49.137530028820037841796875" lon="6.1554183997213840484619140625">
        <ele>175.600006103515625</ele>
        <time>2026-10-04T14:03:36.000Z</time>
        <extensions>
          <ns3:TrackPointExtension>
            <ns3:hr>62</ns3:hr>
          </ns3:TrackPointExtension>
        </extensions>
      </trkpt>
      <trkpt lat="49.1375241614878177642822265625" lon="6.15542602725327014923095703125">
        <ele>175.600006103515625</ele>
        <time>2026-10-04T14:03:37.000Z</time>
        <extensions>
          <ns3:TrackPointExtension>
            <ns3:hr>62</ns3:hr>
          </ns3:TrackPointExtension>
        </extensions>
      </trkpt>
      <trkpt lat="49.13751686923205852508544921875" lon="6.15543675608932971954345703125">
        <ele>175.600006103515625</ele>
        <time>2026-10-04T14:03:38.000Z</time>
        <extensions>
          <ns3:TrackPointExtension>
            <ns3:hr>62</ns3:hr>
          </ns3:TrackPointExtension>
        </extensions>
      </trkpt>
      <trkpt lat="49.1375104151666164398193359375" lon="6.155446730554103851318359375">
        <ele>175.600006103515625</ele>
        <time>2026-10-04T14:03:39.000Z</time>
        <extensions>
          <ns3:TrackPointExtension>
            <ns3:hr>64</ns3:hr>
          </ns3:TrackPointExtension>
        </extensions>
      </trkpt>
      <trkpt lat="49.1375045478343963623046875" lon="6.15545569919049739837646484375">
        <ele>175.600006103515625</ele>
        <time>2026-10-04T14:03:40.000Z</time>
        <extensions>
          <ns3:TrackPointExtension>
            <ns3:hr>69</ns3:hr>
          </ns3:TrackPointExtension>
        </extensions>
      </trkpt>
      <trkpt lat="49.13749792613089084625244140625" lon="6.1554673500359058380126953125">
        <ele>175.600006103515625</ele>
        <time>2026-10-04T14:03:41.000Z</time>
        <extensions>
          <ns3:TrackPointExtension>
            <ns3:hr>71</ns3:hr>
          </ns3:TrackPointExtension>
        </extensions>
      </trkpt>
      <trkpt lat="49.1374902985990047454833984375" lon="6.15548000670969486236572265625">
        <ele>175.600006103515625</ele>
        <time>2026-10-04T14:03:42.000Z</time>
        <extensions>
          <ns3:TrackPointExtension>
            <ns3:hr>72</ns3:hr>
          </ns3:TrackPointExtension>
        </extensions>
      </trkpt>
      <trkpt lat="49.1374825872480869293212890625" lon="6.15548989735543727874755859375">
        <ele>175.600006103515625</ele>
        <time>2026-10-04T14:03:43.000Z</time>
        <extensions>
          <ns3:TrackPointExtension>
            <ns3:hr>72</ns3:hr>
          </ns3:TrackPointExtension>
        </extensions>
      </trkpt>
      <trkpt lat="49.13747697137296199798583984375" lon="6.15550213493406772613525390625">
        <ele>175.600006103515625</ele>
        <time>2026-10-04T14:03:44.000Z</time>
        <extensions>
          <ns3:TrackPointExtension>
            <ns3:hr>73</ns3:hr>
          </ns3:TrackPointExtension>
        </extensions>
      </trkpt>
      <trkpt lat="49.1374691762030124664306640625" lon="6.15551571361720561981201171875">
        <ele>175.600006103515625</ele>
        <time>2026-10-04T14:03:45.000Z</time>
        <extensions>
          <ns3:TrackPointExtension>
            <ns3:hr>73</ns3:hr>
          </ns3:TrackPointExtension>
        </extensions>
      </trkpt>
      <trkpt lat="49.13746096193790435791015625" lon="6.155531220138072967529296875">
        <ele>175.600006103515625</ele>
        <time>2026-10-04T14:03:46.000Z</time>
        <extensions>
          <ns3:TrackPointExtension>
            <ns3:hr>73</ns3:hr>
          </ns3:TrackPointExtension>
        </extensions>
      </trkpt>
      <trkpt lat="49.13745291531085968017578125" lon="6.155545972287654876708984375">
        <ele>175.600006103515625</ele>
        <time>2026-10-04T14:03:47.000Z</time>
        <extensions>
          <ns3:TrackPointExtension>
            <ns3:hr>72</ns3:hr>
          </ns3:TrackPointExtension>
        </extensions>
      </trkpt>
      <trkpt lat="49.137445203959941864013671875" lon="6.1555595509707927703857421875">
        <ele>175.600006103515625</ele>
        <time>2026-10-04T14:03:48.000Z</time>
        <extensions>
          <ns3:TrackPointExtension>
            <ns3:hr>72</ns3:hr>
          </ns3:TrackPointExtension>
        </extensions>
      </trkpt>
      <trkpt lat="49.13743791170418262481689453125" lon="6.1555732972919940948486328125">
        <ele>175.600006103515625</ele>
        <time>2026-10-04T14:03:49.000Z</time>
        <extensions>
          <ns3:TrackPointExtension>
            <ns3:hr>72</ns3:hr>
          </ns3:TrackPointExtension>
        </extensions>
      </trkpt>
      <trkpt lat="49.1374312900006771087646484375" lon="6.15558595396578311920166015625">
        <ele>175.600006103515625</ele>
        <time>2026-10-04T14:03:50.000Z</time>
        <extensions>
          <ns3:TrackPointExtension>
            <ns3:hr>72</ns3:hr>
          </ns3:TrackPointExtension>
        </extensions>
      </trkpt>
      <trkpt lat="49.1374225728213787078857421875" lon="6.15559819154441356658935546875">
        <ele>175.600006103515625</ele>
        <time>2026-10-04T14:03:51.000Z</time>
        <extensions>
          <ns3:TrackPointExtension>
            <ns3:hr>71</ns3:hr>
          </ns3:TrackPointExtension>
        </extensions>
      </trkpt>
      <trkpt lat="49.13741477765142917633056640625" lon="6.15560439415276050567626953125">
        <ele>175.600006103515625</ele>
        <time>2026-10-04T14:03:52.000Z</time>
        <extensions>
          <ns3:TrackPointExtension>
            <ns3:hr>70</ns3:hr>
          </ns3:TrackPointExtension>
        </extensions>
      </trkpt>
      <trkpt lat="49.137407653033733367919921875" lon="6.1556098423898220062255859375">
        <ele>175.600006103515625</ele>
        <time>2026-10-04T14:03:53.000Z</time>
        <extensions>
          <ns3:TrackPointExtension>
            <ns3:hr>70</ns3:hr>
          </ns3:TrackPointExtension>
        </extensions>
      </trkpt>
      <trkpt lat="49.13740061223506927490234375" lon="6.15561780519783496856689453125">
        <ele>175.600006103515625</ele>
        <time>2026-10-04T14:03:54.000Z</time>
        <extensions>
          <ns3:TrackPointExtension>
            <ns3:hr>69</ns3:hr>
          </ns3:TrackPointExtension>
        </extensions>
      </trkpt>
      <trkpt lat="49.13739298470318317413330078125" lon="6.15562467835843563079833984375">
        <ele>175.600006103515625</ele>
        <time>2026-10-04T14:03:55.000Z</time>
        <extensions>
          <ns3:TrackPointExtension>
            <ns3:hr>68</ns3:hr>
          </ns3:TrackPointExtension>
        </extensions>
      </trkpt>
      <trkpt lat="49.13738460280001163482666015625" lon="6.15563238970935344696044921875">
        <ele>175.600006103515625</ele>
        <time>2026-10-04T14:03:56.000Z</time>
        <extensions>
          <ns3:TrackPointExtension>
            <ns3:hr>68</ns3:hr>
          </ns3:TrackPointExtension>
        </extensions>
      </trkpt>
      <trkpt lat="49.13737605325877666473388671875" lon="6.15563959814608097076416015625">
        <ele>175.600006103515625</ele>
        <time>2026-10-04T14:03:57.000Z</time>
        <extensions>
          <ns3:TrackPointExtension>
            <ns3:hr>66</ns3:hr>
          </ns3:TrackPointExtension>
        </extensions>
      </trkpt>
      <trkpt lat="49.1373682580888271331787109375" lon="6.15564697422087192535400390625">
        <ele>175.600006103515625</ele>
        <time>2026-10-04T14:03:58.000Z</time>
        <extensions>
          <ns3:TrackPointExtension>
            <ns3:hr>65</ns3:hr>
          </ns3:TrackPointExtension>
        </extensions>
      </trkpt>
      <trkpt lat="49.1373592056334018707275390625" lon="6.15565518848598003387451171875">
        <ele>175.600006103515625</ele>
        <time>2026-10-04T14:03:59.000Z</time>
        <extensions>
          <ns3:TrackPointExtension>
            <ns3:hr>65</ns3:hr>
          </ns3:TrackPointExtension>
        </extensions>
      </trkpt>
      <trkpt lat="49.1373503208160400390625" lon="6.15566499531269073486328125">
        <ele>175.600006103515625</ele>
        <time>2026-10-04T14:04:00.000Z</time>
        <extensions>
          <ns3:TrackPointExtension>
            <ns3:hr>65</ns3:hr>
          </ns3:TrackPointExtension>
        </extensions>
      </trkpt>
      <trkpt lat="49.13734160363674163818359375" lon="6.15567379631102085113525390625">
        <ele>175.600006103515625</ele>
        <time>2026-10-04T14:04:01.000Z</time>
        <extensions>
          <ns3:TrackPointExtension>
            <ns3:hr>64</ns3:hr>
          </ns3:TrackPointExtension>
        </extensions>
      </trkpt>
      <trkpt lat="49.13733146153390407562255859375" lon="6.1556842736899852752685546875">
        <ele>175.600006103515625</ele>
        <time>2026-10-04T14:04:02.000Z</time>
        <extensions>
          <ns3:TrackPointExtension>
            <ns3:hr>63</ns3:hr>
          </ns3:TrackPointExtension>
        </extensions>
      </trkpt>
      <trkpt lat="49.1373226605355739593505859375" lon="6.15569307468831539154052734375">
        <ele>175.600006103515625</ele>
        <time>2026-10-04T14:04:03.000Z</time>
        <extensions>
          <ns3:TrackPointExtension>
            <ns3:hr>63</ns3:hr>
          </ns3:TrackPointExtension>
        </extensions>
      </trkpt>
      <trkpt lat="49.1373132728040218353271484375" lon="6.15570330061018466949462890625">
        <ele>175.600006103515625</ele>
        <time>2026-10-04T14:04:04.000Z</time>
        <extensions>
          <ns3:TrackPointExtension>
            <ns3:hr>63</ns3:hr>
          </ns3:TrackPointExtension>
        </extensions>
      </trkpt>
      <trkpt lat="49.137305058538913726806640625" lon="6.15571193397045135498046875">
        <ele>175.600006103515625</ele>
        <time>2026-10-04T14:04:05.000Z</time>
        <extensions>
          <ns3:TrackPointExtension>
            <ns3:hr>62</ns3:hr>
          </ns3:TrackPointExtension>
        </extensions>
      </trkpt>
      <trkpt lat="49.13729893974959850311279296875" lon="6.15572341717779636383056640625">
        <ele>175.600006103515625</ele>
        <time>2026-10-04T14:04:06.000Z</time>
        <extensions>
          <ns3:TrackPointExtension>
            <ns3:hr>62</ns3:hr>
          </ns3:TrackPointExtension>
        </extensions>
      </trkpt>
      <trkpt lat="49.13729642517864704132080078125" lon="6.15572978742420673370361328125">
        <ele>175.600006103515625</ele>
        <time>2026-10-04T14:04:07.000Z</time>
        <extensions>
          <ns3:TrackPointExtension>
            <ns3:hr>60</ns3:hr>
          </ns3:TrackPointExtension>
        </extensions>
      </trkpt>
      <trkpt lat="49.13728804327547550201416015625" lon="6.15573515184223651885986328125">
        <ele>175.600006103515625</ele>
        <time>2026-10-04T14:04:08.000Z</time>
        <extensions>
          <ns3:TrackPointExtension>
            <ns3:hr>57</ns3:hr>
          </ns3:TrackPointExtension>
        </extensions>
      </trkpt>
      <trkpt lat="49.13728066720068454742431640625" lon="6.15573682822287082672119140625">
        <ele>175.600006103515625</ele>
        <time>2026-10-04T14:04:09.000Z</time>
        <extensions>
          <ns3:TrackPointExtension>
            <ns3:hr>55</ns3:hr>
          </ns3:TrackPointExtension>
        </extensions>
      </trkpt>
      <trkpt lat="49.137270860373973846435546875" lon="6.15574152208864688873291015625">
        <ele>175.600006103515625</ele>
        <time>2026-10-04T14:04:10.000Z</time>
        <extensions>
          <ns3:TrackPointExtension>
            <ns3:hr>55</ns3:hr>
          </ns3:TrackPointExtension>
        </extensions>
      </trkpt>
      <trkpt lat="49.137262143194675445556640625" lon="6.15574571304023265838623046875">
        <ele>175.600006103515625</ele>
        <time>2026-10-04T14:04:11.000Z</time>
        <extensions>
          <ns3:TrackPointExtension>
            <ns3:hr>55</ns3:hr>
          </ns3:TrackPointExtension>
        </extensions>
      </trkpt>
      <trkpt lat="49.13725233636796474456787109375" lon="6.1557530052959918975830078125">
        <ele>175.600006103515625</ele>
        <time>2026-10-04T14:04:12.000Z</time>
        <extensions>
          <ns3:TrackPointExtension>
            <ns3:hr>55</ns3:hr>
          </ns3:TrackPointExtension>
        </extensions>
      </trkpt>
      <trkpt lat="49.1372421942651271820068359375" lon="6.15575979463756084442138671875">
        <ele>175.600006103515625</ele>
        <time>2026-10-04T14:04:13.000Z</time>
        <extensions>
          <ns3:TrackPointExtension>
            <ns3:hr>55</ns3:hr>
          </ns3:TrackPointExtension>
        </extensions>
      </trkpt>
      <trkpt lat="49.13723121397197246551513671875" lon="6.1557677574455738067626953125">
        <ele>175.600006103515625</ele>
        <time>2026-10-04T14:04:14.000Z</time>
        <extensions>
          <ns3:TrackPointExtension>
            <ns3:hr>55</ns3:hr>
          </ns3:TrackPointExtension>
        </extensions>
      </trkpt>
      <trkpt lat="49.13722048513591289520263671875" lon="6.15577739663422107696533203125">
        <ele>175.600006103515625</ele>
        <time>2026-10-04T14:04:15.000Z</time>
        <extensions>
          <ns3:TrackPointExtension>
            <ns3:hr>55</ns3:hr>
          </ns3:TrackPointExtension>
        </extensions>
      </trkpt>
      <trkpt lat="49.1372095048427581787109375" lon="6.1557836830615997314453125">
        <ele>175.399993896484375</ele>
        <time>2026-10-04T14:04:16.000Z</time>
        <extensions>
          <ns3:TrackPointExtension>
            <ns3:hr>56</ns3:hr>
          </ns3:TrackPointExtension>
        </extensions>
      </trkpt>
      <trkpt lat="49.13720003329217433929443359375" lon="6.155790723860263824462890625">
        <ele>175.399993896484375</ele>
        <time>2026-10-04T14:04:17.000Z</time>
        <extensions>
          <ns3:TrackPointExtension>
            <ns3:hr>57</ns3:hr>
          </ns3:TrackPointExtension>
        </extensions>
      </trkpt>
      <trkpt lat="49.1371902264654636383056640625" lon="6.1557975970208644866943359375">
        <ele>175.600006103515625</ele>
        <time>2026-10-04T14:04:18.000Z</time>
        <extensions>
          <ns3:TrackPointExtension>
            <ns3:hr>57</ns3:hr>
          </ns3:TrackPointExtension>
        </extensions>
      </trkpt>
      <trkpt lat="49.137182347476482391357421875" lon="6.15580656565725803375244140625">
        <ele>175.600006103515625</ele>
        <time>2026-10-04T14:04:19.000Z</time>
        <extensions>
          <ns3:TrackPointExtension>
            <ns3:hr>58</ns3:hr>
          </ns3:TrackPointExtension>
        </extensions>
      </trkpt>
      <trkpt lat="49.13717404939234256744384765625" lon="6.15581654012203216552734375">
        <ele>175.600006103515625</ele>
        <time>2026-10-04T14:04:20.000Z</time>
        <extensions>
          <ns3:TrackPointExtension>
            <ns3:hr>58</ns3:hr>
          </ns3:TrackPointExtension>
        </extensions>
      </trkpt>
      <trkpt lat="49.13716399110853672027587890625" lon="6.1558244191110134124755859375">
        <ele>175.600006103515625</ele>
        <time>2026-10-04T14:04:21.000Z</time>
        <extensions>
          <ns3:TrackPointExtension>
            <ns3:hr>58</ns3:hr>
          </ns3:TrackPointExtension>
        </extensions>
      </trkpt>
      <trkpt lat="49.13715594448149204254150390625" lon="6.15583171136677265167236328125">
        <ele>175.600006103515625</ele>
        <time>2026-10-04T14:04:22.000Z</time>
        <extensions>
          <ns3:TrackPointExtension>
            <ns3:hr>58</ns3:hr>
          </ns3:TrackPointExtension>
        </extensions>
      </trkpt>
      <trkpt lat="49.13714856840670108795166015625" lon="6.15583623759448528289794921875">
        <ele>175.600006103515625</ele>
        <time>2026-10-04T14:04:23.000Z</time>
        <extensions>
          <ns3:TrackPointExtension>
            <ns3:hr>58</ns3:hr>
          </ns3:TrackPointExtension>
        </extensions>
      </trkpt>
      <trkpt lat="49.1371409408748149871826171875" lon="6.15584068000316619873046875">
        <ele>175.600006103515625</ele>
        <time>2026-10-04T14:04:24.000Z</time>
        <extensions>
          <ns3:TrackPointExtension>
            <ns3:hr>58</ns3:hr>
          </ns3:TrackPointExtension>
        </extensions>
      </trkpt>
      <trkpt lat="49.13713029585778713226318359375" lon="6.15584604442119598388671875">
        <ele>175.600006103515625</ele>
        <time>2026-10-04T14:04:25.000Z</time>
        <extensions>
          <ns3:TrackPointExtension>
            <ns3:hr>58</ns3:hr>
          </ns3:TrackPointExtension>
        </extensions>
      </trkpt>
      <trkpt lat="49.137121327221393585205078125" lon="6.1558492295444011688232421875">
        <ele>175.600006103515625</ele>
        <time>2026-10-04T14:04:26.000Z</time>
        <extensions>
          <ns3:TrackPointExtension>
            <ns3:hr>57</ns3:hr>
          </ns3:TrackPointExtension>
        </extensions>
      </trkpt>
      <trkpt lat="49.13711403496563434600830078125" lon="6.1558520793914794921875">
        <ele>175.600006103515625</ele>
        <time>2026-10-04T14:04:27.000Z</time>
        <extensions>
          <ns3:TrackPointExtension>
            <ns3:hr>58</ns3:hr>
          </ns3:TrackPointExtension>
        </extensions>
      </trkpt>
      <trkpt lat="49.137107916176319122314453125" lon="6.15585551597177982330322265625">
        <ele>175.600006103515625</ele>
        <time>2026-10-04T14:04:28.000Z</time>
        <extensions>
          <ns3:TrackPointExtension>
            <ns3:hr>58</ns3:hr>
          </ns3:TrackPointExtension>
        </extensions>
      </trkpt>
      <trkpt lat="49.1371003724634647369384765625" lon="6.15586004219949245452880859375">
        <ele>175.600006103515625</ele>
        <time>2026-10-04T14:04:29.000Z</time>
        <extensions>
          <ns3:TrackPointExtension>
            <ns3:hr>58</ns3:hr>
          </ns3:TrackPointExtension>
        </extensions>
      </trkpt>
      <trkpt lat="49.13709106855094432830810546875" lon="6.15586347877979278564453125">
        <ele>175.600006103515625</ele>
        <time>2026-10-04T14:04:30.000Z</time>
        <extensions>
          <ns3:TrackPointExtension>
            <ns3:hr>58</ns3:hr>
          </ns3:TrackPointExtension>
        </extensions>
      </trkpt>
      <trkpt lat="49.13707665167748928070068359375" lon="6.15586926229298114776611328125">
        <ele>175.600006103515625</ele>
        <time>2026-10-04T14:04:31.000Z</time>
        <extensions>
          <ns3:TrackPointExtension>
            <ns3:hr>57</ns3:hr>
          </ns3:TrackPointExtension>
        </extensions>
      </trkpt>
      <trkpt lat="49.1370598040521144866943359375" lon="6.15587529726326465606689453125">
        <ele>175.600006103515625</ele>
        <time>2026-10-04T14:04:32.000Z</time>
        <extensions>
          <ns3:TrackPointExtension>
            <ns3:hr>58</ns3:hr>
          </ns3:TrackPointExtension>
        </extensions>
      </trkpt>
      <trkpt lat="49.13704798556864261627197265625" lon="6.1558802425861358642578125">
        <ele>175.600006103515625</ele>
        <time>2026-10-04T14:04:33.000Z</time>
        <extensions>
          <ns3:TrackPointExtension>
            <ns3:hr>58</ns3:hr>
          </ns3:TrackPointExtension>
        </extensions>
      </trkpt>
      <trkpt lat="49.13703843019902706146240234375" lon="6.15588166750967502593994140625">
        <ele>175.600006103515625</ele>
        <time>2026-10-04T14:04:34.000Z</time>
        <extensions>
          <ns3:TrackPointExtension>
            <ns3:hr>58</ns3:hr>
          </ns3:TrackPointExtension>
        </extensions>
      </trkpt>
      <trkpt lat="49.13703172467648983001708984375" lon="6.15588284097611904144287109375">
        <ele>175.399993896484375</ele>
        <time>2026-10-04T14:04:35.000Z</time>
        <extensions>
          <ns3:TrackPointExtension>
            <ns3:hr>58</ns3:hr>
          </ns3:TrackPointExtension>
        </extensions>
      </trkpt>
      <trkpt lat="49.1370292939245700836181640625" lon="6.15588300861418247222900390625">
        <ele>175.600006103515625</ele>
        <time>2026-10-04T14:04:36.000Z</time>
        <extensions>
          <ns3:TrackPointExtension>
            <ns3:hr>59</ns3:hr>
          </ns3:TrackPointExtension>
        </extensions>
      </trkpt>
      <trkpt lat="49.1370252706110477447509765625" lon="6.15588451735675334930419921875">
        <ele>175.600006103515625</ele>
        <time>2026-10-04T14:04:37.000Z</time>
        <extensions>
          <ns3:TrackPointExtension>
            <ns3:hr>59</ns3:hr>
          </ns3:TrackPointExtension>
        </extensions>
      </trkpt>
      <trkpt lat="49.1370222531259059906005859375" lon="6.15588652901351451873779296875">
        <ele>175.600006103515625</ele>
        <time>2026-10-04T14:04:38.000Z</time>
        <extensions>
          <ns3:TrackPointExtension>
            <ns3:hr>59</ns3:hr>
          </ns3:TrackPointExtension>
        </extensions>
      </trkpt>
      <trkpt lat="49.13701496087014675140380859375" lon="6.15589038468897342681884765625">
        <ele>175.600006103515625</ele>
        <time>2026-10-04T14:04:39.000Z</time>
        <extensions>
          <ns3:TrackPointExtension>
            <ns3:hr>59</ns3:hr>
          </ns3:TrackPointExtension>
        </extensions>
      </trkpt>
      <trkpt lat="49.13700372911989688873291015625" lon="6.1558961682021617889404296875">
        <ele>175.600006103515625</ele>
        <time>2026-10-04T14:04:40.000Z</time>
        <extensions>
          <ns3:TrackPointExtension>
            <ns3:hr>59</ns3:hr>
          </ns3:TrackPointExtension>
        </extensions>
      </trkpt>
      <trkpt lat="49.13699098862707614898681640625" lon="6.15590237081050872802734375">
        <ele>175.600006103515625</ele>
        <time>2026-10-04T14:04:41.000Z</time>
        <extensions>
          <ns3:TrackPointExtension>
            <ns3:hr>59</ns3:hr>
          </ns3:TrackPointExtension>
        </extensions>
      </trkpt>
      <trkpt lat="49.136979840695858001708984375" lon="6.155908405780792236328125">
        <ele>175.600006103515625</ele>
        <time>2026-10-04T14:04:42.000Z</time>
        <extensions>
          <ns3:TrackPointExtension>
            <ns3:hr>60</ns3:hr>
          </ns3:TrackPointExtension>
        </extensions>
      </trkpt>
      <trkpt lat="49.13697011768817901611328125" lon="6.15591485984623432159423828125">
        <ele>175.600006103515625</ele>
        <time>2026-10-04T14:04:43.000Z</time>
        <extensions>
          <ns3:TrackPointExtension>
            <ns3:hr>60</ns3:hr>
          </ns3:TrackPointExtension>
        </extensions>
      </trkpt>
      <trkpt lat="49.13695536553859710693359375" lon="6.15591737441718578338623046875">
        <ele>175.600006103515625</ele>
        <time>2026-10-04T14:04:44.000Z</time>
        <extensions>
          <ns3:TrackPointExtension>
            <ns3:hr>60</ns3:hr>
          </ns3:TrackPointExtension>
        </extensions>
      </trkpt>
      <trkpt lat="49.13694052956998348236083984375" lon="6.155922152101993560791015625">
        <ele>175.600006103515625</ele>
        <time>2026-10-04T14:04:45.000Z</time>
        <extensions>
          <ns3:TrackPointExtension>
            <ns3:hr>60</ns3:hr>
          </ns3:TrackPointExtension>
        </extensions>
      </trkpt>
      <trkpt lat="49.13692829199135303497314453125" lon="6.15592709742486476898193359375">
        <ele>175.399993896484375</ele>
        <time>2026-10-04T14:04:46.000Z</time>
        <extensions>
          <ns3:TrackPointExtension>
            <ns3:hr>61</ns3:hr>
          </ns3:TrackPointExtension>
        </extensions>
      </trkpt>
      <trkpt lat="49.13691655732691287994384765625" lon="6.155931539833545684814453125">
        <ele>175.399993896484375</ele>
        <time>2026-10-04T14:04:47.000Z</time>
        <extensions>
          <ns3:TrackPointExtension>
            <ns3:hr>61</ns3:hr>
          </ns3:TrackPointExtension>
        </extensions>
      </trkpt>
      <trkpt lat="49.136904738843441009521484375" lon="6.15593682043254375457763671875">
        <ele>175.399993896484375</ele>
        <time>2026-10-04T14:04:48.000Z</time>
        <extensions>
          <ns3:TrackPointExtension>
            <ns3:hr>62</ns3:hr>
          </ns3:TrackPointExtension>
        </extensions>
      </trkpt>
      <trkpt lat="49.13689308799803256988525390625" lon="6.15594184957444667816162109375">
        <ele>175.399993896484375</ele>
        <time>2026-10-04T14:04:49.000Z</time>
        <extensions>
          <ns3:TrackPointExtension>
            <ns3:hr>62</ns3:hr>
          </ns3:TrackPointExtension>
        </extensions>
      </trkpt>
      <trkpt lat="49.13688286207616329193115234375" lon="6.1559461243450641632080078125">
        <ele>175.399993896484375</ele>
        <time>2026-10-04T14:04:50.000Z</time>
        <extensions>
          <ns3:TrackPointExtension>
            <ns3:hr>62</ns3:hr>
          </ns3:TrackPointExtension>
        </extensions>
      </trkpt>
      <trkpt lat="49.13687288761138916015625" lon="6.15595023147761821746826171875">
        <ele>175.399993896484375</ele>
        <time>2026-10-04T14:04:51.000Z</time>
        <extensions>
          <ns3:TrackPointExtension>
            <ns3:hr>63</ns3:hr>
          </ns3:TrackPointExtension>
        </extensions>
      </trkpt>
      <trkpt lat="49.13686475716531276702880859375" lon="6.15595090202987194061279296875">
        <ele>175.399993896484375</ele>
        <time>2026-10-04T14:04:52.000Z</time>
        <extensions>
          <ns3:TrackPointExtension>
            <ns3:hr>64</ns3:hr>
          </ns3:TrackPointExtension>
        </extensions>
      </trkpt>
      <trkpt lat="49.1368608176708221435546875" lon="6.15595542825758457183837890625">
        <ele>175.399993896484375</ele>
        <time>2026-10-04T14:04:53.000Z</time>
        <extensions>
          <ns3:TrackPointExtension>
            <ns3:hr>65</ns3:hr>
          </ns3:TrackPointExtension>
        </extensions>
      </trkpt>
      <trkpt lat="49.13685344159603118896484375" lon="6.155959703028202056884765625">
        <ele>175.399993896484375</ele>
        <time>2026-10-04T14:04:54.000Z</time>
        <extensions>
          <ns3:TrackPointExtension>
            <ns3:hr>66</ns3:hr>
          </ns3:TrackPointExtension>
        </extensions>
      </trkpt>
      <trkpt lat="49.13684447295963764190673828125" lon="6.1559588648378849029541015625">
        <ele>175.399993896484375</ele>
        <time>2026-10-04T14:04:55.000Z</time>
        <extensions>
          <ns3:TrackPointExtension>
            <ns3:hr>67</ns3:hr>
          </ns3:TrackPointExtension>
        </extensions>
      </trkpt>
      <trkpt lat="49.1368334926664829254150390625" lon="6.15596397779881954193115234375">
        <ele>175.399993896484375</ele>
        <time>2026-10-04T14:04:56.000Z</time>
        <extensions>
          <ns3:TrackPointExtension>
            <ns3:hr>67</ns3:hr>
          </ns3:TrackPointExtension>
        </extensions>
      </trkpt>
      <trkpt lat="49.13682234473526477813720703125" lon="6.15596598945558071136474609375">
        <ele>175.399993896484375</ele>
        <time>2026-10-04T14:04:57.000Z</time>
        <extensions>
          <ns3:TrackPointExtension>
            <ns3:hr>67</ns3:hr>
          </ns3:TrackPointExtension>
        </extensions>
      </trkpt>
      <trkpt lat="49.136814214289188385009765625" lon="6.155969761312007904052734375">
        <ele>175.399993896484375</ele>
        <time>2026-10-04T14:04:58.000Z</time>
        <extensions>
          <ns3:TrackPointExtension>
            <ns3:hr>66</ns3:hr>
          </ns3:TrackPointExtension>
        </extensions>
      </trkpt>
      <trkpt lat="49.13680088706314563751220703125" lon="6.1559749580919742584228515625">
        <ele>175.399993896484375</ele>
        <time>2026-10-04T14:04:59.000Z</time>
        <extensions>
          <ns3:TrackPointExtension>
            <ns3:hr>65</ns3:hr>
          </ns3:TrackPointExtension>
        </extensions>
      </trkpt>
      <trkpt lat="49.13679133169353008270263671875" lon="6.15597923286259174346923828125">
        <ele>175.399993896484375</ele>
        <time>2026-10-04T14:05:00.000Z</time>
        <extensions>
          <ns3:TrackPointExtension>
            <ns3:hr>65</ns3:hr>
          </ns3:TrackPointExtension>
        </extensions>
      </trkpt>
      <trkpt lat="49.136779345571994781494140625" lon="6.155979819595813751220703125">
        <ele>175.1999969482421875</ele>
        <time>2026-10-04T14:05:01.000Z</time>
        <extensions>
          <ns3:TrackPointExtension>
            <ns3:hr>64</ns3:hr>
          </ns3:TrackPointExtension>
        </extensions>
      </trkpt>
      <trkpt lat="49.13676559925079345703125" lon="6.155983172357082366943359375">
        <ele>175.1999969482421875</ele>
        <time>2026-10-04T14:05:02.000Z</time>
        <extensions>
          <ns3:TrackPointExtension>
            <ns3:hr>64</ns3:hr>
          </ns3:TrackPointExtension>
        </extensions>
      </trkpt>
      <trkpt lat="49.1367540322244167327880859375" lon="6.15598727948963642120361328125">
        <ele>175.1999969482421875</ele>
        <time>2026-10-04T14:05:03.000Z</time>
        <extensions>
          <ns3:TrackPointExtension>
            <ns3:hr>64</ns3:hr>
          </ns3:TrackPointExtension>
        </extensions>
      </trkpt>
      <trkpt lat="49.1367428004741668701171875" lon="6.15599264390766620635986328125">
        <ele>175.399993896484375</ele>
        <time>2026-10-04T14:05:04.000Z</time>
        <extensions>
          <ns3:TrackPointExtension>
            <ns3:hr>64</ns3:hr>
          </ns3:TrackPointExtension>
        </extensions>
      </trkpt>
      <trkpt lat="49.13673265837132930755615234375" lon="6.1559980921447277069091796875">
        <ele>175.1999969482421875</ele>
        <time>2026-10-04T14:05:05.000Z</time>
        <extensions>
          <ns3:TrackPointExtension>
            <ns3:hr>64</ns3:hr>
          </ns3:TrackPointExtension>
        </extensions>
      </trkpt>
      <trkpt lat="49.13672142662107944488525390625" lon="6.156002618372440338134765625">
        <ele>175.1999969482421875</ele>
        <time>2026-10-04T14:05:06.000Z</time>
        <extensions>
          <ns3:TrackPointExtension>
            <ns3:hr>63</ns3:hr>
          </ns3:TrackPointExtension>
        </extensions>
      </trkpt>
      <trkpt lat="49.13671053014695644378662109375" lon="6.15600840188562870025634765625">
        <ele>175.1999969482421875</ele>
        <time>2026-10-04T14:05:07.000Z</time>
        <extensions>
          <ns3:TrackPointExtension>
            <ns3:hr>63</ns3:hr>
          </ns3:TrackPointExtension>
        </extensions>
      </trkpt>
      <trkpt lat="49.1367003880441188812255859375" lon="6.15601041354238986968994140625">
        <ele>175.1999969482421875</ele>
        <time>2026-10-04T14:05:08.000Z</time>
        <extensions>
          <ns3:TrackPointExtension>
            <ns3:hr>63</ns3:hr>
          </ns3:TrackPointExtension>
        </extensions>
      </trkpt>
      <trkpt lat="49.1366879828274250030517578125" lon="6.1560098268091678619384765625">
        <ele>175.1999969482421875</ele>
        <time>2026-10-04T14:05:09.000Z</time>
        <extensions>
          <ns3:TrackPointExtension>
            <ns3:hr>63</ns3:hr>
          </ns3:TrackPointExtension>
        </extensions>
      </trkpt>
      <trkpt lat="49.13667641580104827880859375" lon="6.15601343102753162384033203125">
        <ele>175.1999969482421875</ele>
        <time>2026-10-04T14:05:10.000Z</time>
        <extensions>
          <ns3:TrackPointExtension>
            <ns3:hr>63</ns3:hr>
          </ns3:TrackPointExtension>
        </extensions>
      </trkpt>
      <trkpt lat="49.1366651840507984161376953125" lon="6.15601862780749797821044921875">
        <ele>175.1999969482421875</ele>
        <time>2026-10-04T14:05:11.000Z</time>
        <extensions>
          <ns3:TrackPointExtension>
            <ns3:hr>63</ns3:hr>
          </ns3:TrackPointExtension>
        </extensions>
      </trkpt>
      <trkpt lat="49.13665370084345340728759765625" lon="6.1560222320258617401123046875">
        <ele>175.1999969482421875</ele>
        <time>2026-10-04T14:05:12.000Z</time>
        <extensions>
          <ns3:TrackPointExtension>
            <ns3:hr>62</ns3:hr>
          </ns3:TrackPointExtension>
        </extensions>
      </trkpt>
      <trkpt lat="49.13664263673126697540283203125" lon="6.15602633915841579437255859375">
        <ele>175.1999969482421875</ele>
        <time>2026-10-04T14:05:13.000Z</time>
        <extensions>
          <ns3:TrackPointExtension>
            <ns3:hr>61</ns3:hr>
          </ns3:TrackPointExtension>
        </extensions>
      </trkpt>
      <trkpt lat="49.13662939332425594329833984375" lon="6.1560312844812870025634765625">
        <ele>175.1999969482421875</ele>
        <time>2026-10-04T14:05:14.000Z</time>
        <extensions>
          <ns3:TrackPointExtension>
            <ns3:hr>60</ns3:hr>
          </ns3:TrackPointExtension>
        </extensions>
      </trkpt>
      <trkpt lat="49.136618413031101226806640625" lon="6.1560353077948093414306640625">
        <ele>175.1999969482421875</ele>
        <time>2026-10-04T14:05:15.000Z</time>
        <extensions>
          <ns3:TrackPointExtension>
            <ns3:hr>60</ns3:hr>
          </ns3:TrackPointExtension>
        </extensions>
      </trkpt>
      <trkpt lat="49.136608354747295379638671875" lon="6.15604058839380741119384765625">
        <ele>175.1999969482421875</ele>
        <time>2026-10-04T14:05:16.000Z</time>
        <extensions>
          <ns3:TrackPointExtension>
            <ns3:hr>59</ns3:hr>
          </ns3:TrackPointExtension>
        </extensions>
      </trkpt>
      <trkpt lat="49.136598967015743255615234375" lon="6.15604595281183719635009765625">
        <ele>175.1999969482421875</ele>
        <time>2026-10-04T14:05:17.000Z</time>
        <extensions>
          <ns3:TrackPointExtension>
            <ns3:hr>57</ns3:hr>
          </ns3:TrackPointExtension>
        </extensions>
      </trkpt>
      <trkpt lat="49.136588908731937408447265625" lon="6.15604855120182037353515625">
        <ele>175.1999969482421875</ele>
        <time>2026-10-04T14:05:18.000Z</time>
        <extensions>
          <ns3:TrackPointExtension>
            <ns3:hr>57</ns3:hr>
          </ns3:TrackPointExtension>
        </extensions>
      </trkpt>
      <trkpt lat="49.1365780122578144073486328125" lon="6.15605081431567668914794921875">
        <ele>175.1999969482421875</ele>
        <time>2026-10-04T14:05:19.000Z</time>
        <extensions>
          <ns3:TrackPointExtension>
            <ns3:hr>55</ns3:hr>
          </ns3:TrackPointExtension>
        </extensions>
      </trkpt>
      <trkpt lat="49.13656644523143768310546875" lon="6.1560540832579135894775390625">
        <ele>175.1999969482421875</ele>
        <time>2026-10-04T14:05:20.000Z</time>
        <extensions>
          <ns3:TrackPointExtension>
            <ns3:hr>55</ns3:hr>
          </ns3:TrackPointExtension>
        </extensions>
      </trkpt>
      <trkpt lat="49.1365550458431243896484375" lon="6.156058274209499359130859375">
        <ele>175.1999969482421875</ele>
        <time>2026-10-04T14:05:21.000Z</time>
        <extensions>
          <ns3:TrackPointExtension>
            <ns3:hr>55</ns3:hr>
          </ns3:TrackPointExtension>
        </extensions>
      </trkpt>
      <trkpt lat="49.13654498755931854248046875" lon="6.15606372244656085968017578125">
        <ele>175.1999969482421875</ele>
        <time>2026-10-04T14:05:22.000Z</time>
        <extensions>
          <ns3:TrackPointExtension>
            <ns3:hr>54</ns3:hr>
          </ns3:TrackPointExtension>
        </extensions>
      </trkpt>
      <trkpt lat="49.13653383962810039520263671875" lon="6.15606841631233692169189453125">
        <ele>175.1999969482421875</ele>
        <time>2026-10-04T14:05:23.000Z</time>
        <extensions>
          <ns3:TrackPointExtension>
            <ns3:hr>54</ns3:hr>
          </ns3:TrackPointExtension>
        </extensions>
      </trkpt>
      <trkpt lat="49.13652361370623111724853515625" lon="6.15607361309230327606201171875">
        <ele>175.1999969482421875</ele>
        <time>2026-10-04T14:05:24.000Z</time>
        <extensions>
          <ns3:TrackPointExtension>
            <ns3:hr>54</ns3:hr>
          </ns3:TrackPointExtension>
        </extensions>
      </trkpt>
      <trkpt lat="49.13651280105113983154296875" lon="6.156079061329364776611328125">
        <ele>175.1999969482421875</ele>
        <time>2026-10-04T14:05:25.000Z</time>
        <extensions>
          <ns3:TrackPointExtension>
            <ns3:hr>54</ns3:hr>
          </ns3:TrackPointExtension>
        </extensions>
      </trkpt>
      <trkpt lat="49.136502742767333984375" lon="6.15608367137610912322998046875">
        <ele>175.1999969482421875</ele>
        <time>2026-10-04T14:05:26.000Z</time>
        <extensions>
          <ns3:TrackPointExtension>
            <ns3:hr>54</ns3:hr>
          </ns3:TrackPointExtension>
        </extensions>
      </trkpt>
      <trkpt lat="49.1364941932260990142822265625" lon="6.156089790165424346923828125">
        <ele>175.1999969482421875</ele>
        <time>2026-10-04T14:05:27.000Z</time>
        <extensions>
          <ns3:TrackPointExtension>
            <ns3:hr>54</ns3:hr>
          </ns3:TrackPointExtension>
        </extensions>
      </trkpt>
      <trkpt lat="49.13648371584713459014892578125" lon="6.1560953222215175628662109375">
        <ele>175.1999969482421875</ele>
        <time>2026-10-04T14:05:28.000Z</time>
        <extensions>
          <ns3:TrackPointExtension>
            <ns3:hr>54</ns3:hr>
          </ns3:TrackPointExtension>
        </extensions>
      </trkpt>
      <trkpt lat="49.1364757530391216278076171875" lon="6.15609456785023212432861328125">
        <ele>175.1999969482421875</ele>
        <time>2026-10-04T14:05:29.000Z</time>
        <extensions>
          <ns3:TrackPointExtension>
            <ns3:hr>54</ns3:hr>
          </ns3:TrackPointExtension>
        </extensions>
      </trkpt>
      <trkpt lat="49.136464186012744903564453125" lon="6.15609683096408843994140625">
        <ele>175.1999969482421875</ele>
        <time>2026-10-04T14:05:30.000Z</time>
        <extensions>
          <ns3:TrackPointExtension>
            <ns3:hr>55</ns3:hr>
          </ns3:TrackPointExtension>
        </extensions>
      </trkpt>
      <trkpt lat="49.13645136170089244842529296875" lon="6.1561023630201816558837890625">
        <ele>175.1999969482421875</ele>
        <time>2026-10-04T14:05:31.000Z</time>
        <extensions>
          <ns3:TrackPointExtension>
            <ns3:hr>55</ns3:hr>
          </ns3:TrackPointExtension>
        </extensions>
      </trkpt>
      <trkpt lat="49.13643845357000827789306640625" lon="6.15610898472368717193603515625">
        <ele>175.1999969482421875</ele>
        <time>2026-10-04T14:05:32.000Z</time>
        <extensions>
          <ns3:TrackPointExtension>
            <ns3:hr>55</ns3:hr>
          </ns3:TrackPointExtension>
        </extensions>
      </trkpt>
      <trkpt lat="49.13642638362944126129150390625" lon="6.156113259494304656982421875">
        <ele>175.1999969482421875</ele>
        <time>2026-10-04T14:05:33.000Z</time>
        <extensions>
          <ns3:TrackPointExtension>
            <ns3:hr>55</ns3:hr>
          </ns3:TrackPointExtension>
        </extensions>
      </trkpt>
      <trkpt lat="49.1364155709743499755859375" lon="6.15611703135073184967041015625">
        <ele>175.1999969482421875</ele>
        <time>2026-10-04T14:05:34.000Z</time>
        <extensions>
          <ns3:TrackPointExtension>
            <ns3:hr>55</ns3:hr>
          </ns3:TrackPointExtension>
        </extensions>
      </trkpt>
      <trkpt lat="49.136403836309909820556640625" lon="6.15612088702619075775146484375">
        <ele>175.1999969482421875</ele>
        <time>2026-10-04T14:05:35.000Z</time>
        <extensions>
          <ns3:TrackPointExtension>
            <ns3:hr>54</ns3:hr>
          </ns3:TrackPointExtension>
        </extensions>
      </trkpt>
      <trkpt lat="49.1363932751119136810302734375" lon="6.156124658882617950439453125">
        <ele>175.1999969482421875</ele>
        <time>2026-10-04T14:05:36.000Z</time>
        <extensions>
          <ns3:TrackPointExtension>
            <ns3:hr>55</ns3:hr>
          </ns3:TrackPointExtension>
        </extensions>
      </trkpt>
      <trkpt lat="49.13638405501842498779296875" lon="6.15613027475774288177490234375">
        <ele>175.1999969482421875</ele>
        <time>2026-10-04T14:05:37.000Z</time>
        <extensions>
          <ns3:TrackPointExtension>
            <ns3:hr>55</ns3:hr>
          </ns3:TrackPointExtension>
        </extensions>
      </trkpt>
      <trkpt lat="49.13637726567685604095458984375" lon="6.1561395786702632904052734375">
        <ele>175.1999969482421875</ele>
        <time>2026-10-04T14:05:38.000Z</time>
        <extensions>
          <ns3:TrackPointExtension>
            <ns3:hr>55</ns3:hr>
          </ns3:TrackPointExtension>
        </extensions>
      </trkpt>
      <trkpt lat="49.1363718174397945404052734375" lon="6.156153492629528045654296875">
        <ele>175.1999969482421875</ele>
        <time>2026-10-04T14:05:39.000Z</time>
        <extensions>
          <ns3:TrackPointExtension>
            <ns3:hr>55</ns3:hr>
          </ns3:TrackPointExtension>
        </extensions>
      </trkpt>
      <trkpt lat="49.13636402226984500885009765625" lon="6.15616715513169765472412109375">
        <ele>175.1999969482421875</ele>
        <time>2026-10-04T14:05:40.000Z</time>
        <extensions>
          <ns3:TrackPointExtension>
            <ns3:hr>55</ns3:hr>
          </ns3:TrackPointExtension>
        </extensions>
      </trkpt>
      <trkpt lat="49.1363543830811977386474609375" lon="6.15617738105356693267822265625">
        <ele>175.1999969482421875</ele>
        <time>2026-10-04T14:05:41.000Z</time>
        <extensions>
          <ns3:TrackPointExtension>
            <ns3:hr>54</ns3:hr>
          </ns3:TrackPointExtension>
        </extensions>
      </trkpt>
      <trkpt lat="49.13634323514997959136962890625" lon="6.15618593059480190277099609375">
        <ele>175.1999969482421875</ele>
        <time>2026-10-04T14:05:42.000Z</time>
        <extensions>
          <ns3:TrackPointExtension>
            <ns3:hr>54</ns3:hr>
          </ns3:TrackPointExtension>
        </extensions>
      </trkpt>
      <trkpt lat="49.13633233867585659027099609375" lon="6.1561902053654193878173828125">
        <ele>175.1999969482421875</ele>
        <time>2026-10-04T14:05:43.000Z</time>
        <extensions>
          <ns3:TrackPointExtension>
            <ns3:hr>54</ns3:hr>
          </ns3:TrackPointExtension>
        </extensions>
      </trkpt>
      <trkpt lat="49.1363208554685115814208984375" lon="6.1561922170221805572509765625">
        <ele>175.1999969482421875</ele>
        <time>2026-10-04T14:05:44.000Z</time>
        <extensions>
          <ns3:TrackPointExtension>
            <ns3:hr>54</ns3:hr>
          </ns3:TrackPointExtension>
        </extensions>
      </trkpt>
      <trkpt lat="49.13631104864180088043212890625" lon="6.15619146265089511871337890625">
        <ele>175.1999969482421875</ele>
        <time>2026-10-04T14:05:45.000Z</time>
        <extensions>
          <ns3:TrackPointExtension>
            <ns3:hr>54</ns3:hr>
          </ns3:TrackPointExtension>
        </extensions>
      </trkpt>
      <trkpt lat="49.13629847578704357147216796875" lon="6.15619045682251453399658203125">
        <ele>175.399993896484375</ele>
        <time>2026-10-04T14:05:46.000Z</time>
        <extensions>
          <ns3:TrackPointExtension>
            <ns3:hr>54</ns3:hr>
          </ns3:TrackPointExtension>
        </extensions>
      </trkpt>
      <trkpt lat="49.13628724403679370880126953125" lon="6.1561886966228485107421875">
        <ele>175.399993896484375</ele>
        <time>2026-10-04T14:05:47.000Z</time>
        <extensions>
          <ns3:TrackPointExtension>
            <ns3:hr>53</ns3:hr>
          </ns3:TrackPointExtension>
        </extensions>
      </trkpt>
      <trkpt lat="49.13627542555332183837890625" lon="6.15618475712835788726806640625">
        <ele>175.399993896484375</ele>
        <time>2026-10-04T14:05:48.000Z</time>
        <extensions>
          <ns3:TrackPointExtension>
            <ns3:hr>53</ns3:hr>
          </ns3:TrackPointExtension>
        </extensions>
      </trkpt>
      <trkpt lat="49.13626310415565967559814453125" lon="6.1561806499958038330078125">
        <ele>175.399993896484375</ele>
        <time>2026-10-04T14:05:49.000Z</time>
        <extensions>
          <ns3:TrackPointExtension>
            <ns3:hr>53</ns3:hr>
          </ns3:TrackPointExtension>
        </extensions>
      </trkpt>
      <trkpt lat="49.1362524591386318206787109375" lon="6.15618056617677211761474609375">
        <ele>175.399993896484375</ele>
        <time>2026-10-04T14:05:50.000Z</time>
        <extensions>
          <ns3:TrackPointExtension>
            <ns3:hr>53</ns3:hr>
          </ns3:TrackPointExtension>
        </extensions>
      </trkpt>
      <trkpt lat="49.13623879663646221160888671875" lon="6.15617738105356693267822265625">
        <ele>175.399993896484375</ele>
        <time>2026-10-04T14:05:51.000Z</time>
        <extensions>
          <ns3:TrackPointExtension>
            <ns3:hr>53</ns3:hr>
          </ns3:TrackPointExtension>
        </extensions>
      </trkpt>
      <trkpt lat="49.13622706197202205657958984375" lon="6.15617461502552032470703125">
        <ele>175.399993896484375</ele>
        <time>2026-10-04T14:05:52.000Z</time>
        <extensions>
          <ns3:TrackPointExtension>
            <ns3:hr>54</ns3:hr>
          </ns3:TrackPointExtension>
        </extensions>
      </trkpt>
      <trkpt lat="49.136215411126613616943359375" lon="6.1561714299023151397705078125">
        <ele>175.399993896484375</ele>
        <time>2026-10-04T14:05:53.000Z</time>
        <extensions>
          <ns3:TrackPointExtension>
            <ns3:hr>53</ns3:hr>
          </ns3:TrackPointExtension>
        </extensions>
      </trkpt>
      <trkpt lat="49.13620627485215663909912109375" lon="6.15617151372134685516357421875">
        <ele>175.399993896484375</ele>
        <time>2026-10-04T14:05:54.000Z</time>
        <extensions>
          <ns3:TrackPointExtension>
            <ns3:hr>54</ns3:hr>
          </ns3:TrackPointExtension>
        </extensions>
      </trkpt>
      <trkpt lat="49.136194624006748199462890625" lon="6.15617193281650543212890625">
        <ele>175.399993896484375</ele>
        <time>2026-10-04T14:05:55.000Z</time>
        <extensions>
          <ns3:TrackPointExtension>
            <ns3:hr>55</ns3:hr>
          </ns3:TrackPointExtension>
        </extensions>
      </trkpt>
      <trkpt lat="49.1361843980848789215087890625" lon="6.156174950301647186279296875">
        <ele>175.399993896484375</ele>
        <time>2026-10-04T14:05:56.000Z</time>
        <extensions>
          <ns3:TrackPointExtension>
            <ns3:hr>56</ns3:hr>
          </ns3:TrackPointExtension>
        </extensions>
      </trkpt>
      <trkpt lat="49.1361741721630096435546875" lon="6.1561779677867889404296875">
        <ele>175.399993896484375</ele>
        <time>2026-10-04T14:05:57.000Z</time>
        <extensions>
          <ns3:TrackPointExtension>
            <ns3:hr>57</ns3:hr>
          </ns3:TrackPointExtension>
        </extensions>
      </trkpt>
      <trkpt lat="49.1361636109650135040283203125" lon="6.15617972798645496368408203125">
        <ele>175.399993896484375</ele>
        <time>2026-10-04T14:05:58.000Z</time>
        <extensions>
          <ns3:TrackPointExtension>
            <ns3:hr>59</ns3:hr>
          </ns3:TrackPointExtension>
        </extensions>
      </trkpt>
      <trkpt lat="49.13615212775766849517822265625" lon="6.15618140436708927154541015625">
        <ele>175.399993896484375</ele>
        <time>2026-10-04T14:05:59.000Z</time>
        <extensions>
          <ns3:TrackPointExtension>
            <ns3:hr>59</ns3:hr>
          </ns3:TrackPointExtension>
        </extensions>
      </trkpt>
      <trkpt lat="49.13613905198872089385986328125" lon="6.1561845056712627410888671875">
        <ele>175.399993896484375</ele>
        <time>2026-10-04T14:06:00.000Z</time>
        <extensions>
          <ns3:TrackPointExtension>
            <ns3:hr>58</ns3:hr>
          </ns3:TrackPointExtension>
        </extensions>
      </trkpt>
      <trkpt lat="49.13612916134297847747802734375" lon="6.15618794225156307220458984375">
        <ele>175.399993896484375</ele>
        <time>2026-10-04T14:06:01.000Z</time>
        <extensions>
          <ns3:TrackPointExtension>
            <ns3:hr>58</ns3:hr>
          </ns3:TrackPointExtension>
        </extensions>
      </trkpt>
      <trkpt lat="49.13611985743045806884765625" lon="6.1561912111937999725341796875">
        <ele>175.399993896484375</ele>
        <time>2026-10-04T14:06:02.000Z</time>
        <extensions>
          <ns3:TrackPointExtension>
            <ns3:hr>58</ns3:hr>
          </ns3:TrackPointExtension>
        </extensions>
      </trkpt>
      <trkpt lat="49.13611114025115966796875" lon="6.156194396317005157470703125">
        <ele>175.399993896484375</ele>
        <time>2026-10-04T14:06:03.000Z</time>
        <extensions>
          <ns3:TrackPointExtension>
            <ns3:hr>58</ns3:hr>
          </ns3:TrackPointExtension>
        </extensions>
      </trkpt>
      <trkpt lat="49.1361012496054172515869140625" lon="6.156198084354400634765625">
        <ele>175.399993896484375</ele>
        <time>2026-10-04T14:06:04.000Z</time>
        <extensions>
          <ns3:TrackPointExtension>
            <ns3:hr>58</ns3:hr>
          </ns3:TrackPointExtension>
        </extensions>
      </trkpt>
      <trkpt lat="49.13609211333096027374267578125" lon="6.1561999283730983734130859375">
        <ele>175.399993896484375</ele>
        <time>2026-10-04T14:06:05.000Z</time>
        <extensions>
          <ns3:TrackPointExtension>
            <ns3:hr>59</ns3:hr>
          </ns3:TrackPointExtension>
        </extensions>
      </trkpt>
      <trkpt lat="49.136081635951995849609375" lon="6.156201772391796112060546875">
        <ele>175.399993896484375</ele>
        <time>2026-10-04T14:06:06.000Z</time>
        <extensions>
          <ns3:TrackPointExtension>
            <ns3:hr>59</ns3:hr>
          </ns3:TrackPointExtension>
        </extensions>
      </trkpt>
      <trkpt lat="49.1360695660114288330078125" lon="6.15620370022952556610107421875">
        <ele>175.399993896484375</ele>
        <time>2026-10-04T14:06:07.000Z</time>
        <extensions>
          <ns3:TrackPointExtension>
            <ns3:hr>59</ns3:hr>
          </ns3:TrackPointExtension>
        </extensions>
      </trkpt>
      <trkpt lat="49.13605808280408382415771484375" lon="6.15620403550565242767333984375">
        <ele>175.399993896484375</ele>
        <time>2026-10-04T14:06:08.000Z</time>
        <extensions>
          <ns3:TrackPointExtension>
            <ns3:hr>59</ns3:hr>
          </ns3:TrackPointExtension>
        </extensions>
      </trkpt>
      <trkpt lat="49.136045761406421661376953125" lon="6.1562036164104938507080078125">
        <ele>175.399993896484375</ele>
        <time>2026-10-04T14:06:09.000Z</time>
        <extensions>
          <ns3:TrackPointExtension>
            <ns3:hr>60</ns3:hr>
          </ns3:TrackPointExtension>
        </extensions>
      </trkpt>
      <trkpt lat="49.1360368765890598297119140625" lon="6.156206466257572174072265625">
        <ele>175.399993896484375</ele>
        <time>2026-10-04T14:06:10.000Z</time>
        <extensions>
          <ns3:TrackPointExtension>
            <ns3:hr>61</ns3:hr>
          </ns3:TrackPointExtension>
        </extensions>
      </trkpt>
      <trkpt lat="49.13602807559072971343994140625" lon="6.1562096513807773590087890625">
        <ele>175.399993896484375</ele>
        <time>2026-10-04T14:06:11.000Z</time>
        <extensions>
          <ns3:TrackPointExtension>
            <ns3:hr>61</ns3:hr>
          </ns3:TrackPointExtension>
        </extensions>
      </trkpt>
      <trkpt lat="49.1360214538872241973876953125" lon="6.1562128365039825439453125">
        <ele>175.399993896484375</ele>
        <time>2026-10-04T14:06:12.000Z</time>
        <extensions>
          <ns3:TrackPointExtension>
            <ns3:hr>60</ns3:hr>
          </ns3:TrackPointExtension>
        </extensions>
      </trkpt>
      <trkpt lat="49.13601256906986236572265625" lon="6.15621442906558513641357421875">
        <ele>175.399993896484375</ele>
        <time>2026-10-04T14:06:13.000Z</time>
        <extensions>
          <ns3:TrackPointExtension>
            <ns3:hr>59</ns3:hr>
          </ns3:TrackPointExtension>
        </extensions>
      </trkpt>
      <trkpt lat="49.1360020078718662261962890625" lon="6.15621744655072689056396484375">
        <ele>175.399993896484375</ele>
        <time>2026-10-04T14:06:14.000Z</time>
        <extensions>
          <ns3:TrackPointExtension>
            <ns3:hr>60</ns3:hr>
          </ns3:TrackPointExtension>
        </extensions>
      </trkpt>
      <trkpt lat="49.13598767481744289398193359375" lon="6.15622096695005893707275390625">
        <ele>175.399993896484375</ele>
        <time>2026-10-04T14:06:15.000Z</time>
        <extensions>
          <ns3:TrackPointExtension>
            <ns3:hr>61</ns3:hr>
          </ns3:TrackPointExtension>
        </extensions>
      </trkpt>
      <trkpt lat="49.13597409613430500030517578125" lon="6.15622465498745441436767578125">
        <ele>175.399993896484375</ele>
        <time>2026-10-04T14:06:16.000Z</time>
        <extensions>
          <ns3:TrackPointExtension>
            <ns3:hr>61</ns3:hr>
          </ns3:TrackPointExtension>
        </extensions>
      </trkpt>
      <trkpt lat="49.13596169091761112213134765625" lon="6.15622700192034244537353515625">
        <ele>175.600006103515625</ele>
        <time>2026-10-04T14:06:17.000Z</time>
        <extensions>
          <ns3:TrackPointExtension>
            <ns3:hr>61</ns3:hr>
          </ns3:TrackPointExtension>
        </extensions>
      </trkpt>
      <trkpt lat="49.13594978861510753631591796875" lon="6.15622901357710361480712890625">
        <ele>175.600006103515625</ele>
        <time>2026-10-04T14:06:18.000Z</time>
        <extensions>
          <ns3:TrackPointExtension>
            <ns3:hr>63</ns3:hr>
          </ns3:TrackPointExtension>
        </extensions>
      </trkpt>
      <trkpt lat="49.13594241254031658172607421875" lon="6.15623085759580135345458984375">
        <ele>175.600006103515625</ele>
        <time>2026-10-04T14:06:19.000Z</time>
        <extensions>
          <ns3:TrackPointExtension>
            <ns3:hr>65</ns3:hr>
          </ns3:TrackPointExtension>
        </extensions>
      </trkpt>
      <trkpt lat="49.1359341144561767578125" lon="6.156233288347721099853515625">
        <ele>175.600006103515625</ele>
        <time>2026-10-04T14:06:20.000Z</time>
        <extensions>
          <ns3:TrackPointExtension>
            <ns3:hr>69</ns3:hr>
          </ns3:TrackPointExtension>
        </extensions>
      </trkpt>
      <trkpt lat="49.13592447526752948760986328125" lon="6.15623823367059230804443359375">
        <ele>175.600006103515625</ele>
        <time>2026-10-04T14:06:21.000Z</time>
        <extensions>
          <ns3:TrackPointExtension>
            <ns3:hr>71</ns3:hr>
          </ns3:TrackPointExtension>
        </extensions>
      </trkpt>
      <trkpt lat="49.1359124891459941864013671875" lon="6.15624493919312953948974609375">
        <ele>175.600006103515625</ele>
        <time>2026-10-04T14:06:22.000Z</time>
        <extensions>
          <ns3:TrackPointExtension>
            <ns3:hr>72</ns3:hr>
          </ns3:TrackPointExtension>
        </extensions>
      </trkpt>
      <trkpt lat="49.13590259850025177001953125" lon="6.15625399164855480194091796875">
        <ele>175.600006103515625</ele>
        <time>2026-10-04T14:06:23.000Z</time>
        <extensions>
          <ns3:TrackPointExtension>
            <ns3:hr>73</ns3:hr>
          </ns3:TrackPointExtension>
        </extensions>
      </trkpt>
      <trkpt lat="49.135892204940319061279296875" lon="6.1562629602849483489990234375">
        <ele>175.600006103515625</ele>
        <time>2026-10-04T14:06:24.000Z</time>
        <extensions>
          <ns3:TrackPointExtension>
            <ns3:hr>73</ns3:hr>
          </ns3:TrackPointExtension>
        </extensions>
      </trkpt>
      <trkpt lat="49.135882146656513214111328125" lon="6.15627042017877101898193359375">
        <ele>175.600006103515625</ele>
        <time>2026-10-04T14:06:25.000Z</time>
        <extensions>
          <ns3:TrackPointExtension>
            <ns3:hr>73</ns3:hr>
          </ns3:TrackPointExtension>
        </extensions>
      </trkpt>
      <trkpt lat="49.1358729265630245208740234375" lon="6.15627477876842021942138671875">
        <ele>175.600006103515625</ele>
        <time>2026-10-04T14:06:26.000Z</time>
        <extensions>
          <ns3:TrackPointExtension>
            <ns3:hr>73</ns3:hr>
          </ns3:TrackPointExtension>
        </extensions>
      </trkpt>
      <trkpt lat="49.13586437702178955078125" lon="6.15627813152968883514404296875">
        <ele>175.8000030517578125</ele>
        <time>2026-10-04T14:06:27.000Z</time>
        <extensions>
          <ns3:TrackPointExtension>
            <ns3:hr>74</ns3:hr>
          </ns3:TrackPointExtension>
        </extensions>
      </trkpt>
      <trkpt lat="49.13585457019507884979248046875" lon="6.15628056228160858154296875">
        <ele>175.8000030517578125</ele>
        <time>2026-10-04T14:06:28.000Z</time>
        <extensions>
          <ns3:TrackPointExtension>
            <ns3:hr>74</ns3:hr>
          </ns3:TrackPointExtension>
        </extensions>
      </trkpt>
      <trkpt lat="49.135845601558685302734375" lon="6.15628466941416263580322265625">
        <ele>175.8000030517578125</ele>
        <time>2026-10-04T14:06:29.000Z</time>
        <extensions>
          <ns3:TrackPointExtension>
            <ns3:hr>74</ns3:hr>
          </ns3:TrackPointExtension>
        </extensions>
      </trkpt>
      <trkpt lat="49.135834537446498870849609375" lon="6.15628936327993869781494140625">
        <ele>175.8000030517578125</ele>
        <time>2026-10-04T14:06:30.000Z</time>
        <extensions>
          <ns3:TrackPointExtension>
            <ns3:hr>74</ns3:hr>
          </ns3:TrackPointExtension>
        </extensions>
      </trkpt>
      <trkpt lat="49.13582372479140758514404296875" lon="6.15629305131733417510986328125">
        <ele>175.8000030517578125</ele>
        <time>2026-10-04T14:06:31.000Z</time>
        <extensions>
          <ns3:TrackPointExtension>
            <ns3:hr>75</ns3:hr>
          </ns3:TrackPointExtension>
        </extensions>
      </trkpt>
      <trkpt lat="49.135813415050506591796875" lon="6.15629665553569793701171875">
        <ele>175.8000030517578125</ele>
        <time>2026-10-04T14:06:32.000Z</time>
        <extensions>
          <ns3:TrackPointExtension>
            <ns3:hr>74</ns3:hr>
          </ns3:TrackPointExtension>
        </extensions>
      </trkpt>
      <trkpt lat="49.135802686214447021484375" lon="6.1563011817634105682373046875">
        <ele>175.8000030517578125</ele>
        <time>2026-10-04T14:06:33.000Z</time>
        <extensions>
          <ns3:TrackPointExtension>
            <ns3:hr>74</ns3:hr>
          </ns3:TrackPointExtension>
        </extensions>
      </trkpt>
      <trkpt lat="49.13579137064516544342041015625" lon="6.15630646236240863800048828125">
        <ele>175.8000030517578125</ele>
        <time>2026-10-04T14:06:34.000Z</time>
        <extensions>
          <ns3:TrackPointExtension>
            <ns3:hr>75</ns3:hr>
          </ns3:TrackPointExtension>
        </extensions>
      </trkpt>
      <trkpt lat="49.135778211057186126708984375" lon="6.15631015039980411529541015625">
        <ele>175.8000030517578125</ele>
        <time>2026-10-04T14:06:35.000Z</time>
        <extensions>
          <ns3:TrackPointExtension>
            <ns3:hr>75</ns3:hr>
          </ns3:TrackPointExtension>
        </extensions>
      </trkpt>
      <trkpt lat="49.13576622493565082550048828125" lon="6.1563155986368656158447265625">
        <ele>175.8000030517578125</ele>
        <time>2026-10-04T14:06:36.000Z</time>
        <extensions>
          <ns3:TrackPointExtension>
            <ns3:hr>75</ns3:hr>
          </ns3:TrackPointExtension>
        </extensions>
      </trkpt>
      <trkpt lat="49.135755412280559539794921875" lon="6.15631970576941967010498046875">
        <ele>175.8000030517578125</ele>
        <time>2026-10-04T14:06:37.000Z</time>
        <extensions>
          <ns3:TrackPointExtension>
            <ns3:hr>75</ns3:hr>
          </ns3:TrackPointExtension>
        </extensions>
      </trkpt>
      <trkpt lat="49.1357431747019290924072265625" lon="6.15632406435906887054443359375">
        <ele>175.8000030517578125</ele>
        <time>2026-10-04T14:06:38.000Z</time>
        <extensions>
          <ns3:TrackPointExtension>
            <ns3:hr>75</ns3:hr>
          </ns3:TrackPointExtension>
        </extensions>
      </trkpt>
      <trkpt lat="49.1357324458658695220947265625" lon="6.15632959641516208648681640625">
        <ele>175.8000030517578125</ele>
        <time>2026-10-04T14:06:39.000Z</time>
        <extensions>
          <ns3:TrackPointExtension>
            <ns3:hr>75</ns3:hr>
          </ns3:TrackPointExtension>
        </extensions>
      </trkpt>
      <trkpt lat="49.13572314195334911346435546875" lon="6.15633462555706501007080078125">
        <ele>175.8000030517578125</ele>
        <time>2026-10-04T14:06:40.000Z</time>
        <extensions>
          <ns3:TrackPointExtension>
            <ns3:hr>75</ns3:hr>
          </ns3:TrackPointExtension>
        </extensions>
      </trkpt>
      <trkpt lat="49.13571341894567012786865234375" lon="6.1563389003276824951171875">
        <ele>175.8000030517578125</ele>
        <time>2026-10-04T14:06:41.000Z</time>
        <extensions>
          <ns3:TrackPointExtension>
            <ns3:hr>75</ns3:hr>
          </ns3:TrackPointExtension>
        </extensions>
      </trkpt>
      <trkpt lat="49.13570520468056201934814453125" lon="6.15634183399379253387451171875">
        <ele>175.8000030517578125</ele>
        <time>2026-10-04T14:06:42.000Z</time>
        <extensions>
          <ns3:TrackPointExtension>
            <ns3:hr>75</ns3:hr>
          </ns3:TrackPointExtension>
        </extensions>
      </trkpt>
      <trkpt lat="49.1356940567493438720703125" lon="6.15634669549763202667236328125">
        <ele>175.8000030517578125</ele>
        <time>2026-10-04T14:06:43.000Z</time>
        <extensions>
          <ns3:TrackPointExtension>
            <ns3:hr>74</ns3:hr>
          </ns3:TrackPointExtension>
        </extensions>
      </trkpt>
      <trkpt lat="49.13567997515201568603515625" lon="6.1563521437346935272216796875">
        <ele>175.8000030517578125</ele>
        <time>2026-10-04T14:06:44.000Z</time>
        <extensions>
          <ns3:TrackPointExtension>
            <ns3:hr>75</ns3:hr>
          </ns3:TrackPointExtension>
        </extensions>
      </trkpt>
      <trkpt lat="49.13566698320209980010986328125" lon="6.1563581787049770355224609375">
        <ele>175.8000030517578125</ele>
        <time>2026-10-04T14:06:45.000Z</time>
        <extensions>
          <ns3:TrackPointExtension>
            <ns3:hr>75</ns3:hr>
          </ns3:TrackPointExtension>
        </extensions>
      </trkpt>
      <trkpt lat="49.13565726019442081451416015625" lon="6.1563632078468799591064453125">
        <ele>175.8000030517578125</ele>
        <time>2026-10-04T14:06:46.000Z</time>
        <extensions>
          <ns3:TrackPointExtension>
            <ns3:hr>75</ns3:hr>
          </ns3:TrackPointExtension>
        </extensions>
      </trkpt>
      <trkpt lat="49.13564502261579036712646484375" lon="6.15637100301682949066162109375">
        <ele>175.8000030517578125</ele>
        <time>2026-10-04T14:06:47.000Z</time>
        <extensions>
          <ns3:TrackPointExtension>
            <ns3:hr>75</ns3:hr>
          </ns3:TrackPointExtension>
        </extensions>
      </trkpt>
      <trkpt lat="49.13563462905585765838623046875" lon="6.156377457082271575927734375">
        <ele>175.8000030517578125</ele>
        <time>2026-10-04T14:06:48.000Z</time>
        <extensions>
          <ns3:TrackPointExtension>
            <ns3:hr>75</ns3:hr>
          </ns3:TrackPointExtension>
        </extensions>
      </trkpt>
      <trkpt lat="49.13562557660043239593505859375" lon="6.1563850007951259613037109375">
        <ele>175.8000030517578125</ele>
        <time>2026-10-04T14:06:49.000Z</time>
        <extensions>
          <ns3:TrackPointExtension>
            <ns3:hr>75</ns3:hr>
          </ns3:TrackPointExtension>
        </extensions>
      </trkpt>
      <trkpt lat="49.13561618886888027191162109375" lon="6.1563930474221706390380859375">
        <ele>175.8000030517578125</ele>
        <time>2026-10-04T14:06:50.000Z</time>
        <extensions>
          <ns3:TrackPointExtension>
            <ns3:hr>75</ns3:hr>
          </ns3:TrackPointExtension>
        </extensions>
      </trkpt>
      <trkpt lat="49.13560864515602588653564453125" lon="6.1564007587730884552001953125">
        <ele>175.8000030517578125</ele>
        <time>2026-10-04T14:06:51.000Z</time>
        <extensions>
          <ns3:TrackPointExtension>
            <ns3:hr>75</ns3:hr>
          </ns3:TrackPointExtension>
        </extensions>
      </trkpt>
      <trkpt lat="49.13560160435736179351806640625" lon="6.1564064584672451019287109375">
        <ele>175.8000030517578125</ele>
        <time>2026-10-04T14:06:52.000Z</time>
        <extensions>
          <ns3:TrackPointExtension>
            <ns3:hr>75</ns3:hr>
          </ns3:TrackPointExtension>
        </extensions>
      </trkpt>
      <trkpt lat="49.1355923004448413848876953125" lon="6.15641475655138492584228515625">
        <ele>175.8000030517578125</ele>
        <time>2026-10-04T14:06:53.000Z</time>
        <extensions>
          <ns3:TrackPointExtension>
            <ns3:hr>75</ns3:hr>
          </ns3:TrackPointExtension>
        </extensions>
      </trkpt>
      <trkpt lat="49.13558333180844783782958984375" lon="6.1564225517213344573974609375">
        <ele>175.8000030517578125</ele>
        <time>2026-10-04T14:06:54.000Z</time>
        <extensions>
          <ns3:TrackPointExtension>
            <ns3:hr>75</ns3:hr>
          </ns3:TrackPointExtension>
        </extensions>
      </trkpt>
      <trkpt lat="49.13557402789592742919921875" lon="6.1564282514154911041259765625">
        <ele>175.8000030517578125</ele>
        <time>2026-10-04T14:06:55.000Z</time>
        <extensions>
          <ns3:TrackPointExtension>
            <ns3:hr>75</ns3:hr>
          </ns3:TrackPointExtension>
        </extensions>
      </trkpt>
      <trkpt lat="49.1355654783546924591064453125" lon="6.15643210709095001220703125">
        <ele>175.600006103515625</ele>
        <time>2026-10-04T14:06:56.000Z</time>
        <extensions>
          <ns3:TrackPointExtension>
            <ns3:hr>75</ns3:hr>
          </ns3:TrackPointExtension>
        </extensions>
      </trkpt>
      <trkpt lat="49.135556258261203765869140625" lon="6.1564362980425357818603515625">
        <ele>175.8000030517578125</ele>
        <time>2026-10-04T14:06:57.000Z</time>
        <extensions>
          <ns3:TrackPointExtension>
            <ns3:hr>75</ns3:hr>
          </ns3:TrackPointExtension>
        </extensions>
      </trkpt>
      <trkpt lat="49.13554443977773189544677734375" lon="6.15644157864153385162353515625">
        <ele>175.8000030517578125</ele>
        <time>2026-10-04T14:06:58.000Z</time>
        <extensions>
          <ns3:TrackPointExtension>
            <ns3:hr>75</ns3:hr>
          </ns3:TrackPointExtension>
        </extensions>
      </trkpt>
      <trkpt lat="49.1355342976748943328857421875" lon="6.15644895471632480621337890625">
        <ele>175.8000030517578125</ele>
        <time>2026-10-04T14:06:59.000Z</time>
        <extensions>
          <ns3:TrackPointExtension>
            <ns3:hr>74</ns3:hr>
          </ns3:TrackPointExtension>
        </extensions>
      </trkpt>
      <trkpt lat="49.13552398793399333953857421875" lon="6.15645750425755977630615234375">
        <ele>175.8000030517578125</ele>
        <time>2026-10-04T14:07:00.000Z</time>
        <extensions>
          <ns3:TrackPointExtension>
            <ns3:hr>74</ns3:hr>
          </ns3:TrackPointExtension>
        </extensions>
      </trkpt>
      <trkpt lat="49.13551527075469493865966796875" lon="6.15646638907492160797119140625">
        <ele>175.8000030517578125</ele>
        <time>2026-10-04T14:07:01.000Z</time>
        <extensions>
          <ns3:TrackPointExtension>
            <ns3:hr>74</ns3:hr>
          </ns3:TrackPointExtension>
        </extensions>
      </trkpt>
      <trkpt lat="49.135505296289920806884765625" lon="6.15647812373936176300048828125">
        <ele>175.8000030517578125</ele>
        <time>2026-10-04T14:07:02.000Z</time>
        <extensions>
          <ns3:TrackPointExtension>
            <ns3:hr>74</ns3:hr>
          </ns3:TrackPointExtension>
        </extensions>
      </trkpt>
      <trkpt lat="49.135495238006114959716796875" lon="6.15648935548961162567138671875">
        <ele>175.8000030517578125</ele>
        <time>2026-10-04T14:07:03.000Z</time>
        <extensions>
          <ns3:TrackPointExtension>
            <ns3:hr>74</ns3:hr>
          </ns3:TrackPointExtension>
        </extensions>
      </trkpt>
      <trkpt lat="49.135485850274562835693359375" lon="6.1565006710588932037353515625">
        <ele>175.8000030517578125</ele>
        <time>2026-10-04T14:07:04.000Z</time>
        <extensions>
          <ns3:TrackPointExtension>
            <ns3:hr>74</ns3:hr>
          </ns3:TrackPointExtension>
        </extensions>
      </trkpt>
      <trkpt lat="49.13547637872397899627685546875" lon="6.15651114843785762786865234375">
        <ele>175.600006103515625</ele>
        <time>2026-10-04T14:07:05.000Z</time>
        <extensions>
          <ns3:TrackPointExtension>
            <ns3:hr>74</ns3:hr>
          </ns3:TrackPointExtension>
        </extensions>
      </trkpt>
      <trkpt lat="49.13546808063983917236328125" lon="6.1565234698355197906494140625">
        <ele>175.600006103515625</ele>
        <time>2026-10-04T14:07:06.000Z</time>
        <extensions>
          <ns3:TrackPointExtension>
            <ns3:hr>74</ns3:hr>
          </ns3:TrackPointExtension>
        </extensions>
      </trkpt>
      <trkpt lat="49.13545961491763591766357421875" lon="6.1565328575670719146728515625">
        <ele>175.600006103515625</ele>
        <time>2026-10-04T14:07:07.000Z</time>
        <extensions>
          <ns3:TrackPointExtension>
            <ns3:hr>74</ns3:hr>
          </ns3:TrackPointExtension>
        </extensions>
      </trkpt>
      <trkpt lat="49.13545106537640094757080078125" lon="6.1565387248992919921875">
        <ele>175.8000030517578125</ele>
        <time>2026-10-04T14:07:08.000Z</time>
        <extensions>
          <ns3:TrackPointExtension>
            <ns3:hr>75</ns3:hr>
          </ns3:TrackPointExtension>
        </extensions>
      </trkpt>
      <trkpt lat="49.13544234819710254669189453125" lon="6.15654266439378261566162109375">
        <ele>175.600006103515625</ele>
        <time>2026-10-04T14:07:09.000Z</time>
        <extensions>
          <ns3:TrackPointExtension>
            <ns3:hr>76</ns3:hr>
          </ns3:TrackPointExtension>
        </extensions>
      </trkpt>
      <trkpt lat="49.13543513976037502288818359375" lon="6.15654869936406612396240234375">
        <ele>175.600006103515625</ele>
        <time>2026-10-04T14:07:10.000Z</time>
        <extensions>
          <ns3:TrackPointExtension>
            <ns3:hr>77</ns3:hr>
          </ns3:TrackPointExtension>
        </extensions>
      </trkpt>
      <trkpt lat="49.135427176952362060546875" lon="6.1565559916198253631591796875">
        <ele>175.600006103515625</ele>
        <time>2026-10-04T14:07:11.000Z</time>
        <extensions>
          <ns3:TrackPointExtension>
            <ns3:hr>77</ns3:hr>
          </ns3:TrackPointExtension>
        </extensions>
      </trkpt>
      <trkpt lat="49.1354152746498584747314453125" lon="6.1565673910081386566162109375">
        <ele>175.600006103515625</ele>
        <time>2026-10-04T14:07:12.000Z</time>
        <extensions>
          <ns3:TrackPointExtension>
            <ns3:hr>77</ns3:hr>
          </ns3:TrackPointExtension>
        </extensions>
      </trkpt>
      <trkpt lat="49.135403372347354888916015625" lon="6.15657920949161052703857421875">
        <ele>175.600006103515625</ele>
        <time>2026-10-04T14:07:13.000Z</time>
        <extensions>
          <ns3:TrackPointExtension>
            <ns3:hr>77</ns3:hr>
          </ns3:TrackPointExtension>
        </extensions>
      </trkpt>
      <trkpt lat="49.13539356552064418792724609375" lon="6.15659044124186038970947265625">
        <ele>175.600006103515625</ele>
        <time>2026-10-04T14:07:14.000Z</time>
        <extensions>
          <ns3:TrackPointExtension>
            <ns3:hr>77</ns3:hr>
          </ns3:TrackPointExtension>
        </extensions>
      </trkpt>
      <trkpt lat="49.1353844292461872100830078125" lon="6.1565995775163173675537109375">
        <ele>175.600006103515625</ele>
        <time>2026-10-04T14:07:15.000Z</time>
        <extensions>
          <ns3:TrackPointExtension>
            <ns3:hr>77</ns3:hr>
          </ns3:TrackPointExtension>
        </extensions>
      </trkpt>
      <trkpt lat="49.13537227548658847808837890625" lon="6.15661039017140865325927734375">
        <ele>175.600006103515625</ele>
        <time>2026-10-04T14:07:16.000Z</time>
        <extensions>
          <ns3:TrackPointExtension>
            <ns3:hr>77</ns3:hr>
          </ns3:TrackPointExtension>
        </extensions>
      </trkpt>
      <trkpt lat="49.135363139212131500244140625" lon="6.1566200293600559234619140625">
        <ele>175.600006103515625</ele>
        <time>2026-10-04T14:07:17.000Z</time>
        <extensions>
          <ns3:TrackPointExtension>
            <ns3:hr>77</ns3:hr>
          </ns3:TrackPointExtension>
        </extensions>
      </trkpt>
      <trkpt lat="49.1353509016335010528564453125" lon="6.1566312611103057861328125">
        <ele>175.600006103515625</ele>
        <time>2026-10-04T14:07:18.000Z</time>
        <extensions>
          <ns3:TrackPointExtension>
            <ns3:hr>77</ns3:hr>
          </ns3:TrackPointExtension>
        </extensions>
      </trkpt>
      <trkpt lat="49.13533841259777545928955078125" lon="6.15664106793701648712158203125">
        <ele>175.600006103515625</ele>
        <time>2026-10-04T14:07:19.000Z</time>
        <extensions>
          <ns3:TrackPointExtension>
            <ns3:hr>77</ns3:hr>
          </ns3:TrackPointExtension>
        </extensions>
      </trkpt>
      <trkpt lat="49.13532852195203304290771484375" lon="6.15665062330663204193115234375">
        <ele>175.600006103515625</ele>
        <time>2026-10-04T14:07:20.000Z</time>
        <extensions>
          <ns3:TrackPointExtension>
            <ns3:hr>77</ns3:hr>
          </ns3:TrackPointExtension>
        </extensions>
      </trkpt>
      <trkpt lat="49.13531829603016376495361328125" lon="6.156659424304962158203125">
        <ele>175.600006103515625</ele>
        <time>2026-10-04T14:07:21.000Z</time>
        <extensions>
          <ns3:TrackPointExtension>
            <ns3:hr>77</ns3:hr>
          </ns3:TrackPointExtension>
        </extensions>
      </trkpt>
      <trkpt lat="49.13531008176505565643310546875" lon="6.15666621364653110504150390625">
        <ele>175.600006103515625</ele>
        <time>2026-10-04T14:07:22.000Z</time>
        <extensions>
          <ns3:TrackPointExtension>
            <ns3:hr>77</ns3:hr>
          </ns3:TrackPointExtension>
        </extensions>
      </trkpt>
      <trkpt lat="49.13529968820512294769287109375" lon="6.15667643956840038299560546875">
        <ele>175.600006103515625</ele>
        <time>2026-10-04T14:07:23.000Z</time>
        <extensions>
          <ns3:TrackPointExtension>
            <ns3:hr>77</ns3:hr>
          </ns3:TrackPointExtension>
        </extensions>
      </trkpt>
      <trkpt lat="49.13528728298842906951904296875" lon="6.15668750368058681488037109375">
        <ele>175.600006103515625</ele>
        <time>2026-10-04T14:07:24.000Z</time>
        <extensions>
          <ns3:TrackPointExtension>
            <ns3:hr>76</ns3:hr>
          </ns3:TrackPointExtension>
        </extensions>
      </trkpt>
      <trkpt lat="49.13527672179043292999267578125" lon="6.15669856779277324676513671875">
        <ele>175.600006103515625</ele>
        <time>2026-10-04T14:07:25.000Z</time>
        <extensions>
          <ns3:TrackPointExtension>
            <ns3:hr>76</ns3:hr>
          </ns3:TrackPointExtension>
        </extensions>
      </trkpt>
      <trkpt lat="49.1352677531540393829345703125" lon="6.1567085422575473785400390625">
        <ele>175.600006103515625</ele>
        <time>2026-10-04T14:07:26.000Z</time>
        <extensions>
          <ns3:TrackPointExtension>
            <ns3:hr>76</ns3:hr>
          </ns3:TrackPointExtension>
        </extensions>
      </trkpt>
      <trkpt lat="49.1352595388889312744140625" lon="6.1567169241607189178466796875">
        <ele>175.600006103515625</ele>
        <time>2026-10-04T14:07:27.000Z</time>
        <extensions>
          <ns3:TrackPointExtension>
            <ns3:hr>76</ns3:hr>
          </ns3:TrackPointExtension>
        </extensions>
      </trkpt>
      <trkpt lat="49.1352509893476963043212890625" lon="6.156724132597446441650390625">
        <ele>175.600006103515625</ele>
        <time>2026-10-04T14:07:28.000Z</time>
        <extensions>
          <ns3:TrackPointExtension>
            <ns3:hr>76</ns3:hr>
          </ns3:TrackPointExtension>
        </extensions>
      </trkpt>
      <trkpt lat="49.13524210453033447265625" lon="6.1567299999296665191650390625">
        <ele>175.600006103515625</ele>
        <time>2026-10-04T14:07:29.000Z</time>
        <extensions>
          <ns3:TrackPointExtension>
            <ns3:hr>76</ns3:hr>
          </ns3:TrackPointExtension>
        </extensions>
      </trkpt>
      <trkpt lat="49.135232381522655487060546875" lon="6.15673645399510860443115234375">
        <ele>175.600006103515625</ele>
        <time>2026-10-04T14:07:30.000Z</time>
        <extensions>
          <ns3:TrackPointExtension>
            <ns3:hr>76</ns3:hr>
          </ns3:TrackPointExtension>
        </extensions>
      </trkpt>
      <trkpt lat="49.13522223941981792449951171875" lon="6.1567430756986141204833984375">
        <ele>175.600006103515625</ele>
        <time>2026-10-04T14:07:31.000Z</time>
        <extensions>
          <ns3:TrackPointExtension>
            <ns3:hr>75</ns3:hr>
          </ns3:TrackPointExtension>
        </extensions>
      </trkpt>
      <trkpt lat="49.13521016947925090789794921875" lon="6.1567521281540393829345703125">
        <ele>175.600006103515625</ele>
        <time>2026-10-04T14:07:32.000Z</time>
        <extensions>
          <ns3:TrackPointExtension>
            <ns3:hr>75</ns3:hr>
          </ns3:TrackPointExtension>
        </extensions>
      </trkpt>
      <trkpt lat="49.135200865566730499267578125" lon="6.15675942040979862213134765625">
        <ele>175.600006103515625</ele>
        <time>2026-10-04T14:07:33.000Z</time>
        <extensions>
          <ns3:TrackPointExtension>
            <ns3:hr>75</ns3:hr>
          </ns3:TrackPointExtension>
        </extensions>
      </trkpt>
      <trkpt lat="49.13518913090229034423828125" lon="6.15676780231297016143798828125">
        <ele>175.600006103515625</ele>
        <time>2026-10-04T14:07:34.000Z</time>
        <extensions>
          <ns3:TrackPointExtension>
            <ns3:hr>75</ns3:hr>
          </ns3:TrackPointExtension>
        </extensions>
      </trkpt>
      <trkpt lat="49.13518083281815052032470703125" lon="6.15677819587290287017822265625">
        <ele>175.600006103515625</ele>
        <time>2026-10-04T14:07:35.000Z</time>
        <extensions>
          <ns3:TrackPointExtension>
            <ns3:hr>76</ns3:hr>
          </ns3:TrackPointExtension>
        </extensions>
      </trkpt>
      <trkpt lat="49.1351732052862644195556640625" lon="6.1567880026996135711669921875">
        <ele>175.600006103515625</ele>
        <time>2026-10-04T14:07:36.000Z</time>
        <extensions>
          <ns3:TrackPointExtension>
            <ns3:hr>75</ns3:hr>
          </ns3:TrackPointExtension>
        </extensions>
      </trkpt>
      <trkpt lat="49.13516323082149028778076171875" lon="6.15679822862148284912109375">
        <ele>175.600006103515625</ele>
        <time>2026-10-04T14:07:37.000Z</time>
        <extensions>
          <ns3:TrackPointExtension>
            <ns3:hr>75</ns3:hr>
          </ns3:TrackPointExtension>
        </extensions>
      </trkpt>
      <trkpt lat="49.13515300489962100982666015625" lon="6.156809963285923004150390625">
        <ele>175.600006103515625</ele>
        <time>2026-10-04T14:07:38.000Z</time>
        <extensions>
          <ns3:TrackPointExtension>
            <ns3:hr>75</ns3:hr>
          </ns3:TrackPointExtension>
        </extensions>
      </trkpt>
      <trkpt lat="49.13514210842549800872802734375" lon="6.15682102739810943603515625">
        <ele>175.600006103515625</ele>
        <time>2026-10-04T14:07:39.000Z</time>
        <extensions>
          <ns3:TrackPointExtension>
            <ns3:hr>75</ns3:hr>
          </ns3:TrackPointExtension>
        </extensions>
      </trkpt>
      <trkpt lat="49.13513305597007274627685546875" lon="6.15683167241513729095458984375">
        <ele>175.600006103515625</ele>
        <time>2026-10-04T14:07:40.000Z</time>
        <extensions>
          <ns3:TrackPointExtension>
            <ns3:hr>75</ns3:hr>
          </ns3:TrackPointExtension>
        </extensions>
      </trkpt>
      <trkpt lat="49.13512551225721836090087890625" lon="6.1568399704992771148681640625">
        <ele>175.600006103515625</ele>
        <time>2026-10-04T14:07:41.000Z</time>
        <extensions>
          <ns3:TrackPointExtension>
            <ns3:hr>75</ns3:hr>
          </ns3:TrackPointExtension>
        </extensions>
      </trkpt>
      <trkpt lat="49.13511645980179309844970703125" lon="6.15684877149760723114013671875">
        <ele>175.600006103515625</ele>
        <time>2026-10-04T14:07:42.000Z</time>
        <extensions>
          <ns3:TrackPointExtension>
            <ns3:hr>75</ns3:hr>
          </ns3:TrackPointExtension>
        </extensions>
      </trkpt>
      <trkpt lat="49.1351048089563846588134765625" lon="6.15686084143817424774169921875">
        <ele>175.600006103515625</ele>
        <time>2026-10-04T14:07:43.000Z</time>
        <extensions>
          <ns3:TrackPointExtension>
            <ns3:hr>75</ns3:hr>
          </ns3:TrackPointExtension>
        </extensions>
      </trkpt>
      <trkpt lat="49.13509416393935680389404296875" lon="6.15687106736004352569580078125">
        <ele>175.600006103515625</ele>
        <time>2026-10-04T14:07:44.000Z</time>
        <extensions>
          <ns3:TrackPointExtension>
            <ns3:hr>76</ns3:hr>
          </ns3:TrackPointExtension>
        </extensions>
      </trkpt>
      <trkpt lat="49.13508494384586811065673828125" lon="6.15687944926321506500244140625">
        <ele>175.600006103515625</ele>
        <time>2026-10-04T14:07:45.000Z</time>
        <extensions>
          <ns3:TrackPointExtension>
            <ns3:hr>75</ns3:hr>
          </ns3:TrackPointExtension>
        </extensions>
      </trkpt>
      <trkpt lat="49.13507471792399883270263671875" lon="6.156890094280242919921875">
        <ele>175.399993896484375</ele>
        <time>2026-10-04T14:07:46.000Z</time>
        <extensions>
          <ns3:TrackPointExtension>
            <ns3:hr>75</ns3:hr>
          </ns3:TrackPointExtension>
        </extensions>
      </trkpt>
      <trkpt lat="49.13506440818309783935546875" lon="6.15689612925052642822265625">
        <ele>175.399993896484375</ele>
        <time>2026-10-04T14:07:47.000Z</time>
        <extensions>
          <ns3:TrackPointExtension>
            <ns3:hr>75</ns3:hr>
          </ns3:TrackPointExtension>
        </extensions>
      </trkpt>
      <trkpt lat="49.1350551880896091461181640625" lon="6.15690191276371479034423828125">
        <ele>175.399993896484375</ele>
        <time>2026-10-04T14:07:48.000Z</time>
        <extensions>
          <ns3:TrackPointExtension>
            <ns3:hr>75</ns3:hr>
          </ns3:TrackPointExtension>
        </extensions>
      </trkpt>
      <trkpt lat="49.135045967996120452880859375" lon="6.15690778009593486785888671875">
        <ele>175.600006103515625</ele>
        <time>2026-10-04T14:07:49.000Z</time>
        <extensions>
          <ns3:TrackPointExtension>
            <ns3:hr>74</ns3:hr>
          </ns3:TrackPointExtension>
        </extensions>
      </trkpt>
      <trkpt lat="49.13503750227391719818115234375" lon="6.15691347979009151458740234375">
        <ele>175.600006103515625</ele>
        <time>2026-10-04T14:07:50.000Z</time>
        <extensions>
          <ns3:TrackPointExtension>
            <ns3:hr>73</ns3:hr>
          </ns3:TrackPointExtension>
        </extensions>
      </trkpt>
      <trkpt lat="49.135028533637523651123046875" lon="6.15692186169326305389404296875">
        <ele>175.600006103515625</ele>
        <time>2026-10-04T14:07:51.000Z</time>
        <extensions>
          <ns3:TrackPointExtension>
            <ns3:hr>73</ns3:hr>
          </ns3:TrackPointExtension>
        </extensions>
      </trkpt>
      <trkpt lat="49.13501772098243236541748046875" lon="6.15693041123449802398681640625">
        <ele>175.600006103515625</ele>
        <time>2026-10-04T14:07:52.000Z</time>
        <extensions>
          <ns3:TrackPointExtension>
            <ns3:hr>73</ns3:hr>
          </ns3:TrackPointExtension>
        </extensions>
      </trkpt>
      <trkpt lat="49.13500615395605564117431640625" lon="6.156938709318637847900390625">
        <ele>175.600006103515625</ele>
        <time>2026-10-04T14:07:53.000Z</time>
        <extensions>
          <ns3:TrackPointExtension>
            <ns3:hr>73</ns3:hr>
          </ns3:TrackPointExtension>
        </extensions>
      </trkpt>
      <trkpt lat="49.1349938325583934783935546875" lon="6.15695052780210971832275390625">
        <ele>175.8000030517578125</ele>
        <time>2026-10-04T14:07:54.000Z</time>
        <extensions>
          <ns3:TrackPointExtension>
            <ns3:hr>73</ns3:hr>
          </ns3:TrackPointExtension>
        </extensions>
      </trkpt>
      <trkpt lat="49.134984277188777923583984375" lon="6.1569613404572010040283203125">
        <ele>175.8000030517578125</ele>
        <time>2026-10-04T14:07:55.000Z</time>
        <extensions>
          <ns3:TrackPointExtension>
            <ns3:hr>73</ns3:hr>
          </ns3:TrackPointExtension>
        </extensions>
      </trkpt>
      <trkpt lat="49.13497614674270153045654296875" lon="6.15697366185486316680908203125">
        <ele>175.8000030517578125</ele>
        <time>2026-10-04T14:07:56.000Z</time>
        <extensions>
          <ns3:TrackPointExtension>
            <ns3:hr>73</ns3:hr>
          </ns3:TrackPointExtension>
        </extensions>
      </trkpt>
      <trkpt lat="49.1349656693637371063232421875" lon="6.15698539651930332183837890625">
        <ele>175.8000030517578125</ele>
        <time>2026-10-04T14:07:57.000Z</time>
        <extensions>
          <ns3:TrackPointExtension>
            <ns3:hr>72</ns3:hr>
          </ns3:TrackPointExtension>
        </extensions>
      </trkpt>
      <trkpt lat="49.1349564492702484130859375" lon="6.15699629299342632293701171875">
        <ele>175.8000030517578125</ele>
        <time>2026-10-04T14:07:58.000Z</time>
        <extensions>
          <ns3:TrackPointExtension>
            <ns3:hr>72</ns3:hr>
          </ns3:TrackPointExtension>
        </extensions>
      </trkpt>
      <trkpt lat="49.1349484026432037353515625" lon="6.1570076085627079010009765625">
        <ele>175.8000030517578125</ele>
        <time>2026-10-04T14:07:59.000Z</time>
        <extensions>
          <ns3:TrackPointExtension>
            <ns3:hr>72</ns3:hr>
          </ns3:TrackPointExtension>
        </extensions>
      </trkpt>
      <trkpt lat="49.13493608124554157257080078125" lon="6.157019846141338348388671875">
        <ele>175.8000030517578125</ele>
        <time>2026-10-04T14:08:00.000Z</time>
        <extensions>
          <ns3:TrackPointExtension>
            <ns3:hr>72</ns3:hr>
          </ns3:TrackPointExtension>
        </extensions>
      </trkpt>
      <trkpt lat="49.1349240951240062713623046875" lon="6.1570322513580322265625">
        <ele>175.8000030517578125</ele>
        <time>2026-10-04T14:08:01.000Z</time>
        <extensions>
          <ns3:TrackPointExtension>
            <ns3:hr>73</ns3:hr>
          </ns3:TrackPointExtension>
        </extensions>
      </trkpt>
      <trkpt lat="49.13491227664053440093994140625" lon="6.15704373456537723541259765625">
        <ele>175.600006103515625</ele>
        <time>2026-10-04T14:08:02.000Z</time>
        <extensions>
          <ns3:TrackPointExtension>
            <ns3:hr>72</ns3:hr>
          </ns3:TrackPointExtension>
        </extensions>
      </trkpt>
      <trkpt lat="49.13490347564220428466796875" lon="6.15704993717372417449951171875">
        <ele>175.600006103515625</ele>
        <time>2026-10-04T14:08:03.000Z</time>
        <extensions>
          <ns3:TrackPointExtension>
            <ns3:hr>72</ns3:hr>
          </ns3:TrackPointExtension>
        </extensions>
      </trkpt>
      <trkpt lat="49.1348949261009693145751953125" lon="6.15705546922981739044189453125">
        <ele>175.600006103515625</ele>
        <time>2026-10-04T14:08:04.000Z</time>
        <extensions>
          <ns3:TrackPointExtension>
            <ns3:hr>72</ns3:hr>
          </ns3:TrackPointExtension>
        </extensions>
      </trkpt>
      <trkpt lat="49.13488813675940036773681640625" lon="6.15705915726721286773681640625">
        <ele>175.600006103515625</ele>
        <time>2026-10-04T14:08:05.000Z</time>
        <extensions>
          <ns3:TrackPointExtension>
            <ns3:hr>72</ns3:hr>
          </ns3:TrackPointExtension>
        </extensions>
      </trkpt>
      <trkpt lat="49.13487774319946765899658203125" lon="6.157066114246845245361328125">
        <ele>175.399993896484375</ele>
        <time>2026-10-04T14:08:06.000Z</time>
        <extensions>
          <ns3:TrackPointExtension>
            <ns3:hr>72</ns3:hr>
          </ns3:TrackPointExtension>
        </extensions>
      </trkpt>
      <trkpt lat="49.134865589439868927001953125" lon="6.15707449615001678466796875">
        <ele>175.399993896484375</ele>
        <time>2026-10-04T14:08:07.000Z</time>
        <extensions>
          <ns3:TrackPointExtension>
            <ns3:hr>72</ns3:hr>
          </ns3:TrackPointExtension>
        </extensions>
      </trkpt>
      <trkpt lat="49.1348567046225070953369140625" lon="6.15708254277706146240234375">
        <ele>175.399993896484375</ele>
        <time>2026-10-04T14:08:08.000Z</time>
        <extensions>
          <ns3:TrackPointExtension>
            <ns3:hr>72</ns3:hr>
          </ns3:TrackPointExtension>
        </extensions>
      </trkpt>
      <trkpt lat="49.13484555669128894805908203125" lon="6.157088913023471832275390625">
        <ele>175.399993896484375</ele>
        <time>2026-10-04T14:08:09.000Z</time>
        <extensions>
          <ns3:TrackPointExtension>
            <ns3:hr>72</ns3:hr>
          </ns3:TrackPointExtension>
        </extensions>
      </trkpt>
      <trkpt lat="49.1348382644355297088623046875" lon="6.1570961214601993560791015625">
        <ele>175.399993896484375</ele>
        <time>2026-10-04T14:08:10.000Z</time>
        <extensions>
          <ns3:TrackPointExtension>
            <ns3:hr>72</ns3:hr>
          </ns3:TrackPointExtension>
        </extensions>
      </trkpt>
      <trkpt lat="49.13482828997075557708740234375" lon="6.15710802376270294189453125">
        <ele>175.399993896484375</ele>
        <time>2026-10-04T14:08:11.000Z</time>
        <extensions>
          <ns3:TrackPointExtension>
            <ns3:hr>72</ns3:hr>
          </ns3:TrackPointExtension>
        </extensions>
      </trkpt>
      <trkpt lat="49.13481856696307659149169921875" lon="6.15712235681712627410888671875">
        <ele>175.399993896484375</ele>
        <time>2026-10-04T14:08:12.000Z</time>
        <extensions>
          <ns3:TrackPointExtension>
            <ns3:hr>72</ns3:hr>
          </ns3:TrackPointExtension>
        </extensions>
      </trkpt>
      <trkpt lat="49.134809263050556182861328125" lon="6.1571336723864078521728515625">
        <ele>175.399993896484375</ele>
        <time>2026-10-04T14:08:13.000Z</time>
        <extensions>
          <ns3:TrackPointExtension>
            <ns3:hr>73</ns3:hr>
          </ns3:TrackPointExtension>
        </extensions>
      </trkpt>
      <trkpt lat="49.13480096496641635894775390625" lon="6.1571437306702136993408203125">
        <ele>175.1999969482421875</ele>
        <time>2026-10-04T14:08:14.000Z</time>
        <extensions>
          <ns3:TrackPointExtension>
            <ns3:hr>72</ns3:hr>
          </ns3:TrackPointExtension>
        </extensions>
      </trkpt>
      <trkpt lat="49.13479258306324481964111328125" lon="6.15715630352497100830078125">
        <ele>175.1999969482421875</ele>
        <time>2026-10-04T14:08:15.000Z</time>
        <extensions>
          <ns3:TrackPointExtension>
            <ns3:hr>72</ns3:hr>
          </ns3:TrackPointExtension>
        </extensions>
      </trkpt>
      <trkpt lat="49.13478353060781955718994140625" lon="6.157166026532649993896484375">
        <ele>175.1999969482421875</ele>
        <time>2026-10-04T14:08:16.000Z</time>
        <extensions>
          <ns3:TrackPointExtension>
            <ns3:hr>73</ns3:hr>
          </ns3:TrackPointExtension>
        </extensions>
      </trkpt>
      <trkpt lat="49.13477447815239429473876953125" lon="6.15717776119709014892578125">
        <ele>175.1999969482421875</ele>
        <time>2026-10-04T14:08:17.000Z</time>
        <extensions>
          <ns3:TrackPointExtension>
            <ns3:hr>73</ns3:hr>
          </ns3:TrackPointExtension>
        </extensions>
      </trkpt>
      <trkpt lat="49.1347651742398738861083984375" lon="6.1571863107383251190185546875">
        <ele>175.1999969482421875</ele>
        <time>2026-10-04T14:08:18.000Z</time>
        <extensions>
          <ns3:TrackPointExtension>
            <ns3:hr>73</ns3:hr>
          </ns3:TrackPointExtension>
        </extensions>
      </trkpt>
      <trkpt lat="49.13475436158478260040283203125" lon="6.15719259716570377349853515625">
        <ele>175.1999969482421875</ele>
        <time>2026-10-04T14:08:19.000Z</time>
        <extensions>
          <ns3:TrackPointExtension>
            <ns3:hr>73</ns3:hr>
          </ns3:TrackPointExtension>
        </extensions>
      </trkpt>
      <trkpt lat="49.13474178873002529144287109375" lon="6.15720190107822418212890625">
        <ele>175.1999969482421875</ele>
        <time>2026-10-04T14:08:20.000Z</time>
        <extensions>
          <ns3:TrackPointExtension>
            <ns3:hr>74</ns3:hr>
          </ns3:TrackPointExtension>
        </extensions>
      </trkpt>
      <trkpt lat="49.1347306407988071441650390625" lon="6.15720801986753940582275390625">
        <ele>175.399993896484375</ele>
        <time>2026-10-04T14:08:21.000Z</time>
        <extensions>
          <ns3:TrackPointExtension>
            <ns3:hr>75</ns3:hr>
          </ns3:TrackPointExtension>
        </extensions>
      </trkpt>
      <trkpt lat="49.13471999578177928924560546875" lon="6.15721355192363262176513671875">
        <ele>175.399993896484375</ele>
        <time>2026-10-04T14:08:22.000Z</time>
        <extensions>
          <ns3:TrackPointExtension>
            <ns3:hr>76</ns3:hr>
          </ns3:TrackPointExtension>
        </extensions>
      </trkpt>
      <trkpt lat="49.134712703526020050048828125" lon="6.1572138033807277679443359375">
        <ele>175.600006103515625</ele>
        <time>2026-10-04T14:08:23.000Z</time>
        <extensions>
          <ns3:TrackPointExtension>
            <ns3:hr>75</ns3:hr>
          </ns3:TrackPointExtension>
        </extensions>
      </trkpt>
      <trkpt lat="49.13470759056508541107177734375" lon="6.15721405483782291412353515625">
        <ele>175.600006103515625</ele>
        <time>2026-10-04T14:08:24.000Z</time>
        <extensions>
          <ns3:TrackPointExtension>
            <ns3:hr>75</ns3:hr>
          </ns3:TrackPointExtension>
        </extensions>
      </trkpt>
      <trkpt lat="49.13470557890832424163818359375" lon="6.15721489302814006805419921875">
        <ele>175.600006103515625</ele>
        <time>2026-10-04T14:08:25.000Z</time>
        <extensions>
          <ns3:TrackPointExtension>
            <ns3:hr>75</ns3:hr>
          </ns3:TrackPointExtension>
        </extensions>
      </trkpt>
      <trkpt lat="49.13470557890832424163818359375" lon="6.15721489302814006805419921875">
        <ele>175.600006103515625</ele>
        <time>2026-10-04T14:08:26.000Z</time>
        <extensions>
          <ns3:TrackPointExtension>
            <ns3:hr>76</ns3:hr>
          </ns3:TrackPointExtension>
        </extensions>
      </trkpt>
      <trkpt lat="49.13470557890832424163818359375" lon="6.15721489302814006805419921875">
        <ele>175.600006103515625</ele>
        <time>2026-10-04T14:08:27.000Z</time>
        <extensions>
          <ns3:TrackPointExtension>
            <ns3:hr>75</ns3:hr>
          </ns3:TrackPointExtension>
        </extensions>
      </trkpt>
      <trkpt lat="49.13470557890832424163818359375" lon="6.15721489302814006805419921875">
        <ele>175.600006103515625</ele>
        <time>2026-10-04T14:08:28.000Z</time>
        <extensions>
          <ns3:TrackPointExtension>
            <ns3:hr>75</ns3:hr>
          </ns3:TrackPointExtension>
        </extensions>
      </trkpt>
      <trkpt lat="49.13470557890832424163818359375" lon="6.15721489302814006805419921875">
        <ele>175.600006103515625</ele>
        <time>2026-10-04T14:08:29.000Z</time>
        <extensions>
          <ns3:TrackPointExtension>
            <ns3:hr>75</ns3:hr>
          </ns3:TrackPointExtension>
        </extensions>
      </trkpt>
      <trkpt lat="49.13470557890832424163818359375" lon="6.15721489302814006805419921875">
        <ele>175.600006103515625</ele>
        <time>2026-10-04T14:08:30.000Z</time>
        <extensions>
          <ns3:TrackPointExtension>
            <ns3:hr>75</ns3:hr>
          </ns3:TrackPointExtension>
        </extensions>
      </trkpt>
      <trkpt lat="49.13470557890832424163818359375" lon="6.15721489302814006805419921875">
        <ele>175.600006103515625</ele>
        <time>2026-10-04T14:08:31.000Z</time>
        <extensions>
          <ns3:TrackPointExtension>
            <ns3:hr>76</ns3:hr>
          </ns3:TrackPointExtension>
        </extensions>
      </trkpt>
      <trkpt lat="49.1347051598131656646728515625" lon="6.157214641571044921875">
        <ele>175.600006103515625</ele>
        <time>2026-10-04T14:08:32.000Z</time>
        <extensions>
          <ns3:TrackPointExtension>
            <ns3:hr>76</ns3:hr>
          </ns3:TrackPointExtension>
        </extensions>
      </trkpt>
      <trkpt lat="49.13469702936708927154541015625" lon="6.15721975453197956085205078125">
        <ele>175.600006103515625</ele>
        <time>2026-10-04T14:08:33.000Z</time>
        <extensions>
          <ns3:TrackPointExtension>
            <ns3:hr>77</ns3:hr>
          </ns3:TrackPointExtension>
        </extensions>
      </trkpt>
      <trkpt lat="49.13468680344521999359130859375" lon="6.15722830407321453094482421875">
        <ele>175.600006103515625</ele>
        <time>2026-10-04T14:08:34.000Z</time>
        <extensions>
          <ns3:TrackPointExtension>
            <ns3:hr>77</ns3:hr>
          </ns3:TrackPointExtension>
        </extensions>
      </trkpt>
      <trkpt lat="49.1346806846559047698974609375" lon="6.157237775623798370361328125">
        <ele>175.600006103515625</ele>
        <time>2026-10-04T14:08:35.000Z</time>
        <extensions>
          <ns3:TrackPointExtension>
            <ns3:hr>77</ns3:hr>
          </ns3:TrackPointExtension>
        </extensions>
      </trkpt>
      <trkpt lat="49.13467741571366786956787109375" lon="6.1572523601353168487548828125">
        <ele>175.600006103515625</ele>
        <time>2026-10-04T14:08:36.000Z</time>
        <extensions>
          <ns3:TrackPointExtension>
            <ns3:hr>77</ns3:hr>
          </ns3:TrackPointExtension>
        </extensions>
      </trkpt>
      <trkpt lat="49.1346749849617481231689453125" lon="6.15726736374199390411376953125">
        <ele>175.600006103515625</ele>
        <time>2026-10-04T14:08:37.000Z</time>
        <extensions>
          <ns3:TrackPointExtension>
            <ns3:hr>77</ns3:hr>
          </ns3:TrackPointExtension>
        </extensions>
      </trkpt>
      <trkpt lat="49.134676158428192138671875" lon="6.157278008759021759033203125">
        <ele>175.600006103515625</ele>
        <time>2026-10-04T14:08:38.000Z</time>
        <extensions>
          <ns3:TrackPointExtension>
            <ns3:hr>77</ns3:hr>
          </ns3:TrackPointExtension>
        </extensions>
      </trkpt>
      <trkpt lat="49.134675152599811553955078125" lon="6.15729083307087421417236328125">
        <ele>175.600006103515625</ele>
        <time>2026-10-04T14:08:39.000Z</time>
        <extensions>
          <ns3:TrackPointExtension>
            <ns3:hr>77</ns3:hr>
          </ns3:TrackPointExtension>
        </extensions>
      </trkpt>
      <trkpt lat="49.13467372767627239227294921875" lon="6.157304830849170684814453125">
        <ele>175.600006103515625</ele>
        <time>2026-10-04T14:08:40.000Z</time>
        <extensions>
          <ns3:TrackPointExtension>
            <ns3:hr>76</ns3:hr>
          </ns3:TrackPointExtension>
        </extensions>
      </trkpt>
      <trkpt lat="49.13467238657176494598388671875" lon="6.15731723606586456298828125">
        <ele>175.600006103515625</ele>
        <time>2026-10-04T14:08:41.000Z</time>
        <extensions>
          <ns3:TrackPointExtension>
            <ns3:hr>76</ns3:hr>
          </ns3:TrackPointExtension>
        </extensions>
      </trkpt>
      <trkpt lat="49.13467037491500377655029296875" lon="6.15732788108289241790771484375">
        <ele>175.600006103515625</ele>
        <time>2026-10-04T14:08:42.000Z</time>
        <extensions>
          <ns3:TrackPointExtension>
            <ns3:hr>76</ns3:hr>
          </ns3:TrackPointExtension>
        </extensions>
      </trkpt>
      <trkpt lat="49.134666435420513153076171875" lon="6.157339029014110565185546875">
        <ele>175.600006103515625</ele>
        <time>2026-10-04T14:08:43.000Z</time>
        <extensions>
          <ns3:TrackPointExtension>
            <ns3:hr>76</ns3:hr>
          </ns3:TrackPointExtension>
        </extensions>
      </trkpt>
      <trkpt lat="49.134659729897975921630859375" lon="6.15735084749758243560791015625">
        <ele>175.600006103515625</ele>
        <time>2026-10-04T14:08:44.000Z</time>
        <extensions>
          <ns3:TrackPointExtension>
            <ns3:hr>76</ns3:hr>
          </ns3:TrackPointExtension>
        </extensions>
      </trkpt>
      <trkpt lat="49.1346506774425506591796875" lon="6.1573623307049274444580078125">
        <ele>175.600006103515625</ele>
        <time>2026-10-04T14:08:45.000Z</time>
        <extensions>
          <ns3:TrackPointExtension>
            <ns3:hr>76</ns3:hr>
          </ns3:TrackPointExtension>
        </extensions>
      </trkpt>
      <trkpt lat="49.1346431337296962738037109375" lon="6.15737414918839931488037109375">
        <ele>175.600006103515625</ele>
        <time>2026-10-04T14:08:46.000Z</time>
        <extensions>
          <ns3:TrackPointExtension>
            <ns3:hr>75</ns3:hr>
          </ns3:TrackPointExtension>
        </extensions>
      </trkpt>
      <trkpt lat="49.134636931121349334716796875" lon="6.15738756023347377777099609375">
        <ele>175.600006103515625</ele>
        <time>2026-10-04T14:08:47.000Z</time>
        <extensions>
          <ns3:TrackPointExtension>
            <ns3:hr>70</ns3:hr>
          </ns3:TrackPointExtension>
        </extensions>
      </trkpt>
      <trkpt lat="49.13463148288428783416748046875" lon="6.15739795379340648651123046875">
        <ele>175.399993896484375</ele>
        <time>2026-10-04T14:08:48.000Z</time>
        <extensions>
          <ns3:TrackPointExtension>
            <ns3:hr>68</ns3:hr>
          </ns3:TrackPointExtension>
        </extensions>
      </trkpt>
      <trkpt lat="49.1346273757517337799072265625" lon="6.1574099399149417877197265625">
        <ele>175.600006103515625</ele>
        <time>2026-10-04T14:08:49.000Z</time>
        <extensions>
          <ns3:TrackPointExtension>
            <ns3:hr>68</ns3:hr>
          </ns3:TrackPointExtension>
        </extensions>
      </trkpt>
      <trkpt lat="49.13462276570498943328857421875" lon="6.1574213393032550811767578125">
        <ele>175.600006103515625</ele>
        <time>2026-10-04T14:08:50.000Z</time>
        <extensions>
          <ns3:TrackPointExtension>
            <ns3:hr>67</ns3:hr>
          </ns3:TrackPointExtension>
        </extensions>
      </trkpt>
      <trkpt lat="49.1346189938485622406005859375" lon="6.15743458271026611328125">
        <ele>175.600006103515625</ele>
        <time>2026-10-04T14:08:51.000Z</time>
        <extensions>
          <ns3:TrackPointExtension>
            <ns3:hr>67</ns3:hr>
          </ns3:TrackPointExtension>
        </extensions>
      </trkpt>
      <trkpt lat="49.1346156410872936248779296875" lon="6.157449670135974884033203125">
        <ele>175.600006103515625</ele>
        <time>2026-10-04T14:08:52.000Z</time>
        <extensions>
          <ns3:TrackPointExtension>
            <ns3:hr>67</ns3:hr>
          </ns3:TrackPointExtension>
        </extensions>
      </trkpt>
      <trkpt lat="49.134614467620849609375" lon="6.1574635840952396392822265625">
        <ele>175.600006103515625</ele>
        <time>2026-10-04T14:08:53.000Z</time>
        <extensions>
          <ns3:TrackPointExtension>
            <ns3:hr>67</ns3:hr>
          </ns3:TrackPointExtension>
        </extensions>
      </trkpt>
      <trkpt lat="49.13461723364889621734619140625" lon="6.157479174435138702392578125">
        <ele>175.399993896484375</ele>
        <time>2026-10-04T14:08:54.000Z</time>
        <extensions>
          <ns3:TrackPointExtension>
            <ns3:hr>66</ns3:hr>
          </ns3:TrackPointExtension>
        </extensions>
      </trkpt>
      <trkpt lat="49.13462058641016483306884765625" lon="6.157496273517608642578125">
        <ele>175.399993896484375</ele>
        <time>2026-10-04T14:08:55.000Z</time>
        <extensions>
          <ns3:TrackPointExtension>
            <ns3:hr>66</ns3:hr>
          </ns3:TrackPointExtension>
        </extensions>
      </trkpt>
      <trkpt lat="49.134625531733036041259765625" lon="6.15751035511493682861328125">
        <ele>175.1999969482421875</ele>
        <time>2026-10-04T14:08:56.000Z</time>
        <extensions>
          <ns3:TrackPointExtension>
            <ns3:hr>66</ns3:hr>
          </ns3:TrackPointExtension>
        </extensions>
      </trkpt>
      <trkpt lat="49.1346297226846218109130859375" lon="6.1575246043503284454345703125">
        <ele>175.1999969482421875</ele>
        <time>2026-10-04T14:08:57.000Z</time>
        <extensions>
          <ns3:TrackPointExtension>
            <ns3:hr>66</ns3:hr>
          </ns3:TrackPointExtension>
        </extensions>
      </trkpt>
      <trkpt lat="49.134633578360080718994140625" lon="6.15754027850925922393798828125">
        <ele>175.1999969482421875</ele>
        <time>2026-10-04T14:08:58.000Z</time>
        <extensions>
          <ns3:TrackPointExtension>
            <ns3:hr>66</ns3:hr>
          </ns3:TrackPointExtension>
        </extensions>
      </trkpt>
      <trkpt lat="49.1346364282071590423583984375" lon="6.15755352191627025604248046875">
        <ele>175.1999969482421875</ele>
        <time>2026-10-04T14:08:59.000Z</time>
        <extensions>
          <ns3:TrackPointExtension>
            <ns3:hr>66</ns3:hr>
          </ns3:TrackPointExtension>
        </extensions>
      </trkpt>
      <trkpt lat="49.13463869132101535797119140625" lon="6.15756693296134471893310546875">
        <ele>175.1999969482421875</ele>
        <time>2026-10-04T14:09:00.000Z</time>
        <extensions>
          <ns3:TrackPointExtension>
            <ns3:hr>66</ns3:hr>
          </ns3:TrackPointExtension>
        </extensions>
      </trkpt>
      <trkpt lat="49.13464196026325225830078125" lon="6.1575819365680217742919921875">
        <ele>175.1999969482421875</ele>
        <time>2026-10-04T14:09:01.000Z</time>
        <extensions>
          <ns3:TrackPointExtension>
            <ns3:hr>66</ns3:hr>
          </ns3:TrackPointExtension>
        </extensions>
      </trkpt>
      <trkpt lat="49.13464732468128204345703125" lon="6.1575966887176036834716796875">
        <ele>175</ele>
        <time>2026-10-04T14:09:02.000Z</time>
        <extensions>
          <ns3:TrackPointExtension>
            <ns3:hr>66</ns3:hr>
          </ns3:TrackPointExtension>
        </extensions>
      </trkpt>
      <trkpt lat="49.13465176708996295928955078125" lon="6.15760917775332927703857421875">
        <ele>175</ele>
        <time>2026-10-04T14:09:03.000Z</time>
        <extensions>
          <ns3:TrackPointExtension>
            <ns3:hr>67</ns3:hr>
          </ns3:TrackPointExtension>
        </extensions>
      </trkpt>
      <trkpt lat="49.13465562276542186737060546875" lon="6.15762359462678432464599609375">
        <ele>175</ele>
        <time>2026-10-04T14:09:04.000Z</time>
        <extensions>
          <ns3:TrackPointExtension>
            <ns3:hr>66</ns3:hr>
          </ns3:TrackPointExtension>
        </extensions>
      </trkpt>
      <trkpt lat="49.1346598975360393524169921875" lon="6.1576375924050807952880859375">
        <ele>175.1999969482421875</ele>
        <time>2026-10-04T14:09:05.000Z</time>
        <extensions>
          <ns3:TrackPointExtension>
            <ns3:hr>66</ns3:hr>
          </ns3:TrackPointExtension>
        </extensions>
      </trkpt>
      <trkpt lat="49.134663753211498260498046875" lon="6.157649494707584381103515625">
        <ele>175.1999969482421875</ele>
        <time>2026-10-04T14:09:06.000Z</time>
        <extensions>
          <ns3:TrackPointExtension>
            <ns3:hr>67</ns3:hr>
          </ns3:TrackPointExtension>
        </extensions>
      </trkpt>
      <trkpt lat="49.13466618396341800689697265625" lon="6.15766055881977081298828125">
        <ele>175.1999969482421875</ele>
        <time>2026-10-04T14:09:07.000Z</time>
        <extensions>
          <ns3:TrackPointExtension>
            <ns3:hr>67</ns3:hr>
          </ns3:TrackPointExtension>
        </extensions>
      </trkpt>
      <trkpt lat="49.13466853089630603790283203125" lon="6.15767405368387699127197265625">
        <ele>175.1999969482421875</ele>
        <time>2026-10-04T14:09:08.000Z</time>
        <extensions>
          <ns3:TrackPointExtension>
            <ns3:hr>67</ns3:hr>
          </ns3:TrackPointExtension>
        </extensions>
      </trkpt>
      <trkpt lat="49.1346723027527332305908203125" lon="6.15768738090991973876953125">
        <ele>175.1999969482421875</ele>
        <time>2026-10-04T14:09:09.000Z</time>
        <extensions>
          <ns3:TrackPointExtension>
            <ns3:hr>67</ns3:hr>
          </ns3:TrackPointExtension>
        </extensions>
      </trkpt>
      <trkpt lat="49.134677164256572723388671875" lon="6.1577023006975650787353515625">
        <ele>175.1999969482421875</ele>
        <time>2026-10-04T14:09:10.000Z</time>
        <extensions>
          <ns3:TrackPointExtension>
            <ns3:hr>67</ns3:hr>
          </ns3:TrackPointExtension>
        </extensions>
      </trkpt>
      <trkpt lat="49.134680517017841339111328125" lon="6.15771562792360782623291015625">
        <ele>175.1999969482421875</ele>
        <time>2026-10-04T14:09:11.000Z</time>
        <extensions>
          <ns3:TrackPointExtension>
            <ns3:hr>67</ns3:hr>
          </ns3:TrackPointExtension>
        </extensions>
      </trkpt>
      <trkpt lat="49.134683869779109954833984375" lon="6.1577274464070796966552734375">
        <ele>175.1999969482421875</ele>
        <time>2026-10-04T14:09:12.000Z</time>
        <extensions>
          <ns3:TrackPointExtension>
            <ns3:hr>67</ns3:hr>
          </ns3:TrackPointExtension>
        </extensions>
      </trkpt>
      <trkpt lat="49.1346863843500614166259765625" lon="6.157736666500568389892578125">
        <ele>175.1999969482421875</ele>
        <time>2026-10-04T14:09:13.000Z</time>
        <extensions>
          <ns3:TrackPointExtension>
            <ns3:hr>67</ns3:hr>
          </ns3:TrackPointExtension>
        </extensions>
      </trkpt>
      <trkpt lat="49.13468948565423488616943359375" lon="6.15774865262210369110107421875">
        <ele>175.1999969482421875</ele>
        <time>2026-10-04T14:09:14.000Z</time>
        <extensions>
          <ns3:TrackPointExtension>
            <ns3:hr>67</ns3:hr>
          </ns3:TrackPointExtension>
        </extensions>
      </trkpt>
      <trkpt lat="49.134692251682281494140625" lon="6.157760135829448699951171875">
        <ele>175.1999969482421875</ele>
        <time>2026-10-04T14:09:15.000Z</time>
        <extensions>
          <ns3:TrackPointExtension>
            <ns3:hr>67</ns3:hr>
          </ns3:TrackPointExtension>
        </extensions>
      </trkpt>
      <trkpt lat="49.13469401188194751739501953125" lon="6.15777413360774517059326171875">
        <ele>175.1999969482421875</ele>
        <time>2026-10-04T14:09:16.000Z</time>
        <extensions>
          <ns3:TrackPointExtension>
            <ns3:hr>67</ns3:hr>
          </ns3:TrackPointExtension>
        </extensions>
      </trkpt>
      <trkpt lat="49.13469769991934299468994140625" lon="6.1577884666621685028076171875">
        <ele>175.1999969482421875</ele>
        <time>2026-10-04T14:09:17.000Z</time>
        <extensions>
          <ns3:TrackPointExtension>
            <ns3:hr>66</ns3:hr>
          </ns3:TrackPointExtension>
        </extensions>
      </trkpt>
      <trkpt lat="49.1347018070518970489501953125" lon="6.15780447609722614288330078125">
        <ele>175.1999969482421875</ele>
        <time>2026-10-04T14:09:18.000Z</time>
        <extensions>
          <ns3:TrackPointExtension>
            <ns3:hr>66</ns3:hr>
          </ns3:TrackPointExtension>
        </extensions>
      </trkpt>
      <trkpt lat="49.13470608182251453399658203125" lon="6.1578213237226009368896484375">
        <ele>175.1999969482421875</ele>
        <time>2026-10-04T14:09:19.000Z</time>
        <extensions>
          <ns3:TrackPointExtension>
            <ns3:hr>65</ns3:hr>
          </ns3:TrackPointExtension>
        </extensions>
      </trkpt>
      <trkpt lat="49.13470926694571971893310546875" lon="6.15783783607184886932373046875">
        <ele>175.1999969482421875</ele>
        <time>2026-10-04T14:09:20.000Z</time>
        <extensions>
          <ns3:TrackPointExtension>
            <ns3:hr>65</ns3:hr>
          </ns3:TrackPointExtension>
        </extensions>
      </trkpt>
      <trkpt lat="49.13471303880214691162109375" lon="6.15785392932593822479248046875">
        <ele>175.1999969482421875</ele>
        <time>2026-10-04T14:09:21.000Z</time>
        <extensions>
          <ns3:TrackPointExtension>
            <ns3:hr>65</ns3:hr>
          </ns3:TrackPointExtension>
        </extensions>
      </trkpt>
      <trkpt lat="49.13471647538244724273681640625" lon="6.15787102840840816497802734375">
        <ele>175.1999969482421875</ele>
        <time>2026-10-04T14:09:22.000Z</time>
        <extensions>
          <ns3:TrackPointExtension>
            <ns3:hr>65</ns3:hr>
          </ns3:TrackPointExtension>
        </extensions>
      </trkpt>
      <trkpt lat="49.1347205825150012969970703125" lon="6.157885529100894927978515625">
        <ele>175.1999969482421875</ele>
        <time>2026-10-04T14:09:23.000Z</time>
        <extensions>
          <ns3:TrackPointExtension>
            <ns3:hr>66</ns3:hr>
          </ns3:TrackPointExtension>
        </extensions>
      </trkpt>
      <trkpt lat="49.1347246058285236358642578125" lon="6.15790053270757198333740234375">
        <ele>175.1999969482421875</ele>
        <time>2026-10-04T14:09:24.000Z</time>
        <extensions>
          <ns3:TrackPointExtension>
            <ns3:hr>65</ns3:hr>
          </ns3:TrackPointExtension>
        </extensions>
      </trkpt>
      <trkpt lat="49.13472921587526798248291015625" lon="6.157912351191043853759765625">
        <ele>175.1999969482421875</ele>
        <time>2026-10-04T14:09:25.000Z</time>
        <extensions>
          <ns3:TrackPointExtension>
            <ns3:hr>65</ns3:hr>
          </ns3:TrackPointExtension>
        </extensions>
      </trkpt>
      <trkpt lat="49.13473307155072689056396484375" lon="6.15792634896934032440185546875">
        <ele>175</ele>
        <time>2026-10-04T14:09:26.000Z</time>
        <extensions>
          <ns3:TrackPointExtension>
            <ns3:hr>65</ns3:hr>
          </ns3:TrackPointExtension>
        </extensions>
      </trkpt>
      <trkpt lat="49.13473776541650295257568359375" lon="6.157941520214080810546875">
        <ele>175</ele>
        <time>2026-10-04T14:09:27.000Z</time>
        <extensions>
          <ns3:TrackPointExtension>
            <ns3:hr>64</ns3:hr>
          </ns3:TrackPointExtension>
        </extensions>
      </trkpt>
      <trkpt lat="49.13474296219646930694580078125" lon="6.15795560181140899658203125">
        <ele>175</ele>
        <time>2026-10-04T14:09:28.000Z</time>
        <extensions>
          <ns3:TrackPointExtension>
            <ns3:hr>57</ns3:hr>
          </ns3:TrackPointExtension>
        </extensions>
      </trkpt>
      <trkpt lat="49.13474765606224536895751953125" lon="6.157970018684864044189453125">
        <ele>175</ele>
        <time>2026-10-04T14:09:29.000Z</time>
        <extensions>
          <ns3:TrackPointExtension>
            <ns3:hr>54</ns3:hr>
          </ns3:TrackPointExtension>
        </extensions>
      </trkpt>
      <trkpt lat="49.13475151173770427703857421875" lon="6.15798351354897022247314453125">
        <ele>175</ele>
        <time>2026-10-04T14:09:30.000Z</time>
        <extensions>
          <ns3:TrackPointExtension>
            <ns3:hr>53</ns3:hr>
          </ns3:TrackPointExtension>
        </extensions>
      </trkpt>
      <trkpt lat="49.13475486449897289276123046875" lon="6.15799927152693271636962890625">
        <ele>175</ele>
        <time>2026-10-04T14:09:31.000Z</time>
        <extensions>
          <ns3:TrackPointExtension>
            <ns3:hr>53</ns3:hr>
          </ns3:TrackPointExtension>
        </extensions>
      </trkpt>
      <trkpt lat="49.1347581334412097930908203125" lon="6.15801637060940265655517578125">
        <ele>175</ele>
        <time>2026-10-04T14:09:32.000Z</time>
        <extensions>
          <ns3:TrackPointExtension>
            <ns3:hr>52</ns3:hr>
          </ns3:TrackPointExtension>
        </extensions>
      </trkpt>
      <trkpt lat="49.134760983288288116455078125" lon="6.1580332182347774505615234375">
        <ele>175.1999969482421875</ele>
        <time>2026-10-04T14:09:33.000Z</time>
        <extensions>
          <ns3:TrackPointExtension>
            <ns3:hr>52</ns3:hr>
          </ns3:TrackPointExtension>
        </extensions>
      </trkpt>
      <trkpt lat="49.13476391695439815521240234375" lon="6.15804805420339107513427734375">
        <ele>175.1999969482421875</ele>
        <time>2026-10-04T14:09:34.000Z</time>
        <extensions>
          <ns3:TrackPointExtension>
            <ns3:hr>52</ns3:hr>
          </ns3:TrackPointExtension>
        </extensions>
      </trkpt>
      <trkpt lat="49.13476726971566677093505859375" lon="6.15806263871490955352783203125">
        <ele>175.1999969482421875</ele>
        <time>2026-10-04T14:09:35.000Z</time>
        <extensions>
          <ns3:TrackPointExtension>
            <ns3:hr>52</ns3:hr>
          </ns3:TrackPointExtension>
        </extensions>
      </trkpt>
      <trkpt lat="49.1347718797624111175537109375" lon="6.15807990543544292449951171875">
        <ele>175.1999969482421875</ele>
        <time>2026-10-04T14:09:36.000Z</time>
        <extensions>
          <ns3:TrackPointExtension>
            <ns3:hr>53</ns3:hr>
          </ns3:TrackPointExtension>
        </extensions>
      </trkpt>
      <trkpt lat="49.13477783091366291046142578125" lon="6.15809499286115169525146484375">
        <ele>175.1999969482421875</ele>
        <time>2026-10-04T14:09:37.000Z</time>
        <extensions>
          <ns3:TrackPointExtension>
            <ns3:hr>53</ns3:hr>
          </ns3:TrackPointExtension>
        </extensions>
      </trkpt>
      <trkpt lat="49.134783782064914703369140625" lon="6.15810538642108440399169921875">
        <ele>175.1999969482421875</ele>
        <time>2026-10-04T14:09:38.000Z</time>
        <extensions>
          <ns3:TrackPointExtension>
            <ns3:hr>53</ns3:hr>
          </ns3:TrackPointExtension>
        </extensions>
      </trkpt>
      <trkpt lat="49.1347896493971347808837890625" lon="6.1581173725426197052001953125">
        <ele>175.1999969482421875</ele>
        <time>2026-10-04T14:09:39.000Z</time>
        <extensions>
          <ns3:TrackPointExtension>
            <ns3:hr>53</ns3:hr>
          </ns3:TrackPointExtension>
        </extensions>
      </trkpt>
      <trkpt lat="49.13479694165289402008056640625" lon="6.15812868811190128326416015625">
        <ele>175.1999969482421875</ele>
        <time>2026-10-04T14:09:40.000Z</time>
        <extensions>
          <ns3:TrackPointExtension>
            <ns3:hr>53</ns3:hr>
          </ns3:TrackPointExtension>
        </extensions>
      </trkpt>
      <trkpt lat="49.13480364717543125152587890625" lon="6.1581391654908657073974609375">
        <ele>175.1999969482421875</ele>
        <time>2026-10-04T14:09:41.000Z</time>
        <extensions>
          <ns3:TrackPointExtension>
            <ns3:hr>53</ns3:hr>
          </ns3:TrackPointExtension>
        </extensions>
      </trkpt>
      <trkpt lat="49.13481152616441249847412109375" lon="6.15815081633627414703369140625">
        <ele>175.1999969482421875</ele>
        <time>2026-10-04T14:09:42.000Z</time>
        <extensions>
          <ns3:TrackPointExtension>
            <ns3:hr>53</ns3:hr>
          </ns3:TrackPointExtension>
        </extensions>
      </trkpt>
      <trkpt lat="49.13482057861983776092529296875" lon="6.15816188044846057891845703125">
        <ele>175.1999969482421875</ele>
        <time>2026-10-04T14:09:43.000Z</time>
        <extensions>
          <ns3:TrackPointExtension>
            <ns3:hr>53</ns3:hr>
          </ns3:TrackPointExtension>
        </extensions>
      </trkpt>
      <trkpt lat="49.13483097217977046966552734375" lon="6.15817327983677387237548828125">
        <ele>175.1999969482421875</ele>
        <time>2026-10-04T14:09:44.000Z</time>
        <extensions>
          <ns3:TrackPointExtension>
            <ns3:hr>52</ns3:hr>
          </ns3:TrackPointExtension>
        </extensions>
      </trkpt>
      <trkpt lat="49.13483935408294200897216796875" lon="6.15818266756832599639892578125">
        <ele>175.1999969482421875</ele>
        <time>2026-10-04T14:09:45.000Z</time>
        <extensions>
          <ns3:TrackPointExtension>
            <ns3:hr>53</ns3:hr>
          </ns3:TrackPointExtension>
        </extensions>
      </trkpt>
      <trkpt lat="49.13484790362417697906494140625" lon="6.1581901274621486663818359375">
        <ele>175.399993896484375</ele>
        <time>2026-10-04T14:09:46.000Z</time>
        <extensions>
          <ns3:TrackPointExtension>
            <ns3:hr>53</ns3:hr>
          </ns3:TrackPointExtension>
        </extensions>
      </trkpt>
      <trkpt lat="49.13485645316541194915771484375" lon="6.15819842554628849029541015625">
        <ele>175.399993896484375</ele>
        <time>2026-10-04T14:09:47.000Z</time>
        <extensions>
          <ns3:TrackPointExtension>
            <ns3:hr>53</ns3:hr>
          </ns3:TrackPointExtension>
        </extensions>
      </trkpt>
      <trkpt lat="49.1348650865256786346435546875" lon="6.15820680744946002960205078125">
        <ele>175.399993896484375</ele>
        <time>2026-10-04T14:09:48.000Z</time>
        <extensions>
          <ns3:TrackPointExtension>
            <ns3:hr>53</ns3:hr>
          </ns3:TrackPointExtension>
        </extensions>
      </trkpt>
      <trkpt lat="49.1348734684288501739501953125" lon="6.158216111361980438232421875">
        <ele>175.399993896484375</ele>
        <time>2026-10-04T14:09:49.000Z</time>
        <extensions>
          <ns3:TrackPointExtension>
            <ns3:hr>53</ns3:hr>
          </ns3:TrackPointExtension>
        </extensions>
      </trkpt>
      <trkpt lat="49.134881012141704559326171875" lon="6.15822390653192996978759765625">
        <ele>175.399993896484375</ele>
        <time>2026-10-04T14:09:50.000Z</time>
        <extensions>
          <ns3:TrackPointExtension>
            <ns3:hr>53</ns3:hr>
          </ns3:TrackPointExtension>
        </extensions>
      </trkpt>
      <trkpt lat="49.13488880731165409088134765625" lon="6.15823111496865749359130859375">
        <ele>175.399993896484375</ele>
        <time>2026-10-04T14:09:51.000Z</time>
        <extensions>
          <ns3:TrackPointExtension>
            <ns3:hr>53</ns3:hr>
          </ns3:TrackPointExtension>
        </extensions>
      </trkpt>
      <trkpt lat="49.1348966024816036224365234375" lon="6.15823798812925815582275390625">
        <ele>175.399993896484375</ele>
        <time>2026-10-04T14:09:52.000Z</time>
        <extensions>
          <ns3:TrackPointExtension>
            <ns3:hr>53</ns3:hr>
          </ns3:TrackPointExtension>
        </extensions>
      </trkpt>
      <trkpt lat="49.13490473292768001556396484375" lon="6.1582437716424465179443359375">
        <ele>175.399993896484375</ele>
        <time>2026-10-04T14:09:53.000Z</time>
        <extensions>
          <ns3:TrackPointExtension>
            <ns3:hr>53</ns3:hr>
          </ns3:TrackPointExtension>
        </extensions>
      </trkpt>
      <trkpt lat="49.13491378538310527801513671875" lon="6.1582498066127300262451171875">
        <ele>175.399993896484375</ele>
        <time>2026-10-04T14:09:54.000Z</time>
        <extensions>
          <ns3:TrackPointExtension>
            <ns3:hr>53</ns3:hr>
          </ns3:TrackPointExtension>
        </extensions>
      </trkpt>
      <trkpt lat="49.134923927485942840576171875" lon="6.15825760178267955780029296875">
        <ele>175.399993896484375</ele>
        <time>2026-10-04T14:09:55.000Z</time>
        <extensions>
          <ns3:TrackPointExtension>
            <ns3:hr>53</ns3:hr>
          </ns3:TrackPointExtension>
        </extensions>
      </trkpt>
      <trkpt lat="49.1349318064749240875244140625" lon="6.15826296620070934295654296875">
        <ele>175.399993896484375</ele>
        <time>2026-10-04T14:09:56.000Z</time>
        <extensions>
          <ns3:TrackPointExtension>
            <ns3:hr>53</ns3:hr>
          </ns3:TrackPointExtension>
        </extensions>
      </trkpt>
      <trkpt lat="49.1349405236542224884033203125" lon="6.15827168338000774383544921875">
        <ele>175.399993896484375</ele>
        <time>2026-10-04T14:09:57.000Z</time>
        <extensions>
          <ns3:TrackPointExtension>
            <ns3:hr>53</ns3:hr>
          </ns3:TrackPointExtension>
        </extensions>
      </trkpt>
      <trkpt lat="49.134950079023838043212890625" lon="6.15827905945479869842529296875">
        <ele>175.399993896484375</ele>
        <time>2026-10-04T14:09:58.000Z</time>
        <extensions>
          <ns3:TrackPointExtension>
            <ns3:hr>53</ns3:hr>
          </ns3:TrackPointExtension>
        </extensions>
      </trkpt>
      <trkpt lat="49.13496005348861217498779296875" lon="6.158286519348621368408203125">
        <ele>175.399993896484375</ele>
        <time>2026-10-04T14:09:59.000Z</time>
        <extensions>
          <ns3:TrackPointExtension>
            <ns3:hr>53</ns3:hr>
          </ns3:TrackPointExtension>
        </extensions>
      </trkpt>
      <trkpt lat="49.13496877066791057586669921875" lon="6.158292554318904876708984375">
        <ele>175.399993896484375</ele>
        <time>2026-10-04T14:10:00.000Z</time>
        <extensions>
          <ns3:TrackPointExtension>
            <ns3:hr>53</ns3:hr>
          </ns3:TrackPointExtension>
        </extensions>
      </trkpt>
      <trkpt lat="49.1349784098565578460693359375" lon="6.15829666145145893096923828125">
        <ele>175.399993896484375</ele>
        <time>2026-10-04T14:10:01.000Z</time>
        <extensions>
          <ns3:TrackPointExtension>
            <ns3:hr>54</ns3:hr>
          </ns3:TrackPointExtension>
        </extensions>
      </trkpt>
      <trkpt lat="49.13498804904520511627197265625" lon="6.15830085240304470062255859375">
        <ele>175.399993896484375</ele>
        <time>2026-10-04T14:10:02.000Z</time>
        <extensions>
          <ns3:TrackPointExtension>
            <ns3:hr>54</ns3:hr>
          </ns3:TrackPointExtension>
        </extensions>
      </trkpt>
      <trkpt lat="49.1349978558719158172607421875" lon="6.15830521099269390106201171875">
        <ele>175.399993896484375</ele>
        <time>2026-10-04T14:10:03.000Z</time>
        <extensions>
          <ns3:TrackPointExtension>
            <ns3:hr>54</ns3:hr>
          </ns3:TrackPointExtension>
        </extensions>
      </trkpt>
      <trkpt lat="49.1350079141557216644287109375" lon="6.1583114974200725555419921875">
        <ele>175.1999969482421875</ele>
        <time>2026-10-04T14:10:04.000Z</time>
        <extensions>
          <ns3:TrackPointExtension>
            <ns3:hr>54</ns3:hr>
          </ns3:TrackPointExtension>
        </extensions>
      </trkpt>
      <trkpt lat="49.13501688279211521148681640625" lon="6.15831434726715087890625">
        <ele>175.1999969482421875</ele>
        <time>2026-10-04T14:10:05.000Z</time>
        <extensions>
          <ns3:TrackPointExtension>
            <ns3:hr>54</ns3:hr>
          </ns3:TrackPointExtension>
        </extensions>
      </trkpt>
      <trkpt lat="49.135027863085269927978515625" lon="6.15831770002841949462890625">
        <ele>175.1999969482421875</ele>
        <time>2026-10-04T14:10:06.000Z</time>
        <extensions>
          <ns3:TrackPointExtension>
            <ns3:hr>53</ns3:hr>
          </ns3:TrackPointExtension>
        </extensions>
      </trkpt>
      <trkpt lat="49.1350394301116466522216796875" lon="6.15832180716097354888916015625">
        <ele>175.1999969482421875</ele>
        <time>2026-10-04T14:10:07.000Z</time>
        <extensions>
          <ns3:TrackPointExtension>
            <ns3:hr>54</ns3:hr>
          </ns3:TrackPointExtension>
        </extensions>
      </trkpt>
      <trkpt lat="49.13505108095705509185791015625" lon="6.15832448936998844146728515625">
        <ele>175.1999969482421875</ele>
        <time>2026-10-04T14:10:08.000Z</time>
        <extensions>
          <ns3:TrackPointExtension>
            <ns3:hr>54</ns3:hr>
          </ns3:TrackPointExtension>
        </extensions>
      </trkpt>
      <trkpt lat="49.1350635699927806854248046875" lon="6.15832666866481304168701171875">
        <ele>175.1999969482421875</ele>
        <time>2026-10-04T14:10:09.000Z</time>
        <extensions>
          <ns3:TrackPointExtension>
            <ns3:hr>54</ns3:hr>
          </ns3:TrackPointExtension>
        </extensions>
      </trkpt>
      <trkpt lat="49.135075472295284271240234375" lon="6.15832884795963764190673828125">
        <ele>175.1999969482421875</ele>
        <time>2026-10-04T14:10:10.000Z</time>
        <extensions>
          <ns3:TrackPointExtension>
            <ns3:hr>53</ns3:hr>
          </ns3:TrackPointExtension>
        </extensions>
      </trkpt>
      <trkpt lat="49.13508678786456584930419921875" lon="6.1583316139876842498779296875">
        <ele>175.399993896484375</ele>
        <time>2026-10-04T14:10:11.000Z</time>
        <extensions>
          <ns3:TrackPointExtension>
            <ns3:hr>53</ns3:hr>
          </ns3:TrackPointExtension>
        </extensions>
      </trkpt>
      <trkpt lat="49.13509793579578399658203125" lon="6.15833320654928684234619140625">
        <ele>175.399993896484375</ele>
        <time>2026-10-04T14:10:12.000Z</time>
        <extensions>
          <ns3:TrackPointExtension>
            <ns3:hr>53</ns3:hr>
          </ns3:TrackPointExtension>
        </extensions>
      </trkpt>
      <trkpt lat="49.13510941900312900543212890625" lon="6.15833538584411144256591796875">
        <ele>175.399993896484375</ele>
        <time>2026-10-04T14:10:13.000Z</time>
        <extensions>
          <ns3:TrackPointExtension>
            <ns3:hr>53</ns3:hr>
          </ns3:TrackPointExtension>
        </extensions>
      </trkpt>
      <trkpt lat="49.13512014783918857574462890625" lon="6.15833773277699947357177734375">
        <ele>175.399993896484375</ele>
        <time>2026-10-04T14:10:14.000Z</time>
        <extensions>
          <ns3:TrackPointExtension>
            <ns3:hr>53</ns3:hr>
          </ns3:TrackPointExtension>
        </extensions>
      </trkpt>
      <trkpt lat="49.135130457580089569091796875" lon="6.1583406664431095123291015625">
        <ele>175.399993896484375</ele>
        <time>2026-10-04T14:10:15.000Z</time>
        <extensions>
          <ns3:TrackPointExtension>
            <ns3:hr>53</ns3:hr>
          </ns3:TrackPointExtension>
        </extensions>
      </trkpt>
      <trkpt lat="49.1351410187780857086181640625" lon="6.15834393538534641265869140625">
        <ele>175.399993896484375</ele>
        <time>2026-10-04T14:10:16.000Z</time>
        <extensions>
          <ns3:TrackPointExtension>
            <ns3:hr>54</ns3:hr>
          </ns3:TrackPointExtension>
        </extensions>
      </trkpt>
      <trkpt lat="49.135150909423828125" lon="6.1583467014133930206298828125">
        <ele>175.399993896484375</ele>
        <time>2026-10-04T14:10:17.000Z</time>
        <extensions>
          <ns3:TrackPointExtension>
            <ns3:hr>54</ns3:hr>
          </ns3:TrackPointExtension>
        </extensions>
      </trkpt>
      <trkpt lat="49.13516222499310970306396484375" lon="6.15834577940404415130615234375">
        <ele>175.600006103515625</ele>
        <time>2026-10-04T14:10:18.000Z</time>
        <extensions>
          <ns3:TrackPointExtension>
            <ns3:hr>54</ns3:hr>
          </ns3:TrackPointExtension>
        </extensions>
      </trkpt>
      <trkpt lat="49.1351752169430255889892578125" lon="6.1583451926708221435546875">
        <ele>175.600006103515625</ele>
        <time>2026-10-04T14:10:19.000Z</time>
        <extensions>
          <ns3:TrackPointExtension>
            <ns3:hr>54</ns3:hr>
          </ns3:TrackPointExtension>
        </extensions>
      </trkpt>
      <trkpt lat="49.1351859457790851593017578125" lon="6.15834343247115612030029296875">
        <ele>175.600006103515625</ele>
        <time>2026-10-04T14:10:20.000Z</time>
        <extensions>
          <ns3:TrackPointExtension>
            <ns3:hr>54</ns3:hr>
          </ns3:TrackPointExtension>
        </extensions>
      </trkpt>
      <trkpt lat="49.135196506977081298828125" lon="6.158341504633426666259765625">
        <ele>175.600006103515625</ele>
        <time>2026-10-04T14:10:21.000Z</time>
        <extensions>
          <ns3:TrackPointExtension>
            <ns3:hr>54</ns3:hr>
          </ns3:TrackPointExtension>
        </extensions>
      </trkpt>
      <trkpt lat="49.13520882837474346160888671875" lon="6.15833756513893604278564453125">
        <ele>175.399993896484375</ele>
        <time>2026-10-04T14:10:22.000Z</time>
        <extensions>
          <ns3:TrackPointExtension>
            <ns3:hr>53</ns3:hr>
          </ns3:TrackPointExtension>
        </extensions>
      </trkpt>
      <trkpt lat="49.1352208144962787628173828125" lon="6.158334799110889434814453125">
        <ele>175.399993896484375</ele>
        <time>2026-10-04T14:10:23.000Z</time>
        <extensions>
          <ns3:TrackPointExtension>
            <ns3:hr>54</ns3:hr>
          </ns3:TrackPointExtension>
        </extensions>
      </trkpt>
      <trkpt lat="49.135231710970401763916015625" lon="6.1583322845399379730224609375">
        <ele>175.399993896484375</ele>
        <time>2026-10-04T14:10:24.000Z</time>
        <extensions>
          <ns3:TrackPointExtension>
            <ns3:hr>54</ns3:hr>
          </ns3:TrackPointExtension>
        </extensions>
      </trkpt>
      <trkpt lat="49.13524269126355648040771484375" lon="6.158329434692859649658203125">
        <ele>175.399993896484375</ele>
        <time>2026-10-04T14:10:25.000Z</time>
        <extensions>
          <ns3:TrackPointExtension>
            <ns3:hr>54</ns3:hr>
          </ns3:TrackPointExtension>
        </extensions>
      </trkpt>
      <trkpt lat="49.13525392301380634307861328125" lon="6.15832616575062274932861328125">
        <ele>175.399993896484375</ele>
        <time>2026-10-04T14:10:26.000Z</time>
        <extensions>
          <ns3:TrackPointExtension>
            <ns3:hr>54</ns3:hr>
          </ns3:TrackPointExtension>
        </extensions>
      </trkpt>
      <trkpt lat="49.135265238583087921142578125" lon="6.1583235673606395721435546875">
        <ele>175.1999969482421875</ele>
        <time>2026-10-04T14:10:27.000Z</time>
        <extensions>
          <ns3:TrackPointExtension>
            <ns3:hr>54</ns3:hr>
          </ns3:TrackPointExtension>
        </extensions>
      </trkpt>
      <trkpt lat="49.1352768056094646453857421875" lon="6.15832080133259296417236328125">
        <ele>175.1999969482421875</ele>
        <time>2026-10-04T14:10:28.000Z</time>
        <extensions>
          <ns3:TrackPointExtension>
            <ns3:hr>54</ns3:hr>
          </ns3:TrackPointExtension>
        </extensions>
      </trkpt>
      <trkpt lat="49.135288037359714508056640625" lon="6.1583165265619754791259765625">
        <ele>175.1999969482421875</ele>
        <time>2026-10-04T14:10:29.000Z</time>
        <extensions>
          <ns3:TrackPointExtension>
            <ns3:hr>54</ns3:hr>
          </ns3:TrackPointExtension>
        </extensions>
      </trkpt>
      <trkpt lat="49.135297425091266632080078125" lon="6.158311665058135986328125">
        <ele>175.1999969482421875</ele>
        <time>2026-10-04T14:10:30.000Z</time>
        <extensions>
          <ns3:TrackPointExtension>
            <ns3:hr>54</ns3:hr>
          </ns3:TrackPointExtension>
        </extensions>
      </trkpt>
      <trkpt lat="49.135309159755706787109375" lon="6.1583071388304233551025390625">
        <ele>175.399993896484375</ele>
        <time>2026-10-04T14:10:31.000Z</time>
        <extensions>
          <ns3:TrackPointExtension>
            <ns3:hr>54</ns3:hr>
          </ns3:TrackPointExtension>
        </extensions>
      </trkpt>
      <trkpt lat="49.1353213973343372344970703125" lon="6.1583034507930278778076171875">
        <ele>175.399993896484375</ele>
        <time>2026-10-04T14:10:32.000Z</time>
        <extensions>
          <ns3:TrackPointExtension>
            <ns3:hr>55</ns3:hr>
          </ns3:TrackPointExtension>
        </extensions>
      </trkpt>
      <trkpt lat="49.135330617427825927734375" lon="6.15830051712691783905029296875">
        <ele>175.399993896484375</ele>
        <time>2026-10-04T14:10:33.000Z</time>
        <extensions>
          <ns3:TrackPointExtension>
            <ns3:hr>55</ns3:hr>
          </ns3:TrackPointExtension>
        </extensions>
      </trkpt>
      <trkpt lat="49.13534092716872692108154296875" lon="6.15829850547015666961669921875">
        <ele>175.399993896484375</ele>
        <time>2026-10-04T14:10:34.000Z</time>
        <extensions>
          <ns3:TrackPointExtension>
            <ns3:hr>55</ns3:hr>
          </ns3:TrackPointExtension>
        </extensions>
      </trkpt>
      <trkpt lat="49.1353512369096279144287109375" lon="6.15829490125179290771484375">
        <ele>175.399993896484375</ele>
        <time>2026-10-04T14:10:35.000Z</time>
        <extensions>
          <ns3:TrackPointExtension>
            <ns3:hr>55</ns3:hr>
          </ns3:TrackPointExtension>
        </extensions>
      </trkpt>
      <trkpt lat="49.135362468659877777099609375" lon="6.15829163230955600738525390625">
        <ele>175.399993896484375</ele>
        <time>2026-10-04T14:10:36.000Z</time>
        <extensions>
          <ns3:TrackPointExtension>
            <ns3:hr>55</ns3:hr>
          </ns3:TrackPointExtension>
        </extensions>
      </trkpt>
      <trkpt lat="49.13537420332431793212890625" lon="6.1582883633673191070556640625">
        <ele>175.1999969482421875</ele>
        <time>2026-10-04T14:10:37.000Z</time>
        <extensions>
          <ns3:TrackPointExtension>
            <ns3:hr>56</ns3:hr>
          </ns3:TrackPointExtension>
        </extensions>
      </trkpt>
      <trkpt lat="49.1353844292461872100830078125" lon="6.1582829989492893218994140625">
        <ele>175.1999969482421875</ele>
        <time>2026-10-04T14:10:38.000Z</time>
        <extensions>
          <ns3:TrackPointExtension>
            <ns3:hr>55</ns3:hr>
          </ns3:TrackPointExtension>
        </extensions>
      </trkpt>
      <trkpt lat="49.13539608009159564971923828125" lon="6.1582793109118938446044921875">
        <ele>175.1999969482421875</ele>
        <time>2026-10-04T14:10:39.000Z</time>
        <extensions>
          <ns3:TrackPointExtension>
            <ns3:hr>56</ns3:hr>
          </ns3:TrackPointExtension>
        </extensions>
      </trkpt>
      <trkpt lat="49.135409407317638397216796875" lon="6.15827704779803752899169921875">
        <ele>175.1999969482421875</ele>
        <time>2026-10-04T14:10:40.000Z</time>
        <extensions>
          <ns3:TrackPointExtension>
            <ns3:hr>56</ns3:hr>
          </ns3:TrackPointExtension>
        </extensions>
      </trkpt>
      <trkpt lat="49.13542055524885654449462890625" lon="6.1582742817699909210205078125">
        <ele>175</ele>
        <time>2026-10-04T14:10:41.000Z</time>
        <extensions>
          <ns3:TrackPointExtension>
            <ns3:hr>56</ns3:hr>
          </ns3:TrackPointExtension>
        </extensions>
      </trkpt>
      <trkpt lat="49.13543128408491611480712890625" lon="6.1582699231803417205810546875">
        <ele>175</ele>
        <time>2026-10-04T14:10:42.000Z</time>
        <extensions>
          <ns3:TrackPointExtension>
            <ns3:hr>55</ns3:hr>
          </ns3:TrackPointExtension>
        </extensions>
      </trkpt>
      <trkpt lat="49.1354414261877536773681640625" lon="6.158266402781009674072265625">
        <ele>175</ele>
        <time>2026-10-04T14:10:43.000Z</time>
        <extensions>
          <ns3:TrackPointExtension>
            <ns3:hr>56</ns3:hr>
          </ns3:TrackPointExtension>
        </extensions>
      </trkpt>
      <trkpt lat="49.135451652109622955322265625" lon="6.1582635529339313507080078125">
        <ele>175</ele>
        <time>2026-10-04T14:10:44.000Z</time>
        <extensions>
          <ns3:TrackPointExtension>
            <ns3:hr>56</ns3:hr>
          </ns3:TrackPointExtension>
        </extensions>
      </trkpt>
      <trkpt lat="49.1354635544121265411376953125" lon="6.15825978107750415802001953125">
        <ele>175</ele>
        <time>2026-10-04T14:10:45.000Z</time>
        <extensions>
          <ns3:TrackPointExtension>
            <ns3:hr>56</ns3:hr>
          </ns3:TrackPointExtension>
        </extensions>
      </trkpt>
      <trkpt lat="49.1354752890765666961669921875" lon="6.15825559012591838836669921875">
        <ele>175</ele>
        <time>2026-10-04T14:10:46.000Z</time>
        <extensions>
          <ns3:TrackPointExtension>
            <ns3:hr>57</ns3:hr>
          </ns3:TrackPointExtension>
        </extensions>
      </trkpt>
      <trkpt lat="49.13548744283616542816162109375" lon="6.158251650631427764892578125">
        <ele>175</ele>
        <time>2026-10-04T14:10:47.000Z</time>
        <extensions>
          <ns3:TrackPointExtension>
            <ns3:hr>57</ns3:hr>
          </ns3:TrackPointExtension>
        </extensions>
      </trkpt>
      <trkpt lat="49.1354982554912567138671875" lon="6.15824888460338115692138671875">
        <ele>175</ele>
        <time>2026-10-04T14:10:48.000Z</time>
        <extensions>
          <ns3:TrackPointExtension>
            <ns3:hr>58</ns3:hr>
          </ns3:TrackPointExtension>
        </extensions>
      </trkpt>
      <trkpt lat="49.13550940342247486114501953125" lon="6.15824704058468341827392578125">
        <ele>175</ele>
        <time>2026-10-04T14:10:49.000Z</time>
        <extensions>
          <ns3:TrackPointExtension>
            <ns3:hr>58</ns3:hr>
          </ns3:TrackPointExtension>
        </extensions>
      </trkpt>
      <trkpt lat="49.13552164100110530853271484375" lon="6.1582454480230808258056640625">
        <ele>175</ele>
        <time>2026-10-04T14:10:50.000Z</time>
        <extensions>
          <ns3:TrackPointExtension>
            <ns3:hr>57</ns3:hr>
          </ns3:TrackPointExtension>
        </extensions>
      </trkpt>
      <trkpt lat="49.13553287275135517120361328125" lon="6.15824318490922451019287109375">
        <ele>175</ele>
        <time>2026-10-04T14:10:51.000Z</time>
        <extensions>
          <ns3:TrackPointExtension>
            <ns3:hr>54</ns3:hr>
          </ns3:TrackPointExtension>
        </extensions>
      </trkpt>
      <trkpt lat="49.135543517768383026123046875" lon="6.1582405865192413330078125">
        <ele>175</ele>
        <time>2026-10-04T14:10:52.000Z</time>
        <extensions>
          <ns3:TrackPointExtension>
            <ns3:hr>53</ns3:hr>
          </ns3:TrackPointExtension>
        </extensions>
      </trkpt>
      <trkpt lat="49.13555433042347431182861328125" lon="6.1582387425005435943603515625">
        <ele>175</ele>
        <time>2026-10-04T14:10:53.000Z</time>
        <extensions>
          <ns3:TrackPointExtension>
            <ns3:hr>53</ns3:hr>
          </ns3:TrackPointExtension>
        </extensions>
      </trkpt>
      <trkpt lat="49.13556472398340702056884765625" lon="6.15823832340538501739501953125">
        <ele>175.1999969482421875</ele>
        <time>2026-10-04T14:10:54.000Z</time>
        <extensions>
          <ns3:TrackPointExtension>
            <ns3:hr>53</ns3:hr>
          </ns3:TrackPointExtension>
        </extensions>
      </trkpt>
      <trkpt lat="49.13557394407689571380615234375" lon="6.1582374013960361480712890625">
        <ele>175.1999969482421875</ele>
        <time>2026-10-04T14:10:55.000Z</time>
        <extensions>
          <ns3:TrackPointExtension>
            <ns3:hr>53</ns3:hr>
          </ns3:TrackPointExtension>
        </extensions>
      </trkpt>
      <trkpt lat="49.1355849243700504302978515625" lon="6.15823731757700443267822265625">
        <ele>175.1999969482421875</ele>
        <time>2026-10-04T14:10:56.000Z</time>
        <extensions>
          <ns3:TrackPointExtension>
            <ns3:hr>53</ns3:hr>
          </ns3:TrackPointExtension>
        </extensions>
      </trkpt>
      <trkpt lat="49.13559607230126857757568359375" lon="6.15823832340538501739501953125">
        <ele>175.1999969482421875</ele>
        <time>2026-10-04T14:10:57.000Z</time>
        <extensions>
          <ns3:TrackPointExtension>
            <ns3:hr>53</ns3:hr>
          </ns3:TrackPointExtension>
        </extensions>
      </trkpt>
      <trkpt lat="49.1356080584228038787841796875" lon="6.1582397483289241790771484375">
        <ele>175.1999969482421875</ele>
        <time>2026-10-04T14:10:58.000Z</time>
        <extensions>
          <ns3:TrackPointExtension>
            <ns3:hr>54</ns3:hr>
          </ns3:TrackPointExtension>
        </extensions>
      </trkpt>
      <trkpt lat="49.135618619620800018310546875" lon="6.158242933452129364013671875">
        <ele>175.1999969482421875</ele>
        <time>2026-10-04T14:10:59.000Z</time>
        <extensions>
          <ns3:TrackPointExtension>
            <ns3:hr>54</ns3:hr>
          </ns3:TrackPointExtension>
        </extensions>
      </trkpt>
      <trkpt lat="49.13562809117138385772705078125" lon="6.1582464538514614105224609375">
        <ele>175.1999969482421875</ele>
        <time>2026-10-04T14:11:00.000Z</time>
        <extensions>
          <ns3:TrackPointExtension>
            <ns3:hr>54</ns3:hr>
          </ns3:TrackPointExtension>
        </extensions>
      </trkpt>
      <trkpt lat="49.13563949055969715118408203125" lon="6.15824997425079345703125">
        <ele>175.1999969482421875</ele>
        <time>2026-10-04T14:11:01.000Z</time>
        <extensions>
          <ns3:TrackPointExtension>
            <ns3:hr>54</ns3:hr>
          </ns3:TrackPointExtension>
        </extensions>
      </trkpt>
      <trkpt lat="49.13565223105251789093017578125" lon="6.15825190208852291107177734375">
        <ele>175.1999969482421875</ele>
        <time>2026-10-04T14:11:02.000Z</time>
        <extensions>
          <ns3:TrackPointExtension>
            <ns3:hr>54</ns3:hr>
          </ns3:TrackPointExtension>
        </extensions>
      </trkpt>
      <trkpt lat="49.1356645524501800537109375" lon="6.1582541652023792266845703125">
        <ele>175.1999969482421875</ele>
        <time>2026-10-04T14:11:03.000Z</time>
        <extensions>
          <ns3:TrackPointExtension>
            <ns3:hr>54</ns3:hr>
          </ns3:TrackPointExtension>
        </extensions>
      </trkpt>
      <trkpt lat="49.1356766223907470703125" lon="6.15825600922107696533203125">
        <ele>175</ele>
        <time>2026-10-04T14:11:04.000Z</time>
        <extensions>
          <ns3:TrackPointExtension>
            <ns3:hr>53</ns3:hr>
          </ns3:TrackPointExtension>
        </extensions>
      </trkpt>
      <trkpt lat="49.1356898657977581024169921875" lon="6.15825827233493328094482421875">
        <ele>175</ele>
        <time>2026-10-04T14:11:05.000Z</time>
        <extensions>
          <ns3:TrackPointExtension>
            <ns3:hr>54</ns3:hr>
          </ns3:TrackPointExtension>
        </extensions>
      </trkpt>
      <trkpt lat="49.13570302538573741912841796875" lon="6.15825961343944072723388671875">
        <ele>175</ele>
        <time>2026-10-04T14:11:06.000Z</time>
        <extensions>
          <ns3:TrackPointExtension>
            <ns3:hr>54</ns3:hr>
          </ns3:TrackPointExtension>
        </extensions>
      </trkpt>
      <trkpt lat="49.1357143409550189971923828125" lon="6.1582608707249164581298828125">
        <ele>175</ele>
        <time>2026-10-04T14:11:07.000Z</time>
        <extensions>
          <ns3:TrackPointExtension>
            <ns3:hr>54</ns3:hr>
          </ns3:TrackPointExtension>
        </extensions>
      </trkpt>
      <trkpt lat="49.13572515361011028289794921875" lon="6.15826246328651905059814453125">
        <ele>175</ele>
        <time>2026-10-04T14:11:08.000Z</time>
        <extensions>
          <ns3:TrackPointExtension>
            <ns3:hr>53</ns3:hr>
          </ns3:TrackPointExtension>
        </extensions>
      </trkpt>
      <trkpt lat="49.13573688827455043792724609375" lon="6.15826397202908992767333984375">
        <ele>175</ele>
        <time>2026-10-04T14:11:09.000Z</time>
        <extensions>
          <ns3:TrackPointExtension>
            <ns3:hr>53</ns3:hr>
          </ns3:TrackPointExtension>
        </extensions>
      </trkpt>
      <trkpt lat="49.13574862293899059295654296875" lon="6.15826447494328022003173828125">
        <ele>175</ele>
        <time>2026-10-04T14:11:10.000Z</time>
        <extensions>
          <ns3:TrackPointExtension>
            <ns3:hr>54</ns3:hr>
          </ns3:TrackPointExtension>
        </extensions>
      </trkpt>
      <trkpt lat="49.13575968705117702484130859375" lon="6.15826497785747051239013671875">
        <ele>175</ele>
        <time>2026-10-04T14:11:11.000Z</time>
        <extensions>
          <ns3:TrackPointExtension>
            <ns3:hr>54</ns3:hr>
          </ns3:TrackPointExtension>
        </extensions>
      </trkpt>
      <trkpt lat="49.135770164430141448974609375" lon="6.15826665423810482025146484375">
        <ele>175</ele>
        <time>2026-10-04T14:11:12.000Z</time>
        <extensions>
          <ns3:TrackPointExtension>
            <ns3:hr>54</ns3:hr>
          </ns3:TrackPointExtension>
        </extensions>
      </trkpt>
      <trkpt lat="49.13578114472329616546630859375" lon="6.15827151574194431304931640625">
        <ele>175</ele>
        <time>2026-10-04T14:11:13.000Z</time>
        <extensions>
          <ns3:TrackPointExtension>
            <ns3:hr>54</ns3:hr>
          </ns3:TrackPointExtension>
        </extensions>
      </trkpt>
      <trkpt lat="49.13579237647354602813720703125" lon="6.15827252157032489776611328125">
        <ele>175</ele>
        <time>2026-10-04T14:11:14.000Z</time>
        <extensions>
          <ns3:TrackPointExtension>
            <ns3:hr>54</ns3:hr>
          </ns3:TrackPointExtension>
        </extensions>
      </trkpt>
      <trkpt lat="49.1358028538525104522705078125" lon="6.15827118046581745147705078125">
        <ele>175</ele>
        <time>2026-10-04T14:11:15.000Z</time>
        <extensions>
          <ns3:TrackPointExtension>
            <ns3:hr>53</ns3:hr>
          </ns3:TrackPointExtension>
        </extensions>
      </trkpt>
      <trkpt lat="49.1358152590692043304443359375" lon="6.15827201865613460540771484375">
        <ele>174.8000030517578125</ele>
        <time>2026-10-04T14:11:16.000Z</time>
        <extensions>
          <ns3:TrackPointExtension>
            <ns3:hr>53</ns3:hr>
          </ns3:TrackPointExtension>
        </extensions>
      </trkpt>
      <trkpt lat="49.1358293406665325164794921875" lon="6.158277802169322967529296875">
        <ele>174.8000030517578125</ele>
        <time>2026-10-04T14:11:17.000Z</time>
        <extensions>
          <ns3:TrackPointExtension>
            <ns3:hr>54</ns3:hr>
          </ns3:TrackPointExtension>
        </extensions>
      </trkpt>
      <trkpt lat="49.13584132678806781768798828125" lon="6.158284507691860198974609375">
        <ele>174.8000030517578125</ele>
        <time>2026-10-04T14:11:18.000Z</time>
        <extensions>
          <ns3:TrackPointExtension>
            <ns3:hr>54</ns3:hr>
          </ns3:TrackPointExtension>
        </extensions>
      </trkpt>
      <trkpt lat="49.13585155270993709564208984375" lon="6.15829565562307834625244140625">
        <ele>174.8000030517578125</ele>
        <time>2026-10-04T14:11:19.000Z</time>
        <extensions>
          <ns3:TrackPointExtension>
            <ns3:hr>54</ns3:hr>
          </ns3:TrackPointExtension>
        </extensions>
      </trkpt>
      <trkpt lat="49.13585658185184001922607421875" lon="6.1583057977259159088134765625">
        <ele>175</ele>
        <time>2026-10-04T14:11:20.000Z</time>
        <extensions>
          <ns3:TrackPointExtension>
            <ns3:hr>53</ns3:hr>
          </ns3:TrackPointExtension>
        </extensions>
      </trkpt>
      <trkpt lat="49.135862700641155242919921875" lon="6.1583158560097217559814453125">
        <ele>175</ele>
        <time>2026-10-04T14:11:21.000Z</time>
        <extensions>
          <ns3:TrackPointExtension>
            <ns3:hr>54</ns3:hr>
          </ns3:TrackPointExtension>
        </extensions>
      </trkpt>
      <trkpt lat="49.135867059230804443359375" lon="6.15832750685513019561767578125">
        <ele>175</ele>
        <time>2026-10-04T14:11:22.000Z</time>
        <extensions>
          <ns3:TrackPointExtension>
            <ns3:hr>54</ns3:hr>
          </ns3:TrackPointExtension>
        </extensions>
      </trkpt>
      <trkpt lat="49.1358705796301364898681640625" lon="6.1583399958908557891845703125">
        <ele>175</ele>
        <time>2026-10-04T14:11:23.000Z</time>
        <extensions>
          <ns3:TrackPointExtension>
            <ns3:hr>54</ns3:hr>
          </ns3:TrackPointExtension>
        </extensions>
      </trkpt>
      <trkpt lat="49.13587443530559539794921875" lon="6.1583532392978668212890625">
        <ele>175</ele>
        <time>2026-10-04T14:11:24.000Z</time>
        <extensions>
          <ns3:TrackPointExtension>
            <ns3:hr>53</ns3:hr>
          </ns3:TrackPointExtension>
        </extensions>
      </trkpt>
      <trkpt lat="49.13587854243814945220947265625" lon="6.15836732089519500732421875">
        <ele>175</ele>
        <time>2026-10-04T14:11:25.000Z</time>
        <extensions>
          <ns3:TrackPointExtension>
            <ns3:hr>54</ns3:hr>
          </ns3:TrackPointExtension>
        </extensions>
      </trkpt>
      <trkpt lat="49.13588189519941806793212890625" lon="6.1583827435970306396484375">
        <ele>175</ele>
        <time>2026-10-04T14:11:26.000Z</time>
        <extensions>
          <ns3:TrackPointExtension>
            <ns3:hr>54</ns3:hr>
          </ns3:TrackPointExtension>
        </extensions>
      </trkpt>
      <trkpt lat="49.135886169970035552978515625" lon="6.158401854336261749267578125">
        <ele>175</ele>
        <time>2026-10-04T14:11:27.000Z</time>
        <extensions>
          <ns3:TrackPointExtension>
            <ns3:hr>54</ns3:hr>
          </ns3:TrackPointExtension>
        </extensions>
      </trkpt>
      <trkpt lat="49.135889522731304168701171875" lon="6.1584202945232391357421875">
        <ele>174.8000030517578125</ele>
        <time>2026-10-04T14:11:28.000Z</time>
        <extensions>
          <ns3:TrackPointExtension>
            <ns3:hr>55</ns3:hr>
          </ns3:TrackPointExtension>
        </extensions>
      </trkpt>
      <trkpt lat="49.13589161820709705352783203125" lon="6.1584392376244068145751953125">
        <ele>174.8000030517578125</ele>
        <time>2026-10-04T14:11:29.000Z</time>
        <extensions>
          <ns3:TrackPointExtension>
            <ns3:hr>55</ns3:hr>
          </ns3:TrackPointExtension>
        </extensions>
      </trkpt>
      <trkpt lat="49.1358933784067630767822265625" lon="6.15845843218266963958740234375">
        <ele>174.8000030517578125</ele>
        <time>2026-10-04T14:11:30.000Z</time>
        <extensions>
          <ns3:TrackPointExtension>
            <ns3:hr>55</ns3:hr>
          </ns3:TrackPointExtension>
        </extensions>
      </trkpt>
      <trkpt lat="49.1358943842351436614990234375" lon="6.15847871638834476470947265625">
        <ele>174.8000030517578125</ele>
        <time>2026-10-04T14:11:31.000Z</time>
        <extensions>
          <ns3:TrackPointExtension>
            <ns3:hr>55</ns3:hr>
          </ns3:TrackPointExtension>
        </extensions>
      </trkpt>
      <trkpt lat="49.13589547388255596160888671875" lon="6.15849799476563930511474609375">
        <ele>174.8000030517578125</ele>
        <time>2026-10-04T14:11:32.000Z</time>
        <extensions>
          <ns3:TrackPointExtension>
            <ns3:hr>56</ns3:hr>
          </ns3:TrackPointExtension>
        </extensions>
      </trkpt>
      <trkpt lat="49.13589589297771453857421875" lon="6.15851475857198238372802734375">
        <ele>174.600006103515625</ele>
        <time>2026-10-04T14:11:33.000Z</time>
        <extensions>
          <ns3:TrackPointExtension>
            <ns3:hr>55</ns3:hr>
          </ns3:TrackPointExtension>
        </extensions>
      </trkpt>
      <trkpt lat="49.13589614443480968475341796875" lon="6.1585311032831668853759765625">
        <ele>174.600006103515625</ele>
        <time>2026-10-04T14:11:34.000Z</time>
        <extensions>
          <ns3:TrackPointExtension>
            <ns3:hr>55</ns3:hr>
          </ns3:TrackPointExtension>
        </extensions>
      </trkpt>
      <trkpt lat="49.13589614443480968475341796875" lon="6.15854702889919281005859375">
        <ele>174.600006103515625</ele>
        <time>2026-10-04T14:11:35.000Z</time>
        <extensions>
          <ns3:TrackPointExtension>
            <ns3:hr>55</ns3:hr>
          </ns3:TrackPointExtension>
        </extensions>
      </trkpt>
      <trkpt lat="49.13589631207287311553955078125" lon="6.15856303833425045013427734375">
        <ele>174.399993896484375</ele>
        <time>2026-10-04T14:11:36.000Z</time>
        <extensions>
          <ns3:TrackPointExtension>
            <ns3:hr>55</ns3:hr>
          </ns3:TrackPointExtension>
        </extensions>
      </trkpt>
      <trkpt lat="49.135897569358348846435546875" lon="6.1585787124931812286376953125">
        <ele>174.399993896484375</ele>
        <time>2026-10-04T14:11:37.000Z</time>
        <extensions>
          <ns3:TrackPointExtension>
            <ns3:hr>55</ns3:hr>
          </ns3:TrackPointExtension>
        </extensions>
      </trkpt>
      <trkpt lat="49.1358977369964122772216796875" lon="6.1585958115756511688232421875">
        <ele>174.399993896484375</ele>
        <time>2026-10-04T14:11:38.000Z</time>
        <extensions>
          <ns3:TrackPointExtension>
            <ns3:hr>56</ns3:hr>
          </ns3:TrackPointExtension>
        </extensions>
      </trkpt>
      <trkpt lat="49.1358974017202854156494140625" lon="6.158613748848438262939453125">
        <ele>174.399993896484375</ele>
        <time>2026-10-04T14:11:39.000Z</time>
        <extensions>
          <ns3:TrackPointExtension>
            <ns3:hr>56</ns3:hr>
          </ns3:TrackPointExtension>
        </extensions>
      </trkpt>
      <trkpt lat="49.13589656352996826171875" lon="6.15862942300736904144287109375">
        <ele>174.399993896484375</ele>
        <time>2026-10-04T14:11:40.000Z</time>
        <extensions>
          <ns3:TrackPointExtension>
            <ns3:hr>56</ns3:hr>
          </ns3:TrackPointExtension>
        </extensions>
      </trkpt>
      <trkpt lat="49.1358960606157779693603515625" lon="6.1586450971662998199462890625">
        <ele>174.399993896484375</ele>
        <time>2026-10-04T14:11:41.000Z</time>
        <extensions>
          <ns3:TrackPointExtension>
            <ns3:hr>55</ns3:hr>
          </ns3:TrackPointExtension>
        </extensions>
      </trkpt>
      <trkpt lat="49.135896228253841400146484375" lon="6.158662028610706329345703125">
        <ele>174.399993896484375</ele>
        <time>2026-10-04T14:11:42.000Z</time>
        <extensions>
          <ns3:TrackPointExtension>
            <ns3:hr>55</ns3:hr>
          </ns3:TrackPointExtension>
        </extensions>
      </trkpt>
      <trkpt lat="49.135896228253841400146484375" lon="6.15868088789284229278564453125">
        <ele>174.399993896484375</ele>
        <time>2026-10-04T14:11:43.000Z</time>
        <extensions>
          <ns3:TrackPointExtension>
            <ns3:hr>55</ns3:hr>
          </ns3:TrackPointExtension>
        </extensions>
      </trkpt>
      <trkpt lat="49.13589647971093654632568359375" lon="6.1586994118988513946533203125">
        <ele>174.1999969482421875</ele>
        <time>2026-10-04T14:11:44.000Z</time>
        <extensions>
          <ns3:TrackPointExtension>
            <ns3:hr>54</ns3:hr>
          </ns3:TrackPointExtension>
        </extensions>
      </trkpt>
      <trkpt lat="49.13589723408222198486328125" lon="6.1587181873619556427001953125">
        <ele>174.1999969482421875</ele>
        <time>2026-10-04T14:11:45.000Z</time>
        <extensions>
          <ns3:TrackPointExtension>
            <ns3:hr>54</ns3:hr>
          </ns3:TrackPointExtension>
        </extensions>
      </trkpt>
      <trkpt lat="49.13589798845350742340087890625" lon="6.15873553790152072906494140625">
        <ele>174.1999969482421875</ele>
        <time>2026-10-04T14:11:46.000Z</time>
        <extensions>
          <ns3:TrackPointExtension>
            <ns3:hr>54</ns3:hr>
          </ns3:TrackPointExtension>
        </extensions>
      </trkpt>
      <trkpt lat="49.13589882664382457733154296875" lon="6.1587520502507686614990234375">
        <ele>174.1999969482421875</ele>
        <time>2026-10-04T14:11:47.000Z</time>
        <extensions>
          <ns3:TrackPointExtension>
            <ns3:hr>54</ns3:hr>
          </ns3:TrackPointExtension>
        </extensions>
      </trkpt>
      <trkpt lat="49.135899245738983154296875" lon="6.1587688140571117401123046875">
        <ele>174</ele>
        <time>2026-10-04T14:11:48.000Z</time>
        <extensions>
          <ns3:TrackPointExtension>
            <ns3:hr>54</ns3:hr>
          </ns3:TrackPointExtension>
        </extensions>
      </trkpt>
      <trkpt lat="49.135899581015110015869140625" lon="6.15878834389150142669677734375">
        <ele>174</ele>
        <time>2026-10-04T14:11:49.000Z</time>
        <extensions>
          <ns3:TrackPointExtension>
            <ns3:hr>54</ns3:hr>
          </ns3:TrackPointExtension>
        </extensions>
      </trkpt>
      <trkpt lat="49.13589916191995143890380859375" lon="6.1588065326213836669921875">
        <ele>174</ele>
        <time>2026-10-04T14:11:50.000Z</time>
        <extensions>
          <ns3:TrackPointExtension>
            <ns3:hr>54</ns3:hr>
          </ns3:TrackPointExtension>
        </extensions>
      </trkpt>
      <trkpt lat="49.135898910462856292724609375" lon="6.158822290599346160888671875">
        <ele>174</ele>
        <time>2026-10-04T14:11:51.000Z</time>
        <extensions>
          <ns3:TrackPointExtension>
            <ns3:hr>55</ns3:hr>
          </ns3:TrackPointExtension>
        </extensions>
      </trkpt>
      <trkpt lat="49.13589899428188800811767578125" lon="6.15883863531053066253662109375">
        <ele>174</ele>
        <time>2026-10-04T14:11:52.000Z</time>
        <extensions>
          <ns3:TrackPointExtension>
            <ns3:hr>55</ns3:hr>
          </ns3:TrackPointExtension>
        </extensions>
      </trkpt>
      <trkpt lat="49.1358990781009197235107421875" lon="6.15885556675493717193603515625">
        <ele>174</ele>
        <time>2026-10-04T14:11:53.000Z</time>
        <extensions>
          <ns3:TrackPointExtension>
            <ns3:hr>55</ns3:hr>
          </ns3:TrackPointExtension>
        </extensions>
      </trkpt>
      <trkpt lat="49.13589916191995143890380859375" lon="6.158872582018375396728515625">
        <ele>174</ele>
        <time>2026-10-04T14:11:54.000Z</time>
        <extensions>
          <ns3:TrackPointExtension>
            <ns3:hr>55</ns3:hr>
          </ns3:TrackPointExtension>
        </extensions>
      </trkpt>
      <trkpt lat="49.13589966483414173126220703125" lon="6.1588895134627819061279296875">
        <ele>174</ele>
        <time>2026-10-04T14:11:55.000Z</time>
        <extensions>
          <ns3:TrackPointExtension>
            <ns3:hr>54</ns3:hr>
          </ns3:TrackPointExtension>
        </extensions>
      </trkpt>
      <trkpt lat="49.13590050302445888519287109375" lon="6.15890602581202983856201171875">
        <ele>174</ele>
        <time>2026-10-04T14:11:56.000Z</time>
        <extensions>
          <ns3:TrackPointExtension>
            <ns3:hr>54</ns3:hr>
          </ns3:TrackPointExtension>
        </extensions>
      </trkpt>
      <trkpt lat="49.13590067066252231597900390625" lon="6.15892111323773860931396484375">
        <ele>174</ele>
        <time>2026-10-04T14:11:57.000Z</time>
        <extensions>
          <ns3:TrackPointExtension>
            <ns3:hr>54</ns3:hr>
          </ns3:TrackPointExtension>
        </extensions>
      </trkpt>
      <trkpt lat="49.13590033538639545440673828125" lon="6.15893854759633541107177734375">
        <ele>174</ele>
        <time>2026-10-04T14:11:58.000Z</time>
        <extensions>
          <ns3:TrackPointExtension>
            <ns3:hr>54</ns3:hr>
          </ns3:TrackPointExtension>
        </extensions>
      </trkpt>
      <trkpt lat="49.1359000839293003082275390625" lon="6.158957742154598236083984375">
        <ele>174</ele>
        <time>2026-10-04T14:11:59.000Z</time>
        <extensions>
          <ns3:TrackPointExtension>
            <ns3:hr>54</ns3:hr>
          </ns3:TrackPointExtension>
        </extensions>
      </trkpt>
      <trkpt lat="49.13590050302445888519287109375" lon="6.1589763499796390533447265625">
        <ele>174</ele>
        <time>2026-10-04T14:12:00.000Z</time>
        <extensions>
          <ns3:TrackPointExtension>
            <ns3:hr>54</ns3:hr>
          </ns3:TrackPointExtension>
        </extensions>
      </trkpt>
      <trkpt lat="49.13590125739574432373046875" lon="6.15899370051920413970947265625">
        <ele>174</ele>
        <time>2026-10-04T14:12:01.000Z</time>
        <extensions>
          <ns3:TrackPointExtension>
            <ns3:hr>54</ns3:hr>
          </ns3:TrackPointExtension>
        </extensions>
      </trkpt>
      <trkpt lat="49.13590259850025177001953125" lon="6.159008033573627471923828125">
        <ele>174</ele>
        <time>2026-10-04T14:12:02.000Z</time>
        <extensions>
          <ns3:TrackPointExtension>
            <ns3:hr>54</ns3:hr>
          </ns3:TrackPointExtension>
        </extensions>
      </trkpt>
      <trkpt lat="49.135904274880886077880859375" lon="6.1590259708464145660400390625">
        <ele>174</ele>
        <time>2026-10-04T14:12:03.000Z</time>
        <extensions>
          <ns3:TrackPointExtension>
            <ns3:hr>54</ns3:hr>
          </ns3:TrackPointExtension>
        </extensions>
      </trkpt>
      <trkpt lat="49.13590502925217151641845703125" lon="6.15904700942337512969970703125">
        <ele>174</ele>
        <time>2026-10-04T14:12:04.000Z</time>
        <extensions>
          <ns3:TrackPointExtension>
            <ns3:hr>54</ns3:hr>
          </ns3:TrackPointExtension>
        </extensions>
      </trkpt>
      <trkpt lat="49.1359047777950763702392578125" lon="6.159064359962940216064453125">
        <ele>173.8000030517578125</ele>
        <time>2026-10-04T14:12:05.000Z</time>
        <extensions>
          <ns3:TrackPointExtension>
            <ns3:hr>55</ns3:hr>
          </ns3:TrackPointExtension>
        </extensions>
      </trkpt>
      <trkpt lat="49.13590502925217151641845703125" lon="6.15908221341669559478759765625">
        <ele>173.8000030517578125</ele>
        <time>2026-10-04T14:12:06.000Z</time>
        <extensions>
          <ns3:TrackPointExtension>
            <ns3:hr>55</ns3:hr>
          </ns3:TrackPointExtension>
        </extensions>
      </trkpt>
      <trkpt lat="49.13590452633798122406005859375" lon="6.159101240336894989013671875">
        <ele>173.8000030517578125</ele>
        <time>2026-10-04T14:12:07.000Z</time>
        <extensions>
          <ns3:TrackPointExtension>
            <ns3:hr>55</ns3:hr>
          </ns3:TrackPointExtension>
        </extensions>
      </trkpt>
      <trkpt lat="49.13590469397604465484619140625" lon="6.1591198481619358062744140625">
        <ele>173.600006103515625</ele>
        <time>2026-10-04T14:12:08.000Z</time>
        <extensions>
          <ns3:TrackPointExtension>
            <ns3:hr>55</ns3:hr>
          </ns3:TrackPointExtension>
        </extensions>
      </trkpt>
      <trkpt lat="49.13590452633798122406005859375" lon="6.15913954563438892364501953125">
        <ele>173.600006103515625</ele>
        <time>2026-10-04T14:12:09.000Z</time>
        <extensions>
          <ns3:TrackPointExtension>
            <ns3:hr>56</ns3:hr>
          </ns3:TrackPointExtension>
        </extensions>
      </trkpt>
      <trkpt lat="49.13590419106185436248779296875" lon="6.15915932692587375640869140625">
        <ele>173.399993896484375</ele>
        <time>2026-10-04T14:12:10.000Z</time>
        <extensions>
          <ns3:TrackPointExtension>
            <ns3:hr>56</ns3:hr>
          </ns3:TrackPointExtension>
        </extensions>
      </trkpt>
      <trkpt lat="49.135904274880886077880859375" lon="6.15917726419866085052490234375">
        <ele>173.399993896484375</ele>
        <time>2026-10-04T14:12:11.000Z</time>
        <extensions>
          <ns3:TrackPointExtension>
            <ns3:hr>56</ns3:hr>
          </ns3:TrackPointExtension>
        </extensions>
      </trkpt>
      <trkpt lat="49.1359041072428226470947265625" lon="6.15919520147144794464111328125">
        <ele>173.399993896484375</ele>
        <time>2026-10-04T14:12:12.000Z</time>
        <extensions>
          <ns3:TrackPointExtension>
            <ns3:hr>56</ns3:hr>
          </ns3:TrackPointExtension>
        </extensions>
      </trkpt>
      <trkpt lat="49.13590435869991779327392578125" lon="6.1592140607535839080810546875">
        <ele>173.1999969482421875</ele>
        <time>2026-10-04T14:12:13.000Z</time>
        <extensions>
          <ns3:TrackPointExtension>
            <ns3:hr>56</ns3:hr>
          </ns3:TrackPointExtension>
        </extensions>
      </trkpt>
      <trkpt lat="49.13590452633798122406005859375" lon="6.15923241712152957916259765625">
        <ele>173.1999969482421875</ele>
        <time>2026-10-04T14:12:14.000Z</time>
        <extensions>
          <ns3:TrackPointExtension>
            <ns3:hr>56</ns3:hr>
          </ns3:TrackPointExtension>
        </extensions>
      </trkpt>
      <trkpt lat="49.1359054483473300933837890625" lon="6.15925035439431667327880859375">
        <ele>173.1999969482421875</ele>
        <time>2026-10-04T14:12:15.000Z</time>
        <extensions>
          <ns3:TrackPointExtension>
            <ns3:hr>56</ns3:hr>
          </ns3:TrackPointExtension>
        </extensions>
      </trkpt>
      <trkpt lat="49.13590854965150356292724609375" lon="6.1592687107622623443603515625">
        <ele>173</ele>
        <time>2026-10-04T14:12:16.000Z</time>
        <extensions>
          <ns3:TrackPointExtension>
            <ns3:hr>56</ns3:hr>
          </ns3:TrackPointExtension>
        </extensions>
      </trkpt>
      <trkpt lat="49.13591106422245502471923828125" lon="6.159286983311176300048828125">
        <ele>173</ele>
        <time>2026-10-04T14:12:17.000Z</time>
        <extensions>
          <ns3:TrackPointExtension>
            <ns3:hr>56</ns3:hr>
          </ns3:TrackPointExtension>
        </extensions>
      </trkpt>
      <trkpt lat="49.1359128244221210479736328125" lon="6.15930148400366306304931640625">
        <ele>173</ele>
        <time>2026-10-04T14:12:18.000Z</time>
        <extensions>
          <ns3:TrackPointExtension>
            <ns3:hr>56</ns3:hr>
          </ns3:TrackPointExtension>
        </extensions>
      </trkpt>
      <trkpt lat="49.135914333164691925048828125" lon="6.15931548178195953369140625">
        <ele>172.8000030517578125</ele>
        <time>2026-10-04T14:12:19.000Z</time>
        <extensions>
          <ns3:TrackPointExtension>
            <ns3:hr>56</ns3:hr>
          </ns3:TrackPointExtension>
        </extensions>
      </trkpt>
      <trkpt lat="49.1359165124595165252685546875" lon="6.159327886998653411865234375">
        <ele>172.8000030517578125</ele>
        <time>2026-10-04T14:12:20.000Z</time>
        <extensions>
          <ns3:TrackPointExtension>
            <ns3:hr>57</ns3:hr>
          </ns3:TrackPointExtension>
        </extensions>
      </trkpt>
      <trkpt lat="49.135919027030467987060546875" lon="6.15934205241501331329345703125">
        <ele>172.8000030517578125</ele>
        <time>2026-10-04T14:12:21.000Z</time>
        <extensions>
          <ns3:TrackPointExtension>
            <ns3:hr>57</ns3:hr>
          </ns3:TrackPointExtension>
        </extensions>
      </trkpt>
      <trkpt lat="49.13592263124883174896240234375" lon="6.15936116315424442291259765625">
        <ele>172.600006103515625</ele>
        <time>2026-10-04T14:12:22.000Z</time>
        <extensions>
          <ns3:TrackPointExtension>
            <ns3:hr>56</ns3:hr>
          </ns3:TrackPointExtension>
        </extensions>
      </trkpt>
      <trkpt lat="49.1359259001910686492919921875" lon="6.1593830399215221405029296875">
        <ele>172.600006103515625</ele>
        <time>2026-10-04T14:12:23.000Z</time>
        <extensions>
          <ns3:TrackPointExtension>
            <ns3:hr>57</ns3:hr>
          </ns3:TrackPointExtension>
        </extensions>
      </trkpt>
      <trkpt lat="49.1359274089336395263671875" lon="6.1594008095562458038330078125">
        <ele>172.600006103515625</ele>
        <time>2026-10-04T14:12:24.000Z</time>
        <extensions>
          <ns3:TrackPointExtension>
            <ns3:hr>57</ns3:hr>
          </ns3:TrackPointExtension>
        </extensions>
      </trkpt>
      <trkpt lat="49.1359282471239566802978515625" lon="6.159418411552906036376953125">
        <ele>172.600006103515625</ele>
        <time>2026-10-04T14:12:25.000Z</time>
        <extensions>
          <ns3:TrackPointExtension>
            <ns3:hr>57</ns3:hr>
          </ns3:TrackPointExtension>
        </extensions>
      </trkpt>
      <trkpt lat="49.13593084551393985748291015625" lon="6.15943618118762969970703125">
        <ele>172.600006103515625</ele>
        <time>2026-10-04T14:12:26.000Z</time>
        <extensions>
          <ns3:TrackPointExtension>
            <ns3:hr>56</ns3:hr>
          </ns3:TrackPointExtension>
        </extensions>
      </trkpt>
      <trkpt lat="49.1359332762658596038818359375" lon="6.15945386700332164764404296875">
        <ele>172.600006103515625</ele>
        <time>2026-10-04T14:12:27.000Z</time>
        <extensions>
          <ns3:TrackPointExtension>
            <ns3:hr>57</ns3:hr>
          </ns3:TrackPointExtension>
        </extensions>
      </trkpt>
      <trkpt lat="49.135936461389064788818359375" lon="6.1594695411622524261474609375">
        <ele>172.8000030517578125</ele>
        <time>2026-10-04T14:12:28.000Z</time>
        <extensions>
          <ns3:TrackPointExtension>
            <ns3:hr>57</ns3:hr>
          </ns3:TrackPointExtension>
        </extensions>
      </trkpt>
      <trkpt lat="49.135936461389064788818359375" lon="6.15948219783604145050048828125">
        <ele>172.8000030517578125</ele>
        <time>2026-10-04T14:12:29.000Z</time>
        <extensions>
          <ns3:TrackPointExtension>
            <ns3:hr>56</ns3:hr>
          </ns3:TrackPointExtension>
        </extensions>
      </trkpt>
      <trkpt lat="49.13593738339841365814208984375" lon="6.15949510596692562103271484375">
        <ele>172.8000030517578125</ele>
        <time>2026-10-04T14:12:30.000Z</time>
        <extensions>
          <ns3:TrackPointExtension>
            <ns3:hr>56</ns3:hr>
          </ns3:TrackPointExtension>
        </extensions>
      </trkpt>
      <trkpt lat="49.13593889214098453521728515625" lon="6.15951589308679103851318359375">
        <ele>172.8000030517578125</ele>
        <time>2026-10-04T14:12:31.000Z</time>
        <extensions>
          <ns3:TrackPointExtension>
            <ns3:hr>56</ns3:hr>
          </ns3:TrackPointExtension>
        </extensions>
      </trkpt>
      <trkpt lat="49.1359376348555088043212890625" lon="6.1595225147902965545654296875">
        <ele>172.600006103515625</ele>
        <time>2026-10-04T14:12:32.000Z</time>
        <extensions>
          <ns3:TrackPointExtension>
            <ns3:hr>57</ns3:hr>
          </ns3:TrackPointExtension>
        </extensions>
      </trkpt>
      <trkpt lat="49.1359408199787139892578125" lon="6.1595469899475574493408203125">
        <ele>172.600006103515625</ele>
        <time>2026-10-04T14:12:33.000Z</time>
        <extensions>
          <ns3:TrackPointExtension>
            <ns3:hr>56</ns3:hr>
          </ns3:TrackPointExtension>
        </extensions>
      </trkpt>
      <trkpt lat="49.1359419934451580047607421875" lon="6.15957791917026042938232421875">
        <ele>172.600006103515625</ele>
        <time>2026-10-04T14:12:34.000Z</time>
        <extensions>
          <ns3:TrackPointExtension>
            <ns3:hr>57</ns3:hr>
          </ns3:TrackPointExtension>
        </extensions>
      </trkpt>
      <trkpt lat="49.1359376348555088043212890625" lon="6.159611530601978302001953125">
        <ele>172.600006103515625</ele>
        <time>2026-10-04T14:12:35.000Z</time>
        <extensions>
          <ns3:TrackPointExtension>
            <ns3:hr>57</ns3:hr>
          </ns3:TrackPointExtension>
        </extensions>
      </trkpt>
      <trkpt lat="49.1359327733516693115234375" lon="6.15962737239897251129150390625">
        <ele>172.600006103515625</ele>
        <time>2026-10-04T14:12:36.000Z</time>
        <extensions>
          <ns3:TrackPointExtension>
            <ns3:hr>57</ns3:hr>
          </ns3:TrackPointExtension>
        </extensions>
      </trkpt>
      <trkpt lat="49.13592916913330554962158203125" lon="6.1596472375094890594482421875">
        <ele>172.600006103515625</ele>
        <time>2026-10-04T14:12:37.000Z</time>
        <extensions>
          <ns3:TrackPointExtension>
            <ns3:hr>56</ns3:hr>
          </ns3:TrackPointExtension>
        </extensions>
      </trkpt>
      <trkpt lat="49.1359272412955760955810546875" lon="6.15966844372451305389404296875">
        <ele>172.600006103515625</ele>
        <time>2026-10-04T14:12:38.000Z</time>
        <extensions>
          <ns3:TrackPointExtension>
            <ns3:hr>56</ns3:hr>
          </ns3:TrackPointExtension>
        </extensions>
      </trkpt>
      <trkpt lat="49.13592497818171977996826171875" lon="6.1596864648163318634033203125">
        <ele>172.600006103515625</ele>
        <time>2026-10-04T14:12:39.000Z</time>
        <extensions>
          <ns3:TrackPointExtension>
            <ns3:hr>56</ns3:hr>
          </ns3:TrackPointExtension>
        </extensions>
      </trkpt>
      <trkpt lat="49.13592061959207057952880859375" lon="6.1597069166600704193115234375">
        <ele>172.600006103515625</ele>
        <time>2026-10-04T14:12:40.000Z</time>
        <extensions>
          <ns3:TrackPointExtension>
            <ns3:hr>56</ns3:hr>
          </ns3:TrackPointExtension>
        </extensions>
      </trkpt>
      <trkpt lat="49.13591860793530941009521484375" lon="6.15972854197025299072265625">
        <ele>172.600006103515625</ele>
        <time>2026-10-04T14:12:41.000Z</time>
        <extensions>
          <ns3:TrackPointExtension>
            <ns3:hr>55</ns3:hr>
          </ns3:TrackPointExtension>
        </extensions>
      </trkpt>
      <trkpt lat="49.1359165124595165252685546875" lon="6.15974606014788150787353515625">
        <ele>172.8000030517578125</ele>
        <time>2026-10-04T14:12:42.000Z</time>
        <extensions>
          <ns3:TrackPointExtension>
            <ns3:hr>55</ns3:hr>
          </ns3:TrackPointExtension>
        </extensions>
      </trkpt>
      <trkpt lat="49.1359139978885650634765625" lon="6.15976475179195404052734375">
        <ele>172.8000030517578125</ele>
        <time>2026-10-04T14:12:43.000Z</time>
        <extensions>
          <ns3:TrackPointExtension>
            <ns3:hr>55</ns3:hr>
          </ns3:TrackPointExtension>
        </extensions>
      </trkpt>
      <trkpt lat="49.1359113156795501708984375" lon="6.15978579036891460418701171875">
        <ele>173</ele>
        <time>2026-10-04T14:12:44.000Z</time>
        <extensions>
          <ns3:TrackPointExtension>
            <ns3:hr>56</ns3:hr>
          </ns3:TrackPointExtension>
        </extensions>
      </trkpt>
      <trkpt lat="49.1359077952802181243896484375" lon="6.15980624221265316009521484375">
        <ele>173</ele>
        <time>2026-10-04T14:12:45.000Z</time>
        <extensions>
          <ns3:TrackPointExtension>
            <ns3:hr>56</ns3:hr>
          </ns3:TrackPointExtension>
        </extensions>
      </trkpt>
      <trkpt lat="49.13590402342379093170166015625" lon="6.159823425114154815673828125">
        <ele>173.1999969482421875</ele>
        <time>2026-10-04T14:12:46.000Z</time>
        <extensions>
          <ns3:TrackPointExtension>
            <ns3:hr>56</ns3:hr>
          </ns3:TrackPointExtension>
        </extensions>
      </trkpt>
      <trkpt lat="49.13590251468122005462646484375" lon="6.159840859472751617431640625">
        <ele>173.1999969482421875</ele>
        <time>2026-10-04T14:12:47.000Z</time>
        <extensions>
          <ns3:TrackPointExtension>
            <ns3:hr>56</ns3:hr>
          </ns3:TrackPointExtension>
        </extensions>
      </trkpt>
      <trkpt lat="49.13590117357671260833740234375" lon="6.159856617450714111328125">
        <ele>173.1999969482421875</ele>
        <time>2026-10-04T14:12:48.000Z</time>
        <extensions>
          <ns3:TrackPointExtension>
            <ns3:hr>56</ns3:hr>
          </ns3:TrackPointExtension>
        </extensions>
      </trkpt>
      <trkpt lat="49.1358987428247928619384765625" lon="6.15987396799027919769287109375">
        <ele>173.1999969482421875</ele>
        <time>2026-10-04T14:12:49.000Z</time>
        <extensions>
          <ns3:TrackPointExtension>
            <ns3:hr>56</ns3:hr>
          </ns3:TrackPointExtension>
        </extensions>
      </trkpt>
      <trkpt lat="49.13589631207287311553955078125" lon="6.15989349782466888427734375">
        <ele>173.1999969482421875</ele>
        <time>2026-10-04T14:12:50.000Z</time>
        <extensions>
          <ns3:TrackPointExtension>
            <ns3:hr>57</ns3:hr>
          </ns3:TrackPointExtension>
        </extensions>
      </trkpt>
      <trkpt lat="49.13589413277804851531982421875" lon="6.1599116027355194091796875">
        <ele>173.1999969482421875</ele>
        <time>2026-10-04T14:12:51.000Z</time>
        <extensions>
          <ns3:TrackPointExtension>
            <ns3:hr>57</ns3:hr>
          </ns3:TrackPointExtension>
        </extensions>
      </trkpt>
      <trkpt lat="49.13589111529290676116943359375" lon="6.159926690161228179931640625">
        <ele>173.1999969482421875</ele>
        <time>2026-10-04T14:12:52.000Z</time>
        <extensions>
          <ns3:TrackPointExtension>
            <ns3:hr>57</ns3:hr>
          </ns3:TrackPointExtension>
        </extensions>
      </trkpt>
      <trkpt lat="49.13588658906519412994384765625" lon="6.1599422805011272430419921875">
        <ele>173.399993896484375</ele>
        <time>2026-10-04T14:12:53.000Z</time>
        <extensions>
          <ns3:TrackPointExtension>
            <ns3:hr>57</ns3:hr>
          </ns3:TrackPointExtension>
        </extensions>
      </trkpt>
      <trkpt lat="49.13588088937103748321533203125" lon="6.15995544008910655975341796875">
        <ele>173.399993896484375</ele>
        <time>2026-10-04T14:12:54.000Z</time>
        <extensions>
          <ns3:TrackPointExtension>
            <ns3:hr>58</ns3:hr>
          </ns3:TrackPointExtension>
        </extensions>
      </trkpt>
      <trkpt lat="49.1358752734959125518798828125" lon="6.159971617162227630615234375">
        <ele>173.399993896484375</ele>
        <time>2026-10-04T14:12:55.000Z</time>
        <extensions>
          <ns3:TrackPointExtension>
            <ns3:hr>58</ns3:hr>
          </ns3:TrackPointExtension>
        </extensions>
      </trkpt>
      <trkpt lat="49.13587066344916820526123046875" lon="6.1599885486066341400146484375">
        <ele>173.399993896484375</ele>
        <time>2026-10-04T14:12:56.000Z</time>
        <extensions>
          <ns3:TrackPointExtension>
            <ns3:hr>58</ns3:hr>
          </ns3:TrackPointExtension>
        </extensions>
      </trkpt>
      <trkpt lat="49.1358668915927410125732421875" lon="6.160004138946533203125">
        <ele>173.600006103515625</ele>
        <time>2026-10-04T14:12:57.000Z</time>
        <extensions>
          <ns3:TrackPointExtension>
            <ns3:hr>59</ns3:hr>
          </ns3:TrackPointExtension>
        </extensions>
      </trkpt>
      <trkpt lat="49.13586261682212352752685546875" lon="6.1600220762193202972412109375">
        <ele>173.600006103515625</ele>
        <time>2026-10-04T14:12:58.000Z</time>
        <extensions>
          <ns3:TrackPointExtension>
            <ns3:hr>59</ns3:hr>
          </ns3:TrackPointExtension>
        </extensions>
      </trkpt>
      <trkpt lat="49.13585809059441089630126953125" lon="6.16004076786339282989501953125">
        <ele>173.600006103515625</ele>
        <time>2026-10-04T14:12:59.000Z</time>
        <extensions>
          <ns3:TrackPointExtension>
            <ns3:hr>59</ns3:hr>
          </ns3:TrackPointExtension>
        </extensions>
      </trkpt>
      <trkpt lat="49.13585306145250797271728515625" lon="6.1600589565932750701904296875">
        <ele>173.600006103515625</ele>
        <time>2026-10-04T14:13:00.000Z</time>
        <extensions>
          <ns3:TrackPointExtension>
            <ns3:hr>60</ns3:hr>
          </ns3:TrackPointExtension>
        </extensions>
      </trkpt>
      <trkpt lat="49.13584736175835132598876953125" lon="6.1600777320563793182373046875">
        <ele>173.600006103515625</ele>
        <time>2026-10-04T14:13:01.000Z</time>
        <extensions>
          <ns3:TrackPointExtension>
            <ns3:hr>60</ns3:hr>
          </ns3:TrackPointExtension>
        </extensions>
      </trkpt>
      <trkpt lat="49.13584182970225811004638671875" lon="6.16009424440562725067138671875">
        <ele>173.600006103515625</ele>
        <time>2026-10-04T14:13:02.000Z</time>
        <extensions>
          <ns3:TrackPointExtension>
            <ns3:hr>61</ns3:hr>
          </ns3:TrackPointExtension>
        </extensions>
      </trkpt>
      <trkpt lat="49.13583529181778430938720703125" lon="6.16011142730712890625">
        <ele>173.399993896484375</ele>
        <time>2026-10-04T14:13:03.000Z</time>
        <extensions>
          <ns3:TrackPointExtension>
            <ns3:hr>61</ns3:hr>
          </ns3:TrackPointExtension>
        </extensions>
      </trkpt>
      <trkpt lat="49.1358296759426593780517578125" lon="6.16012752056121826171875">
        <ele>173.399993896484375</ele>
        <time>2026-10-04T14:13:04.000Z</time>
        <extensions>
          <ns3:TrackPointExtension>
            <ns3:hr>61</ns3:hr>
          </ns3:TrackPointExtension>
        </extensions>
      </trkpt>
      <trkpt lat="49.13582338951528072357177734375" lon="6.16014336235821247100830078125">
        <ele>173.399993896484375</ele>
        <time>2026-10-04T14:13:05.000Z</time>
        <extensions>
          <ns3:TrackPointExtension>
            <ns3:hr>61</ns3:hr>
          </ns3:TrackPointExtension>
        </extensions>
      </trkpt>
      <trkpt lat="49.1358166001737117767333984375" lon="6.16015769541263580322265625">
        <ele>173.399993896484375</ele>
        <time>2026-10-04T14:13:06.000Z</time>
        <extensions>
          <ns3:TrackPointExtension>
            <ns3:hr>61</ns3:hr>
          </ns3:TrackPointExtension>
        </extensions>
      </trkpt>
      <trkpt lat="49.13580813445150852203369140625" lon="6.1601729504764080047607421875">
        <ele>173.399993896484375</ele>
        <time>2026-10-04T14:13:07.000Z</time>
        <extensions>
          <ns3:TrackPointExtension>
            <ns3:hr>61</ns3:hr>
          </ns3:TrackPointExtension>
        </extensions>
      </trkpt>
      <trkpt lat="49.135799668729305267333984375" lon="6.1601870320737361907958984375">
        <ele>173.600006103515625</ele>
        <time>2026-10-04T14:13:08.000Z</time>
        <extensions>
          <ns3:TrackPointExtension>
            <ns3:hr>60</ns3:hr>
          </ns3:TrackPointExtension>
        </extensions>
      </trkpt>
      <trkpt lat="49.13579237647354602813720703125" lon="6.16019985638558864593505859375">
        <ele>173.600006103515625</ele>
        <time>2026-10-04T14:13:09.000Z</time>
        <extensions>
          <ns3:TrackPointExtension>
            <ns3:hr>59</ns3:hr>
          </ns3:TrackPointExtension>
        </extensions>
      </trkpt>
      <trkpt lat="49.13578349165618419647216796875" lon="6.16021444089710712432861328125">
        <ele>173.600006103515625</ele>
        <time>2026-10-04T14:13:10.000Z</time>
        <extensions>
          <ns3:TrackPointExtension>
            <ns3:hr>58</ns3:hr>
          </ns3:TrackPointExtension>
        </extensions>
      </trkpt>
      <trkpt lat="49.1357750259339809417724609375" lon="6.16022877395153045654296875">
        <ele>173.600006103515625</ele>
        <time>2026-10-04T14:13:11.000Z</time>
        <extensions>
          <ns3:TrackPointExtension>
            <ns3:hr>58</ns3:hr>
          </ns3:TrackPointExtension>
        </extensions>
      </trkpt>
      <trkpt lat="49.13576672784984111785888671875" lon="6.16024210117757320404052734375">
        <ele>173.8000030517578125</ele>
        <time>2026-10-04T14:13:12.000Z</time>
        <extensions>
          <ns3:TrackPointExtension>
            <ns3:hr>58</ns3:hr>
          </ns3:TrackPointExtension>
        </extensions>
      </trkpt>
      <trkpt lat="49.1357592679560184478759765625" lon="6.16025584749877452850341796875">
        <ele>173.8000030517578125</ele>
        <time>2026-10-04T14:13:13.000Z</time>
        <extensions>
          <ns3:TrackPointExtension>
            <ns3:hr>57</ns3:hr>
          </ns3:TrackPointExtension>
        </extensions>
      </trkpt>
      <trkpt lat="49.13575180806219577789306640625" lon="6.16027059964835643768310546875">
        <ele>173.8000030517578125</ele>
        <time>2026-10-04T14:13:14.000Z</time>
        <extensions>
          <ns3:TrackPointExtension>
            <ns3:hr>57</ns3:hr>
          </ns3:TrackPointExtension>
        </extensions>
      </trkpt>
      <trkpt lat="49.13574409671127796173095703125" lon="6.160284765064716339111328125">
        <ele>173.8000030517578125</ele>
        <time>2026-10-04T14:13:15.000Z</time>
        <extensions>
          <ns3:TrackPointExtension>
            <ns3:hr>57</ns3:hr>
          </ns3:TrackPointExtension>
        </extensions>
      </trkpt>
      <trkpt lat="49.1357361339032649993896484375" lon="6.1602993495762348175048828125">
        <ele>173.8000030517578125</ele>
        <time>2026-10-04T14:13:16.000Z</time>
        <extensions>
          <ns3:TrackPointExtension>
            <ns3:hr>57</ns3:hr>
          </ns3:TrackPointExtension>
        </extensions>
      </trkpt>
      <trkpt lat="49.1357280872762203216552734375" lon="6.160312592983245849609375">
        <ele>173.8000030517578125</ele>
        <time>2026-10-04T14:13:17.000Z</time>
        <extensions>
          <ns3:TrackPointExtension>
            <ns3:hr>57</ns3:hr>
          </ns3:TrackPointExtension>
        </extensions>
      </trkpt>
      <trkpt lat="49.13571878336369991302490234375" lon="6.16032776422798633575439453125">
        <ele>174</ele>
        <time>2026-10-04T14:13:18.000Z</time>
        <extensions>
          <ns3:TrackPointExtension>
            <ns3:hr>56</ns3:hr>
          </ns3:TrackPointExtension>
        </extensions>
      </trkpt>
      <trkpt lat="49.13570973090827465057373046875" lon="6.1603422649204730987548828125">
        <ele>174</ele>
        <time>2026-10-04T14:13:19.000Z</time>
        <extensions>
          <ns3:TrackPointExtension>
            <ns3:hr>57</ns3:hr>
          </ns3:TrackPointExtension>
        </extensions>
      </trkpt>
      <trkpt lat="49.1357012651860713958740234375" lon="6.16035508923232555389404296875">
        <ele>174</ele>
        <time>2026-10-04T14:13:20.000Z</time>
        <extensions>
          <ns3:TrackPointExtension>
            <ns3:hr>57</ns3:hr>
          </ns3:TrackPointExtension>
        </extensions>
      </trkpt>
      <trkpt lat="49.13569229654967784881591796875" lon="6.160368584096431732177734375">
        <ele>174.1999969482421875</ele>
        <time>2026-10-04T14:13:21.000Z</time>
        <extensions>
          <ns3:TrackPointExtension>
            <ns3:hr>57</ns3:hr>
          </ns3:TrackPointExtension>
        </extensions>
      </trkpt>
      <trkpt lat="49.13568190298974514007568359375" lon="6.160381995141506195068359375">
        <ele>174.1999969482421875</ele>
        <time>2026-10-04T14:13:22.000Z</time>
        <extensions>
          <ns3:TrackPointExtension>
            <ns3:hr>56</ns3:hr>
          </ns3:TrackPointExtension>
        </extensions>
      </trkpt>
      <trkpt lat="49.1356734372675418853759765625" lon="6.16039331071078777313232421875">
        <ele>174.1999969482421875</ele>
        <time>2026-10-04T14:13:23.000Z</time>
        <extensions>
          <ns3:TrackPointExtension>
            <ns3:hr>57</ns3:hr>
          </ns3:TrackPointExtension>
        </extensions>
      </trkpt>
      <trkpt lat="49.1356645524501800537109375" lon="6.1604059673845767974853515625">
        <ele>174.1999969482421875</ele>
        <time>2026-10-04T14:13:24.000Z</time>
        <extensions>
          <ns3:TrackPointExtension>
            <ns3:hr>57</ns3:hr>
          </ns3:TrackPointExtension>
        </extensions>
      </trkpt>
      <trkpt lat="49.135656170547008514404296875" lon="6.16041828878223896026611328125">
        <ele>174.1999969482421875</ele>
        <time>2026-10-04T14:13:25.000Z</time>
        <extensions>
          <ns3:TrackPointExtension>
            <ns3:hr>57</ns3:hr>
          </ns3:TrackPointExtension>
        </extensions>
      </trkpt>
      <trkpt lat="49.1356472857296466827392578125" lon="6.16043153218924999237060546875">
        <ele>174.399993896484375</ele>
        <time>2026-10-04T14:13:26.000Z</time>
        <extensions>
          <ns3:TrackPointExtension>
            <ns3:hr>58</ns3:hr>
          </ns3:TrackPointExtension>
        </extensions>
      </trkpt>
      <trkpt lat="49.1356377303600311279296875" lon="6.1604438535869121551513671875">
        <ele>174.399993896484375</ele>
        <time>2026-10-04T14:13:27.000Z</time>
        <extensions>
          <ns3:TrackPointExtension>
            <ns3:hr>58</ns3:hr>
          </ns3:TrackPointExtension>
        </extensions>
      </trkpt>
      <trkpt lat="49.135628677904605865478515625" lon="6.16045542061328887939453125">
        <ele>174.399993896484375</ele>
        <time>2026-10-04T14:13:28.000Z</time>
        <extensions>
          <ns3:TrackPointExtension>
            <ns3:hr>58</ns3:hr>
          </ns3:TrackPointExtension>
        </extensions>
      </trkpt>
      <trkpt lat="49.1356191225349903106689453125" lon="6.16046573035418987274169921875">
        <ele>174.399993896484375</ele>
        <time>2026-10-04T14:13:29.000Z</time>
        <extensions>
          <ns3:TrackPointExtension>
            <ns3:hr>58</ns3:hr>
          </ns3:TrackPointExtension>
        </extensions>
      </trkpt>
      <trkpt lat="49.1356083936989307403564453125" lon="6.160476207733154296875">
        <ele>174.600006103515625</ele>
        <time>2026-10-04T14:13:30.000Z</time>
        <extensions>
          <ns3:TrackPointExtension>
            <ns3:hr>59</ns3:hr>
          </ns3:TrackPointExtension>
        </extensions>
      </trkpt>
      <trkpt lat="49.135598838329315185546875" lon="6.16048618219792842864990234375">
        <ele>174.600006103515625</ele>
        <time>2026-10-04T14:13:31.000Z</time>
        <extensions>
          <ns3:TrackPointExtension>
            <ns3:hr>59</ns3:hr>
          </ns3:TrackPointExtension>
        </extensions>
      </trkpt>
      <trkpt lat="49.13558936677873134613037109375" lon="6.16049674339592456817626953125">
        <ele>174.600006103515625</ele>
        <time>2026-10-04T14:13:32.000Z</time>
        <extensions>
          <ns3:TrackPointExtension>
            <ns3:hr>59</ns3:hr>
          </ns3:TrackPointExtension>
        </extensions>
      </trkpt>
      <trkpt lat="49.13558132015168666839599609375" lon="6.16050713695585727691650390625">
        <ele>174.8000030517578125</ele>
        <time>2026-10-04T14:13:33.000Z</time>
        <extensions>
          <ns3:TrackPointExtension>
            <ns3:hr>59</ns3:hr>
          </ns3:TrackPointExtension>
        </extensions>
      </trkpt>
      <trkpt lat="49.13556690327823162078857421875" lon="6.160518787801265716552734375">
        <ele>174.8000030517578125</ele>
        <time>2026-10-04T14:13:34.000Z</time>
        <extensions>
          <ns3:TrackPointExtension>
            <ns3:hr>60</ns3:hr>
          </ns3:TrackPointExtension>
        </extensions>
      </trkpt>
      <trkpt lat="49.13555533625185489654541015625" lon="6.16052758879959583282470703125">
        <ele>174.8000030517578125</ele>
        <time>2026-10-04T14:13:35.000Z</time>
        <extensions>
          <ns3:TrackPointExtension>
            <ns3:hr>60</ns3:hr>
          </ns3:TrackPointExtension>
        </extensions>
      </trkpt>
      <trkpt lat="49.1355433501303195953369140625" lon="6.16053647361695766448974609375">
        <ele>174.8000030517578125</ele>
        <time>2026-10-04T14:13:36.000Z</time>
        <extensions>
          <ns3:TrackPointExtension>
            <ns3:hr>60</ns3:hr>
          </ns3:TrackPointExtension>
        </extensions>
      </trkpt>
      <trkpt lat="49.1355319507420063018798828125" lon="6.16054619662463665008544921875">
        <ele>174.8000030517578125</ele>
        <time>2026-10-04T14:13:37.000Z</time>
        <extensions>
          <ns3:TrackPointExtension>
            <ns3:hr>60</ns3:hr>
          </ns3:TrackPointExtension>
        </extensions>
      </trkpt>
      <trkpt lat="49.1355205513536930084228515625" lon="6.16055441088974475860595703125">
        <ele>175</ele>
        <time>2026-10-04T14:13:38.000Z</time>
        <extensions>
          <ns3:TrackPointExtension>
            <ns3:hr>61</ns3:hr>
          </ns3:TrackPointExtension>
        </extensions>
      </trkpt>
      <trkpt lat="49.13550965487957000732421875" lon="6.160561032593250274658203125">
        <ele>175</ele>
        <time>2026-10-04T14:13:39.000Z</time>
        <extensions>
          <ns3:TrackPointExtension>
            <ns3:hr>61</ns3:hr>
          </ns3:TrackPointExtension>
        </extensions>
      </trkpt>
      <trkpt lat="49.13549884222447872161865234375" lon="6.160567067563533782958984375">
        <ele>175</ele>
        <time>2026-10-04T14:13:40.000Z</time>
        <extensions>
          <ns3:TrackPointExtension>
            <ns3:hr>61</ns3:hr>
          </ns3:TrackPointExtension>
        </extensions>
      </trkpt>
      <trkpt lat="49.13548861630260944366455078125" lon="6.16057335399091243743896484375">
        <ele>175</ele>
        <time>2026-10-04T14:13:41.000Z</time>
        <extensions>
          <ns3:TrackPointExtension>
            <ns3:hr>61</ns3:hr>
          </ns3:TrackPointExtension>
        </extensions>
      </trkpt>
      <trkpt lat="49.13547721691429615020751953125" lon="6.16057922132313251495361328125">
        <ele>175</ele>
        <time>2026-10-04T14:13:42.000Z</time>
        <extensions>
          <ns3:TrackPointExtension>
            <ns3:hr>61</ns3:hr>
          </ns3:TrackPointExtension>
        </extensions>
      </trkpt>
      <trkpt lat="49.13546715863049030303955078125" lon="6.160583831369876861572265625">
        <ele>175</ele>
        <time>2026-10-04T14:13:43.000Z</time>
        <extensions>
          <ns3:TrackPointExtension>
            <ns3:hr>62</ns3:hr>
          </ns3:TrackPointExtension>
        </extensions>
      </trkpt>
      <trkpt lat="49.13545810617506504058837890625" lon="6.1605853401124477386474609375">
        <ele>175</ele>
        <time>2026-10-04T14:13:44.000Z</time>
        <extensions>
          <ns3:TrackPointExtension>
            <ns3:hr>62</ns3:hr>
          </ns3:TrackPointExtension>
        </extensions>
      </trkpt>
      <trkpt lat="49.135448634624481201171875" lon="6.1605883575975894927978515625">
        <ele>175</ele>
        <time>2026-10-04T14:13:45.000Z</time>
        <extensions>
          <ns3:TrackPointExtension>
            <ns3:hr>62</ns3:hr>
          </ns3:TrackPointExtension>
        </extensions>
      </trkpt>
      <trkpt lat="49.13543849252164363861083984375" lon="6.16059162653982639312744140625">
        <ele>175</ele>
        <time>2026-10-04T14:13:46.000Z</time>
        <extensions>
          <ns3:TrackPointExtension>
            <ns3:hr>62</ns3:hr>
          </ns3:TrackPointExtension>
        </extensions>
      </trkpt>
      <trkpt lat="49.13542793132364749908447265625" lon="6.16059548221528530120849609375">
        <ele>175.1999969482421875</ele>
        <time>2026-10-04T14:13:47.000Z</time>
        <extensions>
          <ns3:TrackPointExtension>
            <ns3:hr>63</ns3:hr>
          </ns3:TrackPointExtension>
        </extensions>
      </trkpt>
      <trkpt lat="49.13541837595403194427490234375" lon="6.16060034371912479400634765625">
        <ele>175.1999969482421875</ele>
        <time>2026-10-04T14:13:48.000Z</time>
        <extensions>
          <ns3:TrackPointExtension>
            <ns3:hr>63</ns3:hr>
          </ns3:TrackPointExtension>
        </extensions>
      </trkpt>
      <trkpt lat="49.13540781475603580474853515625" lon="6.16060486994683742523193359375">
        <ele>175</ele>
        <time>2026-10-04T14:13:49.000Z</time>
        <extensions>
          <ns3:TrackPointExtension>
            <ns3:hr>64</ns3:hr>
          </ns3:TrackPointExtension>
        </extensions>
      </trkpt>
      <trkpt lat="49.13539557717740535736083984375" lon="6.1606091447174549102783203125">
        <ele>175</ele>
        <time>2026-10-04T14:13:50.000Z</time>
        <extensions>
          <ns3:TrackPointExtension>
            <ns3:hr>65</ns3:hr>
          </ns3:TrackPointExtension>
        </extensions>
      </trkpt>
      <trkpt lat="49.1353837586939334869384765625" lon="6.1606141738593578338623046875">
        <ele>175</ele>
        <time>2026-10-04T14:13:51.000Z</time>
        <extensions>
          <ns3:TrackPointExtension>
            <ns3:hr>66</ns3:hr>
          </ns3:TrackPointExtension>
        </extensions>
      </trkpt>
      <trkpt lat="49.1353706829249858856201171875" lon="6.16061895154416561126708984375">
        <ele>175</ele>
        <time>2026-10-04T14:13:52.000Z</time>
        <extensions>
          <ns3:TrackPointExtension>
            <ns3:hr>67</ns3:hr>
          </ns3:TrackPointExtension>
        </extensions>
      </trkpt>
      <trkpt lat="49.135361127555370330810546875" lon="6.1606198735535144805908203125">
        <ele>175</ele>
        <time>2026-10-04T14:13:53.000Z</time>
        <extensions>
          <ns3:TrackPointExtension>
            <ns3:hr>68</ns3:hr>
          </ns3:TrackPointExtension>
        </extensions>
      </trkpt>
      <trkpt lat="49.1353519074618816375732421875" lon="6.16062314249575138092041015625">
        <ele>175</ele>
        <time>2026-10-04T14:13:54.000Z</time>
        <extensions>
          <ns3:TrackPointExtension>
            <ns3:hr>70</ns3:hr>
          </ns3:TrackPointExtension>
        </extensions>
      </trkpt>
      <trkpt lat="49.1353400051593780517578125" lon="6.16062641143798828125">
        <ele>175</ele>
        <time>2026-10-04T14:13:55.000Z</time>
        <extensions>
          <ns3:TrackPointExtension>
            <ns3:hr>71</ns3:hr>
          </ns3:TrackPointExtension>
        </extensions>
      </trkpt>
      <trkpt lat="49.1353297792375087738037109375" lon="6.1606295965611934661865234375">
        <ele>175</ele>
        <time>2026-10-04T14:13:56.000Z</time>
        <extensions>
          <ns3:TrackPointExtension>
            <ns3:hr>73</ns3:hr>
          </ns3:TrackPointExtension>
        </extensions>
      </trkpt>
      <trkpt lat="49.13532097823917865753173828125" lon="6.16063378751277923583984375">
        <ele>175</ele>
        <time>2026-10-04T14:13:57.000Z</time>
        <extensions>
          <ns3:TrackPointExtension>
            <ns3:hr>80</ns3:hr>
          </ns3:TrackPointExtension>
        </extensions>
      </trkpt>
      <trkpt lat="49.1353096626698970794677734375" lon="6.16063839755952358245849609375">
        <ele>175</ele>
        <time>2026-10-04T14:13:58.000Z</time>
        <extensions>
          <ns3:TrackPointExtension>
            <ns3:hr>83</ns3:hr>
          </ns3:TrackPointExtension>
        </extensions>
      </trkpt>
      <trkpt lat="49.1352975927293300628662109375" lon="6.160643510520458221435546875">
        <ele>175</ele>
        <time>2026-10-04T14:13:59.000Z</time>
        <extensions>
          <ns3:TrackPointExtension>
            <ns3:hr>84</ns3:hr>
          </ns3:TrackPointExtension>
        </extensions>
      </trkpt>
      <trkpt lat="49.13528560660779476165771484375" lon="6.160647533833980560302734375">
        <ele>175</ele>
        <time>2026-10-04T14:14:00.000Z</time>
        <extensions>
          <ns3:TrackPointExtension>
            <ns3:hr>87</ns3:hr>
          </ns3:TrackPointExtension>
        </extensions>
      </trkpt>
      <trkpt lat="49.135274626314640045166015625" lon="6.16065080277621746063232421875">
        <ele>175</ele>
        <time>2026-10-04T14:14:01.000Z</time>
        <extensions>
          <ns3:TrackPointExtension>
            <ns3:hr>89</ns3:hr>
          </ns3:TrackPointExtension>
        </extensions>
      </trkpt>
      <trkpt lat="49.13526381365954875946044921875" lon="6.16065465845167636871337890625">
        <ele>175</ele>
        <time>2026-10-04T14:14:02.000Z</time>
        <extensions>
          <ns3:TrackPointExtension>
            <ns3:hr>90</ns3:hr>
          </ns3:TrackPointExtension>
        </extensions>
      </trkpt>
      <trkpt lat="49.135252498090267181396484375" lon="6.16065884940326213836669921875">
        <ele>175</ele>
        <time>2026-10-04T14:14:03.000Z</time>
        <extensions>
          <ns3:TrackPointExtension>
            <ns3:hr>90</ns3:hr>
          </ns3:TrackPointExtension>
        </extensions>
      </trkpt>
      <trkpt lat="49.13524118252098560333251953125" lon="6.160662956535816192626953125">
        <ele>175</ele>
        <time>2026-10-04T14:14:04.000Z</time>
        <extensions>
          <ns3:TrackPointExtension>
            <ns3:hr>90</ns3:hr>
          </ns3:TrackPointExtension>
        </extensions>
      </trkpt>
      <trkpt lat="49.1352288611233234405517578125" lon="6.16066731512546539306640625">
        <ele>175</ele>
        <time>2026-10-04T14:14:05.000Z</time>
        <extensions>
          <ns3:TrackPointExtension>
            <ns3:hr>90</ns3:hr>
          </ns3:TrackPointExtension>
        </extensions>
      </trkpt>
      <trkpt lat="49.135218970477581024169921875" lon="6.1606705002486705780029296875">
        <ele>175</ele>
        <time>2026-10-04T14:14:06.000Z</time>
        <extensions>
          <ns3:TrackPointExtension>
            <ns3:hr>89</ns3:hr>
          </ns3:TrackPointExtension>
        </extensions>
      </trkpt>
      <trkpt lat="49.1352085769176483154296875" lon="6.16067511029541492462158203125">
        <ele>175</ele>
        <time>2026-10-04T14:14:07.000Z</time>
        <extensions>
          <ns3:TrackPointExtension>
            <ns3:hr>89</ns3:hr>
          </ns3:TrackPointExtension>
        </extensions>
      </trkpt>
      <trkpt lat="49.1352003626525402069091796875" lon="6.1606788821518421173095703125">
        <ele>175</ele>
        <time>2026-10-04T14:14:08.000Z</time>
        <extensions>
          <ns3:TrackPointExtension>
            <ns3:hr>89</ns3:hr>
          </ns3:TrackPointExtension>
        </extensions>
      </trkpt>
      <trkpt lat="49.135189466178417205810546875" lon="6.16068097762763500213623046875">
        <ele>175</ele>
        <time>2026-10-04T14:14:09.000Z</time>
        <extensions>
          <ns3:TrackPointExtension>
            <ns3:hr>88</ns3:hr>
          </ns3:TrackPointExtension>
        </extensions>
      </trkpt>
      <trkpt lat="49.135177396237850189208984375" lon="6.1606839112937450408935546875">
        <ele>174.8000030517578125</ele>
        <time>2026-10-04T14:14:10.000Z</time>
        <extensions>
          <ns3:TrackPointExtension>
            <ns3:hr>88</ns3:hr>
          </ns3:TrackPointExtension>
        </extensions>
      </trkpt>
      <trkpt lat="49.13516440428793430328369140625" lon="6.16068852134048938751220703125">
        <ele>174.8000030517578125</ele>
        <time>2026-10-04T14:14:11.000Z</time>
        <extensions>
          <ns3:TrackPointExtension>
            <ns3:hr>88</ns3:hr>
          </ns3:TrackPointExtension>
        </extensions>
      </trkpt>
      <trkpt lat="49.13515283726155757904052734375" lon="6.16069254465401172637939453125">
        <ele>174.8000030517578125</ele>
        <time>2026-10-04T14:14:12.000Z</time>
        <extensions>
          <ns3:TrackPointExtension>
            <ns3:hr>88</ns3:hr>
          </ns3:TrackPointExtension>
        </extensions>
      </trkpt>
      <trkpt lat="49.1351423598825931549072265625" lon="6.1606959812343120574951171875">
        <ele>174.8000030517578125</ele>
        <time>2026-10-04T14:14:13.000Z</time>
        <extensions>
          <ns3:TrackPointExtension>
            <ns3:hr>88</ns3:hr>
          </ns3:TrackPointExtension>
        </extensions>
      </trkpt>
      <trkpt lat="49.1351326368749141693115234375" lon="6.16070075891911983489990234375">
        <ele>174.8000030517578125</ele>
        <time>2026-10-04T14:14:14.000Z</time>
        <extensions>
          <ns3:TrackPointExtension>
            <ns3:hr>87</ns3:hr>
          </ns3:TrackPointExtension>
        </extensions>
      </trkpt>
      <trkpt lat="49.135123752057552337646484375" lon="6.160705871880054473876953125">
        <ele>174.8000030517578125</ele>
        <time>2026-10-04T14:14:15.000Z</time>
        <extensions>
          <ns3:TrackPointExtension>
            <ns3:hr>87</ns3:hr>
          </ns3:TrackPointExtension>
        </extensions>
      </trkpt>
      <trkpt lat="49.1351152025163173675537109375" lon="6.160715930163860321044921875">
        <ele>174.8000030517578125</ele>
        <time>2026-10-04T14:14:16.000Z</time>
        <extensions>
          <ns3:TrackPointExtension>
            <ns3:hr>87</ns3:hr>
          </ns3:TrackPointExtension>
        </extensions>
      </trkpt>
      <trkpt lat="49.135106317698955535888671875" lon="6.16072766482830047607421875">
        <ele>174.8000030517578125</ele>
        <time>2026-10-04T14:14:17.000Z</time>
        <extensions>
          <ns3:TrackPointExtension>
            <ns3:hr>86</ns3:hr>
          </ns3:TrackPointExtension>
        </extensions>
      </trkpt>
      <trkpt lat="49.1350972652435302734375" lon="6.16073881275951862335205078125">
        <ele>174.8000030517578125</ele>
        <time>2026-10-04T14:14:18.000Z</time>
        <extensions>
          <ns3:TrackPointExtension>
            <ns3:hr>86</ns3:hr>
          </ns3:TrackPointExtension>
        </extensions>
      </trkpt>
      <trkpt lat="49.1350870393216609954833984375" lon="6.16075021214783191680908203125">
        <ele>174.8000030517578125</ele>
        <time>2026-10-04T14:14:19.000Z</time>
        <extensions>
          <ns3:TrackPointExtension>
            <ns3:hr>85</ns3:hr>
          </ns3:TrackPointExtension>
        </extensions>
      </trkpt>
      <trkpt lat="49.13507823832333087921142578125" lon="6.16076077334582805633544921875">
        <ele>174.8000030517578125</ele>
        <time>2026-10-04T14:14:20.000Z</time>
        <extensions>
          <ns3:TrackPointExtension>
            <ns3:hr>85</ns3:hr>
          </ns3:TrackPointExtension>
        </extensions>
      </trkpt>
      <trkpt lat="49.1350664198398590087890625" lon="6.1607710830867290496826171875">
        <ele>174.8000030517578125</ele>
        <time>2026-10-04T14:14:21.000Z</time>
        <extensions>
          <ns3:TrackPointExtension>
            <ns3:hr>85</ns3:hr>
          </ns3:TrackPointExtension>
        </extensions>
      </trkpt>
      <trkpt lat="49.135053344070911407470703125" lon="6.1607834883034229278564453125">
        <ele>174.8000030517578125</ele>
        <time>2026-10-04T14:14:22.000Z</time>
        <extensions>
          <ns3:TrackPointExtension>
            <ns3:hr>84</ns3:hr>
          </ns3:TrackPointExtension>
        </extensions>
      </trkpt>
      <trkpt lat="49.13503884337842464447021484375" lon="6.1607952229678630828857421875">
        <ele>174.8000030517578125</ele>
        <time>2026-10-04T14:14:23.000Z</time>
        <extensions>
          <ns3:TrackPointExtension>
            <ns3:hr>84</ns3:hr>
          </ns3:TrackPointExtension>
        </extensions>
      </trkpt>
      <trkpt lat="49.13502543233335018157958984375" lon="6.16080637089908123016357421875">
        <ele>174.8000030517578125</ele>
        <time>2026-10-04T14:14:24.000Z</time>
        <extensions>
          <ns3:TrackPointExtension>
            <ns3:hr>84</ns3:hr>
          </ns3:TrackPointExtension>
        </extensions>
      </trkpt>
      <trkpt lat="49.1350149549543857574462890625" lon="6.1608160100877285003662109375">
        <ele>174.8000030517578125</ele>
        <time>2026-10-04T14:14:25.000Z</time>
        <extensions>
          <ns3:TrackPointExtension>
            <ns3:hr>83</ns3:hr>
          </ns3:TrackPointExtension>
        </extensions>
      </trkpt>
      <trkpt lat="49.1350059024989604949951171875" lon="6.1608217097818851470947265625">
        <ele>175</ele>
        <time>2026-10-04T14:14:26.000Z</time>
        <extensions>
          <ns3:TrackPointExtension>
            <ns3:hr>83</ns3:hr>
          </ns3:TrackPointExtension>
        </extensions>
      </trkpt>
      <trkpt lat="49.13499978370964527130126953125" lon="6.16082749329507350921630859375">
        <ele>175</ele>
        <time>2026-10-04T14:14:27.000Z</time>
        <extensions>
          <ns3:TrackPointExtension>
            <ns3:hr>82</ns3:hr>
          </ns3:TrackPointExtension>
        </extensions>
      </trkpt>
      <trkpt lat="49.13499056361615657806396484375" lon="6.16083570756018161773681640625">
        <ele>175</ele>
        <time>2026-10-04T14:14:28.000Z</time>
        <extensions>
          <ns3:TrackPointExtension>
            <ns3:hr>80</ns3:hr>
          </ns3:TrackPointExtension>
        </extensions>
      </trkpt>
      <trkpt lat="49.13498184643685817718505859375" lon="6.1608435027301311492919921875">
        <ele>174.8000030517578125</ele>
        <time>2026-10-04T14:14:29.000Z</time>
        <extensions>
          <ns3:TrackPointExtension>
            <ns3:hr>79</ns3:hr>
          </ns3:TrackPointExtension>
        </extensions>
      </trkpt>
      <trkpt lat="49.13497245870530605316162109375" lon="6.16085314191877841949462890625">
        <ele>174.8000030517578125</ele>
        <time>2026-10-04T14:14:30.000Z</time>
        <extensions>
          <ns3:TrackPointExtension>
            <ns3:hr>75</ns3:hr>
          </ns3:TrackPointExtension>
        </extensions>
      </trkpt>
      <trkpt lat="49.1349644958972930908203125" lon="6.1608602665364742279052734375">
        <ele>174.8000030517578125</ele>
        <time>2026-10-04T14:14:31.000Z</time>
        <extensions>
          <ns3:TrackPointExtension>
            <ns3:hr>74</ns3:hr>
          </ns3:TrackPointExtension>
        </extensions>
      </trkpt>
      <trkpt lat="49.13495720364153385162353515625" lon="6.160867474973201751708984375">
        <ele>174.8000030517578125</ele>
        <time>2026-10-04T14:14:32.000Z</time>
        <extensions>
          <ns3:TrackPointExtension>
            <ns3:hr>73</ns3:hr>
          </ns3:TrackPointExtension>
        </extensions>
      </trkpt>
      <trkpt lat="49.13494630716741085052490234375" lon="6.16087761707603931427001953125">
        <ele>174.8000030517578125</ele>
        <time>2026-10-04T14:14:33.000Z</time>
        <extensions>
          <ns3:TrackPointExtension>
            <ns3:hr>73</ns3:hr>
          </ns3:TrackPointExtension>
        </extensions>
      </trkpt>
      <trkpt lat="49.134936667978763580322265625" lon="6.16088616661727428436279296875">
        <ele>174.8000030517578125</ele>
        <time>2026-10-04T14:14:34.000Z</time>
        <extensions>
          <ns3:TrackPointExtension>
            <ns3:hr>73</ns3:hr>
          </ns3:TrackPointExtension>
        </extensions>
      </trkpt>
      <trkpt lat="49.13492761552333831787109375" lon="6.16089605726301670074462890625">
        <ele>174.8000030517578125</ele>
        <time>2026-10-04T14:14:35.000Z</time>
        <extensions>
          <ns3:TrackPointExtension>
            <ns3:hr>74</ns3:hr>
          </ns3:TrackPointExtension>
        </extensions>
      </trkpt>
      <trkpt lat="49.1349187307059764862060546875" lon="6.16090360097587108612060546875">
        <ele>174.8000030517578125</ele>
        <time>2026-10-04T14:14:36.000Z</time>
        <extensions>
          <ns3:TrackPointExtension>
            <ns3:hr>74</ns3:hr>
          </ns3:TrackPointExtension>
        </extensions>
      </trkpt>
      <trkpt lat="49.13490884006023406982421875" lon="6.16091432981193065643310546875">
        <ele>174.8000030517578125</ele>
        <time>2026-10-04T14:14:37.000Z</time>
        <extensions>
          <ns3:TrackPointExtension>
            <ns3:hr>74</ns3:hr>
          </ns3:TrackPointExtension>
        </extensions>
      </trkpt>
      <trkpt lat="49.1348999552428722381591796875" lon="6.160925142467021942138671875">
        <ele>174.8000030517578125</ele>
        <time>2026-10-04T14:14:38.000Z</time>
        <extensions>
          <ns3:TrackPointExtension>
            <ns3:hr>75</ns3:hr>
          </ns3:TrackPointExtension>
        </extensions>
      </trkpt>
      <trkpt lat="49.13489065133035182952880859375" lon="6.16093494929373264312744140625">
        <ele>174.8000030517578125</ele>
        <time>2026-10-04T14:14:39.000Z</time>
        <extensions>
          <ns3:TrackPointExtension>
            <ns3:hr>75</ns3:hr>
          </ns3:TrackPointExtension>
        </extensions>
      </trkpt>
      <trkpt lat="49.1348813474178314208984375" lon="6.16094483993947505950927734375">
        <ele>175</ele>
        <time>2026-10-04T14:14:40.000Z</time>
        <extensions>
          <ns3:TrackPointExtension>
            <ns3:hr>76</ns3:hr>
          </ns3:TrackPointExtension>
        </extensions>
      </trkpt>
      <trkpt lat="49.1348714567720890045166015625" lon="6.160955987870693206787109375">
        <ele>175</ele>
        <time>2026-10-04T14:14:41.000Z</time>
        <extensions>
          <ns3:TrackPointExtension>
            <ns3:hr>76</ns3:hr>
          </ns3:TrackPointExtension>
        </extensions>
      </trkpt>
      <trkpt lat="49.134863913059234619140625" lon="6.16096646524965763092041015625">
        <ele>175</ele>
        <time>2026-10-04T14:14:42.000Z</time>
        <extensions>
          <ns3:TrackPointExtension>
            <ns3:hr>76</ns3:hr>
          </ns3:TrackPointExtension>
        </extensions>
      </trkpt>
      <trkpt lat="49.13485494442284107208251953125" lon="6.16097635589540004730224609375">
        <ele>175</ele>
        <time>2026-10-04T14:14:43.000Z</time>
        <extensions>
          <ns3:TrackPointExtension>
            <ns3:hr>75</ns3:hr>
          </ns3:TrackPointExtension>
        </extensions>
      </trkpt>
      <trkpt lat="49.13484589196741580963134765625" lon="6.16098825819790363311767578125">
        <ele>175</ele>
        <time>2026-10-04T14:14:44.000Z</time>
        <extensions>
          <ns3:TrackPointExtension>
            <ns3:hr>74</ns3:hr>
          </ns3:TrackPointExtension>
        </extensions>
      </trkpt>
      <trkpt lat="49.13483650423586368560791015625" lon="6.160999573767185211181640625">
        <ele>174.8000030517578125</ele>
        <time>2026-10-04T14:14:45.000Z</time>
        <extensions>
          <ns3:TrackPointExtension>
            <ns3:hr>74</ns3:hr>
          </ns3:TrackPointExtension>
        </extensions>
      </trkpt>
      <trkpt lat="49.134826026856899261474609375" lon="6.1610128171741962432861328125">
        <ele>174.8000030517578125</ele>
        <time>2026-10-04T14:14:46.000Z</time>
        <extensions>
          <ns3:TrackPointExtension>
            <ns3:hr>74</ns3:hr>
          </ns3:TrackPointExtension>
        </extensions>
      </trkpt>
      <trkpt lat="49.13481705822050571441650390625" lon="6.1610262282192707061767578125">
        <ele>174.8000030517578125</ele>
        <time>2026-10-04T14:14:47.000Z</time>
        <extensions>
          <ns3:TrackPointExtension>
            <ns3:hr>75</ns3:hr>
          </ns3:TrackPointExtension>
        </extensions>
      </trkpt>
      <trkpt lat="49.13480716757476329803466796875" lon="6.16104005835950374603271484375">
        <ele>174.8000030517578125</ele>
        <time>2026-10-04T14:14:48.000Z</time>
        <extensions>
          <ns3:TrackPointExtension>
            <ns3:hr>75</ns3:hr>
          </ns3:TrackPointExtension>
        </extensions>
      </trkpt>
      <trkpt lat="49.1347993724048137664794921875" lon="6.16105028428137302398681640625">
        <ele>174.8000030517578125</ele>
        <time>2026-10-04T14:14:49.000Z</time>
        <extensions>
          <ns3:TrackPointExtension>
            <ns3:hr>75</ns3:hr>
          </ns3:TrackPointExtension>
        </extensions>
      </trkpt>
      <trkpt lat="49.13478906266391277313232421875" lon="6.16106084547936916351318359375">
        <ele>174.600006103515625</ele>
        <time>2026-10-04T14:14:50.000Z</time>
        <extensions>
          <ns3:TrackPointExtension>
            <ns3:hr>75</ns3:hr>
          </ns3:TrackPointExtension>
        </extensions>
      </trkpt>
      <trkpt lat="49.13477799855172634124755859375" lon="6.16107207722961902618408203125">
        <ele>174.600006103515625</ele>
        <time>2026-10-04T14:14:51.000Z</time>
        <extensions>
          <ns3:TrackPointExtension>
            <ns3:hr>75</ns3:hr>
          </ns3:TrackPointExtension>
        </extensions>
      </trkpt>
      <trkpt lat="49.13476802408695220947265625" lon="6.16108364425599575042724609375">
        <ele>174.600006103515625</ele>
        <time>2026-10-04T14:14:52.000Z</time>
        <extensions>
          <ns3:TrackPointExtension>
            <ns3:hr>75</ns3:hr>
          </ns3:TrackPointExtension>
        </extensions>
      </trkpt>
      <trkpt lat="49.1347581334412097930908203125" lon="6.1610944569110870361328125">
        <ele>174.600006103515625</ele>
        <time>2026-10-04T14:14:53.000Z</time>
        <extensions>
          <ns3:TrackPointExtension>
            <ns3:hr>75</ns3:hr>
          </ns3:TrackPointExtension>
        </extensions>
      </trkpt>
      <trkpt lat="49.13474899716675281524658203125" lon="6.16110577248036861419677734375">
        <ele>174.600006103515625</ele>
        <time>2026-10-04T14:14:54.000Z</time>
        <extensions>
          <ns3:TrackPointExtension>
            <ns3:hr>73</ns3:hr>
          </ns3:TrackPointExtension>
        </extensions>
      </trkpt>
      <trkpt lat="49.1347391903400421142578125" lon="6.16111750714480876922607421875">
        <ele>174.600006103515625</ele>
        <time>2026-10-04T14:14:55.000Z</time>
        <extensions>
          <ns3:TrackPointExtension>
            <ns3:hr>73</ns3:hr>
          </ns3:TrackPointExtension>
        </extensions>
      </trkpt>
      <trkpt lat="49.13473089225590229034423828125" lon="6.16112991236150264739990234375">
        <ele>174.600006103515625</ele>
        <time>2026-10-04T14:14:56.000Z</time>
        <extensions>
          <ns3:TrackPointExtension>
            <ns3:hr>72</ns3:hr>
          </ns3:TrackPointExtension>
        </extensions>
      </trkpt>
      <trkpt lat="49.1347217559814453125" lon="6.1611418984830379486083984375">
        <ele>174.8000030517578125</ele>
        <time>2026-10-04T14:14:57.000Z</time>
        <extensions>
          <ns3:TrackPointExtension>
            <ns3:hr>72</ns3:hr>
          </ns3:TrackPointExtension>
        </extensions>
      </trkpt>
      <trkpt lat="49.1347118653357028961181640625" lon="6.16115748882293701171875">
        <ele>174.8000030517578125</ele>
        <time>2026-10-04T14:14:58.000Z</time>
        <extensions>
          <ns3:TrackPointExtension>
            <ns3:hr>72</ns3:hr>
          </ns3:TrackPointExtension>
        </extensions>
      </trkpt>
      <trkpt lat="49.1347041539847850799560546875" lon="6.161169894039630889892578125">
        <ele>174.8000030517578125</ele>
        <time>2026-10-04T14:14:59.000Z</time>
        <extensions>
          <ns3:TrackPointExtension>
            <ns3:hr>71</ns3:hr>
          </ns3:TrackPointExtension>
        </extensions>
      </trkpt>
      <trkpt lat="49.1346954368054866790771484375" lon="6.16118188016116619110107421875">
        <ele>174.8000030517578125</ele>
        <time>2026-10-04T14:15:00.000Z</time>
        <extensions>
          <ns3:TrackPointExtension>
            <ns3:hr>71</ns3:hr>
          </ns3:TrackPointExtension>
        </extensions>
      </trkpt>
      <trkpt lat="49.13468562997877597808837890625" lon="6.16119361482560634613037109375">
        <ele>174.8000030517578125</ele>
        <time>2026-10-04T14:15:01.000Z</time>
        <extensions>
          <ns3:TrackPointExtension>
            <ns3:hr>70</ns3:hr>
          </ns3:TrackPointExtension>
        </extensions>
      </trkpt>
      <trkpt lat="49.13467708043754100799560546875" lon="6.16120132617652416229248046875">
        <ele>174.8000030517578125</ele>
        <time>2026-10-04T14:15:02.000Z</time>
        <extensions>
          <ns3:TrackPointExtension>
            <ns3:hr>70</ns3:hr>
          </ns3:TrackPointExtension>
        </extensions>
      </trkpt>
      <trkpt lat="49.1346669383347034454345703125" lon="6.161212138831615447998046875">
        <ele>175</ele>
        <time>2026-10-04T14:15:03.000Z</time>
        <extensions>
          <ns3:TrackPointExtension>
            <ns3:hr>70</ns3:hr>
          </ns3:TrackPointExtension>
        </extensions>
      </trkpt>
      <trkpt lat="49.1346595622599124908447265625" lon="6.16122093982994556427001953125">
        <ele>175</ele>
        <time>2026-10-04T14:15:04.000Z</time>
        <extensions>
          <ns3:TrackPointExtension>
            <ns3:hr>71</ns3:hr>
          </ns3:TrackPointExtension>
        </extensions>
      </trkpt>
      <trkpt lat="49.1346505098044872283935546875" lon="6.16123066283762454986572265625">
        <ele>175</ele>
        <time>2026-10-04T14:15:05.000Z</time>
        <extensions>
          <ns3:TrackPointExtension>
            <ns3:hr>71</ns3:hr>
          </ns3:TrackPointExtension>
        </extensions>
      </trkpt>
      <trkpt lat="49.13463282398879528045654296875" lon="6.1612518690526485443115234375">
        <ele>175</ele>
        <time>2026-10-04T14:15:06.000Z</time>
        <extensions>
          <ns3:TrackPointExtension>
            <ns3:hr>72</ns3:hr>
          </ns3:TrackPointExtension>
        </extensions>
      </trkpt>
      <trkpt lat="49.1346240229904651641845703125" lon="6.16125932894647121429443359375">
        <ele>175</ele>
        <time>2026-10-04T14:15:07.000Z</time>
        <extensions>
          <ns3:TrackPointExtension>
            <ns3:hr>73</ns3:hr>
          </ns3:TrackPointExtension>
        </extensions>
      </trkpt>
      <trkpt lat="49.13461572490632534027099609375" lon="6.16126871667802333831787109375">
        <ele>175</ele>
        <time>2026-10-04T14:15:08.000Z</time>
        <extensions>
          <ns3:TrackPointExtension>
            <ns3:hr>75</ns3:hr>
          </ns3:TrackPointExtension>
        </extensions>
      </trkpt>
      <trkpt lat="49.13460818119347095489501953125" lon="6.16127617657184600830078125">
        <ele>175</ele>
        <time>2026-10-04T14:15:09.000Z</time>
        <extensions>
          <ns3:TrackPointExtension>
            <ns3:hr>76</ns3:hr>
          </ns3:TrackPointExtension>
        </extensions>
      </trkpt>
      <trkpt lat="49.13459661416709423065185546875" lon="6.1612902581691741943359375">
        <ele>175</ele>
        <time>2026-10-04T14:15:10.000Z</time>
        <extensions>
          <ns3:TrackPointExtension>
            <ns3:hr>76</ns3:hr>
          </ns3:TrackPointExtension>
        </extensions>
      </trkpt>
      <trkpt lat="49.13458873517811298370361328125" lon="6.161299310624599456787109375">
        <ele>175.1999969482421875</ele>
        <time>2026-10-04T14:15:11.000Z</time>
        <extensions>
          <ns3:TrackPointExtension>
            <ns3:hr>76</ns3:hr>
          </ns3:TrackPointExtension>
        </extensions>
      </trkpt>
      <trkpt lat="49.1345827840268611907958984375" lon="6.161306016147136688232421875">
        <ele>175.1999969482421875</ele>
        <time>2026-10-04T14:15:12.000Z</time>
        <extensions>
          <ns3:TrackPointExtension>
            <ns3:hr>75</ns3:hr>
          </ns3:TrackPointExtension>
        </extensions>
      </trkpt>
      <trkpt lat="49.1345744021236896514892578125" lon="6.1613152362406253814697265625">
        <ele>175.1999969482421875</ele>
        <time>2026-10-04T14:15:13.000Z</time>
        <extensions>
          <ns3:TrackPointExtension>
            <ns3:hr>75</ns3:hr>
          </ns3:TrackPointExtension>
        </extensions>
      </trkpt>
      <trkpt lat="49.13456124253571033477783203125" lon="6.1613279767334461212158203125">
        <ele>175.1999969482421875</ele>
        <time>2026-10-04T14:15:14.000Z</time>
        <extensions>
          <ns3:TrackPointExtension>
            <ns3:hr>75</ns3:hr>
          </ns3:TrackPointExtension>
        </extensions>
      </trkpt>
    </trkseg>
  </trk>
</gpx>
