<gpx xmlns:ns3="http://www.garmin.com/xmlschemas/TrackPointExtension/v1" xmlns="http://www.topografix.com/GPX/1/1" xmlns:xsi="http://www.w3.org/2001/XMLSchema-instance" xmlns:ns2="http://www.garmin.com/xmlschemas/GpxExtensions/v3" creator="Garmin Connect" version="1.1" xsi:schemaLocation="http://www.topografix.com/GPX/1/1 http://www.topografix.com/GPX/11.xsd">
  <extensions>
<distance>2515.46</distance>
<average_hr>72.0</average_hr>
<average_speed>2.0889999866485596</average_speed>
<start_time>2026-10-04T13:40:09+00:00</start_time>
<end_time>2026-10-04T14:00:13.056000+00:00</end_time>
<moving_time>1204.0</moving_time>
<elapsed_time>1204.056</elapsed_time>
</extensions>
<metadata>
    <link href="connect.garmin.com">
      <text>Garmin Connect</text>
    </link>
    <time>2026-10-04T13:40:09.000Z</time>
  </metadata>
  <trk>
    <name>Metz Cycling</name>
    <type>cycling</type>
    <trkseg>
      <trkpt lat="49.12974332459270954132080078125" lon="6.15657786838710308074951171875">
        <ele>170.1999969482421875</ele>
        <time>2026-10-04T13:40:09.000Z</time>
        <extensions>
          <ns3:TrackPointExtension>
            <ns3:atemp>29.0</ns3:atemp>
            <ns3:hr>74</ns3:hr>
          </ns3:TrackPointExtension>
        </extensions>
      </trkpt>
      <trkpt lat="49.12974961102008819580078125" lon="6.15657384507358074188232421875">
        <ele>170.1999969482421875</ele>
        <time>2026-10-04T13:40:10.000Z</time>
        <extensions>
          <ns3:TrackPointExtension>
            <ns3:atemp>29.0</ns3:atemp>
            <ns3:hr>74</ns3:hr>
          </ns3:TrackPointExtension>
        </extensions>
      </trkpt>
      <trkpt lat="49.12976168096065521240234375" lon="6.15656378678977489471435546875">
        <ele>170.1999969482421875</ele>
        <time>2026-10-04T13:40:11.000Z</time>
        <extensions>
          <ns3:TrackPointExtension>
            <ns3:atemp>30.0</ns3:atemp>
            <ns3:hr>74</ns3:hr>
          </ns3:TrackPointExtension>
        </extensions>
      </trkpt>
      <trkpt lat="49.12977551110088825225830078125" lon="6.15656009875237941741943359375">
        <ele>170.1999969482421875</ele>
        <time>2026-10-04T13:40:12.000Z</time>
        <extensions>
          <ns3:TrackPointExtension>
            <ns3:atemp>30.0</ns3:atemp>
            <ns3:hr>75</ns3:hr>
          </ns3:TrackPointExtension>
        </extensions>
      </trkpt>
      <trkpt lat="49.1297896765172481536865234375" lon="6.156554482877254486083984375">
        <ele>170.1999969482421875</ele>
        <time>2026-10-04T13:40:13.000Z</time>
        <extensions>
          <ns3:TrackPointExtension>
            <ns3:atemp>29.0</ns3:atemp>
            <ns3:hr>75</ns3:hr>
          </ns3:TrackPointExtension>
        </extensions>
      </trkpt>
      <trkpt lat="49.129806943237781524658203125" lon="6.15655037574470043182373046875">
        <ele>170</ele>
        <time>2026-10-04T13:40:14.000Z</time>
        <extensions>
          <ns3:TrackPointExtension>
            <ns3:atemp>30.0</ns3:atemp>
            <ns3:hr>75</ns3:hr>
          </ns3:TrackPointExtension>
        </extensions>
      </trkpt>
      <trkpt lat="49.12982462905347347259521484375" lon="6.1565479449927806854248046875">
        <ele>170</ele>
        <time>2026-10-04T13:40:15.000Z</time>
        <extensions>
          <ns3:TrackPointExtension>
            <ns3:atemp>29.0</ns3:atemp>
            <ns3:hr>74</ns3:hr>
          </ns3:TrackPointExtension>
        </extensions>
      </trkpt>
      <trkpt lat="49.12984072230756282806396484375" lon="6.15655154921114444732666015625">
        <ele>170</ele>
        <time>2026-10-04T13:40:16.000Z</time>
        <extensions>
          <ns3:TrackPointExtension>
            <ns3:atemp>30.0</ns3:atemp>
            <ns3:hr>73</ns3:hr>
          </ns3:TrackPointExtension>
        </extensions>
      </trkpt>
      <trkpt lat="49.1298574022948741912841796875" lon="6.15655817091464996337890625">
        <ele>170</ele>
        <time>2026-10-04T13:40:17.000Z</time>
        <extensions>
          <ns3:TrackPointExtension>
            <ns3:atemp>30.0</ns3:atemp>
            <ns3:hr>73</ns3:hr>
          </ns3:TrackPointExtension>
        </extensions>
      </trkpt>
      <trkpt lat="49.12987508811056613922119140625" lon="6.1565630324184894561767578125">
        <ele>170</ele>
        <time>2026-10-04T13:40:18.000Z</time>
        <extensions>
          <ns3:TrackPointExtension>
            <ns3:atemp>29.0</ns3:atemp>
            <ns3:hr>73</ns3:hr>
          </ns3:TrackPointExtension>
        </extensions>
      </trkpt>
      <trkpt lat="49.12989151664078235626220703125" lon="6.15656781010329723358154296875">
        <ele>170</ele>
        <time>2026-10-04T13:40:19.000Z</time>
        <extensions>
          <ns3:TrackPointExtension>
            <ns3:atemp>30.0</ns3:atemp>
            <ns3:hr>72</ns3:hr>
          </ns3:TrackPointExtension>
        </extensions>
      </trkpt>
      <trkpt lat="49.12990677170455455780029296875" lon="6.15656898356974124908447265625">
        <ele>170</ele>
        <time>2026-10-04T13:40:20.000Z</time>
        <extensions>
          <ns3:TrackPointExtension>
            <ns3:atemp>30.0</ns3:atemp>
            <ns3:hr>72</ns3:hr>
          </ns3:TrackPointExtension>
        </extensions>
      </trkpt>
      <trkpt lat="49.12992169149219989776611328125" lon="6.156567893922328948974609375">
        <ele>170</ele>
        <time>2026-10-04T13:40:21.000Z</time>
        <extensions>
          <ns3:TrackPointExtension>
            <ns3:atemp>30.0</ns3:atemp>
            <ns3:hr>72</ns3:hr>
          </ns3:TrackPointExtension>
        </extensions>
      </trkpt>
      <trkpt lat="49.12993527017533779144287109375" lon="6.1565653793513774871826171875">
        <ele>170</ele>
        <time>2026-10-04T13:40:22.000Z</time>
        <extensions>
          <ns3:TrackPointExtension>
            <ns3:atemp>30.0</ns3:atemp>
            <ns3:hr>72</ns3:hr>
          </ns3:TrackPointExtension>
        </extensions>
      </trkpt>
      <trkpt lat="49.12994834594428539276123046875" lon="6.15656546317040920257568359375">
        <ele>170.1999969482421875</ele>
        <time>2026-10-04T13:40:23.000Z</time>
        <extensions>
          <ns3:TrackPointExtension>
            <ns3:atemp>30.0</ns3:atemp>
            <ns3:hr>72</ns3:hr>
          </ns3:TrackPointExtension>
        </extensions>
      </trkpt>
      <trkpt lat="49.129963852465152740478515625" lon="6.1565657146275043487548828125">
        <ele>170.1999969482421875</ele>
        <time>2026-10-04T13:40:24.000Z</time>
        <extensions>
          <ns3:TrackPointExtension>
            <ns3:atemp>30.0</ns3:atemp>
            <ns3:hr>72</ns3:hr>
          </ns3:TrackPointExtension>
        </extensions>
      </trkpt>
      <trkpt lat="49.1299754194915294647216796875" lon="6.1565650440752506256103515625">
        <ele>170.1999969482421875</ele>
        <time>2026-10-04T13:40:25.000Z</time>
        <extensions>
          <ns3:TrackPointExtension>
            <ns3:atemp>30.0</ns3:atemp>
            <ns3:hr>71</ns3:hr>
          </ns3:TrackPointExtension>
        </extensions>
      </trkpt>
      <trkpt lat="49.12998673506081104278564453125" lon="6.15656546317040920257568359375">
        <ele>170.1999969482421875</ele>
        <time>2026-10-04T13:40:26.000Z</time>
        <extensions>
          <ns3:TrackPointExtension>
            <ns3:atemp>30.0</ns3:atemp>
            <ns3:hr>71</ns3:hr>
          </ns3:TrackPointExtension>
        </extensions>
      </trkpt>
      <trkpt lat="49.130000732839107513427734375" lon="6.15656345151364803314208984375">
        <ele>170.1999969482421875</ele>
        <time>2026-10-04T13:40:27.000Z</time>
        <extensions>
          <ns3:TrackPointExtension>
            <ns3:atemp>30.0</ns3:atemp>
            <ns3:hr>69</ns3:hr>
          </ns3:TrackPointExtension>
        </extensions>
      </trkpt>
      <trkpt lat="49.130015484988689422607421875" lon="6.1565563268959522247314453125">
        <ele>170.1999969482421875</ele>
        <time>2026-10-04T13:40:28.000Z</time>
        <extensions>
          <ns3:TrackPointExtension>
            <ns3:atemp>30.0</ns3:atemp>
            <ns3:hr>69</ns3:hr>
          </ns3:TrackPointExtension>
        </extensions>
      </trkpt>
      <trkpt lat="49.130032919347286224365234375" lon="6.1565476097166538238525390625">
        <ele>170</ele>
        <time>2026-10-04T13:40:29.000Z</time>
        <extensions>
          <ns3:TrackPointExtension>
            <ns3:atemp>30.0</ns3:atemp>
            <ns3:hr>68</ns3:hr>
          </ns3:TrackPointExtension>
        </extensions>
      </trkpt>
      <trkpt lat="49.1300475038588047027587890625" lon="6.15653595887124538421630859375">
        <ele>170</ele>
        <time>2026-10-04T13:40:30.000Z</time>
        <extensions>
          <ns3:TrackPointExtension>
            <ns3:atemp>30.0</ns3:atemp>
            <ns3:hr>69</ns3:hr>
          </ns3:TrackPointExtension>
        </extensions>
      </trkpt>
      <trkpt lat="49.13006217218935489654541015625" lon="6.15652288310229778289794921875">
        <ele>170</ele>
        <time>2026-10-04T13:40:31.000Z</time>
        <extensions>
          <ns3:TrackPointExtension>
            <ns3:atemp>30.0</ns3:atemp>
            <ns3:hr>69</ns3:hr>
          </ns3:TrackPointExtension>
        </extensions>
      </trkpt>
      <trkpt lat="49.1300746612250804901123046875" lon="6.15650863386690616607666015625">
        <ele>170</ele>
        <time>2026-10-04T13:40:32.000Z</time>
        <extensions>
          <ns3:TrackPointExtension>
            <ns3:atemp>30.0</ns3:atemp>
            <ns3:hr>69</ns3:hr>
          </ns3:TrackPointExtension>
        </extensions>
      </trkpt>
      <trkpt lat="49.13008622825145721435546875" lon="6.1564963124692440032958984375">
        <ele>170</ele>
        <time>2026-10-04T13:40:33.000Z</time>
        <extensions>
          <ns3:TrackPointExtension>
            <ns3:atemp>30.0</ns3:atemp>
            <ns3:hr>68</ns3:hr>
          </ns3:TrackPointExtension>
        </extensions>
      </trkpt>
      <trkpt lat="49.13009838201105594635009765625" lon="6.1564825661480426788330078125">
        <ele>170</ele>
        <time>2026-10-04T13:40:34.000Z</time>
        <extensions>
          <ns3:TrackPointExtension>
            <ns3:atemp>30.0</ns3:atemp>
            <ns3:hr>68</ns3:hr>
          </ns3:TrackPointExtension>
        </extensions>
      </trkpt>
      <trkpt lat="49.130111373960971832275390625" lon="6.1564674787223339080810546875">
        <ele>170</ele>
        <time>2026-10-04T13:40:35.000Z</time>
        <extensions>
          <ns3:TrackPointExtension>
            <ns3:atemp>30.0</ns3:atemp>
            <ns3:hr>68</ns3:hr>
          </ns3:TrackPointExtension>
        </extensions>
      </trkpt>
      <trkpt lat="49.13011983968317508697509765625" lon="6.15645364858210086822509765625">
        <ele>170</ele>
        <time>2026-10-04T13:40:36.000Z</time>
        <extensions>
          <ns3:TrackPointExtension>
            <ns3:atemp>30.0</ns3:atemp>
            <ns3:hr>68</ns3:hr>
          </ns3:TrackPointExtension>
        </extensions>
      </trkpt>
      <trkpt lat="49.1301284730434417724609375" lon="6.15643613040447235107421875">
        <ele>170</ele>
        <time>2026-10-04T13:40:37.000Z</time>
        <extensions>
          <ns3:TrackPointExtension>
            <ns3:atemp>30.0</ns3:atemp>
            <ns3:hr>67</ns3:hr>
          </ns3:TrackPointExtension>
        </extensions>
      </trkpt>
      <trkpt lat="49.13013375364243984222412109375" lon="6.15641593001782894134521484375">
        <ele>170</ele>
        <time>2026-10-04T13:40:38.000Z</time>
        <extensions>
          <ns3:TrackPointExtension>
            <ns3:atemp>30.0</ns3:atemp>
            <ns3:hr>68</ns3:hr>
          </ns3:TrackPointExtension>
        </extensions>
      </trkpt>
      <trkpt lat="49.13013861514627933502197265625" lon="6.1564044468104839324951171875">
        <ele>170</ele>
        <time>2026-10-04T13:40:39.000Z</time>
        <extensions>
          <ns3:TrackPointExtension>
            <ns3:atemp>30.0</ns3:atemp>
            <ns3:hr>67</ns3:hr>
          </ns3:TrackPointExtension>
        </extensions>
      </trkpt>
      <trkpt lat="49.130146242678165435791015625" lon="6.1563947238028049468994140625">
        <ele>170</ele>
        <time>2026-10-04T13:40:40.000Z</time>
        <extensions>
          <ns3:TrackPointExtension>
            <ns3:atemp>30.0</ns3:atemp>
            <ns3:hr>67</ns3:hr>
          </ns3:TrackPointExtension>
        </extensions>
      </trkpt>
      <trkpt lat="49.13015998899936676025390625" lon="6.15639413706958293914794921875">
        <ele>170</ele>
        <time>2026-10-04T13:40:41.000Z</time>
        <extensions>
          <ns3:TrackPointExtension>
            <ns3:atemp>30.0</ns3:atemp>
            <ns3:hr>68</ns3:hr>
          </ns3:TrackPointExtension>
        </extensions>
      </trkpt>
      <trkpt lat="49.13017340004444122314453125" lon="6.15641559474170207977294921875">
        <ele>170</ele>
        <time>2026-10-04T13:40:42.000Z</time>
        <extensions>
          <ns3:TrackPointExtension>
            <ns3:atemp>30.0</ns3:atemp>
            <ns3:hr>68</ns3:hr>
          </ns3:TrackPointExtension>
        </extensions>
      </trkpt>
      <trkpt lat="49.1301675327122211456298828125" lon="6.156454570591449737548828125">
        <ele>170</ele>
        <time>2026-10-04T13:40:43.000Z</time>
        <extensions>
          <ns3:TrackPointExtension>
            <ns3:atemp>30.0</ns3:atemp>
            <ns3:hr>68</ns3:hr>
          </ns3:TrackPointExtension>
        </extensions>
      </trkpt>
      <trkpt lat="49.1301635093986988067626953125" lon="6.15648969076573848724365234375">
        <ele>170</ele>
        <time>2026-10-04T13:40:44.000Z</time>
        <extensions>
          <ns3:TrackPointExtension>
            <ns3:atemp>30.0</ns3:atemp>
            <ns3:hr>69</ns3:hr>
          </ns3:TrackPointExtension>
        </extensions>
      </trkpt>
      <trkpt lat="49.13016342557966709136962890625" lon="6.1565298400819301605224609375">
        <ele>170.1999969482421875</ele>
        <time>2026-10-04T13:40:45.000Z</time>
        <extensions>
          <ns3:TrackPointExtension>
            <ns3:atemp>30.0</ns3:atemp>
            <ns3:hr>69</ns3:hr>
          </ns3:TrackPointExtension>
        </extensions>
      </trkpt>
      <trkpt lat="49.1301742382347583770751953125" lon="6.156545095145702362060546875">
        <ele>170.1999969482421875</ele>
        <time>2026-10-04T13:40:46.000Z</time>
        <extensions>
          <ns3:TrackPointExtension>
            <ns3:atemp>30.0</ns3:atemp>
            <ns3:hr>69</ns3:hr>
          </ns3:TrackPointExtension>
        </extensions>
      </trkpt>
      <trkpt lat="49.1301874816417694091796875" lon="6.15655146539211273193359375">
        <ele>170.1999969482421875</ele>
        <time>2026-10-04T13:40:47.000Z</time>
        <extensions>
          <ns3:TrackPointExtension>
            <ns3:atemp>30.0</ns3:atemp>
            <ns3:hr>68</ns3:hr>
          </ns3:TrackPointExtension>
        </extensions>
      </trkpt>
      <trkpt lat="49.13020298816263675689697265625" lon="6.15654475986957550048828125">
        <ele>170.1999969482421875</ele>
        <time>2026-10-04T13:40:48.000Z</time>
        <extensions>
          <ns3:TrackPointExtension>
            <ns3:atemp>30.0</ns3:atemp>
            <ns3:hr>69</ns3:hr>
          </ns3:TrackPointExtension>
        </extensions>
      </trkpt>
      <trkpt lat="49.13021891377866268157958984375" lon="6.156536377966403961181640625">
        <ele>170.1999969482421875</ele>
        <time>2026-10-04T13:40:49.000Z</time>
        <extensions>
          <ns3:TrackPointExtension>
            <ns3:atemp>30.0</ns3:atemp>
            <ns3:hr>69</ns3:hr>
          </ns3:TrackPointExtension>
        </extensions>
      </trkpt>
      <trkpt lat="49.1302322410047054290771484375" lon="6.15655473433434963226318359375">
        <ele>170.399993896484375</ele>
        <time>2026-10-04T13:40:50.000Z</time>
        <extensions>
          <ns3:TrackPointExtension>
            <ns3:atemp>30.0</ns3:atemp>
            <ns3:hr>69</ns3:hr>
          </ns3:TrackPointExtension>
        </extensions>
      </trkpt>
      <trkpt lat="49.1302389465272426605224609375" lon="6.15657988004386425018310546875">
        <ele>170.399993896484375</ele>
        <time>2026-10-04T13:40:51.000Z</time>
        <extensions>
          <ns3:TrackPointExtension>
            <ns3:atemp>30.0</ns3:atemp>
            <ns3:hr>69</ns3:hr>
          </ns3:TrackPointExtension>
        </extensions>
      </trkpt>
      <trkpt lat="49.13023215718567371368408203125" lon="6.15660703741014003753662109375">
        <ele>170.399993896484375</ele>
        <time>2026-10-04T13:40:52.000Z</time>
        <extensions>
          <ns3:TrackPointExtension>
            <ns3:atemp>30.0</ns3:atemp>
            <ns3:hr>69</ns3:hr>
          </ns3:TrackPointExtension>
        </extensions>
      </trkpt>
      <trkpt lat="49.130213968455791473388671875" lon="6.15661458112299442291259765625">
        <ele>170.399993896484375</ele>
        <time>2026-10-04T13:40:53.000Z</time>
        <extensions>
          <ns3:TrackPointExtension>
            <ns3:atemp>29.0</ns3:atemp>
            <ns3:hr>69</ns3:hr>
          </ns3:TrackPointExtension>
        </extensions>
      </trkpt>
      <trkpt lat="49.13019712083041667938232421875" lon="6.15659781731665134429931640625">
        <ele>170.399993896484375</ele>
        <time>2026-10-04T13:40:54.000Z</time>
        <extensions>
          <ns3:TrackPointExtension>
            <ns3:atemp>30.0</ns3:atemp>
            <ns3:hr>70</ns3:hr>
          </ns3:TrackPointExtension>
        </extensions>
      </trkpt>
      <trkpt lat="49.1301876492798328399658203125" lon="6.15657200105488300323486328125">
        <ele>170.399993896484375</ele>
        <time>2026-10-04T13:40:55.000Z</time>
        <extensions>
          <ns3:TrackPointExtension>
            <ns3:atemp>30.0</ns3:atemp>
            <ns3:hr>70</ns3:hr>
          </ns3:TrackPointExtension>
        </extensions>
      </trkpt>
      <trkpt lat="49.1301692090928554534912109375" lon="6.15655020810663700103759765625">
        <ele>170.399993896484375</ele>
        <time>2026-10-04T13:40:56.000Z</time>
        <extensions>
          <ns3:TrackPointExtension>
            <ns3:atemp>30.0</ns3:atemp>
            <ns3:hr>75</ns3:hr>
          </ns3:TrackPointExtension>
        </extensions>
      </trkpt>
      <trkpt lat="49.1301551274955272674560546875" lon="6.15652355365455150604248046875">
        <ele>170.399993896484375</ele>
        <time>2026-10-04T13:40:57.000Z</time>
        <extensions>
          <ns3:TrackPointExtension>
            <ns3:atemp>30.0</ns3:atemp>
            <ns3:hr>78</ns3:hr>
          </ns3:TrackPointExtension>
        </extensions>
      </trkpt>
      <trkpt lat="49.130148924887180328369140625" lon="6.15648650564253330230712890625">
        <ele>170.1999969482421875</ele>
        <time>2026-10-04T13:40:58.000Z</time>
        <extensions>
          <ns3:TrackPointExtension>
            <ns3:atemp>30.0</ns3:atemp>
            <ns3:hr>81</ns3:hr>
          </ns3:TrackPointExtension>
        </extensions>
      </trkpt>
      <trkpt lat="49.13014800287783145904541015625" lon="6.1564430035650730133056640625">
        <ele>170.1999969482421875</ele>
        <time>2026-10-04T13:40:59.000Z</time>
        <extensions>
          <ns3:TrackPointExtension>
            <ns3:atemp>29.0</ns3:atemp>
            <ns3:hr>82</ns3:hr>
          </ns3:TrackPointExtension>
        </extensions>
      </trkpt>
      <trkpt lat="49.1301552951335906982421875" lon="6.156389527022838592529296875">
        <ele>170</ele>
        <time>2026-10-04T13:41:00.000Z</time>
        <extensions>
          <ns3:TrackPointExtension>
            <ns3:atemp>30.0</ns3:atemp>
            <ns3:hr>82</ns3:hr>
          </ns3:TrackPointExtension>
        </extensions>
      </trkpt>
      <trkpt lat="49.130159653723239898681640625" lon="6.156352646648883819580078125">
        <ele>170</ele>
        <time>2026-10-04T13:41:01.000Z</time>
        <extensions>
          <ns3:TrackPointExtension>
            <ns3:atemp>30.0</ns3:atemp>
            <ns3:hr>82</ns3:hr>
          </ns3:TrackPointExtension>
        </extensions>
      </trkpt>
      <trkpt lat="49.13016141392290592193603515625" lon="6.1563011817634105682373046875">
        <ele>169.600006103515625</ele>
        <time>2026-10-04T13:41:02.000Z</time>
        <extensions>
          <ns3:TrackPointExtension>
            <ns3:atemp>30.0</ns3:atemp>
            <ns3:hr>82</ns3:hr>
          </ns3:TrackPointExtension>
        </extensions>
      </trkpt>
      <trkpt lat="49.1301581449806690216064453125" lon="6.15624845959246158599853515625">
        <ele>169.399993896484375</ele>
        <time>2026-10-04T13:41:03.000Z</time>
        <extensions>
          <ns3:TrackPointExtension>
            <ns3:atemp>30.0</ns3:atemp>
            <ns3:hr>83</ns3:hr>
          </ns3:TrackPointExtension>
        </extensions>
      </trkpt>
      <trkpt lat="49.13014397956430912017822265625" lon="6.15620143711566925048828125">
        <ele>169.399993896484375</ele>
        <time>2026-10-04T13:41:04.000Z</time>
        <extensions>
          <ns3:TrackPointExtension>
            <ns3:atemp>29.0</ns3:atemp>
            <ns3:hr>83</ns3:hr>
          </ns3:TrackPointExtension>
        </extensions>
      </trkpt>
      <trkpt lat="49.13012604229152202606201171875" lon="6.1561553366482257843017578125">
        <ele>169.1999969482421875</ele>
        <time>2026-10-04T13:41:05.000Z</time>
        <extensions>
          <ns3:TrackPointExtension>
            <ns3:atemp>29.0</ns3:atemp>
            <ns3:hr>83</ns3:hr>
          </ns3:TrackPointExtension>
        </extensions>
      </trkpt>
      <trkpt lat="49.13010022602975368499755859375" lon="6.15611552260816097259521484375">
        <ele>169.1999969482421875</ele>
        <time>2026-10-04T13:41:06.000Z</time>
        <extensions>
          <ns3:TrackPointExtension>
            <ns3:atemp>29.0</ns3:atemp>
            <ns3:hr>83</ns3:hr>
          </ns3:TrackPointExtension>
        </extensions>
      </trkpt>
      <trkpt lat="49.1300726495683193206787109375" lon="6.1560788936913013458251953125">
        <ele>169.1999969482421875</ele>
        <time>2026-10-04T13:41:07.000Z</time>
        <extensions>
          <ns3:TrackPointExtension>
            <ns3:atemp>29.0</ns3:atemp>
            <ns3:hr>83</ns3:hr>
          </ns3:TrackPointExtension>
        </extensions>
      </trkpt>
      <trkpt lat="49.13004037924110889434814453125" lon="6.15605182014405727386474609375">
        <ele>169.1999969482421875</ele>
        <time>2026-10-04T13:41:08.000Z</time>
        <extensions>
          <ns3:TrackPointExtension>
            <ns3:atemp>29.0</ns3:atemp>
            <ns3:hr>85</ns3:hr>
          </ns3:TrackPointExtension>
        </extensions>
      </trkpt>
      <trkpt lat="49.130010791122913360595703125" lon="6.15602650679647922515869140625">
        <ele>169.1999969482421875</ele>
        <time>2026-10-04T13:41:09.000Z</time>
        <extensions>
          <ns3:TrackPointExtension>
            <ns3:atemp>29.0</ns3:atemp>
            <ns3:hr>86</ns3:hr>
          </ns3:TrackPointExtension>
        </extensions>
      </trkpt>
      <trkpt lat="49.12997701205313205718994140625" lon="6.15600873716175556182861328125">
        <ele>169.1999969482421875</ele>
        <time>2026-10-04T13:41:10.000Z</time>
        <extensions>
          <ns3:TrackPointExtension>
            <ns3:atemp>29.0</ns3:atemp>
            <ns3:hr>89</ns3:hr>
          </ns3:TrackPointExtension>
        </extensions>
      </trkpt>
      <trkpt lat="49.12994633428752422332763671875" lon="6.15598694421350955963134765625">
        <ele>169.1999969482421875</ele>
        <time>2026-10-04T13:41:11.000Z</time>
        <extensions>
          <ns3:TrackPointExtension>
            <ns3:atemp>29.0</ns3:atemp>
            <ns3:hr>92</ns3:hr>
          </ns3:TrackPointExtension>
        </extensions>
      </trkpt>
      <trkpt lat="49.1299138963222503662109375" lon="6.155963726341724395751953125">
        <ele>169</ele>
        <time>2026-10-04T13:41:12.000Z</time>
        <extensions>
          <ns3:TrackPointExtension>
            <ns3:atemp>29.0</ns3:atemp>
            <ns3:hr>95</ns3:hr>
          </ns3:TrackPointExtension>
        </extensions>
      </trkpt>
      <trkpt lat="49.12988564930856227874755859375" lon="6.15593447349965572357177734375">
        <ele>169.1999969482421875</ele>
        <time>2026-10-04T13:41:13.000Z</time>
        <extensions>
          <ns3:TrackPointExtension>
            <ns3:atemp>29.0</ns3:atemp>
            <ns3:hr>97</ns3:hr>
          </ns3:TrackPointExtension>
        </extensions>
      </trkpt>
      <trkpt lat="49.12985689938068389892578125" lon="6.1558844335377216339111328125">
        <ele>169.399993896484375</ele>
        <time>2026-10-04T13:41:14.000Z</time>
        <extensions>
          <ns3:TrackPointExtension>
            <ns3:atemp>29.0</ns3:atemp>
            <ns3:hr>98</ns3:hr>
          </ns3:TrackPointExtension>
        </extensions>
      </trkpt>
      <trkpt lat="49.12983410060405731201171875" lon="6.15583875216543674468994140625">
        <ele>169.600006103515625</ele>
        <time>2026-10-04T13:41:15.000Z</time>
        <extensions>
          <ns3:TrackPointExtension>
            <ns3:atemp>29.0</ns3:atemp>
            <ns3:hr>98</ns3:hr>
          </ns3:TrackPointExtension>
        </extensions>
      </trkpt>
      <trkpt lat="49.12981540895998477935791015625" lon="6.1557915620505809783935546875">
        <ele>169.8000030517578125</ele>
        <time>2026-10-04T13:41:16.000Z</time>
        <extensions>
          <ns3:TrackPointExtension>
            <ns3:atemp>29.0</ns3:atemp>
            <ns3:hr>99</ns3:hr>
          </ns3:TrackPointExtension>
        </extensions>
      </trkpt>
      <trkpt lat="49.1297950409352779388427734375" lon="6.15574940107762813568115234375">
        <ele>170</ele>
        <time>2026-10-04T13:41:17.000Z</time>
        <extensions>
          <ns3:TrackPointExtension>
            <ns3:atemp>29.0</ns3:atemp>
            <ns3:hr>99</ns3:hr>
          </ns3:TrackPointExtension>
        </extensions>
      </trkpt>
      <trkpt lat="49.1297752596437931060791015625" lon="6.15570615045726299285888671875">
        <ele>170</ele>
        <time>2026-10-04T13:41:18.000Z</time>
        <extensions>
          <ns3:TrackPointExtension>
            <ns3:atemp>29.0</ns3:atemp>
            <ns3:hr>99</ns3:hr>
          </ns3:TrackPointExtension>
        </extensions>
      </trkpt>
      <trkpt lat="49.1297571547329425811767578125" lon="6.15565803833305835723876953125">
        <ele>170</ele>
        <time>2026-10-04T13:41:19.000Z</time>
        <extensions>
          <ns3:TrackPointExtension>
            <ns3:atemp>29.0</ns3:atemp>
            <ns3:hr>99</ns3:hr>
          </ns3:TrackPointExtension>
        </extensions>
      </trkpt>
      <trkpt lat="49.12974164821207523345947265625" lon="6.1556128598749637603759765625">
        <ele>170</ele>
        <time>2026-10-04T13:41:20.000Z</time>
        <extensions>
          <ns3:TrackPointExtension>
            <ns3:atemp>29.0</ns3:atemp>
            <ns3:hr>99</ns3:hr>
          </ns3:TrackPointExtension>
        </extensions>
      </trkpt>
      <trkpt lat="49.1297263093292713165283203125" lon="6.1555686034262180328369140625">
        <ele>170</ele>
        <time>2026-10-04T13:41:21.000Z</time>
        <extensions>
          <ns3:TrackPointExtension>
            <ns3:atemp>29.0</ns3:atemp>
            <ns3:hr>99</ns3:hr>
          </ns3:TrackPointExtension>
        </extensions>
      </trkpt>
      <trkpt lat="49.12971180863678455352783203125" lon="6.155528537929058074951171875">
        <ele>170</ele>
        <time>2026-10-04T13:41:22.000Z</time>
        <extensions>
          <ns3:TrackPointExtension>
            <ns3:atemp>29.0</ns3:atemp>
            <ns3:hr>99</ns3:hr>
          </ns3:TrackPointExtension>
        </extensions>
      </trkpt>
      <trkpt lat="49.12970007397234439849853515625" lon="6.15549869835376739501953125">
        <ele>170.1999969482421875</ele>
        <time>2026-10-04T13:41:23.000Z</time>
        <extensions>
          <ns3:TrackPointExtension>
            <ns3:atemp>29.0</ns3:atemp>
            <ns3:hr>99</ns3:hr>
          </ns3:TrackPointExtension>
        </extensions>
      </trkpt>
      <trkpt lat="49.12968984805047512054443359375" lon="6.15547162480652332305908203125">
        <ele>170.1999969482421875</ele>
        <time>2026-10-04T13:41:24.000Z</time>
        <extensions>
          <ns3:TrackPointExtension>
            <ns3:atemp>29.0</ns3:atemp>
            <ns3:hr>99</ns3:hr>
          </ns3:TrackPointExtension>
        </extensions>
      </trkpt>
      <trkpt lat="49.12967978976666927337646484375" lon="6.155446730554103851318359375">
        <ele>170.399993896484375</ele>
        <time>2026-10-04T13:41:25.000Z</time>
        <extensions>
          <ns3:TrackPointExtension>
            <ns3:atemp>29.0</ns3:atemp>
            <ns3:hr>98</ns3:hr>
          </ns3:TrackPointExtension>
        </extensions>
      </trkpt>
      <trkpt lat="49.12967593409121036529541015625" lon="6.15542217157781124114990234375">
        <ele>170.600006103515625</ele>
        <time>2026-10-04T13:41:26.000Z</time>
        <extensions>
          <ns3:TrackPointExtension>
            <ns3:atemp>29.0</ns3:atemp>
            <ns3:hr>97</ns3:hr>
          </ns3:TrackPointExtension>
        </extensions>
      </trkpt>
      <trkpt lat="49.1296778619289398193359375" lon="6.1554006300866603851318359375">
        <ele>170.600006103515625</ele>
        <time>2026-10-04T13:41:27.000Z</time>
        <extensions>
          <ns3:TrackPointExtension>
            <ns3:atemp>29.0</ns3:atemp>
            <ns3:hr>96</ns3:hr>
          </ns3:TrackPointExtension>
        </extensions>
      </trkpt>
      <trkpt lat="49.12968062795698642730712890625" lon="6.1553842015564441680908203125">
        <ele>170.8000030517578125</ele>
        <time>2026-10-04T13:41:28.000Z</time>
        <extensions>
          <ns3:TrackPointExtension>
            <ns3:atemp>29.0</ns3:atemp>
            <ns3:hr>96</ns3:hr>
          </ns3:TrackPointExtension>
        </extensions>
      </trkpt>
      <trkpt lat="49.12968046031892299652099609375" lon="6.1553677730262279510498046875">
        <ele>170.8000030517578125</ele>
        <time>2026-10-04T13:41:29.000Z</time>
        <extensions>
          <ns3:TrackPointExtension>
            <ns3:atemp>29.0</ns3:atemp>
            <ns3:hr>95</ns3:hr>
          </ns3:TrackPointExtension>
        </extensions>
      </trkpt>
      <trkpt lat="49.12968230433762073516845703125" lon="6.15534204058349132537841796875">
        <ele>170.8000030517578125</ele>
        <time>2026-10-04T13:41:30.000Z</time>
        <extensions>
          <ns3:TrackPointExtension>
            <ns3:atemp>29.0</ns3:atemp>
            <ns3:hr>94</ns3:hr>
          </ns3:TrackPointExtension>
        </extensions>
      </trkpt>
      <trkpt lat="49.1296890936791896820068359375" lon="6.1553111113607883453369140625">
        <ele>170.8000030517578125</ele>
        <time>2026-10-04T13:41:31.000Z</time>
        <extensions>
          <ns3:TrackPointExtension>
            <ns3:atemp>29.0</ns3:atemp>
            <ns3:hr>94</ns3:hr>
          </ns3:TrackPointExtension>
        </extensions>
      </trkpt>
      <trkpt lat="49.12969906814396381378173828125" lon="6.155283451080322265625">
        <ele>170.8000030517578125</ele>
        <time>2026-10-04T13:41:32.000Z</time>
        <extensions>
          <ns3:TrackPointExtension>
            <ns3:atemp>29.0</ns3:atemp>
            <ns3:hr>94</ns3:hr>
          </ns3:TrackPointExtension>
        </extensions>
      </trkpt>
      <trkpt lat="49.12970929406583309173583984375" lon="6.15525755099952220916748046875">
        <ele>170.8000030517578125</ele>
        <time>2026-10-04T13:41:33.000Z</time>
        <extensions>
          <ns3:TrackPointExtension>
            <ns3:atemp>29.0</ns3:atemp>
            <ns3:hr>95</ns3:hr>
          </ns3:TrackPointExtension>
        </extensions>
      </trkpt>
      <trkpt lat="49.129719771444797515869140625" lon="6.1552333272993564605712890625">
        <ele>170.600006103515625</ele>
        <time>2026-10-04T13:41:34.000Z</time>
        <extensions>
          <ns3:TrackPointExtension>
            <ns3:atemp>29.0</ns3:atemp>
            <ns3:hr>93</ns3:hr>
          </ns3:TrackPointExtension>
        </extensions>
      </trkpt>
      <trkpt lat="49.12972949445247650146484375" lon="6.155205667018890380859375">
        <ele>170.600006103515625</ele>
        <time>2026-10-04T13:41:35.000Z</time>
        <extensions>
          <ns3:TrackPointExtension>
            <ns3:atemp>29.0</ns3:atemp>
            <ns3:hr>91</ns3:hr>
          </ns3:TrackPointExtension>
        </extensions>
      </trkpt>
      <trkpt lat="49.12973821163177490234375" lon="6.155180521309375762939453125">
        <ele>170.600006103515625</ele>
        <time>2026-10-04T13:41:36.000Z</time>
        <extensions>
          <ns3:TrackPointExtension>
            <ns3:atemp>29.0</ns3:atemp>
            <ns3:hr>88</ns3:hr>
          </ns3:TrackPointExtension>
        </extensions>
      </trkpt>
      <trkpt lat="49.12974718026816844940185546875" lon="6.1551506817340850830078125">
        <ele>170.600006103515625</ele>
        <time>2026-10-04T13:41:37.000Z</time>
        <extensions>
          <ns3:TrackPointExtension>
            <ns3:atemp>29.0</ns3:atemp>
            <ns3:hr>85</ns3:hr>
          </ns3:TrackPointExtension>
        </extensions>
      </trkpt>
      <trkpt lat="49.12975438870489597320556640625" lon="6.15512478165328502655029296875">
        <ele>170.600006103515625</ele>
        <time>2026-10-04T13:41:38.000Z</time>
        <extensions>
          <ns3:TrackPointExtension>
            <ns3:atemp>29.0</ns3:atemp>
            <ns3:hr>83</ns3:hr>
          </ns3:TrackPointExtension>
        </extensions>
      </trkpt>
      <trkpt lat="49.1297625191509723663330078125" lon="6.1551025696098804473876953125">
        <ele>170.600006103515625</ele>
        <time>2026-10-04T13:41:39.000Z</time>
        <extensions>
          <ns3:TrackPointExtension>
            <ns3:atemp>29.0</ns3:atemp>
            <ns3:hr>81</ns3:hr>
          </ns3:TrackPointExtension>
        </extensions>
      </trkpt>
      <trkpt lat="49.12976947613060474395751953125" lon="6.15507893264293670654296875">
        <ele>170.600006103515625</ele>
        <time>2026-10-04T13:41:40.000Z</time>
        <extensions>
          <ns3:TrackPointExtension>
            <ns3:atemp>29.0</ns3:atemp>
            <ns3:hr>80</ns3:hr>
          </ns3:TrackPointExtension>
        </extensions>
      </trkpt>
      <trkpt lat="49.12977819330990314483642578125" lon="6.15505152381956577301025390625">
        <ele>170.600006103515625</ele>
        <time>2026-10-04T13:41:41.000Z</time>
        <extensions>
          <ns3:TrackPointExtension>
            <ns3:atemp>29.0</ns3:atemp>
            <ns3:hr>79</ns3:hr>
          </ns3:TrackPointExtension>
        </extensions>
      </trkpt>
      <trkpt lat="49.12978573702275753021240234375" lon="6.15502218715846538543701171875">
        <ele>170.600006103515625</ele>
        <time>2026-10-04T13:41:42.000Z</time>
        <extensions>
          <ns3:TrackPointExtension>
            <ns3:atemp>29.0</ns3:atemp>
            <ns3:hr>79</ns3:hr>
          </ns3:TrackPointExtension>
        </extensions>
      </trkpt>
      <trkpt lat="49.12979344837367534637451171875" lon="6.154991090297698974609375">
        <ele>170.600006103515625</ele>
        <time>2026-10-04T13:41:43.000Z</time>
        <extensions>
          <ns3:TrackPointExtension>
            <ns3:atemp>29.0</ns3:atemp>
            <ns3:hr>79</ns3:hr>
          </ns3:TrackPointExtension>
        </extensions>
      </trkpt>
      <trkpt lat="49.12980099208652973175048828125" lon="6.1549597419798374176025390625">
        <ele>170.8000030517578125</ele>
        <time>2026-10-04T13:41:44.000Z</time>
        <extensions>
          <ns3:TrackPointExtension>
            <ns3:atemp>29.0</ns3:atemp>
            <ns3:hr>80</ns3:hr>
          </ns3:TrackPointExtension>
        </extensions>
      </trkpt>
      <trkpt lat="49.12980736233294010162353515625" lon="6.15493233315646648406982421875">
        <ele>170.8000030517578125</ele>
        <time>2026-10-04T13:41:45.000Z</time>
        <extensions>
          <ns3:TrackPointExtension>
            <ns3:atemp>29.0</ns3:atemp>
            <ns3:hr>80</ns3:hr>
          </ns3:TrackPointExtension>
        </extensions>
      </trkpt>
      <trkpt lat="49.129812307655811309814453125" lon="6.15490400232374668121337890625">
        <ele>170.8000030517578125</ele>
        <time>2026-10-04T13:41:46.000Z</time>
        <extensions>
          <ns3:TrackPointExtension>
            <ns3:atemp>29.0</ns3:atemp>
            <ns3:hr>81</ns3:hr>
          </ns3:TrackPointExtension>
        </extensions>
      </trkpt>
      <trkpt lat="49.129815660417079925537109375" lon="6.154876090586185455322265625">
        <ele>170.8000030517578125</ele>
        <time>2026-10-04T13:41:47.000Z</time>
        <extensions>
          <ns3:TrackPointExtension>
            <ns3:atemp>29.0</ns3:atemp>
            <ns3:hr>81</ns3:hr>
          </ns3:TrackPointExtension>
        </extensions>
      </trkpt>
      <trkpt lat="49.12981993518769741058349609375" lon="6.15484599955379962921142578125">
        <ele>170.8000030517578125</ele>
        <time>2026-10-04T13:41:48.000Z</time>
        <extensions>
          <ns3:TrackPointExtension>
            <ns3:atemp>29.0</ns3:atemp>
            <ns3:hr>81</ns3:hr>
          </ns3:TrackPointExtension>
        </extensions>
      </trkpt>
      <trkpt lat="49.129824377596378326416015625" lon="6.15481875836849212646484375">
        <ele>170.8000030517578125</ele>
        <time>2026-10-04T13:41:49.000Z</time>
        <extensions>
          <ns3:TrackPointExtension>
            <ns3:atemp>29.0</ns3:atemp>
            <ns3:hr>81</ns3:hr>
          </ns3:TrackPointExtension>
        </extensions>
      </trkpt>
      <trkpt lat="49.12982747890055179595947265625" lon="6.15479202009737491607666015625">
        <ele>170.8000030517578125</ele>
        <time>2026-10-04T13:41:50.000Z</time>
        <extensions>
          <ns3:TrackPointExtension>
            <ns3:atemp>29.0</ns3:atemp>
            <ns3:hr>80</ns3:hr>
          </ns3:TrackPointExtension>
        </extensions>
      </trkpt>
      <trkpt lat="49.1298295743763446807861328125" lon="6.15476570092141628265380859375">
        <ele>170.8000030517578125</ele>
        <time>2026-10-04T13:41:51.000Z</time>
        <extensions>
          <ns3:TrackPointExtension>
            <ns3:atemp>29.0</ns3:atemp>
            <ns3:hr>81</ns3:hr>
          </ns3:TrackPointExtension>
        </extensions>
      </trkpt>
      <trkpt lat="49.12983217276632785797119140625" lon="6.1547387950122356414794921875">
        <ele>171</ele>
        <time>2026-10-04T13:41:52.000Z</time>
        <extensions>
          <ns3:TrackPointExtension>
            <ns3:atemp>29.0</ns3:atemp>
            <ns3:hr>82</ns3:hr>
          </ns3:TrackPointExtension>
        </extensions>
      </trkpt>
      <trkpt lat="49.1298356093466281890869140625" lon="6.15471155382692813873291015625">
        <ele>170.8000030517578125</ele>
        <time>2026-10-04T13:41:53.000Z</time>
        <extensions>
          <ns3:TrackPointExtension>
            <ns3:atemp>29.0</ns3:atemp>
            <ns3:hr>83</ns3:hr>
          </ns3:TrackPointExtension>
        </extensions>
      </trkpt>
      <trkpt lat="49.12983787246048450469970703125" lon="6.154682300984859466552734375">
        <ele>170.8000030517578125</ele>
        <time>2026-10-04T13:41:54.000Z</time>
        <extensions>
          <ns3:TrackPointExtension>
            <ns3:atemp>29.0</ns3:atemp>
            <ns3:hr>83</ns3:hr>
          </ns3:TrackPointExtension>
        </extensions>
      </trkpt>
      <trkpt lat="49.1298382915556430816650390625" lon="6.15465648472309112548828125">
        <ele>171</ele>
        <time>2026-10-04T13:41:55.000Z</time>
        <extensions>
          <ns3:TrackPointExtension>
            <ns3:atemp>29.0</ns3:atemp>
            <ns3:hr>82</ns3:hr>
          </ns3:TrackPointExtension>
        </extensions>
      </trkpt>
      <trkpt lat="49.1298392973840236663818359375" lon="6.15462924353778362274169921875">
        <ele>171</ele>
        <time>2026-10-04T13:41:56.000Z</time>
        <extensions>
          <ns3:TrackPointExtension>
            <ns3:atemp>29.0</ns3:atemp>
            <ns3:hr>82</ns3:hr>
          </ns3:TrackPointExtension>
        </extensions>
      </trkpt>
      <trkpt lat="49.12984088994562625885009765625" lon="6.15459940396249294281005859375">
        <ele>171</ele>
        <time>2026-10-04T13:41:57.000Z</time>
        <extensions>
          <ns3:TrackPointExtension>
            <ns3:atemp>29.0</ns3:atemp>
            <ns3:hr>81</ns3:hr>
          </ns3:TrackPointExtension>
        </extensions>
      </trkpt>
      <trkpt lat="49.1298433206975460052490234375" lon="6.15456855855882167816162109375">
        <ele>171</ele>
        <time>2026-10-04T13:41:58.000Z</time>
        <extensions>
          <ns3:TrackPointExtension>
            <ns3:atemp>29.0</ns3:atemp>
            <ns3:hr>81</ns3:hr>
          </ns3:TrackPointExtension>
        </extensions>
      </trkpt>
      <trkpt lat="49.12984617054462432861328125" lon="6.15453846752643585205078125">
        <ele>171</ele>
        <time>2026-10-04T13:41:59.000Z</time>
        <extensions>
          <ns3:TrackPointExtension>
            <ns3:atemp>30.0</ns3:atemp>
            <ns3:hr>81</ns3:hr>
          </ns3:TrackPointExtension>
        </extensions>
      </trkpt>
      <trkpt lat="49.1298476792871952056884765625" lon="6.154510974884033203125">
        <ele>170.8000030517578125</ele>
        <time>2026-10-04T13:42:00.000Z</time>
        <extensions>
          <ns3:TrackPointExtension>
            <ns3:atemp>30.0</ns3:atemp>
            <ns3:hr>82</ns3:hr>
          </ns3:TrackPointExtension>
        </extensions>
      </trkpt>
      <trkpt lat="49.1298483498394489288330078125" lon="6.1544856615364551544189453125">
        <ele>170.8000030517578125</ele>
        <time>2026-10-04T13:42:01.000Z</time>
        <extensions>
          <ns3:TrackPointExtension>
            <ns3:atemp>29.0</ns3:atemp>
            <ns3:hr>81</ns3:hr>
          </ns3:TrackPointExtension>
        </extensions>
      </trkpt>
      <trkpt lat="49.12984759546816349029541015625" lon="6.1544559895992279052734375">
        <ele>170.8000030517578125</ele>
        <time>2026-10-04T13:42:02.000Z</time>
        <extensions>
          <ns3:TrackPointExtension>
            <ns3:atemp>29.0</ns3:atemp>
            <ns3:hr>81</ns3:hr>
          </ns3:TrackPointExtension>
        </extensions>
      </trkpt>
      <trkpt lat="49.1298506967723369598388671875" lon="6.15442522801458835601806640625">
        <ele>170.8000030517578125</ele>
        <time>2026-10-04T13:42:03.000Z</time>
        <extensions>
          <ns3:TrackPointExtension>
            <ns3:atemp>29.0</ns3:atemp>
            <ns3:hr>82</ns3:hr>
          </ns3:TrackPointExtension>
        </extensions>
      </trkpt>
      <trkpt lat="49.1298530437052249908447265625" lon="6.15439455024898052215576171875">
        <ele>170.8000030517578125</ele>
        <time>2026-10-04T13:42:04.000Z</time>
        <extensions>
          <ns3:TrackPointExtension>
            <ns3:atemp>29.0</ns3:atemp>
            <ns3:hr>81</ns3:hr>
          </ns3:TrackPointExtension>
        </extensions>
      </trkpt>
      <trkpt lat="49.1298553906381130218505859375" lon="6.15436873398721218109130859375">
        <ele>170.8000030517578125</ele>
        <time>2026-10-04T13:42:05.000Z</time>
        <extensions>
          <ns3:TrackPointExtension>
            <ns3:atemp>29.0</ns3:atemp>
            <ns3:hr>81</ns3:hr>
          </ns3:TrackPointExtension>
        </extensions>
      </trkpt>
      <trkpt lat="49.1298577375710010528564453125" lon="6.154339648783206939697265625">
        <ele>170.8000030517578125</ele>
        <time>2026-10-04T13:42:06.000Z</time>
        <extensions>
          <ns3:TrackPointExtension>
            <ns3:atemp>30.0</ns3:atemp>
            <ns3:hr>81</ns3:hr>
          </ns3:TrackPointExtension>
        </extensions>
      </trkpt>
      <trkpt lat="49.12986000068485736846923828125" lon="6.1543093062937259674072265625">
        <ele>170.8000030517578125</ele>
        <time>2026-10-04T13:42:07.000Z</time>
        <extensions>
          <ns3:TrackPointExtension>
            <ns3:atemp>30.0</ns3:atemp>
            <ns3:hr>81</ns3:hr>
          </ns3:TrackPointExtension>
        </extensions>
      </trkpt>
      <trkpt lat="49.12986368872225284576416015625" lon="6.15428097546100616455078125">
        <ele>170.8000030517578125</ele>
        <time>2026-10-04T13:42:08.000Z</time>
        <extensions>
          <ns3:TrackPointExtension>
            <ns3:atemp>29.0</ns3:atemp>
            <ns3:hr>81</ns3:hr>
          </ns3:TrackPointExtension>
        </extensions>
      </trkpt>
      <trkpt lat="49.12986695766448974609375" lon="6.15425205789506435394287109375">
        <ele>170.8000030517578125</ele>
        <time>2026-10-04T13:42:09.000Z</time>
        <extensions>
          <ns3:TrackPointExtension>
            <ns3:atemp>30.0</ns3:atemp>
            <ns3:hr>80</ns3:hr>
          </ns3:TrackPointExtension>
        </extensions>
      </trkpt>
      <trkpt lat="49.1298694722354412078857421875" lon="6.1542248167097568511962890625">
        <ele>170.8000030517578125</ele>
        <time>2026-10-04T13:42:10.000Z</time>
        <extensions>
          <ns3:TrackPointExtension>
            <ns3:atemp>30.0</ns3:atemp>
            <ns3:hr>80</ns3:hr>
          </ns3:TrackPointExtension>
        </extensions>
      </trkpt>
      <trkpt lat="49.1298734955489635467529296875" lon="6.15419388748705387115478515625">
        <ele>170.8000030517578125</ele>
        <time>2026-10-04T13:42:11.000Z</time>
        <extensions>
          <ns3:TrackPointExtension>
            <ns3:atemp>30.0</ns3:atemp>
            <ns3:hr>80</ns3:hr>
          </ns3:TrackPointExtension>
        </extensions>
      </trkpt>
      <trkpt lat="49.12987760268151760101318359375" lon="6.1541607789695262908935546875">
        <ele>170.8000030517578125</ele>
        <time>2026-10-04T13:42:12.000Z</time>
        <extensions>
          <ns3:TrackPointExtension>
            <ns3:atemp>29.0</ns3:atemp>
            <ns3:hr>80</ns3:hr>
          </ns3:TrackPointExtension>
        </extensions>
      </trkpt>
      <trkpt lat="49.12988162599503993988037109375" lon="6.154130436480045318603515625">
        <ele>170.8000030517578125</ele>
        <time>2026-10-04T13:42:13.000Z</time>
        <extensions>
          <ns3:TrackPointExtension>
            <ns3:atemp>30.0</ns3:atemp>
            <ns3:hr>80</ns3:hr>
          </ns3:TrackPointExtension>
        </extensions>
      </trkpt>
      <trkpt lat="49.1298855654895305633544921875" lon="6.15410034544765949249267578125">
        <ele>170.8000030517578125</ele>
        <time>2026-10-04T13:42:14.000Z</time>
        <extensions>
          <ns3:TrackPointExtension>
            <ns3:atemp>30.0</ns3:atemp>
            <ns3:hr>79</ns3:hr>
          </ns3:TrackPointExtension>
        </extensions>
      </trkpt>
      <trkpt lat="49.12988908588886260986328125" lon="6.15406983532011508941650390625">
        <ele>170.8000030517578125</ele>
        <time>2026-10-04T13:42:15.000Z</time>
        <extensions>
          <ns3:TrackPointExtension>
            <ns3:atemp>30.0</ns3:atemp>
            <ns3:hr>79</ns3:hr>
          </ns3:TrackPointExtension>
        </extensions>
      </trkpt>
      <trkpt lat="49.12989310920238494873046875" lon="6.1540400795638561248779296875">
        <ele>170.8000030517578125</ele>
        <time>2026-10-04T13:42:16.000Z</time>
        <extensions>
          <ns3:TrackPointExtension>
            <ns3:atemp>30.0</ns3:atemp>
            <ns3:hr>79</ns3:hr>
          </ns3:TrackPointExtension>
        </extensions>
      </trkpt>
      <trkpt lat="49.1298993118107318878173828125" lon="6.15401141345500946044921875">
        <ele>170.8000030517578125</ele>
        <time>2026-10-04T13:42:17.000Z</time>
        <extensions>
          <ns3:TrackPointExtension>
            <ns3:atemp>29.0</ns3:atemp>
            <ns3:hr>78</ns3:hr>
          </ns3:TrackPointExtension>
        </extensions>
      </trkpt>
      <trkpt lat="49.12990744225680828094482421875" lon="6.1539840884506702423095703125">
        <ele>171</ele>
        <time>2026-10-04T13:42:18.000Z</time>
        <extensions>
          <ns3:TrackPointExtension>
            <ns3:atemp>29.0</ns3:atemp>
            <ns3:hr>78</ns3:hr>
          </ns3:TrackPointExtension>
        </extensions>
      </trkpt>
      <trkpt lat="49.129917919635772705078125" lon="6.153956763446331024169921875">
        <ele>171</ele>
        <time>2026-10-04T13:42:19.000Z</time>
        <extensions>
          <ns3:TrackPointExtension>
            <ns3:atemp>29.0</ns3:atemp>
            <ns3:hr>77</ns3:hr>
          </ns3:TrackPointExtension>
        </extensions>
      </trkpt>
      <trkpt lat="49.1299301572144031524658203125" lon="6.1539307795464992523193359375">
        <ele>171</ele>
        <time>2026-10-04T13:42:20.000Z</time>
        <extensions>
          <ns3:TrackPointExtension>
            <ns3:atemp>30.0</ns3:atemp>
            <ns3:hr>77</ns3:hr>
          </ns3:TrackPointExtension>
        </extensions>
      </trkpt>
      <trkpt lat="49.129940383136272430419921875" lon="6.153903119266033172607421875">
        <ele>171</ele>
        <time>2026-10-04T13:42:21.000Z</time>
        <extensions>
          <ns3:TrackPointExtension>
            <ns3:atemp>29.0</ns3:atemp>
            <ns3:hr>77</ns3:hr>
          </ns3:TrackPointExtension>
        </extensions>
      </trkpt>
      <trkpt lat="49.12995018996298313140869140625" lon="6.15387721918523311614990234375">
        <ele>171</ele>
        <time>2026-10-04T13:42:22.000Z</time>
        <extensions>
          <ns3:TrackPointExtension>
            <ns3:atemp>30.0</ns3:atemp>
            <ns3:hr>77</ns3:hr>
          </ns3:TrackPointExtension>
        </extensions>
      </trkpt>
      <trkpt lat="49.129960834980010986328125" lon="6.1538509838283061981201171875">
        <ele>171</ele>
        <time>2026-10-04T13:42:23.000Z</time>
        <extensions>
          <ns3:TrackPointExtension>
            <ns3:atemp>29.0</ns3:atemp>
            <ns3:hr>77</ns3:hr>
          </ns3:TrackPointExtension>
        </extensions>
      </trkpt>
      <trkpt lat="49.12997147999703884124755859375" lon="6.15382097661495208740234375">
        <ele>171</ele>
        <time>2026-10-04T13:42:24.000Z</time>
        <extensions>
          <ns3:TrackPointExtension>
            <ns3:atemp>29.0</ns3:atemp>
            <ns3:hr>77</ns3:hr>
          </ns3:TrackPointExtension>
        </extensions>
      </trkpt>
      <trkpt lat="49.12998606450855731964111328125" lon="6.1537939868867397308349609375">
        <ele>171</ele>
        <time>2026-10-04T13:42:25.000Z</time>
        <extensions>
          <ns3:TrackPointExtension>
            <ns3:atemp>30.0</ns3:atemp>
            <ns3:hr>77</ns3:hr>
          </ns3:TrackPointExtension>
        </extensions>
      </trkpt>
      <trkpt lat="49.129997380077838897705078125" lon="6.15377110429108142852783203125">
        <ele>171</ele>
        <time>2026-10-04T13:42:26.000Z</time>
        <extensions>
          <ns3:TrackPointExtension>
            <ns3:atemp>29.0</ns3:atemp>
            <ns3:hr>77</ns3:hr>
          </ns3:TrackPointExtension>
        </extensions>
      </trkpt>
      <trkpt lat="49.1300049237906932830810546875" lon="6.15375526249408721923828125">
        <ele>171</ele>
        <time>2026-10-04T13:42:27.000Z</time>
        <extensions>
          <ns3:TrackPointExtension>
            <ns3:atemp>29.0</ns3:atemp>
            <ns3:hr>77</ns3:hr>
          </ns3:TrackPointExtension>
        </extensions>
      </trkpt>
      <trkpt lat="49.13001288659870624542236328125" lon="6.15373657085001468658447265625">
        <ele>171</ele>
        <time>2026-10-04T13:42:28.000Z</time>
        <extensions>
          <ns3:TrackPointExtension>
            <ns3:atemp>29.0</ns3:atemp>
            <ns3:hr>76</ns3:hr>
          </ns3:TrackPointExtension>
        </extensions>
      </trkpt>
      <trkpt lat="49.1300223581492900848388671875" lon="6.15372064523398876190185546875">
        <ele>171</ele>
        <time>2026-10-04T13:42:29.000Z</time>
        <extensions>
          <ns3:TrackPointExtension>
            <ns3:atemp>29.0</ns3:atemp>
            <ns3:hr>77</ns3:hr>
          </ns3:TrackPointExtension>
        </extensions>
      </trkpt>
      <trkpt lat="49.13002897985279560089111328125" lon="6.1537051387131214141845703125">
        <ele>171</ele>
        <time>2026-10-04T13:42:30.000Z</time>
        <extensions>
          <ns3:TrackPointExtension>
            <ns3:atemp>29.0</ns3:atemp>
            <ns3:hr>77</ns3:hr>
          </ns3:TrackPointExtension>
        </extensions>
      </trkpt>
      <trkpt lat="49.130033589899539947509765625" lon="6.153686530888080596923828125">
        <ele>171</ele>
        <time>2026-10-04T13:42:31.000Z</time>
        <extensions>
          <ns3:TrackPointExtension>
            <ns3:atemp>29.0</ns3:atemp>
            <ns3:hr>77</ns3:hr>
          </ns3:TrackPointExtension>
        </extensions>
      </trkpt>
      <trkpt lat="49.1300377808511257171630859375" lon="6.15366867743432521820068359375">
        <ele>171</ele>
        <time>2026-10-04T13:42:32.000Z</time>
        <extensions>
          <ns3:TrackPointExtension>
            <ns3:atemp>29.0</ns3:atemp>
            <ns3:hr>78</ns3:hr>
          </ns3:TrackPointExtension>
        </extensions>
      </trkpt>
      <trkpt lat="49.13004121743142604827880859375" lon="6.15364604629576206207275390625">
        <ele>171</ele>
        <time>2026-10-04T13:42:33.000Z</time>
        <extensions>
          <ns3:TrackPointExtension>
            <ns3:atemp>29.0</ns3:atemp>
            <ns3:hr>77</ns3:hr>
          </ns3:TrackPointExtension>
        </extensions>
      </trkpt>
      <trkpt lat="49.13004867732524871826171875" lon="6.153622157871723175048828125">
        <ele>171</ele>
        <time>2026-10-04T13:42:34.000Z</time>
        <extensions>
          <ns3:TrackPointExtension>
            <ns3:atemp>29.0</ns3:atemp>
            <ns3:hr>77</ns3:hr>
          </ns3:TrackPointExtension>
        </extensions>
      </trkpt>
      <trkpt lat="49.13005764596164226531982421875" lon="6.153598688542842864990234375">
        <ele>171</ele>
        <time>2026-10-04T13:42:35.000Z</time>
        <extensions>
          <ns3:TrackPointExtension>
            <ns3:atemp>29.0</ns3:atemp>
            <ns3:hr>77</ns3:hr>
          </ns3:TrackPointExtension>
        </extensions>
      </trkpt>
      <trkpt lat="49.13006611168384552001953125" lon="6.153576560318470001220703125">
        <ele>171</ele>
        <time>2026-10-04T13:42:36.000Z</time>
        <extensions>
          <ns3:TrackPointExtension>
            <ns3:atemp>29.0</ns3:atemp>
            <ns3:hr>77</ns3:hr>
          </ns3:TrackPointExtension>
        </extensions>
      </trkpt>
      <trkpt lat="49.13007306866347789764404296875" lon="6.1535549350082874298095703125">
        <ele>171</ele>
        <time>2026-10-04T13:42:37.000Z</time>
        <extensions>
          <ns3:TrackPointExtension>
            <ns3:atemp>29.0</ns3:atemp>
            <ns3:hr>77</ns3:hr>
          </ns3:TrackPointExtension>
        </extensions>
      </trkpt>
      <trkpt lat="49.13007608614861965179443359375" lon="6.15353708155453205108642578125">
        <ele>171</ele>
        <time>2026-10-04T13:42:38.000Z</time>
        <extensions>
          <ns3:TrackPointExtension>
            <ns3:atemp>29.0</ns3:atemp>
            <ns3:hr>77</ns3:hr>
          </ns3:TrackPointExtension>
        </extensions>
      </trkpt>
      <trkpt lat="49.130077175796031951904296875" lon="6.1535197310149669647216796875">
        <ele>171</ele>
        <time>2026-10-04T13:42:39.000Z</time>
        <extensions>
          <ns3:TrackPointExtension>
            <ns3:atemp>29.0</ns3:atemp>
            <ns3:hr>76</ns3:hr>
          </ns3:TrackPointExtension>
        </extensions>
      </trkpt>
      <trkpt lat="49.13008061237633228302001953125" lon="6.15350271575152873992919921875">
        <ele>171</ele>
        <time>2026-10-04T13:42:40.000Z</time>
        <extensions>
          <ns3:TrackPointExtension>
            <ns3:atemp>29.0</ns3:atemp>
            <ns3:hr>76</ns3:hr>
          </ns3:TrackPointExtension>
        </extensions>
      </trkpt>
      <trkpt lat="49.1300830431282520294189453125" lon="6.15348544903099536895751953125">
        <ele>170.8000030517578125</ele>
        <time>2026-10-04T13:42:41.000Z</time>
        <extensions>
          <ns3:TrackPointExtension>
            <ns3:atemp>29.0</ns3:atemp>
            <ns3:hr>75</ns3:hr>
          </ns3:TrackPointExtension>
        </extensions>
      </trkpt>
      <trkpt lat="49.1300855576992034912109375" lon="6.15346784703433513641357421875">
        <ele>170.8000030517578125</ele>
        <time>2026-10-04T13:42:42.000Z</time>
        <extensions>
          <ns3:TrackPointExtension>
            <ns3:atemp>29.0</ns3:atemp>
            <ns3:hr>74</ns3:hr>
          </ns3:TrackPointExtension>
        </extensions>
      </trkpt>
      <trkpt lat="49.130088575184345245361328125" lon="6.15345192141830921173095703125">
        <ele>171</ele>
        <time>2026-10-04T13:42:43.000Z</time>
        <extensions>
          <ns3:TrackPointExtension>
            <ns3:atemp>29.0</ns3:atemp>
            <ns3:hr>74</ns3:hr>
          </ns3:TrackPointExtension>
        </extensions>
      </trkpt>
      <trkpt lat="49.13008865900337696075439453125" lon="6.1534394323825836181640625">
        <ele>171</ele>
        <time>2026-10-04T13:42:44.000Z</time>
        <extensions>
          <ns3:TrackPointExtension>
            <ns3:atemp>29.0</ns3:atemp>
            <ns3:hr>73</ns3:hr>
          </ns3:TrackPointExtension>
        </extensions>
      </trkpt>
      <trkpt lat="49.13008882664144039154052734375" lon="6.1534287035465240478515625">
        <ele>171</ele>
        <time>2026-10-04T13:42:45.000Z</time>
        <extensions>
          <ns3:TrackPointExtension>
            <ns3:atemp>29.0</ns3:atemp>
            <ns3:hr>73</ns3:hr>
          </ns3:TrackPointExtension>
        </extensions>
      </trkpt>
      <trkpt lat="49.13009519688785076141357421875" lon="6.1534087546169757843017578125">
        <ele>171.1999969482421875</ele>
        <time>2026-10-04T13:42:46.000Z</time>
        <extensions>
          <ns3:TrackPointExtension>
            <ns3:atemp>29.0</ns3:atemp>
            <ns3:hr>72</ns3:hr>
          </ns3:TrackPointExtension>
        </extensions>
      </trkpt>
      <trkpt lat="49.1301078535616397857666015625" lon="6.1533943377435207366943359375">
        <ele>171.1999969482421875</ele>
        <time>2026-10-04T13:42:47.000Z</time>
        <extensions>
          <ns3:TrackPointExtension>
            <ns3:atemp>29.0</ns3:atemp>
            <ns3:hr>72</ns3:hr>
          </ns3:TrackPointExtension>
        </extensions>
      </trkpt>
      <trkpt lat="49.1301212646067142486572265625" lon="6.15337514318525791168212890625">
        <ele>171.399993896484375</ele>
        <time>2026-10-04T13:42:48.000Z</time>
        <extensions>
          <ns3:TrackPointExtension>
            <ns3:atemp>29.0</ns3:atemp>
            <ns3:hr>72</ns3:hr>
          </ns3:TrackPointExtension>
        </extensions>
      </trkpt>
      <trkpt lat="49.13013475947082042694091796875" lon="6.15336156450212001800537109375">
        <ele>171.399993896484375</ele>
        <time>2026-10-04T13:42:49.000Z</time>
        <extensions>
          <ns3:TrackPointExtension>
            <ns3:atemp>29.0</ns3:atemp>
            <ns3:hr>72</ns3:hr>
          </ns3:TrackPointExtension>
        </extensions>
      </trkpt>
      <trkpt lat="49.1301470808684825897216796875" lon="6.15334966219961643218994140625">
        <ele>171.399993896484375</ele>
        <time>2026-10-04T13:42:50.000Z</time>
        <extensions>
          <ns3:TrackPointExtension>
            <ns3:atemp>29.0</ns3:atemp>
            <ns3:hr>71</ns3:hr>
          </ns3:TrackPointExtension>
        </extensions>
      </trkpt>
      <trkpt lat="49.13016124628484249114990234375" lon="6.15333708934485912322998046875">
        <ele>171.1999969482421875</ele>
        <time>2026-10-04T13:42:51.000Z</time>
        <extensions>
          <ns3:TrackPointExtension>
            <ns3:atemp>29.0</ns3:atemp>
            <ns3:hr>72</ns3:hr>
          </ns3:TrackPointExtension>
        </extensions>
      </trkpt>
      <trkpt lat="49.1301739029586315155029296875" lon="6.1533178947865962982177734375">
        <ele>171.1999969482421875</ele>
        <time>2026-10-04T13:42:52.000Z</time>
        <extensions>
          <ns3:TrackPointExtension>
            <ns3:atemp>29.0</ns3:atemp>
            <ns3:hr>72</ns3:hr>
          </ns3:TrackPointExtension>
        </extensions>
      </trkpt>
      <trkpt lat="49.13018739782273769378662109375" lon="6.15329568274319171905517578125">
        <ele>171.1999969482421875</ele>
        <time>2026-10-04T13:42:53.000Z</time>
        <extensions>
          <ns3:TrackPointExtension>
            <ns3:atemp>29.0</ns3:atemp>
            <ns3:hr>71</ns3:hr>
          </ns3:TrackPointExtension>
        </extensions>
      </trkpt>
      <trkpt lat="49.13019913248717784881591796875" lon="6.15327120758593082427978515625">
        <ele>171.1999969482421875</ele>
        <time>2026-10-04T13:42:54.000Z</time>
        <extensions>
          <ns3:TrackPointExtension>
            <ns3:atemp>29.0</ns3:atemp>
            <ns3:hr>71</ns3:hr>
          </ns3:TrackPointExtension>
        </extensions>
      </trkpt>
      <trkpt lat="49.13021086715161800384521484375" lon="6.15324488840997219085693359375">
        <ele>171.1999969482421875</ele>
        <time>2026-10-04T13:42:55.000Z</time>
        <extensions>
          <ns3:TrackPointExtension>
            <ns3:atemp>29.0</ns3:atemp>
            <ns3:hr>71</ns3:hr>
          </ns3:TrackPointExtension>
        </extensions>
      </trkpt>
      <trkpt lat="49.13022008724510669708251953125" lon="6.1532206647098064422607421875">
        <ele>171.1999969482421875</ele>
        <time>2026-10-04T13:42:56.000Z</time>
        <extensions>
          <ns3:TrackPointExtension>
            <ns3:atemp>29.0</ns3:atemp>
            <ns3:hr>71</ns3:hr>
          </ns3:TrackPointExtension>
        </extensions>
      </trkpt>
      <trkpt lat="49.1302288882434368133544921875" lon="6.15319560281932353973388671875">
        <ele>171</ele>
        <time>2026-10-04T13:42:57.000Z</time>
        <extensions>
          <ns3:TrackPointExtension>
            <ns3:atemp>29.0</ns3:atemp>
            <ns3:hr>71</ns3:hr>
          </ns3:TrackPointExtension>
        </extensions>
      </trkpt>
      <trkpt lat="49.130236767232418060302734375" lon="6.15317297168076038360595703125">
        <ele>171</ele>
        <time>2026-10-04T13:42:58.000Z</time>
        <extensions>
          <ns3:TrackPointExtension>
            <ns3:atemp>29.0</ns3:atemp>
            <ns3:hr>71</ns3:hr>
          </ns3:TrackPointExtension>
        </extensions>
      </trkpt>
      <trkpt lat="49.130247496068477630615234375" lon="6.1531526036560535430908203125">
        <ele>171</ele>
        <time>2026-10-04T13:42:59.000Z</time>
        <extensions>
          <ns3:TrackPointExtension>
            <ns3:atemp>29.0</ns3:atemp>
            <ns3:hr>72</ns3:hr>
          </ns3:TrackPointExtension>
        </extensions>
      </trkpt>
      <trkpt lat="49.13025646470487117767333984375" lon="6.1531328223645687103271484375">
        <ele>171</ele>
        <time>2026-10-04T13:43:00.000Z</time>
        <extensions>
          <ns3:TrackPointExtension>
            <ns3:atemp>29.0</ns3:atemp>
            <ns3:hr>71</ns3:hr>
          </ns3:TrackPointExtension>
        </extensions>
      </trkpt>
      <trkpt lat="49.1302671097218990325927734375" lon="6.1531133763492107391357421875">
        <ele>171</ele>
        <time>2026-10-04T13:43:01.000Z</time>
        <extensions>
          <ns3:TrackPointExtension>
            <ns3:atemp>29.0</ns3:atemp>
            <ns3:hr>72</ns3:hr>
          </ns3:TrackPointExtension>
        </extensions>
      </trkpt>
      <trkpt lat="49.13027825765311717987060546875" lon="6.153095103800296783447265625">
        <ele>171</ele>
        <time>2026-10-04T13:43:02.000Z</time>
        <extensions>
          <ns3:TrackPointExtension>
            <ns3:atemp>29.0</ns3:atemp>
            <ns3:hr>72</ns3:hr>
          </ns3:TrackPointExtension>
        </extensions>
      </trkpt>
      <trkpt lat="49.1302878968417644500732421875" lon="6.1530728079378604888916015625">
        <ele>171.1999969482421875</ele>
        <time>2026-10-04T13:43:03.000Z</time>
        <extensions>
          <ns3:TrackPointExtension>
            <ns3:atemp>29.0</ns3:atemp>
            <ns3:hr>72</ns3:hr>
          </ns3:TrackPointExtension>
        </extensions>
      </trkpt>
      <trkpt lat="49.130299128592014312744140625" lon="6.15304908715188503265380859375">
        <ele>171.1999969482421875</ele>
        <time>2026-10-04T13:43:04.000Z</time>
        <extensions>
          <ns3:TrackPointExtension>
            <ns3:atemp>29.0</ns3:atemp>
            <ns3:hr>71</ns3:hr>
          </ns3:TrackPointExtension>
        </extensions>
      </trkpt>
      <trkpt lat="49.130311869084835052490234375" lon="6.15302461199462413787841796875">
        <ele>171.1999969482421875</ele>
        <time>2026-10-04T13:43:05.000Z</time>
        <extensions>
          <ns3:TrackPointExtension>
            <ns3:atemp>29.0</ns3:atemp>
            <ns3:hr>71</ns3:hr>
          </ns3:TrackPointExtension>
        </extensions>
      </trkpt>
      <trkpt lat="49.1303237713873386383056640625" lon="6.15300214849412441253662109375">
        <ele>171.1999969482421875</ele>
        <time>2026-10-04T13:43:06.000Z</time>
        <extensions>
          <ns3:TrackPointExtension>
            <ns3:atemp>29.0</ns3:atemp>
            <ns3:hr>71</ns3:hr>
          </ns3:TrackPointExtension>
        </extensions>
      </trkpt>
      <trkpt lat="49.13033424876630306243896484375" lon="6.15297742187976837158203125">
        <ele>171.1999969482421875</ele>
        <time>2026-10-04T13:43:07.000Z</time>
        <extensions>
          <ns3:TrackPointExtension>
            <ns3:atemp>29.0</ns3:atemp>
            <ns3:hr>71</ns3:hr>
          </ns3:TrackPointExtension>
        </extensions>
      </trkpt>
      <trkpt lat="49.1303445585072040557861328125" lon="6.152956970036029815673828125">
        <ele>171.1999969482421875</ele>
        <time>2026-10-04T13:43:08.000Z</time>
        <extensions>
          <ns3:TrackPointExtension>
            <ns3:atemp>29.0</ns3:atemp>
            <ns3:hr>71</ns3:hr>
          </ns3:TrackPointExtension>
        </extensions>
      </trkpt>
      <trkpt lat="49.130352437496185302734375" lon="6.15293676964938640594482421875">
        <ele>171.1999969482421875</ele>
        <time>2026-10-04T13:43:09.000Z</time>
        <extensions>
          <ns3:TrackPointExtension>
            <ns3:atemp>29.0</ns3:atemp>
            <ns3:hr>72</ns3:hr>
          </ns3:TrackPointExtension>
        </extensions>
      </trkpt>
      <trkpt lat="49.13036107085645198822021484375" lon="6.1529182456433773040771484375">
        <ele>171.1999969482421875</ele>
        <time>2026-10-04T13:43:10.000Z</time>
        <extensions>
          <ns3:TrackPointExtension>
            <ns3:atemp>29.0</ns3:atemp>
            <ns3:hr>71</ns3:hr>
          </ns3:TrackPointExtension>
        </extensions>
      </trkpt>
      <trkpt lat="49.13036844693124294281005859375" lon="6.15290173329412937164306640625">
        <ele>171.1999969482421875</ele>
        <time>2026-10-04T13:43:11.000Z</time>
        <extensions>
          <ns3:TrackPointExtension>
            <ns3:atemp>29.0</ns3:atemp>
            <ns3:hr>71</ns3:hr>
          </ns3:TrackPointExtension>
        </extensions>
      </trkpt>
      <trkpt lat="49.1303764097392559051513671875" lon="6.15288262255489826202392578125">
        <ele>171.1999969482421875</ele>
        <time>2026-10-04T13:43:12.000Z</time>
        <extensions>
          <ns3:TrackPointExtension>
            <ns3:atemp>29.0</ns3:atemp>
            <ns3:hr>70</ns3:hr>
          </ns3:TrackPointExtension>
        </extensions>
      </trkpt>
      <trkpt lat="49.13038521073758602142333984375" lon="6.15286502055823802947998046875">
        <ele>171.1999969482421875</ele>
        <time>2026-10-04T13:43:13.000Z</time>
        <extensions>
          <ns3:TrackPointExtension>
            <ns3:atemp>29.0</ns3:atemp>
            <ns3:hr>70</ns3:hr>
          </ns3:TrackPointExtension>
        </extensions>
      </trkpt>
      <trkpt lat="49.13039510138332843780517578125" lon="6.15284339524805545806884765625">
        <ele>171.399993896484375</ele>
        <time>2026-10-04T13:43:14.000Z</time>
        <extensions>
          <ns3:TrackPointExtension>
            <ns3:atemp>29.0</ns3:atemp>
            <ns3:hr>69</ns3:hr>
          </ns3:TrackPointExtension>
        </extensions>
      </trkpt>
      <trkpt lat="49.13040650077164173126220703125" lon="6.1528223566710948944091796875">
        <ele>171.399993896484375</ele>
        <time>2026-10-04T13:43:15.000Z</time>
        <extensions>
          <ns3:TrackPointExtension>
            <ns3:atemp>29.0</ns3:atemp>
            <ns3:hr>68</ns3:hr>
          </ns3:TrackPointExtension>
        </extensions>
      </trkpt>
      <trkpt lat="49.1304166428744792938232421875" lon="6.15279980935156345367431640625">
        <ele>171.399993896484375</ele>
        <time>2026-10-04T13:43:16.000Z</time>
        <extensions>
          <ns3:TrackPointExtension>
            <ns3:atemp>29.0</ns3:atemp>
            <ns3:hr>68</ns3:hr>
          </ns3:TrackPointExtension>
        </extensions>
      </trkpt>
      <trkpt lat="49.13042644970118999481201171875" lon="6.15278153680264949798583984375">
        <ele>171.399993896484375</ele>
        <time>2026-10-04T13:43:17.000Z</time>
        <extensions>
          <ns3:TrackPointExtension>
            <ns3:atemp>29.0</ns3:atemp>
            <ns3:hr>68</ns3:hr>
          </ns3:TrackPointExtension>
        </extensions>
      </trkpt>
      <trkpt lat="49.1304344125092029571533203125" lon="6.152761168777942657470703125">
        <ele>171.399993896484375</ele>
        <time>2026-10-04T13:43:18.000Z</time>
        <extensions>
          <ns3:TrackPointExtension>
            <ns3:atemp>29.0</ns3:atemp>
            <ns3:hr>67</ns3:hr>
          </ns3:TrackPointExtension>
        </extensions>
      </trkpt>
      <trkpt lat="49.13044304586946964263916015625" lon="6.15273929201066493988037109375">
        <ele>171.399993896484375</ele>
        <time>2026-10-04T13:43:19.000Z</time>
        <extensions>
          <ns3:TrackPointExtension>
            <ns3:atemp>29.0</ns3:atemp>
            <ns3:hr>67</ns3:hr>
          </ns3:TrackPointExtension>
        </extensions>
      </trkpt>
      <trkpt lat="49.130452685058116912841796875" lon="6.15271884016692638397216796875">
        <ele>171.399993896484375</ele>
        <time>2026-10-04T13:43:20.000Z</time>
        <extensions>
          <ns3:TrackPointExtension>
            <ns3:atemp>29.0</ns3:atemp>
            <ns3:hr>67</ns3:hr>
          </ns3:TrackPointExtension>
        </extensions>
      </trkpt>
      <trkpt lat="49.13046349771320819854736328125" lon="6.1527003161609172821044921875">
        <ele>171.399993896484375</ele>
        <time>2026-10-04T13:43:21.000Z</time>
        <extensions>
          <ns3:TrackPointExtension>
            <ns3:atemp>29.0</ns3:atemp>
            <ns3:hr>67</ns3:hr>
          </ns3:TrackPointExtension>
        </extensions>
      </trkpt>
      <trkpt lat="49.13047472946345806121826171875" lon="6.15268112160265445709228515625">
        <ele>171.399993896484375</ele>
        <time>2026-10-04T13:43:22.000Z</time>
        <extensions>
          <ns3:TrackPointExtension>
            <ns3:atemp>29.0</ns3:atemp>
            <ns3:hr>67</ns3:hr>
          </ns3:TrackPointExtension>
        </extensions>
      </trkpt>
      <trkpt lat="49.13048663176596164703369140625" lon="6.15265815518796443939208984375">
        <ele>171.399993896484375</ele>
        <time>2026-10-04T13:43:23.000Z</time>
        <extensions>
          <ns3:TrackPointExtension>
            <ns3:atemp>29.0</ns3:atemp>
            <ns3:hr>67</ns3:hr>
          </ns3:TrackPointExtension>
        </extensions>
      </trkpt>
      <trkpt lat="49.13049618713557720184326171875" lon="6.1526369489729404449462890625">
        <ele>171.399993896484375</ele>
        <time>2026-10-04T13:43:24.000Z</time>
        <extensions>
          <ns3:TrackPointExtension>
            <ns3:atemp>29.0</ns3:atemp>
            <ns3:hr>68</ns3:hr>
          </ns3:TrackPointExtension>
        </extensions>
      </trkpt>
      <trkpt lat="49.1305061616003513336181640625" lon="6.152612976729869842529296875">
        <ele>171.600006103515625</ele>
        <time>2026-10-04T13:43:25.000Z</time>
        <extensions>
          <ns3:TrackPointExtension>
            <ns3:atemp>29.0</ns3:atemp>
            <ns3:hr>67</ns3:hr>
          </ns3:TrackPointExtension>
        </extensions>
      </trkpt>
      <trkpt lat="49.13051672279834747314453125" lon="6.1525905132293701171875">
        <ele>171.600006103515625</ele>
        <time>2026-10-04T13:43:26.000Z</time>
        <extensions>
          <ns3:TrackPointExtension>
            <ns3:atemp>29.0</ns3:atemp>
            <ns3:hr>67</ns3:hr>
          </ns3:TrackPointExtension>
        </extensions>
      </trkpt>
      <trkpt lat="49.13052736781537532806396484375" lon="6.152571402490139007568359375">
        <ele>171.399993896484375</ele>
        <time>2026-10-04T13:43:27.000Z</time>
        <extensions>
          <ns3:TrackPointExtension>
            <ns3:atemp>29.0</ns3:atemp>
            <ns3:hr>68</ns3:hr>
          </ns3:TrackPointExtension>
        </extensions>
      </trkpt>
      <trkpt lat="49.13053742609918117523193359375" lon="6.152549944818019866943359375">
        <ele>171.399993896484375</ele>
        <time>2026-10-04T13:43:28.000Z</time>
        <extensions>
          <ns3:TrackPointExtension>
            <ns3:atemp>29.0</ns3:atemp>
            <ns3:hr>67</ns3:hr>
          </ns3:TrackPointExtension>
        </extensions>
      </trkpt>
      <trkpt lat="49.1305467300117015838623046875" lon="6.152527816593647003173828125">
        <ele>171.399993896484375</ele>
        <time>2026-10-04T13:43:29.000Z</time>
        <extensions>
          <ns3:TrackPointExtension>
            <ns3:atemp>29.0</ns3:atemp>
            <ns3:hr>67</ns3:hr>
          </ns3:TrackPointExtension>
        </extensions>
      </trkpt>
      <trkpt lat="49.1305557824671268463134765625" lon="6.152508370578289031982421875">
        <ele>171.399993896484375</ele>
        <time>2026-10-04T13:43:30.000Z</time>
        <extensions>
          <ns3:TrackPointExtension>
            <ns3:atemp>29.0</ns3:atemp>
            <ns3:hr>67</ns3:hr>
          </ns3:TrackPointExtension>
        </extensions>
      </trkpt>
      <trkpt lat="49.1305665113031864166259765625" lon="6.15248934365808963775634765625">
        <ele>171.399993896484375</ele>
        <time>2026-10-04T13:43:31.000Z</time>
        <extensions>
          <ns3:TrackPointExtension>
            <ns3:atemp>29.0</ns3:atemp>
            <ns3:hr>67</ns3:hr>
          </ns3:TrackPointExtension>
        </extensions>
      </trkpt>
      <trkpt lat="49.1305809281766414642333984375" lon="6.1524733342230319976806640625">
        <ele>171.399993896484375</ele>
        <time>2026-10-04T13:43:32.000Z</time>
        <extensions>
          <ns3:TrackPointExtension>
            <ns3:atemp>29.0</ns3:atemp>
            <ns3:hr>68</ns3:hr>
          </ns3:TrackPointExtension>
        </extensions>
      </trkpt>
      <trkpt lat="49.13059651851654052734375" lon="6.15246403031051158905029296875">
        <ele>171.399993896484375</ele>
        <time>2026-10-04T13:43:33.000Z</time>
        <extensions>
          <ns3:TrackPointExtension>
            <ns3:atemp>29.0</ns3:atemp>
            <ns3:hr>67</ns3:hr>
          </ns3:TrackPointExtension>
        </extensions>
      </trkpt>
      <trkpt lat="49.130610935389995574951171875" lon="6.15245179273188114166259765625">
        <ele>171.399993896484375</ele>
        <time>2026-10-04T13:43:34.000Z</time>
        <extensions>
          <ns3:TrackPointExtension>
            <ns3:atemp>29.0</ns3:atemp>
            <ns3:hr>67</ns3:hr>
          </ns3:TrackPointExtension>
        </extensions>
      </trkpt>
      <trkpt lat="49.1306271962821483612060546875" lon="6.1524381302297115325927734375">
        <ele>171.399993896484375</ele>
        <time>2026-10-04T13:43:35.000Z</time>
        <extensions>
          <ns3:TrackPointExtension>
            <ns3:atemp>29.0</ns3:atemp>
            <ns3:hr>67</ns3:hr>
          </ns3:TrackPointExtension>
        </extensions>
      </trkpt>
      <trkpt lat="49.13064454682171344757080078125" lon="6.15242279134690761566162109375">
        <ele>171.399993896484375</ele>
        <time>2026-10-04T13:43:36.000Z</time>
        <extensions>
          <ns3:TrackPointExtension>
            <ns3:atemp>29.0</ns3:atemp>
            <ns3:hr>67</ns3:hr>
          </ns3:TrackPointExtension>
        </extensions>
      </trkpt>
      <trkpt lat="49.13066214881837368011474609375" lon="6.1524062789976596832275390625">
        <ele>171.399993896484375</ele>
        <time>2026-10-04T13:43:37.000Z</time>
        <extensions>
          <ns3:TrackPointExtension>
            <ns3:atemp>29.0</ns3:atemp>
            <ns3:hr>67</ns3:hr>
          </ns3:TrackPointExtension>
        </extensions>
      </trkpt>
      <trkpt lat="49.1306771524250507354736328125" lon="6.152388341724872589111328125">
        <ele>171.399993896484375</ele>
        <time>2026-10-04T13:43:38.000Z</time>
        <extensions>
          <ns3:TrackPointExtension>
            <ns3:atemp>29.0</ns3:atemp>
            <ns3:hr>67</ns3:hr>
          </ns3:TrackPointExtension>
        </extensions>
      </trkpt>
      <trkpt lat="49.130692072212696075439453125" lon="6.15237451158463954925537109375">
        <ele>171.399993896484375</ele>
        <time>2026-10-04T13:43:39.000Z</time>
        <extensions>
          <ns3:TrackPointExtension>
            <ns3:atemp>29.0</ns3:atemp>
            <ns3:hr>67</ns3:hr>
          </ns3:TrackPointExtension>
        </extensions>
      </trkpt>
      <trkpt lat="49.13070674054324626922607421875" lon="6.1523640342056751251220703125">
        <ele>171.399993896484375</ele>
        <time>2026-10-04T13:43:40.000Z</time>
        <extensions>
          <ns3:TrackPointExtension>
            <ns3:atemp>29.0</ns3:atemp>
            <ns3:hr>67</ns3:hr>
          </ns3:TrackPointExtension>
        </extensions>
      </trkpt>
      <trkpt lat="49.1307210735976696014404296875" lon="6.15235556848347187042236328125">
        <ele>171.600006103515625</ele>
        <time>2026-10-04T13:43:41.000Z</time>
        <extensions>
          <ns3:TrackPointExtension>
            <ns3:atemp>29.0</ns3:atemp>
            <ns3:hr>68</ns3:hr>
          </ns3:TrackPointExtension>
        </extensions>
      </trkpt>
      <trkpt lat="49.13073775358498096466064453125" lon="6.15233846940100193023681640625">
        <ele>171.399993896484375</ele>
        <time>2026-10-04T13:43:42.000Z</time>
        <extensions>
          <ns3:TrackPointExtension>
            <ns3:atemp>29.0</ns3:atemp>
            <ns3:hr>70</ns3:hr>
          </ns3:TrackPointExtension>
        </extensions>
      </trkpt>
      <trkpt lat="49.130753092467784881591796875" lon="6.152324639260768890380859375">
        <ele>171.399993896484375</ele>
        <time>2026-10-04T13:43:43.000Z</time>
        <extensions>
          <ns3:TrackPointExtension>
            <ns3:atemp>29.0</ns3:atemp>
            <ns3:hr>71</ns3:hr>
          </ns3:TrackPointExtension>
        </extensions>
      </trkpt>
      <trkpt lat="49.13077044300734996795654296875" lon="6.15230829454958438873291015625">
        <ele>171.600006103515625</ele>
        <time>2026-10-04T13:43:44.000Z</time>
        <extensions>
          <ns3:TrackPointExtension>
            <ns3:atemp>29.0</ns3:atemp>
            <ns3:hr>72</ns3:hr>
          </ns3:TrackPointExtension>
        </extensions>
      </trkpt>
      <trkpt lat="49.13078653626143932342529296875" lon="6.1522966437041759490966796875">
        <ele>171.600006103515625</ele>
        <time>2026-10-04T13:43:45.000Z</time>
        <extensions>
          <ns3:TrackPointExtension>
            <ns3:atemp>29.0</ns3:atemp>
            <ns3:hr>72</ns3:hr>
          </ns3:TrackPointExtension>
        </extensions>
      </trkpt>
      <trkpt lat="49.13080380298197269439697265625" lon="6.1522842384874820709228515625">
        <ele>171.600006103515625</ele>
        <time>2026-10-04T13:43:46.000Z</time>
        <extensions>
          <ns3:TrackPointExtension>
            <ns3:atemp>29.0</ns3:atemp>
            <ns3:hr>72</ns3:hr>
          </ns3:TrackPointExtension>
        </extensions>
      </trkpt>
      <trkpt lat="49.130819477140903472900390625" lon="6.15227225236594676971435546875">
        <ele>171.600006103515625</ele>
        <time>2026-10-04T13:43:47.000Z</time>
        <extensions>
          <ns3:TrackPointExtension>
            <ns3:atemp>29.0</ns3:atemp>
            <ns3:hr>72</ns3:hr>
          </ns3:TrackPointExtension>
        </extensions>
      </trkpt>
      <trkpt lat="49.130836240947246551513671875" lon="6.15225850604474544525146484375">
        <ele>171.600006103515625</ele>
        <time>2026-10-04T13:43:48.000Z</time>
        <extensions>
          <ns3:TrackPointExtension>
            <ns3:atemp>29.0</ns3:atemp>
            <ns3:hr>72</ns3:hr>
          </ns3:TrackPointExtension>
        </extensions>
      </trkpt>
      <trkpt lat="49.1308514960110187530517578125" lon="6.15224341861903667449951171875">
        <ele>171.600006103515625</ele>
        <time>2026-10-04T13:43:49.000Z</time>
        <extensions>
          <ns3:TrackPointExtension>
            <ns3:atemp>29.0</ns3:atemp>
            <ns3:hr>72</ns3:hr>
          </ns3:TrackPointExtension>
        </extensions>
      </trkpt>
      <trkpt lat="49.1308660805225372314453125" lon="6.15222699008882045745849609375">
        <ele>171.600006103515625</ele>
        <time>2026-10-04T13:43:50.000Z</time>
        <extensions>
          <ns3:TrackPointExtension>
            <ns3:atemp>29.0</ns3:atemp>
            <ns3:hr>71</ns3:hr>
          </ns3:TrackPointExtension>
        </extensions>
      </trkpt>
      <trkpt lat="49.13088259287178516387939453125" lon="6.15221559070050716400146484375">
        <ele>171.600006103515625</ele>
        <time>2026-10-04T13:43:51.000Z</time>
        <extensions>
          <ns3:TrackPointExtension>
            <ns3:atemp>29.0</ns3:atemp>
            <ns3:hr>72</ns3:hr>
          </ns3:TrackPointExtension>
        </extensions>
      </trkpt>
      <trkpt lat="49.13089768029749393463134765625" lon="6.15220502950251102447509765625">
        <ele>171.600006103515625</ele>
        <time>2026-10-04T13:43:52.000Z</time>
        <extensions>
          <ns3:TrackPointExtension>
            <ns3:atemp>29.0</ns3:atemp>
            <ns3:hr>72</ns3:hr>
          </ns3:TrackPointExtension>
        </extensions>
      </trkpt>
      <trkpt lat="49.1309128515422344207763671875" lon="6.152193546295166015625">
        <ele>171.600006103515625</ele>
        <time>2026-10-04T13:43:53.000Z</time>
        <extensions>
          <ns3:TrackPointExtension>
            <ns3:atemp>29.0</ns3:atemp>
            <ns3:hr>71</ns3:hr>
          </ns3:TrackPointExtension>
        </extensions>
      </trkpt>
      <trkpt lat="49.13092802278697490692138671875" lon="6.15218206308782100677490234375">
        <ele>171.399993896484375</ele>
        <time>2026-10-04T13:43:54.000Z</time>
        <extensions>
          <ns3:TrackPointExtension>
            <ns3:atemp>29.0</ns3:atemp>
            <ns3:hr>71</ns3:hr>
          </ns3:TrackPointExtension>
        </extensions>
      </trkpt>
      <trkpt lat="49.13094394840300083160400390625" lon="6.15216873586177825927734375">
        <ele>171.399993896484375</ele>
        <time>2026-10-04T13:43:55.000Z</time>
        <extensions>
          <ns3:TrackPointExtension>
            <ns3:atemp>29.0</ns3:atemp>
            <ns3:hr>71</ns3:hr>
          </ns3:TrackPointExtension>
        </extensions>
      </trkpt>
      <trkpt lat="49.130960293114185333251953125" lon="6.15215524099767208099365234375">
        <ele>171.399993896484375</ele>
        <time>2026-10-04T13:43:56.000Z</time>
        <extensions>
          <ns3:TrackPointExtension>
            <ns3:atemp>29.0</ns3:atemp>
            <ns3:hr>71</ns3:hr>
          </ns3:TrackPointExtension>
        </extensions>
      </trkpt>
      <trkpt lat="49.13097814656794071197509765625" lon="6.152144931256771087646484375">
        <ele>171.399993896484375</ele>
        <time>2026-10-04T13:43:57.000Z</time>
        <extensions>
          <ns3:TrackPointExtension>
            <ns3:atemp>29.0</ns3:atemp>
            <ns3:hr>71</ns3:hr>
          </ns3:TrackPointExtension>
        </extensions>
      </trkpt>
      <trkpt lat="49.13099608384072780609130859375" lon="6.15214082412421703338623046875">
        <ele>171.399993896484375</ele>
        <time>2026-10-04T13:43:58.000Z</time>
        <extensions>
          <ns3:TrackPointExtension>
            <ns3:atemp>29.0</ns3:atemp>
            <ns3:hr>70</ns3:hr>
          </ns3:TrackPointExtension>
        </extensions>
      </trkpt>
      <trkpt lat="49.13101427257061004638671875" lon="6.1521367169916629791259765625">
        <ele>171.399993896484375</ele>
        <time>2026-10-04T13:43:59.000Z</time>
        <extensions>
          <ns3:TrackPointExtension>
            <ns3:atemp>29.0</ns3:atemp>
            <ns3:hr>70</ns3:hr>
          </ns3:TrackPointExtension>
        </extensions>
      </trkpt>
      <trkpt lat="49.131032712757587432861328125" lon="6.152130179107189178466796875">
        <ele>171.1999969482421875</ele>
        <time>2026-10-04T13:44:00.000Z</time>
        <extensions>
          <ns3:TrackPointExtension>
            <ns3:atemp>29.0</ns3:atemp>
            <ns3:hr>70</ns3:hr>
          </ns3:TrackPointExtension>
        </extensions>
      </trkpt>
      <trkpt lat="49.1310503147542476654052734375" lon="6.1521219648420810699462890625">
        <ele>171.1999969482421875</ele>
        <time>2026-10-04T13:44:01.000Z</time>
        <extensions>
          <ns3:TrackPointExtension>
            <ns3:atemp>29.0</ns3:atemp>
            <ns3:hr>70</ns3:hr>
          </ns3:TrackPointExtension>
        </extensions>
      </trkpt>
      <trkpt lat="49.13106565363705158233642578125" lon="6.15210972726345062255859375">
        <ele>171.1999969482421875</ele>
        <time>2026-10-04T13:44:02.000Z</time>
        <extensions>
          <ns3:TrackPointExtension>
            <ns3:atemp>29.0</ns3:atemp>
            <ns3:hr>70</ns3:hr>
          </ns3:TrackPointExtension>
        </extensions>
      </trkpt>
      <trkpt lat="49.1310806572437286376953125" lon="6.15209707058966159820556640625">
        <ele>171.1999969482421875</ele>
        <time>2026-10-04T13:44:03.000Z</time>
        <extensions>
          <ns3:TrackPointExtension>
            <ns3:atemp>29.0</ns3:atemp>
            <ns3:hr>70</ns3:hr>
          </ns3:TrackPointExtension>
        </extensions>
      </trkpt>
      <trkpt lat="49.131094403564929962158203125" lon="6.1520864255726337432861328125">
        <ele>171.1999969482421875</ele>
        <time>2026-10-04T13:44:04.000Z</time>
        <extensions>
          <ns3:TrackPointExtension>
            <ns3:atemp>29.0</ns3:atemp>
            <ns3:hr>70</ns3:hr>
          </ns3:TrackPointExtension>
        </extensions>
      </trkpt>
      <trkpt lat="49.13110890425741672515869140625" lon="6.15207527764141559600830078125">
        <ele>171.399993896484375</ele>
        <time>2026-10-04T13:44:05.000Z</time>
        <extensions>
          <ns3:TrackPointExtension>
            <ns3:atemp>29.0</ns3:atemp>
            <ns3:hr>71</ns3:hr>
          </ns3:TrackPointExtension>
        </extensions>
      </trkpt>
      <trkpt lat="49.1311227343976497650146484375" lon="6.15206337533891201019287109375">
        <ele>171.399993896484375</ele>
        <time>2026-10-04T13:44:06.000Z</time>
        <extensions>
          <ns3:TrackPointExtension>
            <ns3:atemp>29.0</ns3:atemp>
            <ns3:hr>70</ns3:hr>
          </ns3:TrackPointExtension>
        </extensions>
      </trkpt>
      <trkpt lat="49.13113622926175594329833984375" lon="6.15204879082739353179931640625">
        <ele>171.600006103515625</ele>
        <time>2026-10-04T13:44:07.000Z</time>
        <extensions>
          <ns3:TrackPointExtension>
            <ns3:atemp>29.0</ns3:atemp>
            <ns3:hr>70</ns3:hr>
          </ns3:TrackPointExtension>
        </extensions>
      </trkpt>
      <trkpt lat="49.131150059401988983154296875" lon="6.15203353576362133026123046875">
        <ele>171.600006103515625</ele>
        <time>2026-10-04T13:44:08.000Z</time>
        <extensions>
          <ns3:TrackPointExtension>
            <ns3:atemp>29.0</ns3:atemp>
            <ns3:hr>70</ns3:hr>
          </ns3:TrackPointExtension>
        </extensions>
      </trkpt>
      <trkpt lat="49.13116514682769775390625" lon="6.1520200408995151519775390625">
        <ele>171.600006103515625</ele>
        <time>2026-10-04T13:44:09.000Z</time>
        <extensions>
          <ns3:TrackPointExtension>
            <ns3:atemp>29.0</ns3:atemp>
            <ns3:hr>70</ns3:hr>
          </ns3:TrackPointExtension>
        </extensions>
      </trkpt>
      <trkpt lat="49.13117931224405765533447265625" lon="6.1520083062350749969482421875">
        <ele>171.600006103515625</ele>
        <time>2026-10-04T13:44:10.000Z</time>
        <extensions>
          <ns3:TrackPointExtension>
            <ns3:atemp>29.0</ns3:atemp>
            <ns3:hr>70</ns3:hr>
          </ns3:TrackPointExtension>
        </extensions>
      </trkpt>
      <trkpt lat="49.13119289092719554901123046875" lon="6.15199531428515911102294921875">
        <ele>171.600006103515625</ele>
        <time>2026-10-04T13:44:11.000Z</time>
        <extensions>
          <ns3:TrackPointExtension>
            <ns3:atemp>29.0</ns3:atemp>
            <ns3:hr>70</ns3:hr>
          </ns3:TrackPointExtension>
        </extensions>
      </trkpt>
      <trkpt lat="49.13120646961033344268798828125" lon="6.1519834958016872406005859375">
        <ele>171.600006103515625</ele>
        <time>2026-10-04T13:44:12.000Z</time>
        <extensions>
          <ns3:TrackPointExtension>
            <ns3:atemp>29.0</ns3:atemp>
            <ns3:hr>70</ns3:hr>
          </ns3:TrackPointExtension>
        </extensions>
      </trkpt>
      <trkpt lat="49.13122021593153476715087890625" lon="6.151972599327564239501953125">
        <ele>171.600006103515625</ele>
        <time>2026-10-04T13:44:13.000Z</time>
        <extensions>
          <ns3:TrackPointExtension>
            <ns3:atemp>29.0</ns3:atemp>
            <ns3:hr>70</ns3:hr>
          </ns3:TrackPointExtension>
        </extensions>
      </trkpt>
      <trkpt lat="49.1312367282807826995849609375" lon="6.15196228958666324615478515625">
        <ele>171.600006103515625</ele>
        <time>2026-10-04T13:44:14.000Z</time>
        <extensions>
          <ns3:TrackPointExtension>
            <ns3:atemp>29.0</ns3:atemp>
            <ns3:hr>70</ns3:hr>
          </ns3:TrackPointExtension>
        </extensions>
      </trkpt>
      <trkpt lat="49.13125156424939632415771484375" lon="6.15194887854158878326416015625">
        <ele>171.600006103515625</ele>
        <time>2026-10-04T13:44:15.000Z</time>
        <extensions>
          <ns3:TrackPointExtension>
            <ns3:atemp>29.0</ns3:atemp>
            <ns3:hr>70</ns3:hr>
          </ns3:TrackPointExtension>
        </extensions>
      </trkpt>
      <trkpt lat="49.1312662325799465179443359375" lon="6.15193245001137256622314453125">
        <ele>171.8000030517578125</ele>
        <time>2026-10-04T13:44:16.000Z</time>
        <extensions>
          <ns3:TrackPointExtension>
            <ns3:atemp>29.0</ns3:atemp>
            <ns3:hr>70</ns3:hr>
          </ns3:TrackPointExtension>
        </extensions>
      </trkpt>
      <trkpt lat="49.13128106854856014251708984375" lon="6.15191736258566379547119140625">
        <ele>171.8000030517578125</ele>
        <time>2026-10-04T13:44:17.000Z</time>
        <extensions>
          <ns3:TrackPointExtension>
            <ns3:atemp>29.0</ns3:atemp>
            <ns3:hr>71</ns3:hr>
          </ns3:TrackPointExtension>
        </extensions>
      </trkpt>
      <trkpt lat="49.131296910345554351806640625" lon="6.1519043706357479095458984375">
        <ele>171.8000030517578125</ele>
        <time>2026-10-04T13:44:18.000Z</time>
        <extensions>
          <ns3:TrackPointExtension>
            <ns3:atemp>29.0</ns3:atemp>
            <ns3:hr>70</ns3:hr>
          </ns3:TrackPointExtension>
        </extensions>
      </trkpt>
      <trkpt lat="49.131312333047389984130859375" lon="6.15188802592456340789794921875">
        <ele>171.600006103515625</ele>
        <time>2026-10-04T13:44:19.000Z</time>
        <extensions>
          <ns3:TrackPointExtension>
            <ns3:atemp>29.0</ns3:atemp>
            <ns3:hr>71</ns3:hr>
          </ns3:TrackPointExtension>
        </extensions>
      </trkpt>
      <trkpt lat="49.131326414644718170166015625" lon="6.15187142975628376007080078125">
        <ele>171.600006103515625</ele>
        <time>2026-10-04T13:44:20.000Z</time>
        <extensions>
          <ns3:TrackPointExtension>
            <ns3:atemp>29.0</ns3:atemp>
            <ns3:hr>71</ns3:hr>
          </ns3:TrackPointExtension>
        </extensions>
      </trkpt>
      <trkpt lat="49.13134016096591949462890625" lon="6.15185516886413097381591796875">
        <ele>171.600006103515625</ele>
        <time>2026-10-04T13:44:21.000Z</time>
        <extensions>
          <ns3:TrackPointExtension>
            <ns3:atemp>29.0</ns3:atemp>
            <ns3:hr>71</ns3:hr>
          </ns3:TrackPointExtension>
        </extensions>
      </trkpt>
      <trkpt lat="49.1313557513058185577392578125" lon="6.15184125490486621856689453125">
        <ele>171.600006103515625</ele>
        <time>2026-10-04T13:44:22.000Z</time>
        <extensions>
          <ns3:TrackPointExtension>
            <ns3:atemp>29.0</ns3:atemp>
            <ns3:hr>72</ns3:hr>
          </ns3:TrackPointExtension>
        </extensions>
      </trkpt>
      <trkpt lat="49.13136974908411502838134765625" lon="6.151829101145267486572265625">
        <ele>171.600006103515625</ele>
        <time>2026-10-04T13:44:23.000Z</time>
        <extensions>
          <ns3:TrackPointExtension>
            <ns3:atemp>29.0</ns3:atemp>
            <ns3:hr>71</ns3:hr>
          </ns3:TrackPointExtension>
        </extensions>
      </trkpt>
      <trkpt lat="49.13138098083436489105224609375" lon="6.15181476809084415435791015625">
        <ele>171.600006103515625</ele>
        <time>2026-10-04T13:44:24.000Z</time>
        <extensions>
          <ns3:TrackPointExtension>
            <ns3:atemp>29.0</ns3:atemp>
            <ns3:hr>71</ns3:hr>
          </ns3:TrackPointExtension>
        </extensions>
      </trkpt>
      <trkpt lat="49.1313912905752658843994140625" lon="6.1517990939319133758544921875">
        <ele>171.600006103515625</ele>
        <time>2026-10-04T13:44:25.000Z</time>
        <extensions>
          <ns3:TrackPointExtension>
            <ns3:atemp>29.0</ns3:atemp>
            <ns3:hr>70</ns3:hr>
          </ns3:TrackPointExtension>
        </extensions>
      </trkpt>
      <trkpt lat="49.1314050368964672088623046875" lon="6.1517846770584583282470703125">
        <ele>171.600006103515625</ele>
        <time>2026-10-04T13:44:26.000Z</time>
        <extensions>
          <ns3:TrackPointExtension>
            <ns3:atemp>29.0</ns3:atemp>
            <ns3:hr>69</ns3:hr>
          </ns3:TrackPointExtension>
        </extensions>
      </trkpt>
      <trkpt lat="49.1314171068370342254638671875" lon="6.1517710983753204345703125">
        <ele>171.600006103515625</ele>
        <time>2026-10-04T13:44:27.000Z</time>
        <extensions>
          <ns3:TrackPointExtension>
            <ns3:atemp>29.0</ns3:atemp>
            <ns3:hr>69</ns3:hr>
          </ns3:TrackPointExtension>
        </extensions>
      </trkpt>
      <trkpt lat="49.1314281709492206573486328125" lon="6.15175995044410228729248046875">
        <ele>171.600006103515625</ele>
        <time>2026-10-04T13:44:28.000Z</time>
        <extensions>
          <ns3:TrackPointExtension>
            <ns3:atemp>29.0</ns3:atemp>
            <ns3:hr>68</ns3:hr>
          </ns3:TrackPointExtension>
        </extensions>
      </trkpt>
      <trkpt lat="49.131438732147216796875" lon="6.15174687467515468597412109375">
        <ele>171.600006103515625</ele>
        <time>2026-10-04T13:44:29.000Z</time>
        <extensions>
          <ns3:TrackPointExtension>
            <ns3:atemp>29.0</ns3:atemp>
            <ns3:hr>66</ns3:hr>
          </ns3:TrackPointExtension>
        </extensions>
      </trkpt>
      <trkpt lat="49.131452143192291259765625" lon="6.15173413418233394622802734375">
        <ele>171.8000030517578125</ele>
        <time>2026-10-04T13:44:30.000Z</time>
        <extensions>
          <ns3:TrackPointExtension>
            <ns3:atemp>29.0</ns3:atemp>
            <ns3:hr>66</ns3:hr>
          </ns3:TrackPointExtension>
        </extensions>
      </trkpt>
      <trkpt lat="49.13146764971315860748291015625" lon="6.151721812784671783447265625">
        <ele>171.8000030517578125</ele>
        <time>2026-10-04T13:44:31.000Z</time>
        <extensions>
          <ns3:TrackPointExtension>
            <ns3:atemp>29.0</ns3:atemp>
            <ns3:hr>65</ns3:hr>
          </ns3:TrackPointExtension>
        </extensions>
      </trkpt>
      <trkpt lat="49.13148039020597934722900390625" lon="6.15171519108116626739501953125">
        <ele>171.8000030517578125</ele>
        <time>2026-10-04T13:44:32.000Z</time>
        <extensions>
          <ns3:TrackPointExtension>
            <ns3:atemp>29.0</ns3:atemp>
            <ns3:hr>64</ns3:hr>
          </ns3:TrackPointExtension>
        </extensions>
      </trkpt>
      <trkpt lat="49.13149363361299037933349609375" lon="6.15170362405478954315185546875">
        <ele>171.8000030517578125</ele>
        <time>2026-10-04T13:44:33.000Z</time>
        <extensions>
          <ns3:TrackPointExtension>
            <ns3:atemp>29.0</ns3:atemp>
            <ns3:hr>63</ns3:hr>
          </ns3:TrackPointExtension>
        </extensions>
      </trkpt>
      <trkpt lat="49.1315076313912868499755859375" lon="6.15168853662908077239990234375">
        <ele>171.8000030517578125</ele>
        <time>2026-10-04T13:44:34.000Z</time>
        <extensions>
          <ns3:TrackPointExtension>
            <ns3:atemp>28.0</ns3:atemp>
            <ns3:hr>63</ns3:hr>
          </ns3:TrackPointExtension>
        </extensions>
      </trkpt>
      <trkpt lat="49.13152364082634449005126953125" lon="6.151669509708881378173828125">
        <ele>171.8000030517578125</ele>
        <time>2026-10-04T13:44:35.000Z</time>
        <extensions>
          <ns3:TrackPointExtension>
            <ns3:atemp>29.0</ns3:atemp>
            <ns3:hr>62</ns3:hr>
          </ns3:TrackPointExtension>
        </extensions>
      </trkpt>
      <trkpt lat="49.13153956644237041473388671875" lon="6.15165366791188716888427734375">
        <ele>171.8000030517578125</ele>
        <time>2026-10-04T13:44:36.000Z</time>
        <extensions>
          <ns3:TrackPointExtension>
            <ns3:atemp>29.0</ns3:atemp>
            <ns3:hr>63</ns3:hr>
          </ns3:TrackPointExtension>
        </extensions>
      </trkpt>
      <trkpt lat="49.13155431859195232391357421875" lon="6.15163908340036869049072265625">
        <ele>171.8000030517578125</ele>
        <time>2026-10-04T13:44:37.000Z</time>
        <extensions>
          <ns3:TrackPointExtension>
            <ns3:atemp>29.0</ns3:atemp>
            <ns3:hr>63</ns3:hr>
          </ns3:TrackPointExtension>
        </extensions>
      </trkpt>
      <trkpt lat="49.13156923837959766387939453125" lon="6.1516244150698184967041015625">
        <ele>171.8000030517578125</ele>
        <time>2026-10-04T13:44:38.000Z</time>
        <extensions>
          <ns3:TrackPointExtension>
            <ns3:atemp>29.0</ns3:atemp>
            <ns3:hr>63</ns3:hr>
          </ns3:TrackPointExtension>
        </extensions>
      </trkpt>
      <trkpt lat="49.13158331997692584991455078125" lon="6.15160773508250713348388671875">
        <ele>171.8000030517578125</ele>
        <time>2026-10-04T13:44:39.000Z</time>
        <extensions>
          <ns3:TrackPointExtension>
            <ns3:atemp>29.0</ns3:atemp>
            <ns3:hr>63</ns3:hr>
          </ns3:TrackPointExtension>
        </extensions>
      </trkpt>
      <trkpt lat="49.1315991617739200592041015625" lon="6.1515902169048786163330078125">
        <ele>171.8000030517578125</ele>
        <time>2026-10-04T13:44:40.000Z</time>
        <extensions>
          <ns3:TrackPointExtension>
            <ns3:atemp>28.0</ns3:atemp>
            <ns3:hr>63</ns3:hr>
          </ns3:TrackPointExtension>
        </extensions>
      </trkpt>
      <trkpt lat="49.1316152550280094146728515625" lon="6.15157403983175754547119140625">
        <ele>171.8000030517578125</ele>
        <time>2026-10-04T13:44:41.000Z</time>
        <extensions>
          <ns3:TrackPointExtension>
            <ns3:atemp>29.0</ns3:atemp>
            <ns3:hr>64</ns3:hr>
          </ns3:TrackPointExtension>
        </extensions>
      </trkpt>
      <trkpt lat="49.13162992335855960845947265625" lon="6.15155358798801898956298828125">
        <ele>171.8000030517578125</ele>
        <time>2026-10-04T13:44:42.000Z</time>
        <extensions>
          <ns3:TrackPointExtension>
            <ns3:atemp>29.0</ns3:atemp>
            <ns3:hr>64</ns3:hr>
          </ns3:TrackPointExtension>
        </extensions>
      </trkpt>
      <trkpt lat="49.1316450946033000946044921875" lon="6.151532717049121856689453125">
        <ele>171.8000030517578125</ele>
        <time>2026-10-04T13:44:43.000Z</time>
        <extensions>
          <ns3:TrackPointExtension>
            <ns3:atemp>28.0</ns3:atemp>
            <ns3:hr>64</ns3:hr>
          </ns3:TrackPointExtension>
        </extensions>
      </trkpt>
      <trkpt lat="49.13165926001965999603271484375" lon="6.1515124328434467315673828125">
        <ele>171.8000030517578125</ele>
        <time>2026-10-04T13:44:44.000Z</time>
        <extensions>
          <ns3:TrackPointExtension>
            <ns3:atemp>29.0</ns3:atemp>
            <ns3:hr>65</ns3:hr>
          </ns3:TrackPointExtension>
        </extensions>
      </trkpt>
      <trkpt lat="49.1316715814173221588134765625" lon="6.1514926515519618988037109375">
        <ele>171.8000030517578125</ele>
        <time>2026-10-04T13:44:45.000Z</time>
        <extensions>
          <ns3:TrackPointExtension>
            <ns3:atemp>28.0</ns3:atemp>
            <ns3:hr>66</ns3:hr>
          </ns3:TrackPointExtension>
        </extensions>
      </trkpt>
      <trkpt lat="49.1316833160817623138427734375" lon="6.15147429518401622772216796875">
        <ele>171.8000030517578125</ele>
        <time>2026-10-04T13:44:46.000Z</time>
        <extensions>
          <ns3:TrackPointExtension>
            <ns3:atemp>28.0</ns3:atemp>
            <ns3:hr>66</ns3:hr>
          </ns3:TrackPointExtension>
        </extensions>
      </trkpt>
      <trkpt lat="49.13169681094586849212646484375" lon="6.1514564417302608489990234375">
        <ele>171.8000030517578125</ele>
        <time>2026-10-04T13:44:47.000Z</time>
        <extensions>
          <ns3:TrackPointExtension>
            <ns3:atemp>28.0</ns3:atemp>
            <ns3:hr>65</ns3:hr>
          </ns3:TrackPointExtension>
        </extensions>
      </trkpt>
      <trkpt lat="49.13170904852449893951416015625" lon="6.1514386720955371856689453125">
        <ele>171.8000030517578125</ele>
        <time>2026-10-04T13:44:48.000Z</time>
        <extensions>
          <ns3:TrackPointExtension>
            <ns3:atemp>29.0</ns3:atemp>
            <ns3:hr>66</ns3:hr>
          </ns3:TrackPointExtension>
        </extensions>
      </trkpt>
      <trkpt lat="49.131720364093780517578125" lon="6.1514185555279254913330078125">
        <ele>171.8000030517578125</ele>
        <time>2026-10-04T13:44:49.000Z</time>
        <extensions>
          <ns3:TrackPointExtension>
            <ns3:atemp>28.0</ns3:atemp>
            <ns3:hr>66</ns3:hr>
          </ns3:TrackPointExtension>
        </extensions>
      </trkpt>
      <trkpt lat="49.13173302076756954193115234375" lon="6.151399277150630950927734375">
        <ele>171.8000030517578125</ele>
        <time>2026-10-04T13:44:50.000Z</time>
        <extensions>
          <ns3:TrackPointExtension>
            <ns3:atemp>28.0</ns3:atemp>
            <ns3:hr>67</ns3:hr>
          </ns3:TrackPointExtension>
        </extensions>
      </trkpt>
      <trkpt lat="49.1317436657845973968505859375" lon="6.15137740038335323333740234375">
        <ele>171.8000030517578125</ele>
        <time>2026-10-04T13:44:51.000Z</time>
        <extensions>
          <ns3:TrackPointExtension>
            <ns3:atemp>28.0</ns3:atemp>
            <ns3:hr>67</ns3:hr>
          </ns3:TrackPointExtension>
        </extensions>
      </trkpt>
      <trkpt lat="49.1317564062774181365966796875" lon="6.1513548530638217926025390625">
        <ele>171.8000030517578125</ele>
        <time>2026-10-04T13:44:52.000Z</time>
        <extensions>
          <ns3:TrackPointExtension>
            <ns3:atemp>29.0</ns3:atemp>
            <ns3:hr>68</ns3:hr>
          </ns3:TrackPointExtension>
        </extensions>
      </trkpt>
      <trkpt lat="49.13177057169377803802490234375" lon="6.15133465267717838287353515625">
        <ele>171.8000030517578125</ele>
        <time>2026-10-04T13:44:53.000Z</time>
        <extensions>
          <ns3:TrackPointExtension>
            <ns3:atemp>28.0</ns3:atemp>
            <ns3:hr>68</ns3:hr>
          </ns3:TrackPointExtension>
        </extensions>
      </trkpt>
      <trkpt lat="49.131782390177249908447265625" lon="6.1513139493763446807861328125">
        <ele>171.8000030517578125</ele>
        <time>2026-10-04T13:44:54.000Z</time>
        <extensions>
          <ns3:TrackPointExtension>
            <ns3:atemp>28.0</ns3:atemp>
            <ns3:hr>70</ns3:hr>
          </ns3:TrackPointExtension>
        </extensions>
      </trkpt>
      <trkpt lat="49.13179404102265834808349609375" lon="6.1512928269803524017333984375">
        <ele>171.8000030517578125</ele>
        <time>2026-10-04T13:44:55.000Z</time>
        <extensions>
          <ns3:TrackPointExtension>
            <ns3:atemp>28.0</ns3:atemp>
            <ns3:hr>71</ns3:hr>
          </ns3:TrackPointExtension>
        </extensions>
      </trkpt>
      <trkpt lat="49.13180326111614704132080078125" lon="6.1512720398604869842529296875">
        <ele>171.8000030517578125</ele>
        <time>2026-10-04T13:44:56.000Z</time>
        <extensions>
          <ns3:TrackPointExtension>
            <ns3:atemp>28.0</ns3:atemp>
            <ns3:hr>71</ns3:hr>
          </ns3:TrackPointExtension>
        </extensions>
      </trkpt>
      <trkpt lat="49.13181264884769916534423828125" lon="6.1512519232928752899169921875">
        <ele>171.8000030517578125</ele>
        <time>2026-10-04T13:44:57.000Z</time>
        <extensions>
          <ns3:TrackPointExtension>
            <ns3:atemp>28.0</ns3:atemp>
            <ns3:hr>71</ns3:hr>
          </ns3:TrackPointExtension>
        </extensions>
      </trkpt>
      <trkpt lat="49.13182161748409271240234375" lon="6.15123130381107330322265625">
        <ele>171.8000030517578125</ele>
        <time>2026-10-04T13:44:58.000Z</time>
        <extensions>
          <ns3:TrackPointExtension>
            <ns3:atemp>28.0</ns3:atemp>
            <ns3:hr>71</ns3:hr>
          </ns3:TrackPointExtension>
        </extensions>
      </trkpt>
      <trkpt lat="49.13183368742465972900390625" lon="6.15121026523411273956298828125">
        <ele>171.8000030517578125</ele>
        <time>2026-10-04T13:44:59.000Z</time>
        <extensions>
          <ns3:TrackPointExtension>
            <ns3:atemp>28.0</ns3:atemp>
            <ns3:hr>70</ns3:hr>
          </ns3:TrackPointExtension>
        </extensions>
      </trkpt>
      <trkpt lat="49.13184433244168758392333984375" lon="6.151189394295215606689453125">
        <ele>171.8000030517578125</ele>
        <time>2026-10-04T13:45:00.000Z</time>
        <extensions>
          <ns3:TrackPointExtension>
            <ns3:atemp>28.0</ns3:atemp>
            <ns3:hr>69</ns3:hr>
          </ns3:TrackPointExtension>
        </extensions>
      </trkpt>
      <trkpt lat="49.1318549774587154388427734375" lon="6.15116768516600131988525390625">
        <ele>172</ele>
        <time>2026-10-04T13:45:01.000Z</time>
        <extensions>
          <ns3:TrackPointExtension>
            <ns3:atemp>28.0</ns3:atemp>
            <ns3:hr>69</ns3:hr>
          </ns3:TrackPointExtension>
        </extensions>
      </trkpt>
      <trkpt lat="49.1318670473992824554443359375" lon="6.15114220418035984039306640625">
        <ele>172</ele>
        <time>2026-10-04T13:45:02.000Z</time>
        <extensions>
          <ns3:TrackPointExtension>
            <ns3:atemp>28.0</ns3:atemp>
            <ns3:hr>68</ns3:hr>
          </ns3:TrackPointExtension>
        </extensions>
      </trkpt>
      <trkpt lat="49.1318799555301666259765625" lon="6.1511168070137500762939453125">
        <ele>172</ele>
        <time>2026-10-04T13:45:03.000Z</time>
        <extensions>
          <ns3:TrackPointExtension>
            <ns3:atemp>28.0</ns3:atemp>
            <ns3:hr>66</ns3:hr>
          </ns3:TrackPointExtension>
        </extensions>
      </trkpt>
      <trkpt lat="49.13189244456589221954345703125" lon="6.1510926671326160430908203125">
        <ele>172</ele>
        <time>2026-10-04T13:45:04.000Z</time>
        <extensions>
          <ns3:TrackPointExtension>
            <ns3:atemp>28.0</ns3:atemp>
            <ns3:hr>63</ns3:hr>
          </ns3:TrackPointExtension>
        </extensions>
      </trkpt>
      <trkpt lat="49.13190535269677639007568359375" lon="6.15106903016567230224609375">
        <ele>172</ele>
        <time>2026-10-04T13:45:05.000Z</time>
        <extensions>
          <ns3:TrackPointExtension>
            <ns3:atemp>28.0</ns3:atemp>
            <ns3:hr>62</ns3:hr>
          </ns3:TrackPointExtension>
        </extensions>
      </trkpt>
      <trkpt lat="49.13191683590412139892578125" lon="6.151045225560665130615234375">
        <ele>172</ele>
        <time>2026-10-04T13:45:06.000Z</time>
        <extensions>
          <ns3:TrackPointExtension>
            <ns3:atemp>28.0</ns3:atemp>
            <ns3:hr>61</ns3:hr>
          </ns3:TrackPointExtension>
        </extensions>
      </trkpt>
      <trkpt lat="49.131929241120815277099609375" lon="6.15102200768887996673583984375">
        <ele>172</ele>
        <time>2026-10-04T13:45:07.000Z</time>
        <extensions>
          <ns3:TrackPointExtension>
            <ns3:atemp>28.0</ns3:atemp>
            <ns3:hr>60</ns3:hr>
          </ns3:TrackPointExtension>
        </extensions>
      </trkpt>
      <trkpt lat="49.13193938322365283966064453125" lon="6.15100063383579254150390625">
        <ele>172</ele>
        <time>2026-10-04T13:45:08.000Z</time>
        <extensions>
          <ns3:TrackPointExtension>
            <ns3:atemp>28.0</ns3:atemp>
            <ns3:hr>60</ns3:hr>
          </ns3:TrackPointExtension>
        </extensions>
      </trkpt>
      <trkpt lat="49.13194960914552211761474609375" lon="6.150978840887546539306640625">
        <ele>172</ele>
        <time>2026-10-04T13:45:09.000Z</time>
        <extensions>
          <ns3:TrackPointExtension>
            <ns3:atemp>28.0</ns3:atemp>
            <ns3:hr>60</ns3:hr>
          </ns3:TrackPointExtension>
        </extensions>
      </trkpt>
      <trkpt lat="49.13196017034351825714111328125" lon="6.15095771849155426025390625">
        <ele>172</ele>
        <time>2026-10-04T13:45:10.000Z</time>
        <extensions>
          <ns3:TrackPointExtension>
            <ns3:atemp>28.0</ns3:atemp>
            <ns3:hr>59</ns3:hr>
          </ns3:TrackPointExtension>
        </extensions>
      </trkpt>
      <trkpt lat="49.13197006098926067352294921875" lon="6.15093483589589595794677734375">
        <ele>171.8000030517578125</ele>
        <time>2026-10-04T13:45:11.000Z</time>
        <extensions>
          <ns3:TrackPointExtension>
            <ns3:atemp>28.0</ns3:atemp>
            <ns3:hr>60</ns3:hr>
          </ns3:TrackPointExtension>
        </extensions>
      </trkpt>
      <trkpt lat="49.13198045454919338226318359375" lon="6.15090784616768360137939453125">
        <ele>171.8000030517578125</ele>
        <time>2026-10-04T13:45:12.000Z</time>
        <extensions>
          <ns3:TrackPointExtension>
            <ns3:atemp>28.0</ns3:atemp>
            <ns3:hr>60</ns3:hr>
          </ns3:TrackPointExtension>
        </extensions>
      </trkpt>
      <trkpt lat="49.1319934464991092681884765625" lon="6.150886304676532745361328125">
        <ele>171.8000030517578125</ele>
        <time>2026-10-04T13:45:13.000Z</time>
        <extensions>
          <ns3:TrackPointExtension>
            <ns3:atemp>28.0</ns3:atemp>
            <ns3:hr>60</ns3:hr>
          </ns3:TrackPointExtension>
        </extensions>
      </trkpt>
      <trkpt lat="49.1320048458874225616455078125" lon="6.15086208097636699676513671875">
        <ele>171.600006103515625</ele>
        <time>2026-10-04T13:45:14.000Z</time>
        <extensions>
          <ns3:TrackPointExtension>
            <ns3:atemp>28.0</ns3:atemp>
            <ns3:hr>59</ns3:hr>
          </ns3:TrackPointExtension>
        </extensions>
      </trkpt>
      <trkpt lat="49.13201498799026012420654296875" lon="6.15084095858037471771240234375">
        <ele>171.8000030517578125</ele>
        <time>2026-10-04T13:45:15.000Z</time>
        <extensions>
          <ns3:TrackPointExtension>
            <ns3:atemp>28.0</ns3:atemp>
            <ns3:hr>60</ns3:hr>
          </ns3:TrackPointExtension>
        </extensions>
      </trkpt>
      <trkpt lat="49.13202554918825626373291015625" lon="6.15081958472728729248046875">
        <ele>171.8000030517578125</ele>
        <time>2026-10-04T13:45:16.000Z</time>
        <extensions>
          <ns3:TrackPointExtension>
            <ns3:atemp>28.0</ns3:atemp>
            <ns3:hr>60</ns3:hr>
          </ns3:TrackPointExtension>
        </extensions>
      </trkpt>
      <trkpt lat="49.13203812204301357269287109375" lon="6.15079737268388271331787109375">
        <ele>171.8000030517578125</ele>
        <time>2026-10-04T13:45:17.000Z</time>
        <extensions>
          <ns3:TrackPointExtension>
            <ns3:atemp>28.0</ns3:atemp>
            <ns3:hr>60</ns3:hr>
          </ns3:TrackPointExtension>
        </extensions>
      </trkpt>
      <trkpt lat="49.13205153308808803558349609375" lon="6.15077759139239788055419921875">
        <ele>171.8000030517578125</ele>
        <time>2026-10-04T13:45:18.000Z</time>
        <extensions>
          <ns3:TrackPointExtension>
            <ns3:atemp>28.0</ns3:atemp>
            <ns3:hr>60</ns3:hr>
          </ns3:TrackPointExtension>
        </extensions>
      </trkpt>
      <trkpt lat="49.13206310011446475982666015625" lon="6.15075512789189815521240234375">
        <ele>172</ele>
        <time>2026-10-04T13:45:19.000Z</time>
        <extensions>
          <ns3:TrackPointExtension>
            <ns3:atemp>28.0</ns3:atemp>
            <ns3:hr>60</ns3:hr>
          </ns3:TrackPointExtension>
        </extensions>
      </trkpt>
      <trkpt lat="49.13207433186471462249755859375" lon="6.15073232911527156829833984375">
        <ele>172</ele>
        <time>2026-10-04T13:45:20.000Z</time>
        <extensions>
          <ns3:TrackPointExtension>
            <ns3:atemp>28.0</ns3:atemp>
            <ns3:hr>59</ns3:hr>
          </ns3:TrackPointExtension>
        </extensions>
      </trkpt>
      <trkpt lat="49.1320869885385036468505859375" lon="6.15070751868188381195068359375">
        <ele>172</ele>
        <time>2026-10-04T13:45:21.000Z</time>
        <extensions>
          <ns3:TrackPointExtension>
            <ns3:atemp>28.0</ns3:atemp>
            <ns3:hr>59</ns3:hr>
          </ns3:TrackPointExtension>
        </extensions>
      </trkpt>
      <trkpt lat="49.13209788501262664794921875" lon="6.15068354643881320953369140625">
        <ele>172</ele>
        <time>2026-10-04T13:45:22.000Z</time>
        <extensions>
          <ns3:TrackPointExtension>
            <ns3:atemp>28.0</ns3:atemp>
            <ns3:hr>59</ns3:hr>
          </ns3:TrackPointExtension>
        </extensions>
      </trkpt>
      <trkpt lat="49.13210886530578136444091796875" lon="6.1506606638431549072265625">
        <ele>172</ele>
        <time>2026-10-04T13:45:23.000Z</time>
        <extensions>
          <ns3:TrackPointExtension>
            <ns3:atemp>28.0</ns3:atemp>
            <ns3:hr>59</ns3:hr>
          </ns3:TrackPointExtension>
        </extensions>
      </trkpt>
      <trkpt lat="49.13212076760828495025634765625" lon="6.15063895471394062042236328125">
        <ele>172</ele>
        <time>2026-10-04T13:45:24.000Z</time>
        <extensions>
          <ns3:TrackPointExtension>
            <ns3:atemp>28.0</ns3:atemp>
            <ns3:hr>59</ns3:hr>
          </ns3:TrackPointExtension>
        </extensions>
      </trkpt>
      <trkpt lat="49.13213183172047138214111328125" lon="6.15061749704182147979736328125">
        <ele>172</ele>
        <time>2026-10-04T13:45:25.000Z</time>
        <extensions>
          <ns3:TrackPointExtension>
            <ns3:atemp>28.0</ns3:atemp>
            <ns3:hr>59</ns3:hr>
          </ns3:TrackPointExtension>
        </extensions>
      </trkpt>
      <trkpt lat="49.132141135632991790771484375" lon="6.1505964584648609161376953125">
        <ele>172</ele>
        <time>2026-10-04T13:45:26.000Z</time>
        <extensions>
          <ns3:TrackPointExtension>
            <ns3:atemp>28.0</ns3:atemp>
            <ns3:hr>59</ns3:hr>
          </ns3:TrackPointExtension>
        </extensions>
      </trkpt>
      <trkpt lat="49.13215178065001964569091796875" lon="6.15057340823113918304443359375">
        <ele>172</ele>
        <time>2026-10-04T13:45:27.000Z</time>
        <extensions>
          <ns3:TrackPointExtension>
            <ns3:atemp>28.0</ns3:atemp>
            <ns3:hr>59</ns3:hr>
          </ns3:TrackPointExtension>
        </extensions>
      </trkpt>
      <trkpt lat="49.1321630962193012237548828125" lon="6.15054734051227569580078125">
        <ele>172</ele>
        <time>2026-10-04T13:45:28.000Z</time>
        <extensions>
          <ns3:TrackPointExtension>
            <ns3:atemp>28.0</ns3:atemp>
            <ns3:hr>59</ns3:hr>
          </ns3:TrackPointExtension>
        </extensions>
      </trkpt>
      <trkpt lat="49.13217524997889995574951171875" lon="6.1505237035453319549560546875">
        <ele>172</ele>
        <time>2026-10-04T13:45:29.000Z</time>
        <extensions>
          <ns3:TrackPointExtension>
            <ns3:atemp>28.0</ns3:atemp>
            <ns3:hr>59</ns3:hr>
          </ns3:TrackPointExtension>
        </extensions>
      </trkpt>
      <trkpt lat="49.1321875713765621185302734375" lon="6.15049931220710277557373046875">
        <ele>172</ele>
        <time>2026-10-04T13:45:30.000Z</time>
        <extensions>
          <ns3:TrackPointExtension>
            <ns3:atemp>28.0</ns3:atemp>
            <ns3:hr>59</ns3:hr>
          </ns3:TrackPointExtension>
        </extensions>
      </trkpt>
      <trkpt lat="49.13219855166971683502197265625" lon="6.15047584287822246551513671875">
        <ele>172.1999969482421875</ele>
        <time>2026-10-04T13:45:31.000Z</time>
        <extensions>
          <ns3:TrackPointExtension>
            <ns3:atemp>28.0</ns3:atemp>
            <ns3:hr>59</ns3:hr>
          </ns3:TrackPointExtension>
        </extensions>
      </trkpt>
      <trkpt lat="49.1322096996009349822998046875" lon="6.1504546366631984710693359375">
        <ele>172.1999969482421875</ele>
        <time>2026-10-04T13:45:32.000Z</time>
        <extensions>
          <ns3:TrackPointExtension>
            <ns3:atemp>28.0</ns3:atemp>
            <ns3:hr>60</ns3:hr>
          </ns3:TrackPointExtension>
        </extensions>
      </trkpt>
      <trkpt lat="49.13222252391278743743896484375" lon="6.15043326281011104583740234375">
        <ele>172.1999969482421875</ele>
        <time>2026-10-04T13:45:33.000Z</time>
        <extensions>
          <ns3:TrackPointExtension>
            <ns3:atemp>28.0</ns3:atemp>
            <ns3:hr>60</ns3:hr>
          </ns3:TrackPointExtension>
        </extensions>
      </trkpt>
      <trkpt lat="49.1322328336536884307861328125" lon="6.1504110507667064666748046875">
        <ele>172.1999969482421875</ele>
        <time>2026-10-04T13:45:34.000Z</time>
        <extensions>
          <ns3:TrackPointExtension>
            <ns3:atemp>28.0</ns3:atemp>
            <ns3:hr>60</ns3:hr>
          </ns3:TrackPointExtension>
        </extensions>
      </trkpt>
      <trkpt lat="49.13224146701395511627197265625" lon="6.150388754904270172119140625">
        <ele>172.1999969482421875</ele>
        <time>2026-10-04T13:45:35.000Z</time>
        <extensions>
          <ns3:TrackPointExtension>
            <ns3:atemp>28.0</ns3:atemp>
            <ns3:hr>59</ns3:hr>
          </ns3:TrackPointExtension>
        </extensions>
      </trkpt>
      <trkpt lat="49.1322526149451732635498046875" lon="6.150366961956024169921875">
        <ele>172.1999969482421875</ele>
        <time>2026-10-04T13:45:36.000Z</time>
        <extensions>
          <ns3:TrackPointExtension>
            <ns3:atemp>28.0</ns3:atemp>
            <ns3:hr>60</ns3:hr>
          </ns3:TrackPointExtension>
        </extensions>
      </trkpt>
      <trkpt lat="49.1322648525238037109375" lon="6.150345504283905029296875">
        <ele>172.1999969482421875</ele>
        <time>2026-10-04T13:45:37.000Z</time>
        <extensions>
          <ns3:TrackPointExtension>
            <ns3:atemp>28.0</ns3:atemp>
            <ns3:hr>61</ns3:hr>
          </ns3:TrackPointExtension>
        </extensions>
      </trkpt>
      <trkpt lat="49.1322774253785610198974609375" lon="6.15032128058373928070068359375">
        <ele>172.1999969482421875</ele>
        <time>2026-10-04T13:45:38.000Z</time>
        <extensions>
          <ns3:TrackPointExtension>
            <ns3:atemp>28.0</ns3:atemp>
            <ns3:hr>61</ns3:hr>
          </ns3:TrackPointExtension>
        </extensions>
      </trkpt>
      <trkpt lat="49.13229008205235004425048828125" lon="6.15029915235936641693115234375">
        <ele>172.1999969482421875</ele>
        <time>2026-10-04T13:45:39.000Z</time>
        <extensions>
          <ns3:TrackPointExtension>
            <ns3:atemp>28.0</ns3:atemp>
            <ns3:hr>61</ns3:hr>
          </ns3:TrackPointExtension>
        </extensions>
      </trkpt>
      <trkpt lat="49.1323029063642024993896484375" lon="6.150277443230152130126953125">
        <ele>172.1999969482421875</ele>
        <time>2026-10-04T13:45:40.000Z</time>
        <extensions>
          <ns3:TrackPointExtension>
            <ns3:atemp>28.0</ns3:atemp>
            <ns3:hr>64</ns3:hr>
          </ns3:TrackPointExtension>
        </extensions>
      </trkpt>
      <trkpt lat="49.13231472484767436981201171875" lon="6.1502554826438426971435546875">
        <ele>172.1999969482421875</ele>
        <time>2026-10-04T13:45:41.000Z</time>
        <extensions>
          <ns3:TrackPointExtension>
            <ns3:atemp>28.0</ns3:atemp>
            <ns3:hr>66</ns3:hr>
          </ns3:TrackPointExtension>
        </extensions>
      </trkpt>
      <trkpt lat="49.13232629187405109405517578125" lon="6.1502346955239772796630859375">
        <ele>172.1999969482421875</ele>
        <time>2026-10-04T13:45:42.000Z</time>
        <extensions>
          <ns3:TrackPointExtension>
            <ns3:atemp>28.0</ns3:atemp>
            <ns3:hr>67</ns3:hr>
          </ns3:TrackPointExtension>
        </extensions>
      </trkpt>
      <trkpt lat="49.13234003819525241851806640625" lon="6.1502145789563655853271484375">
        <ele>172.399993896484375</ele>
        <time>2026-10-04T13:45:43.000Z</time>
        <extensions>
          <ns3:TrackPointExtension>
            <ns3:atemp>28.0</ns3:atemp>
            <ns3:hr>67</ns3:hr>
          </ns3:TrackPointExtension>
        </extensions>
      </trkpt>
      <trkpt lat="49.132354371249675750732421875" lon="6.15019655786454677581787109375">
        <ele>172.399993896484375</ele>
        <time>2026-10-04T13:45:44.000Z</time>
        <extensions>
          <ns3:TrackPointExtension>
            <ns3:atemp>28.0</ns3:atemp>
            <ns3:hr>68</ns3:hr>
          </ns3:TrackPointExtension>
        </extensions>
      </trkpt>
      <trkpt lat="49.13236702792346477508544921875" lon="6.150177530944347381591796875">
        <ele>172.399993896484375</ele>
        <time>2026-10-04T13:45:45.000Z</time>
        <extensions>
          <ns3:TrackPointExtension>
            <ns3:atemp>28.0</ns3:atemp>
            <ns3:hr>68</ns3:hr>
          </ns3:TrackPointExtension>
        </extensions>
      </trkpt>
      <trkpt lat="49.13237909786403179168701171875" lon="6.15015666000545024871826171875">
        <ele>172.399993896484375</ele>
        <time>2026-10-04T13:45:46.000Z</time>
        <extensions>
          <ns3:TrackPointExtension>
            <ns3:atemp>28.0</ns3:atemp>
            <ns3:hr>68</ns3:hr>
          </ns3:TrackPointExtension>
        </extensions>
      </trkpt>
      <trkpt lat="49.1323914192616939544677734375" lon="6.15013805218040943145751953125">
        <ele>172.399993896484375</ele>
        <time>2026-10-04T13:45:47.000Z</time>
        <extensions>
          <ns3:TrackPointExtension>
            <ns3:atemp>28.0</ns3:atemp>
            <ns3:hr>67</ns3:hr>
          </ns3:TrackPointExtension>
        </extensions>
      </trkpt>
      <trkpt lat="49.13240390829741954803466796875" lon="6.1501210369169712066650390625">
        <ele>172.399993896484375</ele>
        <time>2026-10-04T13:45:48.000Z</time>
        <extensions>
          <ns3:TrackPointExtension>
            <ns3:atemp>28.0</ns3:atemp>
            <ns3:hr>67</ns3:hr>
          </ns3:TrackPointExtension>
        </extensions>
      </trkpt>
      <trkpt lat="49.13241346366703510284423828125" lon="6.15010301582515239715576171875">
        <ele>172.1999969482421875</ele>
        <time>2026-10-04T13:45:49.000Z</time>
        <extensions>
          <ns3:TrackPointExtension>
            <ns3:atemp>28.0</ns3:atemp>
            <ns3:hr>67</ns3:hr>
          </ns3:TrackPointExtension>
        </extensions>
      </trkpt>
      <trkpt lat="49.13242368958890438079833984375" lon="6.15008256398141384124755859375">
        <ele>172.399993896484375</ele>
        <time>2026-10-04T13:45:50.000Z</time>
        <extensions>
          <ns3:TrackPointExtension>
            <ns3:atemp>28.0</ns3:atemp>
            <ns3:hr>67</ns3:hr>
          </ns3:TrackPointExtension>
        </extensions>
      </trkpt>
      <trkpt lat="49.13243450224399566650390625" lon="6.15006445907056331634521484375">
        <ele>172.399993896484375</ele>
        <time>2026-10-04T13:45:51.000Z</time>
        <extensions>
          <ns3:TrackPointExtension>
            <ns3:atemp>28.0</ns3:atemp>
            <ns3:hr>67</ns3:hr>
          </ns3:TrackPointExtension>
        </extensions>
      </trkpt>
      <trkpt lat="49.1324443928897380828857421875" lon="6.1500482819974422454833984375">
        <ele>172.399993896484375</ele>
        <time>2026-10-04T13:45:52.000Z</time>
        <extensions>
          <ns3:TrackPointExtension>
            <ns3:atemp>28.0</ns3:atemp>
            <ns3:hr>67</ns3:hr>
          </ns3:TrackPointExtension>
        </extensions>
      </trkpt>
      <trkpt lat="49.13245587609708309173583984375" lon="6.1500331945717334747314453125">
        <ele>172.1999969482421875</ele>
        <time>2026-10-04T13:45:53.000Z</time>
        <extensions>
          <ns3:TrackPointExtension>
            <ns3:atemp>28.0</ns3:atemp>
            <ns3:hr>67</ns3:hr>
          </ns3:TrackPointExtension>
        </extensions>
      </trkpt>
      <trkpt lat="49.13246727548539638519287109375" lon="6.150020621716976165771484375">
        <ele>172.399993896484375</ele>
        <time>2026-10-04T13:45:54.000Z</time>
        <extensions>
          <ns3:TrackPointExtension>
            <ns3:atemp>28.0</ns3:atemp>
            <ns3:hr>66</ns3:hr>
          </ns3:TrackPointExtension>
        </extensions>
      </trkpt>
      <trkpt lat="49.13248009979724884033203125" lon="6.15000980906188488006591796875">
        <ele>172.399993896484375</ele>
        <time>2026-10-04T13:45:55.000Z</time>
        <extensions>
          <ns3:TrackPointExtension>
            <ns3:atemp>28.0</ns3:atemp>
            <ns3:hr>66</ns3:hr>
          </ns3:TrackPointExtension>
        </extensions>
      </trkpt>
      <trkpt lat="49.132493846118450164794921875" lon="6.15000016987323760986328125">
        <ele>172.399993896484375</ele>
        <time>2026-10-04T13:45:56.000Z</time>
        <extensions>
          <ns3:TrackPointExtension>
            <ns3:atemp>28.0</ns3:atemp>
            <ns3:hr>66</ns3:hr>
          </ns3:TrackPointExtension>
        </extensions>
      </trkpt>
      <trkpt lat="49.13251102901995182037353515625" lon="6.14999170415103435516357421875">
        <ele>172.399993896484375</ele>
        <time>2026-10-04T13:45:57.000Z</time>
        <extensions>
          <ns3:TrackPointExtension>
            <ns3:atemp>28.0</ns3:atemp>
            <ns3:hr>67</ns3:hr>
          </ns3:TrackPointExtension>
        </extensions>
      </trkpt>
      <trkpt lat="49.1325290501117706298828125" lon="6.14998298697173595428466796875">
        <ele>172.600006103515625</ele>
        <time>2026-10-04T13:45:58.000Z</time>
        <extensions>
          <ns3:TrackPointExtension>
            <ns3:atemp>28.0</ns3:atemp>
            <ns3:hr>67</ns3:hr>
          </ns3:TrackPointExtension>
        </extensions>
      </trkpt>
      <trkpt lat="49.13254740647971630096435546875" lon="6.14997561089694499969482421875">
        <ele>172.600006103515625</ele>
        <time>2026-10-04T13:45:59.000Z</time>
        <extensions>
          <ns3:TrackPointExtension>
            <ns3:atemp>28.0</ns3:atemp>
            <ns3:hr>67</ns3:hr>
          </ns3:TrackPointExtension>
        </extensions>
      </trkpt>
      <trkpt lat="49.13256567902863025665283203125" lon="6.1499731801450252532958984375">
        <ele>172.399993896484375</ele>
        <time>2026-10-04T13:46:00.000Z</time>
        <extensions>
          <ns3:TrackPointExtension>
            <ns3:atemp>28.0</ns3:atemp>
            <ns3:hr>68</ns3:hr>
          </ns3:TrackPointExtension>
        </extensions>
      </trkpt>
      <trkpt lat="49.1325835324823856353759765625" lon="6.14997242577373981475830078125">
        <ele>172.399993896484375</ele>
        <time>2026-10-04T13:46:01.000Z</time>
        <extensions>
          <ns3:TrackPointExtension>
            <ns3:atemp>28.0</ns3:atemp>
            <ns3:hr>69</ns3:hr>
          </ns3:TrackPointExtension>
        </extensions>
      </trkpt>
      <trkpt lat="49.13260038010776042938232421875" lon="6.14997158758342266082763671875">
        <ele>172.399993896484375</ele>
        <time>2026-10-04T13:46:02.000Z</time>
        <extensions>
          <ns3:TrackPointExtension>
            <ns3:atemp>28.0</ns3:atemp>
            <ns3:hr>70</ns3:hr>
          </ns3:TrackPointExtension>
        </extensions>
      </trkpt>
      <trkpt lat="49.1326180659234523773193359375" lon="6.1499741859734058380126953125">
        <ele>172.399993896484375</ele>
        <time>2026-10-04T13:46:03.000Z</time>
        <extensions>
          <ns3:TrackPointExtension>
            <ns3:atemp>28.0</ns3:atemp>
            <ns3:hr>70</ns3:hr>
          </ns3:TrackPointExtension>
        </extensions>
      </trkpt>
      <trkpt lat="49.13263759575784206390380859375" lon="6.1499738506972789764404296875">
        <ele>172.399993896484375</ele>
        <time>2026-10-04T13:46:04.000Z</time>
        <extensions>
          <ns3:TrackPointExtension>
            <ns3:atemp>28.0</ns3:atemp>
            <ns3:hr>71</ns3:hr>
          </ns3:TrackPointExtension>
        </extensions>
      </trkpt>
      <trkpt lat="49.13265720941126346588134765625" lon="6.149971000850200653076171875">
        <ele>172.399993896484375</ele>
        <time>2026-10-04T13:46:05.000Z</time>
        <extensions>
          <ns3:TrackPointExtension>
            <ns3:atemp>28.0</ns3:atemp>
            <ns3:hr>71</ns3:hr>
          </ns3:TrackPointExtension>
        </extensions>
      </trkpt>
      <trkpt lat="49.1326767392456531524658203125" lon="6.14996798336505889892578125">
        <ele>172.399993896484375</ele>
        <time>2026-10-04T13:46:06.000Z</time>
        <extensions>
          <ns3:TrackPointExtension>
            <ns3:atemp>28.0</ns3:atemp>
            <ns3:hr>72</ns3:hr>
          </ns3:TrackPointExtension>
        </extensions>
      </trkpt>
      <trkpt lat="49.132695011794567108154296875" lon="6.149969659745693206787109375">
        <ele>172.399993896484375</ele>
        <time>2026-10-04T13:46:07.000Z</time>
        <extensions>
          <ns3:TrackPointExtension>
            <ns3:atemp>28.0</ns3:atemp>
            <ns3:hr>73</ns3:hr>
          </ns3:TrackPointExtension>
        </extensions>
      </trkpt>
      <trkpt lat="49.13271152414381504058837890625" lon="6.1499684862792491912841796875">
        <ele>172.399993896484375</ele>
        <time>2026-10-04T13:46:08.000Z</time>
        <extensions>
          <ns3:TrackPointExtension>
            <ns3:atemp>28.0</ns3:atemp>
            <ns3:hr>73</ns3:hr>
          </ns3:TrackPointExtension>
        </extensions>
      </trkpt>
      <trkpt lat="49.13272912614047527313232421875" lon="6.1499661393463611602783203125">
        <ele>172.1999969482421875</ele>
        <time>2026-10-04T13:46:09.000Z</time>
        <extensions>
          <ns3:TrackPointExtension>
            <ns3:atemp>28.0</ns3:atemp>
            <ns3:hr>73</ns3:hr>
          </ns3:TrackPointExtension>
        </extensions>
      </trkpt>
      <trkpt lat="49.1327484883368015289306640625" lon="6.14996672607958316802978515625">
        <ele>172.1999969482421875</ele>
        <time>2026-10-04T13:46:10.000Z</time>
        <extensions>
          <ns3:TrackPointExtension>
            <ns3:atemp>28.0</ns3:atemp>
            <ns3:hr>73</ns3:hr>
          </ns3:TrackPointExtension>
        </extensions>
      </trkpt>
      <trkpt lat="49.13276902399957180023193359375" lon="6.14996706135571002960205078125">
        <ele>172.1999969482421875</ele>
        <time>2026-10-04T13:46:11.000Z</time>
        <extensions>
          <ns3:TrackPointExtension>
            <ns3:atemp>28.0</ns3:atemp>
            <ns3:hr>73</ns3:hr>
          </ns3:TrackPointExtension>
        </extensions>
      </trkpt>
      <trkpt lat="49.13278855383396148681640625" lon="6.14996521733701229095458984375">
        <ele>172.1999969482421875</ele>
        <time>2026-10-04T13:46:12.000Z</time>
        <extensions>
          <ns3:TrackPointExtension>
            <ns3:atemp>28.0</ns3:atemp>
            <ns3:hr>74</ns3:hr>
          </ns3:TrackPointExtension>
        </extensions>
      </trkpt>
      <trkpt lat="49.13280674256384372711181640625" lon="6.149960942566394805908203125">
        <ele>172.1999969482421875</ele>
        <time>2026-10-04T13:46:13.000Z</time>
        <extensions>
          <ns3:TrackPointExtension>
            <ns3:atemp>28.0</ns3:atemp>
            <ns3:hr>73</ns3:hr>
          </ns3:TrackPointExtension>
        </extensions>
      </trkpt>
      <trkpt lat="49.132823757827281951904296875" lon="6.1499580927193164825439453125">
        <ele>172.1999969482421875</ele>
        <time>2026-10-04T13:46:14.000Z</time>
        <extensions>
          <ns3:TrackPointExtension>
            <ns3:atemp>28.0</ns3:atemp>
            <ns3:hr>72</ns3:hr>
          </ns3:TrackPointExtension>
        </extensions>
      </trkpt>
      <trkpt lat="49.132841862738132476806640625" lon="6.14995867945253849029541015625">
        <ele>172.1999969482421875</ele>
        <time>2026-10-04T13:46:15.000Z</time>
        <extensions>
          <ns3:TrackPointExtension>
            <ns3:atemp>28.0</ns3:atemp>
            <ns3:hr>72</ns3:hr>
          </ns3:TrackPointExtension>
        </extensions>
      </trkpt>
      <trkpt lat="49.13286055438220500946044921875" lon="6.14995817653834819793701171875">
        <ele>172.1999969482421875</ele>
        <time>2026-10-04T13:46:16.000Z</time>
        <extensions>
          <ns3:TrackPointExtension>
            <ns3:atemp>28.0</ns3:atemp>
            <ns3:hr>71</ns3:hr>
          </ns3:TrackPointExtension>
        </extensions>
      </trkpt>
      <trkpt lat="49.13287899456918239593505859375" lon="6.149956248700618743896484375">
        <ele>172.1999969482421875</ele>
        <time>2026-10-04T13:46:17.000Z</time>
        <extensions>
          <ns3:TrackPointExtension>
            <ns3:atemp>28.0</ns3:atemp>
            <ns3:hr>72</ns3:hr>
          </ns3:TrackPointExtension>
        </extensions>
      </trkpt>
      <trkpt lat="49.13289642892777919769287109375" lon="6.149957589805126190185546875">
        <ele>172.1999969482421875</ele>
        <time>2026-10-04T13:46:18.000Z</time>
        <extensions>
          <ns3:TrackPointExtension>
            <ns3:atemp>28.0</ns3:atemp>
            <ns3:hr>72</ns3:hr>
          </ns3:TrackPointExtension>
        </extensions>
      </trkpt>
      <trkpt lat="49.13291419856250286102294921875" lon="6.14995750598609447479248046875">
        <ele>172.1999969482421875</ele>
        <time>2026-10-04T13:46:19.000Z</time>
        <extensions>
          <ns3:TrackPointExtension>
            <ns3:atemp>28.0</ns3:atemp>
            <ns3:hr>73</ns3:hr>
          </ns3:TrackPointExtension>
        </extensions>
      </trkpt>
      <trkpt lat="49.132931716740131378173828125" lon="6.14995591342449188232421875">
        <ele>172.1999969482421875</ele>
        <time>2026-10-04T13:46:20.000Z</time>
        <extensions>
          <ns3:TrackPointExtension>
            <ns3:atemp>28.0</ns3:atemp>
            <ns3:hr>74</ns3:hr>
          </ns3:TrackPointExtension>
        </extensions>
      </trkpt>
      <trkpt lat="49.13294940255582332611083984375" lon="6.1499537341296672821044921875">
        <ele>172.1999969482421875</ele>
        <time>2026-10-04T13:46:21.000Z</time>
        <extensions>
          <ns3:TrackPointExtension>
            <ns3:atemp>28.0</ns3:atemp>
            <ns3:hr>74</ns3:hr>
          </ns3:TrackPointExtension>
        </extensions>
      </trkpt>
      <trkpt lat="49.13296801038086414337158203125" lon="6.14995247684419155120849609375">
        <ele>172.1999969482421875</ele>
        <time>2026-10-04T13:46:22.000Z</time>
        <extensions>
          <ns3:TrackPointExtension>
            <ns3:atemp>27.0</ns3:atemp>
            <ns3:hr>74</ns3:hr>
          </ns3:TrackPointExtension>
        </extensions>
      </trkpt>
      <trkpt lat="49.13298712112009525299072265625" lon="6.14995348267257213592529296875">
        <ele>172.1999969482421875</ele>
        <time>2026-10-04T13:46:23.000Z</time>
        <extensions>
          <ns3:TrackPointExtension>
            <ns3:atemp>28.0</ns3:atemp>
            <ns3:hr>74</ns3:hr>
          </ns3:TrackPointExtension>
        </extensions>
      </trkpt>
      <trkpt lat="49.13300606422126293182373046875" lon="6.1499510519206523895263671875">
        <ele>172.1999969482421875</ele>
        <time>2026-10-04T13:46:24.000Z</time>
        <extensions>
          <ns3:TrackPointExtension>
            <ns3:atemp>28.0</ns3:atemp>
            <ns3:hr>74</ns3:hr>
          </ns3:TrackPointExtension>
        </extensions>
      </trkpt>
      <trkpt lat="49.13302601315081119537353515625" lon="6.1499471962451934814453125">
        <ele>172.1999969482421875</ele>
        <time>2026-10-04T13:46:25.000Z</time>
        <extensions>
          <ns3:TrackPointExtension>
            <ns3:atemp>28.0</ns3:atemp>
            <ns3:hr>74</ns3:hr>
          </ns3:TrackPointExtension>
        </extensions>
      </trkpt>
      <trkpt lat="49.13304596208035945892333984375" lon="6.14994526840746402740478515625">
        <ele>172.1999969482421875</ele>
        <time>2026-10-04T13:46:26.000Z</time>
        <extensions>
          <ns3:TrackPointExtension>
            <ns3:atemp>28.0</ns3:atemp>
            <ns3:hr>74</ns3:hr>
          </ns3:TrackPointExtension>
        </extensions>
      </trkpt>
      <trkpt lat="49.1330649890005588531494140625" lon="6.14994208328425884246826171875">
        <ele>172.1999969482421875</ele>
        <time>2026-10-04T13:46:27.000Z</time>
        <extensions>
          <ns3:TrackPointExtension>
            <ns3:atemp>28.0</ns3:atemp>
            <ns3:hr>74</ns3:hr>
          </ns3:TrackPointExtension>
        </extensions>
      </trkpt>
      <trkpt lat="49.13308401592075824737548828125" lon="6.149937473237514495849609375">
        <ele>172.1999969482421875</ele>
        <time>2026-10-04T13:46:28.000Z</time>
        <extensions>
          <ns3:TrackPointExtension>
            <ns3:atemp>28.0</ns3:atemp>
            <ns3:hr>74</ns3:hr>
          </ns3:TrackPointExtension>
        </extensions>
      </trkpt>
      <trkpt lat="49.13310295902192592620849609375" lon="6.1499356292188167572021484375">
        <ele>172.1999969482421875</ele>
        <time>2026-10-04T13:46:29.000Z</time>
        <extensions>
          <ns3:TrackPointExtension>
            <ns3:atemp>28.0</ns3:atemp>
            <ns3:hr>74</ns3:hr>
          </ns3:TrackPointExtension>
        </extensions>
      </trkpt>
      <trkpt lat="49.1331209801137447357177734375" lon="6.1499379761517047882080078125">
        <ele>172.1999969482421875</ele>
        <time>2026-10-04T13:46:30.000Z</time>
        <extensions>
          <ns3:TrackPointExtension>
            <ns3:atemp>28.0</ns3:atemp>
            <ns3:hr>75</ns3:hr>
          </ns3:TrackPointExtension>
        </extensions>
      </trkpt>
      <trkpt lat="49.13314168341457843780517578125" lon="6.14993671886622905731201171875">
        <ele>172.1999969482421875</ele>
        <time>2026-10-04T13:46:31.000Z</time>
        <extensions>
          <ns3:TrackPointExtension>
            <ns3:atemp>27.0</ns3:atemp>
            <ns3:hr>75</ns3:hr>
          </ns3:TrackPointExtension>
        </extensions>
      </trkpt>
      <trkpt lat="49.13316196762025356292724609375" lon="6.1499362997710704803466796875">
        <ele>172.1999969482421875</ele>
        <time>2026-10-04T13:46:32.000Z</time>
        <extensions>
          <ns3:TrackPointExtension>
            <ns3:atemp>28.0</ns3:atemp>
            <ns3:hr>75</ns3:hr>
          </ns3:TrackPointExtension>
        </extensions>
      </trkpt>
      <trkpt lat="49.13318141363561153411865234375" lon="6.14993504248559474945068359375">
        <ele>172.1999969482421875</ele>
        <time>2026-10-04T13:46:33.000Z</time>
        <extensions>
          <ns3:TrackPointExtension>
            <ns3:atemp>27.0</ns3:atemp>
            <ns3:hr>75</ns3:hr>
          </ns3:TrackPointExtension>
        </extensions>
      </trkpt>
      <trkpt lat="49.133200943470001220703125" lon="6.1499362997710704803466796875">
        <ele>172.1999969482421875</ele>
        <time>2026-10-04T13:46:34.000Z</time>
        <extensions>
          <ns3:TrackPointExtension>
            <ns3:atemp>28.0</ns3:atemp>
            <ns3:hr>76</ns3:hr>
          </ns3:TrackPointExtension>
        </extensions>
      </trkpt>
      <trkpt lat="49.1332218982279300689697265625" lon="6.1499369703233242034912109375">
        <ele>172.1999969482421875</ele>
        <time>2026-10-04T13:46:35.000Z</time>
        <extensions>
          <ns3:TrackPointExtension>
            <ns3:atemp>28.0</ns3:atemp>
            <ns3:hr>75</ns3:hr>
          </ns3:TrackPointExtension>
        </extensions>
      </trkpt>
      <trkpt lat="49.13324310444295406341552734375" lon="6.14993571303784847259521484375">
        <ele>172.1999969482421875</ele>
        <time>2026-10-04T13:46:36.000Z</time>
        <extensions>
          <ns3:TrackPointExtension>
            <ns3:atemp>28.0</ns3:atemp>
            <ns3:hr>75</ns3:hr>
          </ns3:TrackPointExtension>
        </extensions>
      </trkpt>
      <trkpt lat="49.13326238282024860382080078125" lon="6.14993445575237274169921875">
        <ele>172.1999969482421875</ele>
        <time>2026-10-04T13:46:37.000Z</time>
        <extensions>
          <ns3:TrackPointExtension>
            <ns3:atemp>28.0</ns3:atemp>
            <ns3:hr>74</ns3:hr>
          </ns3:TrackPointExtension>
        </extensions>
      </trkpt>
      <trkpt lat="49.13328233174979686737060546875" lon="6.1499336175620555877685546875">
        <ele>172.1999969482421875</ele>
        <time>2026-10-04T13:46:38.000Z</time>
        <extensions>
          <ns3:TrackPointExtension>
            <ns3:atemp>28.0</ns3:atemp>
            <ns3:hr>73</ns3:hr>
          </ns3:TrackPointExtension>
        </extensions>
      </trkpt>
      <trkpt lat="49.133301191031932830810546875" lon="6.149933449923992156982421875">
        <ele>172.1999969482421875</ele>
        <time>2026-10-04T13:46:39.000Z</time>
        <extensions>
          <ns3:TrackPointExtension>
            <ns3:atemp>27.0</ns3:atemp>
            <ns3:hr>74</ns3:hr>
          </ns3:TrackPointExtension>
        </extensions>
      </trkpt>
      <trkpt lat="49.133318625390529632568359375" lon="6.14993152208626270294189453125">
        <ele>172.1999969482421875</ele>
        <time>2026-10-04T13:46:40.000Z</time>
        <extensions>
          <ns3:TrackPointExtension>
            <ns3:atemp>28.0</ns3:atemp>
            <ns3:hr>75</ns3:hr>
          </ns3:TrackPointExtension>
        </extensions>
      </trkpt>
      <trkpt lat="49.13333698175847530364990234375" lon="6.14993236027657985687255859375">
        <ele>172.1999969482421875</ele>
        <time>2026-10-04T13:46:41.000Z</time>
        <extensions>
          <ns3:TrackPointExtension>
            <ns3:atemp>28.0</ns3:atemp>
            <ns3:hr>75</ns3:hr>
          </ns3:TrackPointExtension>
        </extensions>
      </trkpt>
      <trkpt lat="49.13335659541189670562744140625" lon="6.1499359644949436187744140625">
        <ele>172.1999969482421875</ele>
        <time>2026-10-04T13:46:42.000Z</time>
        <extensions>
          <ns3:TrackPointExtension>
            <ns3:atemp>27.0</ns3:atemp>
            <ns3:hr>75</ns3:hr>
          </ns3:TrackPointExtension>
        </extensions>
      </trkpt>
      <trkpt lat="49.1333757899701595306396484375" lon="6.14993655122816562652587890625">
        <ele>172.1999969482421875</ele>
        <time>2026-10-04T13:46:43.000Z</time>
        <extensions>
          <ns3:TrackPointExtension>
            <ns3:atemp>27.0</ns3:atemp>
            <ns3:hr>75</ns3:hr>
          </ns3:TrackPointExtension>
        </extensions>
      </trkpt>
      <trkpt lat="49.13339531980454921722412109375" lon="6.14993705414235591888427734375">
        <ele>172.1999969482421875</ele>
        <time>2026-10-04T13:46:44.000Z</time>
        <extensions>
          <ns3:TrackPointExtension>
            <ns3:atemp>28.0</ns3:atemp>
            <ns3:hr>74</ns3:hr>
          </ns3:TrackPointExtension>
        </extensions>
      </trkpt>
      <trkpt lat="49.13341694511473178863525390625" lon="6.14993319846689701080322265625">
        <ele>172.399993896484375</ele>
        <time>2026-10-04T13:46:45.000Z</time>
        <extensions>
          <ns3:TrackPointExtension>
            <ns3:atemp>27.0</ns3:atemp>
            <ns3:hr>74</ns3:hr>
          </ns3:TrackPointExtension>
        </extensions>
      </trkpt>
      <trkpt lat="49.13343437947332859039306640625" lon="6.149926073849201202392578125">
        <ele>172.1999969482421875</ele>
        <time>2026-10-04T13:46:46.000Z</time>
        <extensions>
          <ns3:TrackPointExtension>
            <ns3:atemp>27.0</ns3:atemp>
            <ns3:hr>74</ns3:hr>
          </ns3:TrackPointExtension>
        </extensions>
      </trkpt>
      <trkpt lat="49.13345181383192539215087890625" lon="6.14992246963083744049072265625">
        <ele>172.399993896484375</ele>
        <time>2026-10-04T13:46:47.000Z</time>
        <extensions>
          <ns3:TrackPointExtension>
            <ns3:atemp>27.0</ns3:atemp>
            <ns3:hr>74</ns3:hr>
          </ns3:TrackPointExtension>
        </extensions>
      </trkpt>
      <trkpt lat="49.13346706889569759368896484375" lon="6.14991702139377593994140625">
        <ele>172.1999969482421875</ele>
        <time>2026-10-04T13:46:48.000Z</time>
        <extensions>
          <ns3:TrackPointExtension>
            <ns3:atemp>27.0</ns3:atemp>
            <ns3:hr>74</ns3:hr>
          </ns3:TrackPointExtension>
        </extensions>
      </trkpt>
      <trkpt lat="49.1334797255694866180419921875" lon="6.149904616177082061767578125">
        <ele>172.1999969482421875</ele>
        <time>2026-10-04T13:46:49.000Z</time>
        <extensions>
          <ns3:TrackPointExtension>
            <ns3:atemp>27.0</ns3:atemp>
            <ns3:hr>74</ns3:hr>
          </ns3:TrackPointExtension>
        </extensions>
      </trkpt>
      <trkpt lat="49.1334968246519565582275390625" lon="6.14989665336906909942626953125">
        <ele>172.399993896484375</ele>
        <time>2026-10-04T13:46:50.000Z</time>
        <extensions>
          <ns3:TrackPointExtension>
            <ns3:atemp>27.0</ns3:atemp>
            <ns3:hr>74</ns3:hr>
          </ns3:TrackPointExtension>
        </extensions>
      </trkpt>
      <trkpt lat="49.1335162706673145294189453125" lon="6.149887181818485260009765625">
        <ele>172.399993896484375</ele>
        <time>2026-10-04T13:46:51.000Z</time>
        <extensions>
          <ns3:TrackPointExtension>
            <ns3:atemp>27.0</ns3:atemp>
            <ns3:hr>74</ns3:hr>
          </ns3:TrackPointExtension>
        </extensions>
      </trkpt>
      <trkpt lat="49.13353823125362396240234375" lon="6.1498853377997875213623046875">
        <ele>172.399993896484375</ele>
        <time>2026-10-04T13:46:52.000Z</time>
        <extensions>
          <ns3:TrackPointExtension>
            <ns3:atemp>27.0</ns3:atemp>
            <ns3:hr>74</ns3:hr>
          </ns3:TrackPointExtension>
        </extensions>
      </trkpt>
      <trkpt lat="49.1335568390786647796630859375" lon="6.14990268833935260772705078125">
        <ele>172.399993896484375</ele>
        <time>2026-10-04T13:46:53.000Z</time>
        <extensions>
          <ns3:TrackPointExtension>
            <ns3:atemp>27.0</ns3:atemp>
            <ns3:hr>74</ns3:hr>
          </ns3:TrackPointExtension>
        </extensions>
      </trkpt>
      <trkpt lat="49.13357578217983245849609375" lon="6.1499078013002872467041015625">
        <ele>172.399993896484375</ele>
        <time>2026-10-04T13:46:54.000Z</time>
        <extensions>
          <ns3:TrackPointExtension>
            <ns3:atemp>27.0</ns3:atemp>
            <ns3:hr>73</ns3:hr>
          </ns3:TrackPointExtension>
        </extensions>
      </trkpt>
      <trkpt lat="49.1335967369377613067626953125" lon="6.1499094776809215545654296875">
        <ele>172.600006103515625</ele>
        <time>2026-10-04T13:46:55.000Z</time>
        <extensions>
          <ns3:TrackPointExtension>
            <ns3:atemp>27.0</ns3:atemp>
            <ns3:hr>74</ns3:hr>
          </ns3:TrackPointExtension>
        </extensions>
      </trkpt>
      <trkpt lat="49.13361442275345325469970703125" lon="6.1499081365764141082763671875">
        <ele>172.600006103515625</ele>
        <time>2026-10-04T13:46:56.000Z</time>
        <extensions>
          <ns3:TrackPointExtension>
            <ns3:atemp>27.0</ns3:atemp>
            <ns3:hr>73</ns3:hr>
          </ns3:TrackPointExtension>
        </extensions>
      </trkpt>
      <trkpt lat="49.13363210856914520263671875" lon="6.14990972913801670074462890625">
        <ele>172.600006103515625</ele>
        <time>2026-10-04T13:46:57.000Z</time>
        <extensions>
          <ns3:TrackPointExtension>
            <ns3:atemp>27.0</ns3:atemp>
            <ns3:hr>72</ns3:hr>
          </ns3:TrackPointExtension>
        </extensions>
      </trkpt>
      <trkpt lat="49.13365113548934459686279296875" lon="6.149907298386096954345703125">
        <ele>172.600006103515625</ele>
        <time>2026-10-04T13:46:58.000Z</time>
        <extensions>
          <ns3:TrackPointExtension>
            <ns3:atemp>27.0</ns3:atemp>
            <ns3:hr>72</ns3:hr>
          </ns3:TrackPointExtension>
        </extensions>
      </trkpt>
      <trkpt lat="49.13366773165762424468994140625" lon="6.14991165697574615478515625">
        <ele>172.600006103515625</ele>
        <time>2026-10-04T13:46:59.000Z</time>
        <extensions>
          <ns3:TrackPointExtension>
            <ns3:atemp>27.0</ns3:atemp>
            <ns3:hr>72</ns3:hr>
          </ns3:TrackPointExtension>
        </extensions>
      </trkpt>
      <trkpt lat="49.133683741092681884765625" lon="6.149919033050537109375">
        <ele>172.600006103515625</ele>
        <time>2026-10-04T13:47:00.000Z</time>
        <extensions>
          <ns3:TrackPointExtension>
            <ns3:atemp>27.0</ns3:atemp>
            <ns3:hr>72</ns3:hr>
          </ns3:TrackPointExtension>
        </extensions>
      </trkpt>
      <trkpt lat="49.133700169622898101806640625" lon="6.14991811104118824005126953125">
        <ele>172.600006103515625</ele>
        <time>2026-10-04T13:47:01.000Z</time>
        <extensions>
          <ns3:TrackPointExtension>
            <ns3:atemp>27.0</ns3:atemp>
            <ns3:hr>72</ns3:hr>
          </ns3:TrackPointExtension>
        </extensions>
      </trkpt>
      <trkpt lat="49.1337201185524463653564453125" lon="6.14991894923150539398193359375">
        <ele>172.600006103515625</ele>
        <time>2026-10-04T13:47:02.000Z</time>
        <extensions>
          <ns3:TrackPointExtension>
            <ns3:atemp>27.0</ns3:atemp>
            <ns3:hr>72</ns3:hr>
          </ns3:TrackPointExtension>
        </extensions>
      </trkpt>
      <trkpt lat="49.1337392292916774749755859375" lon="6.14991777576506137847900390625">
        <ele>172.600006103515625</ele>
        <time>2026-10-04T13:47:03.000Z</time>
        <extensions>
          <ns3:TrackPointExtension>
            <ns3:atemp>27.0</ns3:atemp>
            <ns3:hr>72</ns3:hr>
          </ns3:TrackPointExtension>
        </extensions>
      </trkpt>
      <trkpt lat="49.13375951349735260009765625" lon="6.1499171890318393707275390625">
        <ele>172.600006103515625</ele>
        <time>2026-10-04T13:47:04.000Z</time>
        <extensions>
          <ns3:TrackPointExtension>
            <ns3:atemp>27.0</ns3:atemp>
            <ns3:hr>72</ns3:hr>
          </ns3:TrackPointExtension>
        </extensions>
      </trkpt>
      <trkpt lat="49.1337801329791545867919921875" lon="6.14992104470729827880859375">
        <ele>172.600006103515625</ele>
        <time>2026-10-04T13:47:05.000Z</time>
        <extensions>
          <ns3:TrackPointExtension>
            <ns3:atemp>27.0</ns3:atemp>
            <ns3:hr>71</ns3:hr>
          </ns3:TrackPointExtension>
        </extensions>
      </trkpt>
      <trkpt lat="49.1338009200990200042724609375" lon="6.14992531947791576385498046875">
        <ele>172.8000030517578125</ele>
        <time>2026-10-04T13:47:06.000Z</time>
        <extensions>
          <ns3:TrackPointExtension>
            <ns3:atemp>27.0</ns3:atemp>
            <ns3:hr>71</ns3:hr>
          </ns3:TrackPointExtension>
        </extensions>
      </trkpt>
      <trkpt lat="49.13382279686629772186279296875" lon="6.1499311029911041259765625">
        <ele>172.600006103515625</ele>
        <time>2026-10-04T13:47:07.000Z</time>
        <extensions>
          <ns3:TrackPointExtension>
            <ns3:atemp>27.0</ns3:atemp>
            <ns3:hr>70</ns3:hr>
          </ns3:TrackPointExtension>
        </extensions>
      </trkpt>
      <trkpt lat="49.13384400308132171630859375" lon="6.14993386901915073394775390625">
        <ele>172.8000030517578125</ele>
        <time>2026-10-04T13:47:08.000Z</time>
        <extensions>
          <ns3:TrackPointExtension>
            <ns3:atemp>27.0</ns3:atemp>
            <ns3:hr>69</ns3:hr>
          </ns3:TrackPointExtension>
        </extensions>
      </trkpt>
      <trkpt lat="49.133866466581821441650390625" lon="6.149936802685260772705078125">
        <ele>172.600006103515625</ele>
        <time>2026-10-04T13:47:09.000Z</time>
        <extensions>
          <ns3:TrackPointExtension>
            <ns3:atemp>27.0</ns3:atemp>
            <ns3:hr>69</ns3:hr>
          </ns3:TrackPointExtension>
        </extensions>
      </trkpt>
      <trkpt lat="49.13388800807297229766845703125" lon="6.149943508207798004150390625">
        <ele>172.600006103515625</ele>
        <time>2026-10-04T13:47:10.000Z</time>
        <extensions>
          <ns3:TrackPointExtension>
            <ns3:atemp>27.0</ns3:atemp>
            <ns3:hr>69</ns3:hr>
          </ns3:TrackPointExtension>
        </extensions>
      </trkpt>
      <trkpt lat="49.13390829227864742279052734375" lon="6.14994795061647891998291015625">
        <ele>172.600006103515625</ele>
        <time>2026-10-04T13:47:11.000Z</time>
        <extensions>
          <ns3:TrackPointExtension>
            <ns3:atemp>27.0</ns3:atemp>
            <ns3:hr>69</ns3:hr>
          </ns3:TrackPointExtension>
        </extensions>
      </trkpt>
      <trkpt lat="49.13392757065594196319580078125" lon="6.14995297975838184356689453125">
        <ele>172.600006103515625</ele>
        <time>2026-10-04T13:47:12.000Z</time>
        <extensions>
          <ns3:TrackPointExtension>
            <ns3:atemp>27.0</ns3:atemp>
            <ns3:hr>70</ns3:hr>
          </ns3:TrackPointExtension>
        </extensions>
      </trkpt>
      <trkpt lat="49.13394668139517307281494140625" lon="6.14995658397674560546875">
        <ele>172.600006103515625</ele>
        <time>2026-10-04T13:47:13.000Z</time>
        <extensions>
          <ns3:TrackPointExtension>
            <ns3:atemp>27.0</ns3:atemp>
            <ns3:hr>69</ns3:hr>
          </ns3:TrackPointExtension>
        </extensions>
      </trkpt>
      <trkpt lat="49.13396537303924560546875" lon="6.1499597690999507904052734375">
        <ele>172.399993896484375</ele>
        <time>2026-10-04T13:47:14.000Z</time>
        <extensions>
          <ns3:TrackPointExtension>
            <ns3:atemp>27.0</ns3:atemp>
            <ns3:hr>69</ns3:hr>
          </ns3:TrackPointExtension>
        </extensions>
      </trkpt>
      <trkpt lat="49.13398590870201587677001953125" lon="6.14995733834803104400634765625">
        <ele>172.399993896484375</ele>
        <time>2026-10-04T13:47:15.000Z</time>
        <extensions>
          <ns3:TrackPointExtension>
            <ns3:atemp>27.0</ns3:atemp>
            <ns3:hr>69</ns3:hr>
          </ns3:TrackPointExtension>
        </extensions>
      </trkpt>
      <trkpt lat="49.1340042650699615478515625" lon="6.14995197393000125885009765625">
        <ele>172.399993896484375</ele>
        <time>2026-10-04T13:47:16.000Z</time>
        <extensions>
          <ns3:TrackPointExtension>
            <ns3:atemp>27.0</ns3:atemp>
            <ns3:hr>69</ns3:hr>
          </ns3:TrackPointExtension>
        </extensions>
      </trkpt>
      <trkpt lat="49.13402228616178035736083984375" lon="6.14995264448225498199462890625">
        <ele>172.600006103515625</ele>
        <time>2026-10-04T13:47:17.000Z</time>
        <extensions>
          <ns3:TrackPointExtension>
            <ns3:atemp>27.0</ns3:atemp>
            <ns3:hr>69</ns3:hr>
          </ns3:TrackPointExtension>
        </extensions>
      </trkpt>
      <trkpt lat="49.1340393014252185821533203125" lon="6.14995784126222133636474609375">
        <ele>172.600006103515625</ele>
        <time>2026-10-04T13:47:18.000Z</time>
        <extensions>
          <ns3:TrackPointExtension>
            <ns3:atemp>27.0</ns3:atemp>
            <ns3:hr>69</ns3:hr>
          </ns3:TrackPointExtension>
        </extensions>
      </trkpt>
      <trkpt lat="49.1340570710599422454833984375" lon="6.14996588788926601409912109375">
        <ele>172.600006103515625</ele>
        <time>2026-10-04T13:47:19.000Z</time>
        <extensions>
          <ns3:TrackPointExtension>
            <ns3:atemp>27.0</ns3:atemp>
            <ns3:hr>70</ns3:hr>
          </ns3:TrackPointExtension>
        </extensions>
      </trkpt>
      <trkpt lat="49.13407509215176105499267578125" lon="6.14997225813567638397216796875">
        <ele>172.600006103515625</ele>
        <time>2026-10-04T13:47:20.000Z</time>
        <extensions>
          <ns3:TrackPointExtension>
            <ns3:atemp>27.0</ns3:atemp>
            <ns3:hr>70</ns3:hr>
          </ns3:TrackPointExtension>
        </extensions>
      </trkpt>
      <trkpt lat="49.13409269414842128753662109375" lon="6.1499768681824207305908203125">
        <ele>172.8000030517578125</ele>
        <time>2026-10-04T13:47:21.000Z</time>
        <extensions>
          <ns3:TrackPointExtension>
            <ns3:atemp>27.0</ns3:atemp>
            <ns3:hr>71</ns3:hr>
          </ns3:TrackPointExtension>
        </extensions>
      </trkpt>
      <trkpt lat="49.13411096669733524322509765625" lon="6.14998131059110164642333984375">
        <ele>172.8000030517578125</ele>
        <time>2026-10-04T13:47:22.000Z</time>
        <extensions>
          <ns3:TrackPointExtension>
            <ns3:atemp>27.0</ns3:atemp>
            <ns3:hr>72</ns3:hr>
          </ns3:TrackPointExtension>
        </extensions>
      </trkpt>
      <trkpt lat="49.13412873633205890655517578125" lon="6.14998784847557544708251953125">
        <ele>172.8000030517578125</ele>
        <time>2026-10-04T13:47:23.000Z</time>
        <extensions>
          <ns3:TrackPointExtension>
            <ns3:atemp>27.0</ns3:atemp>
            <ns3:hr>74</ns3:hr>
          </ns3:TrackPointExtension>
        </extensions>
      </trkpt>
      <trkpt lat="49.13414583541452884674072265625" lon="6.1499916203320026397705078125">
        <ele>172.8000030517578125</ele>
        <time>2026-10-04T13:47:24.000Z</time>
        <extensions>
          <ns3:TrackPointExtension>
            <ns3:atemp>27.0</ns3:atemp>
            <ns3:hr>75</ns3:hr>
          </ns3:TrackPointExtension>
        </extensions>
      </trkpt>
      <trkpt lat="49.134163521230220794677734375" lon="6.14999656565487384796142578125">
        <ele>172.8000030517578125</ele>
        <time>2026-10-04T13:47:25.000Z</time>
        <extensions>
          <ns3:TrackPointExtension>
            <ns3:atemp>27.0</ns3:atemp>
            <ns3:hr>75</ns3:hr>
          </ns3:TrackPointExtension>
        </extensions>
      </trkpt>
      <trkpt lat="49.1341811232268810272216796875" lon="6.15000226534903049468994140625">
        <ele>172.600006103515625</ele>
        <time>2026-10-04T13:47:26.000Z</time>
        <extensions>
          <ns3:TrackPointExtension>
            <ns3:atemp>27.0</ns3:atemp>
            <ns3:hr>75</ns3:hr>
          </ns3:TrackPointExtension>
        </extensions>
      </trkpt>
      <trkpt lat="49.134198725223541259765625" lon="6.15000863559544086456298828125">
        <ele>172.600006103515625</ele>
        <time>2026-10-04T13:47:27.000Z</time>
        <extensions>
          <ns3:TrackPointExtension>
            <ns3:atemp>27.0</ns3:atemp>
            <ns3:hr>75</ns3:hr>
          </ns3:TrackPointExtension>
        </extensions>
      </trkpt>
      <trkpt lat="49.13421791978180408477783203125" lon="6.150015927851200103759765625">
        <ele>172.600006103515625</ele>
        <time>2026-10-04T13:47:28.000Z</time>
        <extensions>
          <ns3:TrackPointExtension>
            <ns3:atemp>27.0</ns3:atemp>
            <ns3:hr>74</ns3:hr>
          </ns3:TrackPointExtension>
        </extensions>
      </trkpt>
      <trkpt lat="49.1342354379594326019287109375" lon="6.1500214599072933197021484375">
        <ele>172.600006103515625</ele>
        <time>2026-10-04T13:47:29.000Z</time>
        <extensions>
          <ns3:TrackPointExtension>
            <ns3:atemp>27.0</ns3:atemp>
            <ns3:hr>74</ns3:hr>
          </ns3:TrackPointExtension>
        </extensions>
      </trkpt>
      <trkpt lat="49.13425245322287082672119140625" lon="6.15002556703984737396240234375">
        <ele>172.8000030517578125</ele>
        <time>2026-10-04T13:47:30.000Z</time>
        <extensions>
          <ns3:TrackPointExtension>
            <ns3:atemp>27.0</ns3:atemp>
            <ns3:hr>74</ns3:hr>
          </ns3:TrackPointExtension>
        </extensions>
      </trkpt>
      <trkpt lat="49.13426779210567474365234375" lon="6.150029003620147705078125">
        <ele>172.8000030517578125</ele>
        <time>2026-10-04T13:47:31.000Z</time>
        <extensions>
          <ns3:TrackPointExtension>
            <ns3:atemp>27.0</ns3:atemp>
            <ns3:hr>75</ns3:hr>
          </ns3:TrackPointExtension>
        </extensions>
      </trkpt>
      <trkpt lat="49.13428396917879581451416015625" lon="6.15003411658108234405517578125">
        <ele>172.8000030517578125</ele>
        <time>2026-10-04T13:47:32.000Z</time>
        <extensions>
          <ns3:TrackPointExtension>
            <ns3:atemp>27.0</ns3:atemp>
            <ns3:hr>74</ns3:hr>
          </ns3:TrackPointExtension>
        </extensions>
      </trkpt>
      <trkpt lat="49.13430131971836090087890625" lon="6.1500358767807483673095703125">
        <ele>172.8000030517578125</ele>
        <time>2026-10-04T13:47:33.000Z</time>
        <extensions>
          <ns3:TrackPointExtension>
            <ns3:atemp>27.0</ns3:atemp>
            <ns3:hr>73</ns3:hr>
          </ns3:TrackPointExtension>
        </extensions>
      </trkpt>
      <trkpt lat="49.1343159042298793792724609375" lon="6.15004098974168300628662109375">
        <ele>172.8000030517578125</ele>
        <time>2026-10-04T13:47:34.000Z</time>
        <extensions>
          <ns3:TrackPointExtension>
            <ns3:atemp>27.0</ns3:atemp>
            <ns3:hr>69</ns3:hr>
          </ns3:TrackPointExtension>
        </extensions>
      </trkpt>
      <trkpt lat="49.13432939909398555755615234375" lon="6.15004451014101505279541015625">
        <ele>172.8000030517578125</ele>
        <time>2026-10-04T13:47:35.000Z</time>
        <extensions>
          <ns3:TrackPointExtension>
            <ns3:atemp>27.0</ns3:atemp>
            <ns3:hr>69</ns3:hr>
          </ns3:TrackPointExtension>
        </extensions>
      </trkpt>
      <trkpt lat="49.13434750400483608245849609375" lon="6.150046102702617645263671875">
        <ele>172.8000030517578125</ele>
        <time>2026-10-04T13:47:36.000Z</time>
        <extensions>
          <ns3:TrackPointExtension>
            <ns3:atemp>27.0</ns3:atemp>
            <ns3:hr>67</ns3:hr>
          </ns3:TrackPointExtension>
        </extensions>
      </trkpt>
      <trkpt lat="49.13436644710600376129150390625" lon="6.15004819817841053009033203125">
        <ele>172.8000030517578125</ele>
        <time>2026-10-04T13:47:37.000Z</time>
        <extensions>
          <ns3:TrackPointExtension>
            <ns3:atemp>27.0</ns3:atemp>
            <ns3:hr>69</ns3:hr>
          </ns3:TrackPointExtension>
        </extensions>
      </trkpt>
      <trkpt lat="49.1343856416642665863037109375" lon="6.15004979074001312255859375">
        <ele>172.8000030517578125</ele>
        <time>2026-10-04T13:47:38.000Z</time>
        <extensions>
          <ns3:TrackPointExtension>
            <ns3:atemp>27.0</ns3:atemp>
            <ns3:hr>70</ns3:hr>
          </ns3:TrackPointExtension>
        </extensions>
      </trkpt>
      <trkpt lat="49.1344039142131805419921875" lon="6.1500556580722332000732421875">
        <ele>172.8000030517578125</ele>
        <time>2026-10-04T13:47:39.000Z</time>
        <extensions>
          <ns3:TrackPointExtension>
            <ns3:atemp>27.0</ns3:atemp>
            <ns3:hr>70</ns3:hr>
          </ns3:TrackPointExtension>
        </extensions>
      </trkpt>
      <trkpt lat="49.13442243821918964385986328125" lon="6.15006320178508758544921875">
        <ele>172.8000030517578125</ele>
        <time>2026-10-04T13:47:40.000Z</time>
        <extensions>
          <ns3:TrackPointExtension>
            <ns3:atemp>27.0</ns3:atemp>
            <ns3:hr>71</ns3:hr>
          </ns3:TrackPointExtension>
        </extensions>
      </trkpt>
      <trkpt lat="49.13443987257778644561767578125" lon="6.1500700749456882476806640625">
        <ele>172.8000030517578125</ele>
        <time>2026-10-04T13:47:41.000Z</time>
        <extensions>
          <ns3:TrackPointExtension>
            <ns3:atemp>27.0</ns3:atemp>
            <ns3:hr>71</ns3:hr>
          </ns3:TrackPointExtension>
        </extensions>
      </trkpt>
      <trkpt lat="49.134458564221858978271484375" lon="6.15007217042148113250732421875">
        <ele>172.8000030517578125</ele>
        <time>2026-10-04T13:47:42.000Z</time>
        <extensions>
          <ns3:TrackPointExtension>
            <ns3:atemp>27.0</ns3:atemp>
            <ns3:hr>71</ns3:hr>
          </ns3:TrackPointExtension>
        </extensions>
      </trkpt>
      <trkpt lat="49.1344775073230266571044921875" lon="6.1500774510204792022705078125">
        <ele>172.8000030517578125</ele>
        <time>2026-10-04T13:47:43.000Z</time>
        <extensions>
          <ns3:TrackPointExtension>
            <ns3:atemp>27.0</ns3:atemp>
            <ns3:hr>73</ns3:hr>
          </ns3:TrackPointExtension>
        </extensions>
      </trkpt>
      <trkpt lat="49.13449385203421115875244140625" lon="6.15008742548525333404541015625">
        <ele>172.8000030517578125</ele>
        <time>2026-10-04T13:47:44.000Z</time>
        <extensions>
          <ns3:TrackPointExtension>
            <ns3:atemp>27.0</ns3:atemp>
            <ns3:hr>74</ns3:hr>
          </ns3:TrackPointExtension>
        </extensions>
      </trkpt>
      <trkpt lat="49.1345106996595859527587890625" lon="6.150097064673900604248046875">
        <ele>172.8000030517578125</ele>
        <time>2026-10-04T13:47:45.000Z</time>
        <extensions>
          <ns3:TrackPointExtension>
            <ns3:atemp>27.0</ns3:atemp>
            <ns3:hr>73</ns3:hr>
          </ns3:TrackPointExtension>
        </extensions>
      </trkpt>
      <trkpt lat="49.13452620618045330047607421875" lon="6.15010586567223072052001953125">
        <ele>172.8000030517578125</ele>
        <time>2026-10-04T13:47:46.000Z</time>
        <extensions>
          <ns3:TrackPointExtension>
            <ns3:atemp>27.0</ns3:atemp>
            <ns3:hr>73</ns3:hr>
          </ns3:TrackPointExtension>
        </extensions>
      </trkpt>
      <trkpt lat="49.134543053805828094482421875" lon="6.15011827088892459869384765625">
        <ele>172.8000030517578125</ele>
        <time>2026-10-04T13:47:47.000Z</time>
        <extensions>
          <ns3:TrackPointExtension>
            <ns3:atemp>27.0</ns3:atemp>
            <ns3:hr>73</ns3:hr>
          </ns3:TrackPointExtension>
        </extensions>
      </trkpt>
      <trkpt lat="49.13456006906926631927490234375" lon="6.150133609771728515625">
        <ele>172.8000030517578125</ele>
        <time>2026-10-04T13:47:48.000Z</time>
        <extensions>
          <ns3:TrackPointExtension>
            <ns3:atemp>27.0</ns3:atemp>
            <ns3:hr>73</ns3:hr>
          </ns3:TrackPointExtension>
        </extensions>
      </trkpt>
      <trkpt lat="49.1345770843327045440673828125" lon="6.15014928393065929412841796875">
        <ele>172.8000030517578125</ele>
        <time>2026-10-04T13:47:49.000Z</time>
        <extensions>
          <ns3:TrackPointExtension>
            <ns3:atemp>27.0</ns3:atemp>
            <ns3:hr>74</ns3:hr>
          </ns3:TrackPointExtension>
        </extensions>
      </trkpt>
      <trkpt lat="49.1345918364822864532470703125" lon="6.15016688592731952667236328125">
        <ele>172.8000030517578125</ele>
        <time>2026-10-04T13:47:50.000Z</time>
        <extensions>
          <ns3:TrackPointExtension>
            <ns3:atemp>27.0</ns3:atemp>
            <ns3:hr>74</ns3:hr>
          </ns3:TrackPointExtension>
        </extensions>
      </trkpt>
      <trkpt lat="49.13460566662251949310302734375" lon="6.1501807160675525665283203125">
        <ele>172.8000030517578125</ele>
        <time>2026-10-04T13:47:51.000Z</time>
        <extensions>
          <ns3:TrackPointExtension>
            <ns3:atemp>27.0</ns3:atemp>
            <ns3:hr>73</ns3:hr>
          </ns3:TrackPointExtension>
        </extensions>
      </trkpt>
      <trkpt lat="49.13461924530565738677978515625" lon="6.15019856952130794525146484375">
        <ele>172.8000030517578125</ele>
        <time>2026-10-04T13:47:52.000Z</time>
        <extensions>
          <ns3:TrackPointExtension>
            <ns3:atemp>27.0</ns3:atemp>
            <ns3:hr>73</ns3:hr>
          </ns3:TrackPointExtension>
        </extensions>
      </trkpt>
      <trkpt lat="49.13463517092168331146240234375" lon="6.1502145789563655853271484375">
        <ele>172.8000030517578125</ele>
        <time>2026-10-04T13:47:53.000Z</time>
        <extensions>
          <ns3:TrackPointExtension>
            <ns3:atemp>27.0</ns3:atemp>
            <ns3:hr>73</ns3:hr>
          </ns3:TrackPointExtension>
        </extensions>
      </trkpt>
      <trkpt lat="49.134651012718677520751953125" lon="6.1502306722104549407958984375">
        <ele>172.8000030517578125</ele>
        <time>2026-10-04T13:47:54.000Z</time>
        <extensions>
          <ns3:TrackPointExtension>
            <ns3:atemp>27.0</ns3:atemp>
            <ns3:hr>73</ns3:hr>
          </ns3:TrackPointExtension>
        </extensions>
      </trkpt>
      <trkpt lat="49.13466534577310085296630859375" lon="6.15023947320878505706787109375">
        <ele>173</ele>
        <time>2026-10-04T13:47:55.000Z</time>
        <extensions>
          <ns3:TrackPointExtension>
            <ns3:atemp>27.0</ns3:atemp>
            <ns3:hr>73</ns3:hr>
          </ns3:TrackPointExtension>
        </extensions>
      </trkpt>
      <trkpt lat="49.134681187570095062255859375" lon="6.150252632796764373779296875">
        <ele>173</ele>
        <time>2026-10-04T13:47:56.000Z</time>
        <extensions>
          <ns3:TrackPointExtension>
            <ns3:atemp>27.0</ns3:atemp>
            <ns3:hr>73</ns3:hr>
          </ns3:TrackPointExtension>
        </extensions>
      </trkpt>
      <trkpt lat="49.13469669409096240997314453125" lon="6.15026839077472686767578125">
        <ele>173</ele>
        <time>2026-10-04T13:47:57.000Z</time>
        <extensions>
          <ns3:TrackPointExtension>
            <ns3:atemp>27.0</ns3:atemp>
            <ns3:hr>73</ns3:hr>
          </ns3:TrackPointExtension>
        </extensions>
      </trkpt>
      <trkpt lat="49.1347096860408782958984375" lon="6.1502829752862453460693359375">
        <ele>173</ele>
        <time>2026-10-04T13:47:58.000Z</time>
        <extensions>
          <ns3:TrackPointExtension>
            <ns3:atemp>27.0</ns3:atemp>
            <ns3:hr>73</ns3:hr>
          </ns3:TrackPointExtension>
        </extensions>
      </trkpt>
      <trkpt lat="49.13472334854304790496826171875" lon="6.1502947099506855010986328125">
        <ele>173</ele>
        <time>2026-10-04T13:47:59.000Z</time>
        <extensions>
          <ns3:TrackPointExtension>
            <ns3:atemp>27.0</ns3:atemp>
            <ns3:hr>73</ns3:hr>
          </ns3:TrackPointExtension>
        </extensions>
      </trkpt>
      <trkpt lat="49.1347373463213443756103515625" lon="6.15030300803482532501220703125">
        <ele>173</ele>
        <time>2026-10-04T13:48:00.000Z</time>
        <extensions>
          <ns3:TrackPointExtension>
            <ns3:atemp>27.0</ns3:atemp>
            <ns3:hr>73</ns3:hr>
          </ns3:TrackPointExtension>
        </extensions>
      </trkpt>
      <trkpt lat="49.1347534395754337310791015625" lon="6.15031306631863117218017578125">
        <ele>173</ele>
        <time>2026-10-04T13:48:01.000Z</time>
        <extensions>
          <ns3:TrackPointExtension>
            <ns3:atemp>27.0</ns3:atemp>
            <ns3:hr>72</ns3:hr>
          </ns3:TrackPointExtension>
        </extensions>
      </trkpt>
      <trkpt lat="49.1347678564488887786865234375" lon="6.150326393544673919677734375">
        <ele>173</ele>
        <time>2026-10-04T13:48:02.000Z</time>
        <extensions>
          <ns3:TrackPointExtension>
            <ns3:atemp>27.0</ns3:atemp>
            <ns3:hr>72</ns3:hr>
          </ns3:TrackPointExtension>
        </extensions>
      </trkpt>
      <trkpt lat="49.1347821056842803955078125" lon="6.15033804439008235931396484375">
        <ele>173</ele>
        <time>2026-10-04T13:48:03.000Z</time>
        <extensions>
          <ns3:TrackPointExtension>
            <ns3:atemp>27.0</ns3:atemp>
            <ns3:hr>70</ns3:hr>
          </ns3:TrackPointExtension>
        </extensions>
      </trkpt>
      <trkpt lat="49.13479618728160858154296875" lon="6.1503441631793975830078125">
        <ele>173</ele>
        <time>2026-10-04T13:48:04.000Z</time>
        <extensions>
          <ns3:TrackPointExtension>
            <ns3:atemp>27.0</ns3:atemp>
            <ns3:hr>70</ns3:hr>
          </ns3:TrackPointExtension>
        </extensions>
      </trkpt>
      <trkpt lat="49.13481093943119049072265625" lon="6.15035128779709339141845703125">
        <ele>173</ele>
        <time>2026-10-04T13:48:05.000Z</time>
        <extensions>
          <ns3:TrackPointExtension>
            <ns3:atemp>27.0</ns3:atemp>
            <ns3:hr>70</ns3:hr>
          </ns3:TrackPointExtension>
        </extensions>
      </trkpt>
      <trkpt lat="49.1348272003233432769775390625" lon="6.15035447292029857635498046875">
        <ele>173</ele>
        <time>2026-10-04T13:48:06.000Z</time>
        <extensions>
          <ns3:TrackPointExtension>
            <ns3:atemp>27.0</ns3:atemp>
            <ns3:hr>70</ns3:hr>
          </ns3:TrackPointExtension>
        </extensions>
      </trkpt>
      <trkpt lat="49.134842455387115478515625" lon="6.1503476835787296295166015625">
        <ele>173</ele>
        <time>2026-10-04T13:48:07.000Z</time>
        <extensions>
          <ns3:TrackPointExtension>
            <ns3:atemp>27.0</ns3:atemp>
            <ns3:hr>70</ns3:hr>
          </ns3:TrackPointExtension>
        </extensions>
      </trkpt>
      <trkpt lat="49.1348597221076488494873046875" lon="6.15033502690494060516357421875">
        <ele>173</ele>
        <time>2026-10-04T13:48:08.000Z</time>
        <extensions>
          <ns3:TrackPointExtension>
            <ns3:atemp>27.0</ns3:atemp>
            <ns3:hr>71</ns3:hr>
          </ns3:TrackPointExtension>
        </extensions>
      </trkpt>
      <trkpt lat="49.134874977171421051025390625" lon="6.1503225378692150115966796875">
        <ele>173</ele>
        <time>2026-10-04T13:48:09.000Z</time>
        <extensions>
          <ns3:TrackPointExtension>
            <ns3:atemp>27.0</ns3:atemp>
            <ns3:hr>72</ns3:hr>
          </ns3:TrackPointExtension>
        </extensions>
      </trkpt>
      <trkpt lat="49.13489333353936672210693359375" lon="6.15032278932631015777587890625">
        <ele>173</ele>
        <time>2026-10-04T13:48:10.000Z</time>
        <extensions>
          <ns3:TrackPointExtension>
            <ns3:atemp>27.0</ns3:atemp>
            <ns3:hr>72</ns3:hr>
          </ns3:TrackPointExtension>
        </extensions>
      </trkpt>
      <trkpt lat="49.13490691222250461578369140625" lon="6.15034106187522411346435546875">
        <ele>173</ele>
        <time>2026-10-04T13:48:11.000Z</time>
        <extensions>
          <ns3:TrackPointExtension>
            <ns3:atemp>27.0</ns3:atemp>
            <ns3:hr>73</ns3:hr>
          </ns3:TrackPointExtension>
        </extensions>
      </trkpt>
      <trkpt lat="49.134907163679599761962890625" lon="6.1503664590418338775634765625">
        <ele>173</ele>
        <time>2026-10-04T13:48:12.000Z</time>
        <extensions>
          <ns3:TrackPointExtension>
            <ns3:atemp>27.0</ns3:atemp>
            <ns3:hr>75</ns3:hr>
          </ns3:TrackPointExtension>
        </extensions>
      </trkpt>
      <trkpt lat="49.13490423001348972320556640625" lon="6.1503835581243038177490234375">
        <ele>173</ele>
        <time>2026-10-04T13:48:13.000Z</time>
        <extensions>
          <ns3:TrackPointExtension>
            <ns3:atemp>27.0</ns3:atemp>
            <ns3:hr>75</ns3:hr>
          </ns3:TrackPointExtension>
        </extensions>
      </trkpt>
      <trkpt lat="49.134901128709316253662109375" lon="6.1504090391099452972412109375">
        <ele>173.1999969482421875</ele>
        <time>2026-10-04T13:48:14.000Z</time>
        <extensions>
          <ns3:TrackPointExtension>
            <ns3:atemp>27.0</ns3:atemp>
            <ns3:hr>76</ns3:hr>
          </ns3:TrackPointExtension>
        </extensions>
      </trkpt>
      <trkpt lat="49.1349002905189990997314453125" lon="6.150437705218791961669921875">
        <ele>173.1999969482421875</ele>
        <time>2026-10-04T13:48:15.000Z</time>
        <extensions>
          <ns3:TrackPointExtension>
            <ns3:atemp>27.0</ns3:atemp>
            <ns3:hr>77</ns3:hr>
          </ns3:TrackPointExtension>
        </extensions>
      </trkpt>
      <trkpt lat="49.1349001228809356689453125" lon="6.1504673771560192108154296875">
        <ele>173.1999969482421875</ele>
        <time>2026-10-04T13:48:16.000Z</time>
        <extensions>
          <ns3:TrackPointExtension>
            <ns3:atemp>27.0</ns3:atemp>
            <ns3:hr>76</ns3:hr>
          </ns3:TrackPointExtension>
        </extensions>
      </trkpt>
      <trkpt lat="49.13490339182317256927490234375" lon="6.15049847401678562164306640625">
        <ele>173.1999969482421875</ele>
        <time>2026-10-04T13:48:17.000Z</time>
        <extensions>
          <ns3:TrackPointExtension>
            <ns3:atemp>27.0</ns3:atemp>
            <ns3:hr>76</ns3:hr>
          </ns3:TrackPointExtension>
        </extensions>
      </trkpt>
      <trkpt lat="49.134913198649883270263671875" lon="6.1505223624408245086669921875">
        <ele>173.1999969482421875</ele>
        <time>2026-10-04T13:48:18.000Z</time>
        <extensions>
          <ns3:TrackPointExtension>
            <ns3:atemp>27.0</ns3:atemp>
            <ns3:hr>77</ns3:hr>
          </ns3:TrackPointExtension>
        </extensions>
      </trkpt>
      <trkpt lat="49.13492535240948200225830078125" lon="6.150538288056850433349609375">
        <ele>173</ele>
        <time>2026-10-04T13:48:19.000Z</time>
        <extensions>
          <ns3:TrackPointExtension>
            <ns3:atemp>27.0</ns3:atemp>
            <ns3:hr>76</ns3:hr>
          </ns3:TrackPointExtension>
        </extensions>
      </trkpt>
      <trkpt lat="49.13493507541716098785400390625" lon="6.150554716587066650390625">
        <ele>173</ele>
        <time>2026-10-04T13:48:20.000Z</time>
        <extensions>
          <ns3:TrackPointExtension>
            <ns3:atemp>27.0</ns3:atemp>
            <ns3:hr>75</ns3:hr>
          </ns3:TrackPointExtension>
        </extensions>
      </trkpt>
      <trkpt lat="49.13494370877742767333984375" lon="6.15057122893631458282470703125">
        <ele>172.8000030517578125</ele>
        <time>2026-10-04T13:48:21.000Z</time>
        <extensions>
          <ns3:TrackPointExtension>
            <ns3:atemp>27.0</ns3:atemp>
            <ns3:hr>75</ns3:hr>
          </ns3:TrackPointExtension>
        </extensions>
      </trkpt>
      <trkpt lat="49.1349519230425357818603515625" lon="6.15059101022779941558837890625">
        <ele>172.8000030517578125</ele>
        <time>2026-10-04T13:48:22.000Z</time>
        <extensions>
          <ns3:TrackPointExtension>
            <ns3:atemp>27.0</ns3:atemp>
            <ns3:hr>75</ns3:hr>
          </ns3:TrackPointExtension>
        </extensions>
      </trkpt>
      <trkpt lat="49.13496156223118305206298828125" lon="6.1506132222712039947509765625">
        <ele>172.8000030517578125</ele>
        <time>2026-10-04T13:48:23.000Z</time>
        <extensions>
          <ns3:TrackPointExtension>
            <ns3:atemp>27.0</ns3:atemp>
            <ns3:hr>75</ns3:hr>
          </ns3:TrackPointExtension>
        </extensions>
      </trkpt>
      <trkpt lat="49.13497212342917919158935546875" lon="6.15063585340976715087890625">
        <ele>173</ele>
        <time>2026-10-04T13:48:24.000Z</time>
        <extensions>
          <ns3:TrackPointExtension>
            <ns3:atemp>27.0</ns3:atemp>
            <ns3:hr>74</ns3:hr>
          </ns3:TrackPointExtension>
        </extensions>
      </trkpt>
      <trkpt lat="49.1349834389984607696533203125" lon="6.15065672434866428375244140625">
        <ele>173</ele>
        <time>2026-10-04T13:48:25.000Z</time>
        <extensions>
          <ns3:TrackPointExtension>
            <ns3:atemp>27.0</ns3:atemp>
            <ns3:hr>75</ns3:hr>
          </ns3:TrackPointExtension>
        </extensions>
      </trkpt>
      <trkpt lat="49.13499475456774234771728515625" lon="6.1506759189069271087646484375">
        <ele>173</ele>
        <time>2026-10-04T13:48:26.000Z</time>
        <extensions>
          <ns3:TrackPointExtension>
            <ns3:atemp>27.0</ns3:atemp>
            <ns3:hr>75</ns3:hr>
          </ns3:TrackPointExtension>
        </extensions>
      </trkpt>
      <trkpt lat="49.13500565104186534881591796875" lon="6.15069511346518993377685546875">
        <ele>173</ele>
        <time>2026-10-04T13:48:27.000Z</time>
        <extensions>
          <ns3:TrackPointExtension>
            <ns3:atemp>27.0</ns3:atemp>
            <ns3:hr>75</ns3:hr>
          </ns3:TrackPointExtension>
        </extensions>
      </trkpt>
      <trkpt lat="49.1350152902305126190185546875" lon="6.15071523003280162811279296875">
        <ele>173.1999969482421875</ele>
        <time>2026-10-04T13:48:28.000Z</time>
        <extensions>
          <ns3:TrackPointExtension>
            <ns3:atemp>27.0</ns3:atemp>
            <ns3:hr>75</ns3:hr>
          </ns3:TrackPointExtension>
        </extensions>
      </trkpt>
      <trkpt lat="49.1350256837904453277587890625" lon="6.15073299966752529144287109375">
        <ele>173.1999969482421875</ele>
        <time>2026-10-04T13:48:29.000Z</time>
        <extensions>
          <ns3:TrackPointExtension>
            <ns3:atemp>27.0</ns3:atemp>
            <ns3:hr>75</ns3:hr>
          </ns3:TrackPointExtension>
        </extensions>
      </trkpt>
      <trkpt lat="49.13503699935972690582275390625" lon="6.1507537029683589935302734375">
        <ele>173.1999969482421875</ele>
        <time>2026-10-04T13:48:30.000Z</time>
        <extensions>
          <ns3:TrackPointExtension>
            <ns3:atemp>27.0</ns3:atemp>
            <ns3:hr>75</ns3:hr>
          </ns3:TrackPointExtension>
        </extensions>
      </trkpt>
      <trkpt lat="49.13504806347191333770751953125" lon="6.1507728137075901031494140625">
        <ele>173.1999969482421875</ele>
        <time>2026-10-04T13:48:31.000Z</time>
        <extensions>
          <ns3:TrackPointExtension>
            <ns3:atemp>27.0</ns3:atemp>
            <ns3:hr>75</ns3:hr>
          </ns3:TrackPointExtension>
        </extensions>
      </trkpt>
      <trkpt lat="49.13506113924086093902587890625" lon="6.15079117007553577423095703125">
        <ele>173.1999969482421875</ele>
        <time>2026-10-04T13:48:32.000Z</time>
        <extensions>
          <ns3:TrackPointExtension>
            <ns3:atemp>27.0</ns3:atemp>
            <ns3:hr>75</ns3:hr>
          </ns3:TrackPointExtension>
        </extensions>
      </trkpt>
      <trkpt lat="49.13507304154336452484130859375" lon="6.15080994553864002227783203125">
        <ele>173.1999969482421875</ele>
        <time>2026-10-04T13:48:33.000Z</time>
        <extensions>
          <ns3:TrackPointExtension>
            <ns3:atemp>27.0</ns3:atemp>
            <ns3:hr>75</ns3:hr>
          </ns3:TrackPointExtension>
        </extensions>
      </trkpt>
      <trkpt lat="49.1350851953029632568359375" lon="6.1508304812014102935791015625">
        <ele>173.1999969482421875</ele>
        <time>2026-10-04T13:48:34.000Z</time>
        <extensions>
          <ns3:TrackPointExtension>
            <ns3:atemp>27.0</ns3:atemp>
            <ns3:hr>76</ns3:hr>
          </ns3:TrackPointExtension>
        </extensions>
      </trkpt>
      <trkpt lat="49.13509927690029144287109375" lon="6.15084908902645111083984375">
        <ele>173</ele>
        <time>2026-10-04T13:48:35.000Z</time>
        <extensions>
          <ns3:TrackPointExtension>
            <ns3:atemp>27.0</ns3:atemp>
            <ns3:hr>75</ns3:hr>
          </ns3:TrackPointExtension>
        </extensions>
      </trkpt>
      <trkpt lat="49.13511176593601703643798828125" lon="6.15087197162210941314697265625">
        <ele>173</ele>
        <time>2026-10-04T13:48:36.000Z</time>
        <extensions>
          <ns3:TrackPointExtension>
            <ns3:atemp>27.0</ns3:atemp>
            <ns3:hr>76</ns3:hr>
          </ns3:TrackPointExtension>
        </extensions>
      </trkpt>
      <trkpt lat="49.13512450642883777618408203125" lon="6.15089326165616512298583984375">
        <ele>173.1999969482421875</ele>
        <time>2026-10-04T13:48:37.000Z</time>
        <extensions>
          <ns3:TrackPointExtension>
            <ns3:atemp>27.0</ns3:atemp>
            <ns3:hr>76</ns3:hr>
          </ns3:TrackPointExtension>
        </extensions>
      </trkpt>
      <trkpt lat="49.13513925857841968536376953125" lon="6.1509149707853794097900390625">
        <ele>173.1999969482421875</ele>
        <time>2026-10-04T13:48:38.000Z</time>
        <extensions>
          <ns3:TrackPointExtension>
            <ns3:atemp>27.0</ns3:atemp>
            <ns3:hr>76</ns3:hr>
          </ns3:TrackPointExtension>
        </extensions>
      </trkpt>
      <trkpt lat="49.13515166379511356353759765625" lon="6.1509360931813716888427734375">
        <ele>173.1999969482421875</ele>
        <time>2026-10-04T13:48:39.000Z</time>
        <extensions>
          <ns3:TrackPointExtension>
            <ns3:atemp>27.0</ns3:atemp>
            <ns3:hr>76</ns3:hr>
          </ns3:TrackPointExtension>
        </extensions>
      </trkpt>
      <trkpt lat="49.1351631470024585723876953125" lon="6.1509609036147594451904296875">
        <ele>173.1999969482421875</ele>
        <time>2026-10-04T13:48:40.000Z</time>
        <extensions>
          <ns3:TrackPointExtension>
            <ns3:atemp>27.0</ns3:atemp>
            <ns3:hr>76</ns3:hr>
          </ns3:TrackPointExtension>
        </extensions>
      </trkpt>
      <trkpt lat="49.1351758874952793121337890625" lon="6.1509850434958934783935546875">
        <ele>173.1999969482421875</ele>
        <time>2026-10-04T13:48:41.000Z</time>
        <extensions>
          <ns3:TrackPointExtension>
            <ns3:atemp>27.0</ns3:atemp>
            <ns3:hr>77</ns3:hr>
          </ns3:TrackPointExtension>
        </extensions>
      </trkpt>
      <trkpt lat="49.13518913090229034423828125" lon="6.1510088481009006500244140625">
        <ele>173.1999969482421875</ele>
        <time>2026-10-04T13:48:42.000Z</time>
        <extensions>
          <ns3:TrackPointExtension>
            <ns3:atemp>27.0</ns3:atemp>
            <ns3:hr>77</ns3:hr>
          </ns3:TrackPointExtension>
        </extensions>
      </trkpt>
      <trkpt lat="49.135199524462223052978515625" lon="6.15103189833462238311767578125">
        <ele>173.1999969482421875</ele>
        <time>2026-10-04T13:48:43.000Z</time>
        <extensions>
          <ns3:TrackPointExtension>
            <ns3:atemp>27.0</ns3:atemp>
            <ns3:hr>77</ns3:hr>
          </ns3:TrackPointExtension>
        </extensions>
      </trkpt>
      <trkpt lat="49.1352090798318386077880859375" lon="6.15105838514864444732666015625">
        <ele>173</ele>
        <time>2026-10-04T13:48:44.000Z</time>
        <extensions>
          <ns3:TrackPointExtension>
            <ns3:atemp>27.0</ns3:atemp>
            <ns3:hr>77</ns3:hr>
          </ns3:TrackPointExtension>
        </extensions>
      </trkpt>
      <trkpt lat="49.13522073067724704742431640625" lon="6.151080429553985595703125">
        <ele>173</ele>
        <time>2026-10-04T13:48:45.000Z</time>
        <extensions>
          <ns3:TrackPointExtension>
            <ns3:atemp>27.0</ns3:atemp>
            <ns3:hr>78</ns3:hr>
          </ns3:TrackPointExtension>
        </extensions>
      </trkpt>
      <trkpt lat="49.13523196242749691009521484375" lon="6.151103563606739044189453125">
        <ele>173.1999969482421875</ele>
        <time>2026-10-04T13:48:46.000Z</time>
        <extensions>
          <ns3:TrackPointExtension>
            <ns3:atemp>27.0</ns3:atemp>
            <ns3:hr>78</ns3:hr>
          </ns3:TrackPointExtension>
        </extensions>
      </trkpt>
      <trkpt lat="49.13523967377841472625732421875" lon="6.1511300504207611083984375">
        <ele>173.1999969482421875</ele>
        <time>2026-10-04T13:48:47.000Z</time>
        <extensions>
          <ns3:TrackPointExtension>
            <ns3:atemp>27.0</ns3:atemp>
            <ns3:hr>78</ns3:hr>
          </ns3:TrackPointExtension>
        </extensions>
      </trkpt>
      <trkpt lat="49.1352536715567111968994140625" lon="6.15115058608353137969970703125">
        <ele>173.1999969482421875</ele>
        <time>2026-10-04T13:48:48.000Z</time>
        <extensions>
          <ns3:TrackPointExtension>
            <ns3:atemp>27.0</ns3:atemp>
            <ns3:hr>78</ns3:hr>
          </ns3:TrackPointExtension>
        </extensions>
      </trkpt>
      <trkpt lat="49.13526599295437335968017578125" lon="6.15117237903177738189697265625">
        <ele>173.1999969482421875</ele>
        <time>2026-10-04T13:48:49.000Z</time>
        <extensions>
          <ns3:TrackPointExtension>
            <ns3:atemp>27.0</ns3:atemp>
            <ns3:hr>79</ns3:hr>
          </ns3:TrackPointExtension>
        </extensions>
      </trkpt>
      <trkpt lat="49.135278649628162384033203125" lon="6.151192747056484222412109375">
        <ele>173.1999969482421875</ele>
        <time>2026-10-04T13:48:50.000Z</time>
        <extensions>
          <ns3:TrackPointExtension>
            <ns3:atemp>27.0</ns3:atemp>
            <ns3:hr>79</ns3:hr>
          </ns3:TrackPointExtension>
        </extensions>
      </trkpt>
      <trkpt lat="49.13528996519744396209716796875" lon="6.15121294744312763214111328125">
        <ele>173.1999969482421875</ele>
        <time>2026-10-04T13:48:51.000Z</time>
        <extensions>
          <ns3:TrackPointExtension>
            <ns3:atemp>27.0</ns3:atemp>
            <ns3:hr>79</ns3:hr>
          </ns3:TrackPointExtension>
        </extensions>
      </trkpt>
      <trkpt lat="49.1353012807667255401611328125" lon="6.15123658441007137298583984375">
        <ele>173.1999969482421875</ele>
        <time>2026-10-04T13:48:52.000Z</time>
        <extensions>
          <ns3:TrackPointExtension>
            <ns3:atemp>27.0</ns3:atemp>
            <ns3:hr>78</ns3:hr>
          </ns3:TrackPointExtension>
        </extensions>
      </trkpt>
      <trkpt lat="49.13531376980245113372802734375" lon="6.15125854499638080596923828125">
        <ele>173.1999969482421875</ele>
        <time>2026-10-04T13:48:53.000Z</time>
        <extensions>
          <ns3:TrackPointExtension>
            <ns3:atemp>27.0</ns3:atemp>
            <ns3:hr>79</ns3:hr>
          </ns3:TrackPointExtension>
        </extensions>
      </trkpt>
      <trkpt lat="49.1353267617523670196533203125" lon="6.1512794159352779388427734375">
        <ele>173.1999969482421875</ele>
        <time>2026-10-04T13:48:54.000Z</time>
        <extensions>
          <ns3:TrackPointExtension>
            <ns3:atemp>26.0</ns3:atemp>
            <ns3:hr>79</ns3:hr>
          </ns3:TrackPointExtension>
        </extensions>
      </trkpt>
      <trkpt lat="49.13533933460712432861328125" lon="6.15130104124546051025390625">
        <ele>173.1999969482421875</ele>
        <time>2026-10-04T13:48:55.000Z</time>
        <extensions>
          <ns3:TrackPointExtension>
            <ns3:atemp>27.0</ns3:atemp>
            <ns3:hr>78</ns3:hr>
          </ns3:TrackPointExtension>
        </extensions>
      </trkpt>
      <trkpt lat="49.1353498958051204681396484375" lon="6.1513226665556430816650390625">
        <ele>173.1999969482421875</ele>
        <time>2026-10-04T13:48:56.000Z</time>
        <extensions>
          <ns3:TrackPointExtension>
            <ns3:atemp>27.0</ns3:atemp>
            <ns3:hr>79</ns3:hr>
          </ns3:TrackPointExtension>
        </extensions>
      </trkpt>
      <trkpt lat="49.13536054082214832305908203125" lon="6.15134404040873050689697265625">
        <ele>173.1999969482421875</ele>
        <time>2026-10-04T13:48:57.000Z</time>
        <extensions>
          <ns3:TrackPointExtension>
            <ns3:atemp>27.0</ns3:atemp>
            <ns3:hr>79</ns3:hr>
          </ns3:TrackPointExtension>
        </extensions>
      </trkpt>
      <trkpt lat="49.1353696770966053009033203125" lon="6.15136650390923023223876953125">
        <ele>173.1999969482421875</ele>
        <time>2026-10-04T13:48:58.000Z</time>
        <extensions>
          <ns3:TrackPointExtension>
            <ns3:atemp>27.0</ns3:atemp>
            <ns3:hr>79</ns3:hr>
          </ns3:TrackPointExtension>
        </extensions>
      </trkpt>
      <trkpt lat="49.1353770531713962554931640625" lon="6.15139081142842769622802734375">
        <ele>173.399993896484375</ele>
        <time>2026-10-04T13:48:59.000Z</time>
        <extensions>
          <ns3:TrackPointExtension>
            <ns3:atemp>27.0</ns3:atemp>
            <ns3:hr>77</ns3:hr>
          </ns3:TrackPointExtension>
        </extensions>
      </trkpt>
      <trkpt lat="49.13538761436939239501953125" lon="6.1514128558337688446044921875">
        <ele>173.399993896484375</ele>
        <time>2026-10-04T13:49:00.000Z</time>
        <extensions>
          <ns3:TrackPointExtension>
            <ns3:atemp>26.0</ns3:atemp>
            <ns3:hr>76</ns3:hr>
          </ns3:TrackPointExtension>
        </extensions>
      </trkpt>
      <trkpt lat="49.1353981755673885345458984375" lon="6.15143339149653911590576171875">
        <ele>173.399993896484375</ele>
        <time>2026-10-04T13:49:01.000Z</time>
        <extensions>
          <ns3:TrackPointExtension>
            <ns3:atemp>27.0</ns3:atemp>
            <ns3:hr>75</ns3:hr>
          </ns3:TrackPointExtension>
        </extensions>
      </trkpt>
      <trkpt lat="49.13540848530828952789306640625" lon="6.15145753137767314910888671875">
        <ele>173.1999969482421875</ele>
        <time>2026-10-04T13:49:02.000Z</time>
        <extensions>
          <ns3:TrackPointExtension>
            <ns3:atemp>26.0</ns3:atemp>
            <ns3:hr>74</ns3:hr>
          </ns3:TrackPointExtension>
        </extensions>
      </trkpt>
      <trkpt lat="49.13541753776371479034423828125" lon="6.151482760906219482421875">
        <ele>173.1999969482421875</ele>
        <time>2026-10-04T13:49:03.000Z</time>
        <extensions>
          <ns3:TrackPointExtension>
            <ns3:atemp>27.0</ns3:atemp>
            <ns3:hr>74</ns3:hr>
          </ns3:TrackPointExtension>
        </extensions>
      </trkpt>
      <trkpt lat="49.13542742840945720672607421875" lon="6.15150497294962406158447265625">
        <ele>173.1999969482421875</ele>
        <time>2026-10-04T13:49:04.000Z</time>
        <extensions>
          <ns3:TrackPointExtension>
            <ns3:atemp>27.0</ns3:atemp>
            <ns3:hr>74</ns3:hr>
          </ns3:TrackPointExtension>
        </extensions>
      </trkpt>
      <trkpt lat="49.1354414261877536773681640625" lon="6.1515258438885211944580078125">
        <ele>173.399993896484375</ele>
        <time>2026-10-04T13:49:05.000Z</time>
        <extensions>
          <ns3:TrackPointExtension>
            <ns3:atemp>26.0</ns3:atemp>
            <ns3:hr>74</ns3:hr>
          </ns3:TrackPointExtension>
        </extensions>
      </trkpt>
      <trkpt lat="49.1354551725089550018310546875" lon="6.1515457928180694580078125">
        <ele>173.399993896484375</ele>
        <time>2026-10-04T13:49:06.000Z</time>
        <extensions>
          <ns3:TrackPointExtension>
            <ns3:atemp>27.0</ns3:atemp>
            <ns3:hr>74</ns3:hr>
          </ns3:TrackPointExtension>
        </extensions>
      </trkpt>
      <trkpt lat="49.1354689188301563262939453125" lon="6.15156926214694976806640625">
        <ele>173.399993896484375</ele>
        <time>2026-10-04T13:49:07.000Z</time>
        <extensions>
          <ns3:TrackPointExtension>
            <ns3:atemp>27.0</ns3:atemp>
            <ns3:hr>74</ns3:hr>
          </ns3:TrackPointExtension>
        </extensions>
      </trkpt>
      <trkpt lat="49.1354833357036113739013671875" lon="6.151592396199703216552734375">
        <ele>173.399993896484375</ele>
        <time>2026-10-04T13:49:08.000Z</time>
        <extensions>
          <ns3:TrackPointExtension>
            <ns3:atemp>27.0</ns3:atemp>
            <ns3:hr>75</ns3:hr>
          </ns3:TrackPointExtension>
        </extensions>
      </trkpt>
      <trkpt lat="49.13549666292965412139892578125" lon="6.15161511115729808807373046875">
        <ele>173.399993896484375</ele>
        <time>2026-10-04T13:49:09.000Z</time>
        <extensions>
          <ns3:TrackPointExtension>
            <ns3:atemp>27.0</ns3:atemp>
            <ns3:hr>74</ns3:hr>
          </ns3:TrackPointExtension>
        </extensions>
      </trkpt>
      <trkpt lat="49.13551091216504573822021484375" lon="6.151634640991687774658203125">
        <ele>173.399993896484375</ele>
        <time>2026-10-04T13:49:10.000Z</time>
        <extensions>
          <ns3:TrackPointExtension>
            <ns3:atemp>26.0</ns3:atemp>
            <ns3:hr>74</ns3:hr>
          </ns3:TrackPointExtension>
        </extensions>
      </trkpt>
      <trkpt lat="49.13552532903850078582763671875" lon="6.15165651775896549224853515625">
        <ele>173.1999969482421875</ele>
        <time>2026-10-04T13:49:11.000Z</time>
        <extensions>
          <ns3:TrackPointExtension>
            <ns3:atemp>27.0</ns3:atemp>
            <ns3:hr>75</ns3:hr>
          </ns3:TrackPointExtension>
        </extensions>
      </trkpt>
      <trkpt lat="49.1355393268167972564697265625" lon="6.15167696960270404815673828125">
        <ele>173.1999969482421875</ele>
        <time>2026-10-04T13:49:12.000Z</time>
        <extensions>
          <ns3:TrackPointExtension>
            <ns3:atemp>26.0</ns3:atemp>
            <ns3:hr>74</ns3:hr>
          </ns3:TrackPointExtension>
        </extensions>
      </trkpt>
      <trkpt lat="49.13555257022380828857421875" lon="6.15169909782707691192626953125">
        <ele>173.1999969482421875</ele>
        <time>2026-10-04T13:49:13.000Z</time>
        <extensions>
          <ns3:TrackPointExtension>
            <ns3:atemp>26.0</ns3:atemp>
            <ns3:hr>75</ns3:hr>
          </ns3:TrackPointExtension>
        </extensions>
      </trkpt>
      <trkpt lat="49.1355648078024387359619140625" lon="6.15172273479402065277099609375">
        <ele>173.1999969482421875</ele>
        <time>2026-10-04T13:49:14.000Z</time>
        <extensions>
          <ns3:TrackPointExtension>
            <ns3:atemp>26.0</ns3:atemp>
            <ns3:hr>75</ns3:hr>
          </ns3:TrackPointExtension>
        </extensions>
      </trkpt>
      <trkpt lat="49.13557696156203746795654296875" lon="6.151745617389678955078125">
        <ele>173.1999969482421875</ele>
        <time>2026-10-04T13:49:15.000Z</time>
        <extensions>
          <ns3:TrackPointExtension>
            <ns3:atemp>26.0</ns3:atemp>
            <ns3:hr>75</ns3:hr>
          </ns3:TrackPointExtension>
        </extensions>
      </trkpt>
      <trkpt lat="49.13559012115001678466796875" lon="6.151768080890178680419921875">
        <ele>173.1999969482421875</ele>
        <time>2026-10-04T13:49:16.000Z</time>
        <extensions>
          <ns3:TrackPointExtension>
            <ns3:atemp>26.0</ns3:atemp>
            <ns3:hr>75</ns3:hr>
          </ns3:TrackPointExtension>
        </extensions>
      </trkpt>
      <trkpt lat="49.13560294546186923980712890625" lon="6.15178962238132953643798828125">
        <ele>173.1999969482421875</ele>
        <time>2026-10-04T13:49:17.000Z</time>
        <extensions>
          <ns3:TrackPointExtension>
            <ns3:atemp>26.0</ns3:atemp>
            <ns3:hr>76</ns3:hr>
          </ns3:TrackPointExtension>
        </extensions>
      </trkpt>
      <trkpt lat="49.13561652414500713348388671875" lon="6.1518118344247341156005859375">
        <ele>173.1999969482421875</ele>
        <time>2026-10-04T13:49:18.000Z</time>
        <extensions>
          <ns3:TrackPointExtension>
            <ns3:atemp>26.0</ns3:atemp>
            <ns3:hr>75</ns3:hr>
          </ns3:TrackPointExtension>
        </extensions>
      </trkpt>
      <trkpt lat="49.1356296837329864501953125" lon="6.1518332920968532562255859375">
        <ele>173.399993896484375</ele>
        <time>2026-10-04T13:49:19.000Z</time>
        <extensions>
          <ns3:TrackPointExtension>
            <ns3:atemp>26.0</ns3:atemp>
            <ns3:hr>74</ns3:hr>
          </ns3:TrackPointExtension>
        </extensions>
      </trkpt>
      <trkpt lat="49.135642088949680328369140625" lon="6.15185449831187725067138671875">
        <ele>173.399993896484375</ele>
        <time>2026-10-04T13:49:20.000Z</time>
        <extensions>
          <ns3:TrackPointExtension>
            <ns3:atemp>26.0</ns3:atemp>
            <ns3:hr>74</ns3:hr>
          </ns3:TrackPointExtension>
        </extensions>
      </trkpt>
      <trkpt lat="49.1356526501476764678955078125" lon="6.1518785543739795684814453125">
        <ele>173.399993896484375</ele>
        <time>2026-10-04T13:49:21.000Z</time>
        <extensions>
          <ns3:TrackPointExtension>
            <ns3:atemp>26.0</ns3:atemp>
            <ns3:hr>73</ns3:hr>
          </ns3:TrackPointExtension>
        </extensions>
      </trkpt>
      <trkpt lat="49.1356650553643703460693359375" lon="6.1519006825983524322509765625">
        <ele>173.399993896484375</ele>
        <time>2026-10-04T13:49:22.000Z</time>
        <extensions>
          <ns3:TrackPointExtension>
            <ns3:atemp>26.0</ns3:atemp>
            <ns3:hr>73</ns3:hr>
          </ns3:TrackPointExtension>
        </extensions>
      </trkpt>
      <trkpt lat="49.13568131625652313232421875" lon="6.1519187875092029571533203125">
        <ele>173.600006103515625</ele>
        <time>2026-10-04T13:49:23.000Z</time>
        <extensions>
          <ns3:TrackPointExtension>
            <ns3:atemp>26.0</ns3:atemp>
            <ns3:hr>73</ns3:hr>
          </ns3:TrackPointExtension>
        </extensions>
      </trkpt>
      <trkpt lat="49.13568961434066295623779296875" lon="6.15193161182105541229248046875">
        <ele>173.600006103515625</ele>
        <time>2026-10-04T13:49:24.000Z</time>
        <extensions>
          <ns3:TrackPointExtension>
            <ns3:atemp>26.0</ns3:atemp>
            <ns3:hr>72</ns3:hr>
          </ns3:TrackPointExtension>
        </extensions>
      </trkpt>
      <trkpt lat="49.135685674846172332763671875" lon="6.1519513092935085296630859375">
        <ele>173.600006103515625</ele>
        <time>2026-10-04T13:49:25.000Z</time>
        <extensions>
          <ns3:TrackPointExtension>
            <ns3:atemp>26.0</ns3:atemp>
            <ns3:hr>72</ns3:hr>
          </ns3:TrackPointExtension>
        </extensions>
      </trkpt>
      <trkpt lat="49.1356875188648700714111328125" lon="6.15197025239467620849609375">
        <ele>173.600006103515625</ele>
        <time>2026-10-04T13:49:26.000Z</time>
        <extensions>
          <ns3:TrackPointExtension>
            <ns3:atemp>26.0</ns3:atemp>
            <ns3:hr>72</ns3:hr>
          </ns3:TrackPointExtension>
        </extensions>
      </trkpt>
      <trkpt lat="49.13569900207221508026123046875" lon="6.15198156796395778656005859375">
        <ele>173.600006103515625</ele>
        <time>2026-10-04T13:49:27.000Z</time>
        <extensions>
          <ns3:TrackPointExtension>
            <ns3:atemp>26.0</ns3:atemp>
            <ns3:hr>72</ns3:hr>
          </ns3:TrackPointExtension>
        </extensions>
      </trkpt>
      <trkpt lat="49.1357170231640338897705078125" lon="6.15198726765811443328857421875">
        <ele>173.600006103515625</ele>
        <time>2026-10-04T13:49:28.000Z</time>
        <extensions>
          <ns3:TrackPointExtension>
            <ns3:atemp>26.0</ns3:atemp>
            <ns3:hr>72</ns3:hr>
          </ns3:TrackPointExtension>
        </extensions>
      </trkpt>
      <trkpt lat="49.1357357986271381378173828125" lon="6.15199179388582706451416015625">
        <ele>173.600006103515625</ele>
        <time>2026-10-04T13:49:29.000Z</time>
        <extensions>
          <ns3:TrackPointExtension>
            <ns3:atemp>26.0</ns3:atemp>
            <ns3:hr>72</ns3:hr>
          </ns3:TrackPointExtension>
        </extensions>
      </trkpt>
      <trkpt lat="49.13575507700443267822265625" lon="6.151999421417713165283203125">
        <ele>173.399993896484375</ele>
        <time>2026-10-04T13:49:30.000Z</time>
        <extensions>
          <ns3:TrackPointExtension>
            <ns3:atemp>26.0</ns3:atemp>
            <ns3:hr>72</ns3:hr>
          </ns3:TrackPointExtension>
        </extensions>
      </trkpt>
      <trkpt lat="49.13577293045818805694580078125" lon="6.15201073698699474334716796875">
        <ele>173.399993896484375</ele>
        <time>2026-10-04T13:49:31.000Z</time>
        <extensions>
          <ns3:TrackPointExtension>
            <ns3:atemp>26.0</ns3:atemp>
            <ns3:hr>72</ns3:hr>
          </ns3:TrackPointExtension>
        </extensions>
      </trkpt>
      <trkpt lat="49.1357917897403240203857421875" lon="6.15201610140502452850341796875">
        <ele>173.399993896484375</ele>
        <time>2026-10-04T13:49:32.000Z</time>
        <extensions>
          <ns3:TrackPointExtension>
            <ns3:atemp>26.0</ns3:atemp>
            <ns3:hr>72</ns3:hr>
          </ns3:TrackPointExtension>
        </extensions>
      </trkpt>
      <trkpt lat="49.13581073284149169921875" lon="6.1520151793956756591796875">
        <ele>173.399993896484375</ele>
        <time>2026-10-04T13:49:33.000Z</time>
        <extensions>
          <ns3:TrackPointExtension>
            <ns3:atemp>26.0</ns3:atemp>
            <ns3:hr>72</ns3:hr>
          </ns3:TrackPointExtension>
        </extensions>
      </trkpt>
      <trkpt lat="49.13582925684750080108642578125" lon="6.152006126940250396728515625">
        <ele>173.399993896484375</ele>
        <time>2026-10-04T13:49:34.000Z</time>
        <extensions>
          <ns3:TrackPointExtension>
            <ns3:atemp>26.0</ns3:atemp>
            <ns3:hr>72</ns3:hr>
          </ns3:TrackPointExtension>
        </extensions>
      </trkpt>
      <trkpt lat="49.13584233261644840240478515625" lon="6.15199112333357334136962890625">
        <ele>173.399993896484375</ele>
        <time>2026-10-04T13:49:35.000Z</time>
        <extensions>
          <ns3:TrackPointExtension>
            <ns3:atemp>26.0</ns3:atemp>
            <ns3:hr>72</ns3:hr>
          </ns3:TrackPointExtension>
        </extensions>
      </trkpt>
      <trkpt lat="49.13585574366152286529541015625" lon="6.15197016857564449310302734375">
        <ele>173.399993896484375</ele>
        <time>2026-10-04T13:49:36.000Z</time>
        <extensions>
          <ns3:TrackPointExtension>
            <ns3:atemp>26.0</ns3:atemp>
            <ns3:hr>71</ns3:hr>
          </ns3:TrackPointExtension>
        </extensions>
      </trkpt>
      <trkpt lat="49.13586647249758243560791015625" lon="6.151946447789669036865234375">
        <ele>173.600006103515625</ele>
        <time>2026-10-04T13:49:37.000Z</time>
        <extensions>
          <ns3:TrackPointExtension>
            <ns3:atemp>26.0</ns3:atemp>
            <ns3:hr>72</ns3:hr>
          </ns3:TrackPointExtension>
        </extensions>
      </trkpt>
      <trkpt lat="49.1358737647533416748046875" lon="6.1519221402704715728759765625">
        <ele>173.399993896484375</ele>
        <time>2026-10-04T13:49:38.000Z</time>
        <extensions>
          <ns3:TrackPointExtension>
            <ns3:atemp>26.0</ns3:atemp>
            <ns3:hr>73</ns3:hr>
          </ns3:TrackPointExtension>
        </extensions>
      </trkpt>
      <trkpt lat="49.13588583469390869140625" lon="6.151898168027400970458984375">
        <ele>173.600006103515625</ele>
        <time>2026-10-04T13:49:39.000Z</time>
        <extensions>
          <ns3:TrackPointExtension>
            <ns3:atemp>26.0</ns3:atemp>
            <ns3:hr>74</ns3:hr>
          </ns3:TrackPointExtension>
        </extensions>
      </trkpt>
      <trkpt lat="49.1358984075486660003662109375" lon="6.15188039839267730712890625">
        <ele>173.600006103515625</ele>
        <time>2026-10-04T13:49:40.000Z</time>
        <extensions>
          <ns3:TrackPointExtension>
            <ns3:atemp>26.0</ns3:atemp>
            <ns3:hr>75</ns3:hr>
          </ns3:TrackPointExtension>
        </extensions>
      </trkpt>
      <trkpt lat="49.13591039367020130157470703125" lon="6.151861958205699920654296875">
        <ele>173.600006103515625</ele>
        <time>2026-10-04T13:49:41.000Z</time>
        <extensions>
          <ns3:TrackPointExtension>
            <ns3:atemp>26.0</ns3:atemp>
            <ns3:hr>76</ns3:hr>
          </ns3:TrackPointExtension>
        </extensions>
      </trkpt>
      <trkpt lat="49.1359228827059268951416015625" lon="6.1518426798284053802490234375">
        <ele>173.600006103515625</ele>
        <time>2026-10-04T13:49:42.000Z</time>
        <extensions>
          <ns3:TrackPointExtension>
            <ns3:atemp>26.0</ns3:atemp>
            <ns3:hr>76</ns3:hr>
          </ns3:TrackPointExtension>
        </extensions>
      </trkpt>
      <trkpt lat="49.13593721576035022735595703125" lon="6.15182633511722087860107421875">
        <ele>173.600006103515625</ele>
        <time>2026-10-04T13:49:43.000Z</time>
        <extensions>
          <ns3:TrackPointExtension>
            <ns3:atemp>26.0</ns3:atemp>
            <ns3:hr>76</ns3:hr>
          </ns3:TrackPointExtension>
        </extensions>
      </trkpt>
      <trkpt lat="49.13595012389123439788818359375" lon="6.15181057713925838470458984375">
        <ele>173.600006103515625</ele>
        <time>2026-10-04T13:49:44.000Z</time>
        <extensions>
          <ns3:TrackPointExtension>
            <ns3:atemp>26.0</ns3:atemp>
            <ns3:hr>76</ns3:hr>
          </ns3:TrackPointExtension>
        </extensions>
      </trkpt>
      <trkpt lat="49.1359634511172771453857421875" lon="6.1517927236855030059814453125">
        <ele>173.600006103515625</ele>
        <time>2026-10-04T13:49:45.000Z</time>
        <extensions>
          <ns3:TrackPointExtension>
            <ns3:atemp>26.0</ns3:atemp>
            <ns3:hr>75</ns3:hr>
          </ns3:TrackPointExtension>
        </extensions>
      </trkpt>
      <trkpt lat="49.1359765268862247467041015625" lon="6.15177554078400135040283203125">
        <ele>173.600006103515625</ele>
        <time>2026-10-04T13:49:46.000Z</time>
        <extensions>
          <ns3:TrackPointExtension>
            <ns3:atemp>26.0</ns3:atemp>
            <ns3:hr>75</ns3:hr>
          </ns3:TrackPointExtension>
        </extensions>
      </trkpt>
      <trkpt lat="49.135988764464855194091796875" lon="6.15175559185445308685302734375">
        <ele>173.600006103515625</ele>
        <time>2026-10-04T13:49:47.000Z</time>
        <extensions>
          <ns3:TrackPointExtension>
            <ns3:atemp>26.0</ns3:atemp>
            <ns3:hr>75</ns3:hr>
          </ns3:TrackPointExtension>
        </extensions>
      </trkpt>
      <trkpt lat="49.136001169681549072265625" lon="6.151739917695522308349609375">
        <ele>173.600006103515625</ele>
        <time>2026-10-04T13:49:48.000Z</time>
        <extensions>
          <ns3:TrackPointExtension>
            <ns3:atemp>26.0</ns3:atemp>
            <ns3:hr>75</ns3:hr>
          </ns3:TrackPointExtension>
        </extensions>
      </trkpt>
      <trkpt lat="49.13601583801209926605224609375" lon="6.1517233215272426605224609375">
        <ele>173.600006103515625</ele>
        <time>2026-10-04T13:49:49.000Z</time>
        <extensions>
          <ns3:TrackPointExtension>
            <ns3:atemp>26.0</ns3:atemp>
            <ns3:hr>75</ns3:hr>
          </ns3:TrackPointExtension>
        </extensions>
      </trkpt>
      <trkpt lat="49.136026985943317413330078125" lon="6.15170563571155071258544921875">
        <ele>173.600006103515625</ele>
        <time>2026-10-04T13:49:50.000Z</time>
        <extensions>
          <ns3:TrackPointExtension>
            <ns3:atemp>26.0</ns3:atemp>
            <ns3:hr>75</ns3:hr>
          </ns3:TrackPointExtension>
        </extensions>
      </trkpt>
      <trkpt lat="49.1360392235219478607177734375" lon="6.15168593823909759521484375">
        <ele>173.600006103515625</ele>
        <time>2026-10-04T13:49:51.000Z</time>
        <extensions>
          <ns3:TrackPointExtension>
            <ns3:atemp>26.0</ns3:atemp>
            <ns3:hr>75</ns3:hr>
          </ns3:TrackPointExtension>
        </extensions>
      </trkpt>
      <trkpt lat="49.13605405949056148529052734375" lon="6.151664815843105316162109375">
        <ele>173.600006103515625</ele>
        <time>2026-10-04T13:49:52.000Z</time>
        <extensions>
          <ns3:TrackPointExtension>
            <ns3:atemp>26.0</ns3:atemp>
            <ns3:hr>75</ns3:hr>
          </ns3:TrackPointExtension>
        </extensions>
      </trkpt>
      <trkpt lat="49.136067889630794525146484375" lon="6.15164411254227161407470703125">
        <ele>173.600006103515625</ele>
        <time>2026-10-04T13:49:53.000Z</time>
        <extensions>
          <ns3:TrackPointExtension>
            <ns3:atemp>26.0</ns3:atemp>
            <ns3:hr>76</ns3:hr>
          </ns3:TrackPointExtension>
        </extensions>
      </trkpt>
      <trkpt lat="49.1360824741423130035400390625" lon="6.15162282250821590423583984375">
        <ele>173.600006103515625</ele>
        <time>2026-10-04T13:49:54.000Z</time>
        <extensions>
          <ns3:TrackPointExtension>
            <ns3:atemp>26.0</ns3:atemp>
            <ns3:hr>76</ns3:hr>
          </ns3:TrackPointExtension>
        </extensions>
      </trkpt>
      <trkpt lat="49.13609697483479976654052734375" lon="6.1516009457409381866455078125">
        <ele>173.600006103515625</ele>
        <time>2026-10-04T13:49:55.000Z</time>
        <extensions>
          <ns3:TrackPointExtension>
            <ns3:atemp>26.0</ns3:atemp>
            <ns3:hr>76</ns3:hr>
          </ns3:TrackPointExtension>
        </extensions>
      </trkpt>
      <trkpt lat="49.13611122407019138336181640625" lon="6.151579320430755615234375">
        <ele>173.600006103515625</ele>
        <time>2026-10-04T13:49:56.000Z</time>
        <extensions>
          <ns3:TrackPointExtension>
            <ns3:atemp>26.0</ns3:atemp>
            <ns3:hr>76</ns3:hr>
          </ns3:TrackPointExtension>
        </extensions>
      </trkpt>
      <trkpt lat="49.1361263953149318695068359375" lon="6.151557527482509613037109375">
        <ele>173.600006103515625</ele>
        <time>2026-10-04T13:49:57.000Z</time>
        <extensions>
          <ns3:TrackPointExtension>
            <ns3:atemp>26.0</ns3:atemp>
            <ns3:hr>76</ns3:hr>
          </ns3:TrackPointExtension>
        </extensions>
      </trkpt>
      <trkpt lat="49.1361424885690212249755859375" lon="6.1515382491052150726318359375">
        <ele>173.600006103515625</ele>
        <time>2026-10-04T13:49:58.000Z</time>
        <extensions>
          <ns3:TrackPointExtension>
            <ns3:atemp>26.0</ns3:atemp>
            <ns3:hr>75</ns3:hr>
          </ns3:TrackPointExtension>
        </extensions>
      </trkpt>
      <trkpt lat="49.13615866564214229583740234375" lon="6.15151821635663509368896484375">
        <ele>173.600006103515625</ele>
        <time>2026-10-04T13:49:59.000Z</time>
        <extensions>
          <ns3:TrackPointExtension>
            <ns3:atemp>26.0</ns3:atemp>
            <ns3:hr>75</ns3:hr>
          </ns3:TrackPointExtension>
        </extensions>
      </trkpt>
      <trkpt lat="49.1361753456294536590576171875" lon="6.1514975130558013916015625">
        <ele>173.399993896484375</ele>
        <time>2026-10-04T13:50:00.000Z</time>
        <extensions>
          <ns3:TrackPointExtension>
            <ns3:atemp>26.0</ns3:atemp>
            <ns3:hr>74</ns3:hr>
          </ns3:TrackPointExtension>
        </extensions>
      </trkpt>
      <trkpt lat="49.13619202561676502227783203125" lon="6.15147697739303112030029296875">
        <ele>173.399993896484375</ele>
        <time>2026-10-04T13:50:01.000Z</time>
        <extensions>
          <ns3:TrackPointExtension>
            <ns3:atemp>26.0</ns3:atemp>
            <ns3:hr>74</ns3:hr>
          </ns3:TrackPointExtension>
        </extensions>
      </trkpt>
      <trkpt lat="49.13620778359472751617431640625" lon="6.1514557711780071258544921875">
        <ele>173.399993896484375</ele>
        <time>2026-10-04T13:50:02.000Z</time>
        <extensions>
          <ns3:TrackPointExtension>
            <ns3:atemp>26.0</ns3:atemp>
            <ns3:hr>71</ns3:hr>
          </ns3:TrackPointExtension>
        </extensions>
      </trkpt>
      <trkpt lat="49.136220104992389678955078125" lon="6.1514349840581417083740234375">
        <ele>173.600006103515625</ele>
        <time>2026-10-04T13:50:03.000Z</time>
        <extensions>
          <ns3:TrackPointExtension>
            <ns3:atemp>26.0</ns3:atemp>
            <ns3:hr>70</ns3:hr>
          </ns3:TrackPointExtension>
        </extensions>
      </trkpt>
      <trkpt lat="49.1362313367426395416259765625" lon="6.15141646005213260650634765625">
        <ele>173.600006103515625</ele>
        <time>2026-10-04T13:50:04.000Z</time>
        <extensions>
          <ns3:TrackPointExtension>
            <ns3:atemp>26.0</ns3:atemp>
            <ns3:hr>68</ns3:hr>
          </ns3:TrackPointExtension>
        </extensions>
      </trkpt>
      <trkpt lat="49.136242568492889404296875" lon="6.1513967625796794891357421875">
        <ele>173.600006103515625</ele>
        <time>2026-10-04T13:50:05.000Z</time>
        <extensions>
          <ns3:TrackPointExtension>
            <ns3:atemp>26.0</ns3:atemp>
            <ns3:hr>68</ns3:hr>
          </ns3:TrackPointExtension>
        </extensions>
      </trkpt>
      <trkpt lat="49.13625572808086872100830078125" lon="6.15137748420238494873046875">
        <ele>173.600006103515625</ele>
        <time>2026-10-04T13:50:06.000Z</time>
        <extensions>
          <ns3:TrackPointExtension>
            <ns3:atemp>26.0</ns3:atemp>
            <ns3:hr>68</ns3:hr>
          </ns3:TrackPointExtension>
        </extensions>
      </trkpt>
      <trkpt lat="49.13626763038337230682373046875" lon="6.15135460160672664642333984375">
        <ele>173.600006103515625</ele>
        <time>2026-10-04T13:50:07.000Z</time>
        <extensions>
          <ns3:TrackPointExtension>
            <ns3:atemp>26.0</ns3:atemp>
            <ns3:hr>67</ns3:hr>
          </ns3:TrackPointExtension>
        </extensions>
      </trkpt>
      <trkpt lat="49.13627953268587589263916015625" lon="6.151331551373004913330078125">
        <ele>173.600006103515625</ele>
        <time>2026-10-04T13:50:08.000Z</time>
        <extensions>
          <ns3:TrackPointExtension>
            <ns3:atemp>26.0</ns3:atemp>
            <ns3:hr>67</ns3:hr>
          </ns3:TrackPointExtension>
        </extensions>
      </trkpt>
      <trkpt lat="49.13629361428320407867431640625" lon="6.1513089202344417572021484375">
        <ele>173.600006103515625</ele>
        <time>2026-10-04T13:50:09.000Z</time>
        <extensions>
          <ns3:TrackPointExtension>
            <ns3:atemp>26.0</ns3:atemp>
            <ns3:hr>67</ns3:hr>
          </ns3:TrackPointExtension>
        </extensions>
      </trkpt>
      <trkpt lat="49.1363084502518177032470703125" lon="6.1512884683907032012939453125">
        <ele>173.600006103515625</ele>
        <time>2026-10-04T13:50:10.000Z</time>
        <extensions>
          <ns3:TrackPointExtension>
            <ns3:atemp>26.0</ns3:atemp>
            <ns3:hr>68</ns3:hr>
          </ns3:TrackPointExtension>
        </extensions>
      </trkpt>
      <trkpt lat="49.13632110692560672760009765625" lon="6.1512690223753452301025390625">
        <ele>173.600006103515625</ele>
        <time>2026-10-04T13:50:11.000Z</time>
        <extensions>
          <ns3:TrackPointExtension>
            <ns3:atemp>26.0</ns3:atemp>
            <ns3:hr>67</ns3:hr>
          </ns3:TrackPointExtension>
        </extensions>
      </trkpt>
      <trkpt lat="49.13633535616099834442138671875" lon="6.15124865435063838958740234375">
        <ele>173.399993896484375</ele>
        <time>2026-10-04T13:50:12.000Z</time>
        <extensions>
          <ns3:TrackPointExtension>
            <ns3:atemp>26.0</ns3:atemp>
            <ns3:hr>67</ns3:hr>
          </ns3:TrackPointExtension>
        </extensions>
      </trkpt>
      <trkpt lat="49.13634910248219966888427734375" lon="6.15122702904045581817626953125">
        <ele>173.399993896484375</ele>
        <time>2026-10-04T13:50:13.000Z</time>
        <extensions>
          <ns3:TrackPointExtension>
            <ns3:atemp>26.0</ns3:atemp>
            <ns3:hr>68</ns3:hr>
          </ns3:TrackPointExtension>
        </extensions>
      </trkpt>
      <trkpt lat="49.1363631002604961395263671875" lon="6.15120607428252696990966796875">
        <ele>173.1999969482421875</ele>
        <time>2026-10-04T13:50:14.000Z</time>
        <extensions>
          <ns3:TrackPointExtension>
            <ns3:atemp>26.0</ns3:atemp>
            <ns3:hr>67</ns3:hr>
          </ns3:TrackPointExtension>
        </extensions>
      </trkpt>
      <trkpt lat="49.1363781876862049102783203125" lon="6.151186041533946990966796875">
        <ele>173.1999969482421875</ele>
        <time>2026-10-04T13:50:15.000Z</time>
        <extensions>
          <ns3:TrackPointExtension>
            <ns3:atemp>26.0</ns3:atemp>
            <ns3:hr>67</ns3:hr>
          </ns3:TrackPointExtension>
        </extensions>
      </trkpt>
      <trkpt lat="49.13639503531157970428466796875" lon="6.151167936623096466064453125">
        <ele>173.1999969482421875</ele>
        <time>2026-10-04T13:50:16.000Z</time>
        <extensions>
          <ns3:TrackPointExtension>
            <ns3:atemp>26.0</ns3:atemp>
            <ns3:hr>66</ns3:hr>
          </ns3:TrackPointExtension>
        </extensions>
      </trkpt>
      <trkpt lat="49.13640844635665416717529296875" lon="6.15115083754062652587890625">
        <ele>173.1999969482421875</ele>
        <time>2026-10-04T13:50:17.000Z</time>
        <extensions>
          <ns3:TrackPointExtension>
            <ns3:atemp>26.0</ns3:atemp>
            <ns3:hr>65</ns3:hr>
          </ns3:TrackPointExtension>
        </extensions>
      </trkpt>
      <trkpt lat="49.1364204324781894683837890625" lon="6.15113130770623683929443359375">
        <ele>173.1999969482421875</ele>
        <time>2026-10-04T13:50:18.000Z</time>
        <extensions>
          <ns3:TrackPointExtension>
            <ns3:atemp>26.0</ns3:atemp>
            <ns3:hr>65</ns3:hr>
          </ns3:TrackPointExtension>
        </extensions>
      </trkpt>
      <trkpt lat="49.1364311613142490386962890625" lon="6.15110884420573711395263671875">
        <ele>173.1999969482421875</ele>
        <time>2026-10-04T13:50:19.000Z</time>
        <extensions>
          <ns3:TrackPointExtension>
            <ns3:atemp>26.0</ns3:atemp>
            <ns3:hr>64</ns3:hr>
          </ns3:TrackPointExtension>
        </extensions>
      </trkpt>
      <trkpt lat="49.13644038140773773193359375" lon="6.15108604542911052703857421875">
        <ele>173.1999969482421875</ele>
        <time>2026-10-04T13:50:20.000Z</time>
        <extensions>
          <ns3:TrackPointExtension>
            <ns3:atemp>26.0</ns3:atemp>
            <ns3:hr>63</ns3:hr>
          </ns3:TrackPointExtension>
        </extensions>
      </trkpt>
      <trkpt lat="49.13645186461508274078369140625" lon="6.1510655097663402557373046875">
        <ele>173.1999969482421875</ele>
        <time>2026-10-04T13:50:21.000Z</time>
        <extensions>
          <ns3:TrackPointExtension>
            <ns3:atemp>26.0</ns3:atemp>
            <ns3:hr>63</ns3:hr>
          </ns3:TrackPointExtension>
        </extensions>
      </trkpt>
      <trkpt lat="49.13646510802209377288818359375" lon="6.151043884456157684326171875">
        <ele>173.399993896484375</ele>
        <time>2026-10-04T13:50:22.000Z</time>
        <extensions>
          <ns3:TrackPointExtension>
            <ns3:atemp>26.0</ns3:atemp>
            <ns3:hr>63</ns3:hr>
          </ns3:TrackPointExtension>
        </extensions>
      </trkpt>
      <trkpt lat="49.136478267610073089599609375" lon="6.1510256119072437286376953125">
        <ele>173.399993896484375</ele>
        <time>2026-10-04T13:50:23.000Z</time>
        <extensions>
          <ns3:TrackPointExtension>
            <ns3:atemp>26.0</ns3:atemp>
            <ns3:hr>63</ns3:hr>
          </ns3:TrackPointExtension>
        </extensions>
      </trkpt>
      <trkpt lat="49.13649125955998897552490234375" lon="6.15100708790123462677001953125">
        <ele>173.399993896484375</ele>
        <time>2026-10-04T13:50:24.000Z</time>
        <extensions>
          <ns3:TrackPointExtension>
            <ns3:atemp>26.0</ns3:atemp>
            <ns3:hr>63</ns3:hr>
          </ns3:TrackPointExtension>
        </extensions>
      </trkpt>
      <trkpt lat="49.13650282658636569976806640625" lon="6.1509867198765277862548828125">
        <ele>173.600006103515625</ele>
        <time>2026-10-04T13:50:25.000Z</time>
        <extensions>
          <ns3:TrackPointExtension>
            <ns3:atemp>26.0</ns3:atemp>
            <ns3:hr>63</ns3:hr>
          </ns3:TrackPointExtension>
        </extensions>
      </trkpt>
      <trkpt lat="49.13651523180305957794189453125" lon="6.1509637534618377685546875">
        <ele>173.600006103515625</ele>
        <time>2026-10-04T13:50:26.000Z</time>
        <extensions>
          <ns3:TrackPointExtension>
            <ns3:atemp>26.0</ns3:atemp>
            <ns3:hr>62</ns3:hr>
          </ns3:TrackPointExtension>
        </extensions>
      </trkpt>
      <trkpt lat="49.1365287266671657562255859375" lon="6.15094137378036975860595703125">
        <ele>173.600006103515625</ele>
        <time>2026-10-04T13:50:27.000Z</time>
        <extensions>
          <ns3:TrackPointExtension>
            <ns3:atemp>26.0</ns3:atemp>
            <ns3:hr>62</ns3:hr>
          </ns3:TrackPointExtension>
        </extensions>
      </trkpt>
      <trkpt lat="49.136541970074176788330078125" lon="6.15092125721275806427001953125">
        <ele>173.600006103515625</ele>
        <time>2026-10-04T13:50:28.000Z</time>
        <extensions>
          <ns3:TrackPointExtension>
            <ns3:atemp>26.0</ns3:atemp>
            <ns3:hr>62</ns3:hr>
          </ns3:TrackPointExtension>
        </extensions>
      </trkpt>
      <trkpt lat="49.136554040014743804931640625" lon="6.15089963190257549285888671875">
        <ele>173.600006103515625</ele>
        <time>2026-10-04T13:50:29.000Z</time>
        <extensions>
          <ns3:TrackPointExtension>
            <ns3:atemp>26.0</ns3:atemp>
            <ns3:hr>62</ns3:hr>
          </ns3:TrackPointExtension>
        </extensions>
      </trkpt>
      <trkpt lat="49.13656619377434253692626953125" lon="6.1508790962398052215576171875">
        <ele>173.600006103515625</ele>
        <time>2026-10-04T13:50:30.000Z</time>
        <extensions>
          <ns3:TrackPointExtension>
            <ns3:atemp>26.0</ns3:atemp>
            <ns3:hr>62</ns3:hr>
          </ns3:TrackPointExtension>
        </extensions>
      </trkpt>
      <trkpt lat="49.136580191552639007568359375" lon="6.15085939876735210418701171875">
        <ele>173.600006103515625</ele>
        <time>2026-10-04T13:50:31.000Z</time>
        <extensions>
          <ns3:TrackPointExtension>
            <ns3:atemp>26.0</ns3:atemp>
            <ns3:hr>62</ns3:hr>
          </ns3:TrackPointExtension>
        </extensions>
      </trkpt>
      <trkpt lat="49.13659536279737949371337890625" lon="6.15084095858037471771240234375">
        <ele>173.600006103515625</ele>
        <time>2026-10-04T13:50:32.000Z</time>
        <extensions>
          <ns3:TrackPointExtension>
            <ns3:atemp>26.0</ns3:atemp>
            <ns3:hr>62</ns3:hr>
          </ns3:TrackPointExtension>
        </extensions>
      </trkpt>
      <trkpt lat="49.13661011494696140289306640625" lon="6.1508348397910594940185546875">
        <ele>173.600006103515625</ele>
        <time>2026-10-04T13:50:33.000Z</time>
        <extensions>
          <ns3:TrackPointExtension>
            <ns3:atemp>26.0</ns3:atemp>
            <ns3:hr>61</ns3:hr>
          </ns3:TrackPointExtension>
        </extensions>
      </trkpt>
      <trkpt lat="49.13662771694362163543701171875" lon="6.15082754753530025482177734375">
        <ele>173.600006103515625</ele>
        <time>2026-10-04T13:50:34.000Z</time>
        <extensions>
          <ns3:TrackPointExtension>
            <ns3:atemp>26.0</ns3:atemp>
            <ns3:hr>61</ns3:hr>
          </ns3:TrackPointExtension>
        </extensions>
      </trkpt>
      <trkpt lat="49.136641882359981536865234375" lon="6.15081799216568470001220703125">
        <ele>173.399993896484375</ele>
        <time>2026-10-04T13:50:35.000Z</time>
        <extensions>
          <ns3:TrackPointExtension>
            <ns3:atemp>26.0</ns3:atemp>
            <ns3:hr>61</ns3:hr>
          </ns3:TrackPointExtension>
        </extensions>
      </trkpt>
      <trkpt lat="49.13665319792926311492919921875" lon="6.1508080177009105682373046875">
        <ele>173.399993896484375</ele>
        <time>2026-10-04T13:50:36.000Z</time>
        <extensions>
          <ns3:TrackPointExtension>
            <ns3:atemp>26.0</ns3:atemp>
            <ns3:hr>61</ns3:hr>
          </ns3:TrackPointExtension>
        </extensions>
      </trkpt>
      <trkpt lat="49.1366641782224178314208984375" lon="6.15080089308321475982666015625">
        <ele>173.399993896484375</ele>
        <time>2026-10-04T13:50:37.000Z</time>
        <extensions>
          <ns3:TrackPointExtension>
            <ns3:atemp>26.0</ns3:atemp>
            <ns3:hr>61</ns3:hr>
          </ns3:TrackPointExtension>
        </extensions>
      </trkpt>
      <trkpt lat="49.13667499087750911712646484375" lon="6.15078982897102832794189453125">
        <ele>173.1999969482421875</ele>
        <time>2026-10-04T13:50:38.000Z</time>
        <extensions>
          <ns3:TrackPointExtension>
            <ns3:atemp>26.0</ns3:atemp>
            <ns3:hr>61</ns3:hr>
          </ns3:TrackPointExtension>
        </extensions>
      </trkpt>
      <trkpt lat="49.136686138808727264404296875" lon="6.15077574737370014190673828125">
        <ele>173.1999969482421875</ele>
        <time>2026-10-04T13:50:39.000Z</time>
        <extensions>
          <ns3:TrackPointExtension>
            <ns3:atemp>26.0</ns3:atemp>
            <ns3:hr>61</ns3:hr>
          </ns3:TrackPointExtension>
        </extensions>
      </trkpt>
      <trkpt lat="49.136699549853801727294921875" lon="6.150756888091564178466796875">
        <ele>173.1999969482421875</ele>
        <time>2026-10-04T13:50:40.000Z</time>
        <extensions>
          <ns3:TrackPointExtension>
            <ns3:atemp>26.0</ns3:atemp>
            <ns3:hr>61</ns3:hr>
          </ns3:TrackPointExtension>
        </extensions>
      </trkpt>
      <trkpt lat="49.13670985959470272064208984375" lon="6.1507362686097621917724609375">
        <ele>173.399993896484375</ele>
        <time>2026-10-04T13:50:41.000Z</time>
        <extensions>
          <ns3:TrackPointExtension>
            <ns3:atemp>26.0</ns3:atemp>
            <ns3:hr>61</ns3:hr>
          </ns3:TrackPointExtension>
        </extensions>
      </trkpt>
      <trkpt lat="49.13672310300171375274658203125" lon="6.1507201753556728363037109375">
        <ele>173.399993896484375</ele>
        <time>2026-10-04T13:50:42.000Z</time>
        <extensions>
          <ns3:TrackPointExtension>
            <ns3:atemp>26.0</ns3:atemp>
            <ns3:hr>61</ns3:hr>
          </ns3:TrackPointExtension>
        </extensions>
      </trkpt>
      <trkpt lat="49.1367374360561370849609375" lon="6.15070416592061519622802734375">
        <ele>173.600006103515625</ele>
        <time>2026-10-04T13:50:43.000Z</time>
        <extensions>
          <ns3:TrackPointExtension>
            <ns3:atemp>26.0</ns3:atemp>
            <ns3:hr>61</ns3:hr>
          </ns3:TrackPointExtension>
        </extensions>
      </trkpt>
      <trkpt lat="49.136751852929592132568359375" lon="6.15068790502846240997314453125">
        <ele>173.600006103515625</ele>
        <time>2026-10-04T13:50:44.000Z</time>
        <extensions>
          <ns3:TrackPointExtension>
            <ns3:atemp>26.0</ns3:atemp>
            <ns3:hr>61</ns3:hr>
          </ns3:TrackPointExtension>
        </extensions>
      </trkpt>
      <trkpt lat="49.1367627494037151336669921875" lon="6.150669716298580169677734375">
        <ele>173.8000030517578125</ele>
        <time>2026-10-04T13:50:45.000Z</time>
        <extensions>
          <ns3:TrackPointExtension>
            <ns3:atemp>26.0</ns3:atemp>
            <ns3:hr>60</ns3:hr>
          </ns3:TrackPointExtension>
        </extensions>
      </trkpt>
      <trkpt lat="49.13677565753459930419921875" lon="6.15065052174031734466552734375">
        <ele>173.8000030517578125</ele>
        <time>2026-10-04T13:50:46.000Z</time>
        <extensions>
          <ns3:TrackPointExtension>
            <ns3:atemp>26.0</ns3:atemp>
            <ns3:hr>61</ns3:hr>
          </ns3:TrackPointExtension>
        </extensions>
      </trkpt>
      <trkpt lat="49.13678680546581745147705078125" lon="6.150629818439483642578125">
        <ele>173.8000030517578125</ele>
        <time>2026-10-04T13:50:47.000Z</time>
        <extensions>
          <ns3:TrackPointExtension>
            <ns3:atemp>26.0</ns3:atemp>
            <ns3:hr>61</ns3:hr>
          </ns3:TrackPointExtension>
        </extensions>
      </trkpt>
      <trkpt lat="49.13679845631122589111328125" lon="6.150610707700252532958984375">
        <ele>173.600006103515625</ele>
        <time>2026-10-04T13:50:48.000Z</time>
        <extensions>
          <ns3:TrackPointExtension>
            <ns3:atemp>26.0</ns3:atemp>
            <ns3:hr>61</ns3:hr>
          </ns3:TrackPointExtension>
        </extensions>
      </trkpt>
      <trkpt lat="49.13680776022374629974365234375" lon="6.150592602789402008056640625">
        <ele>173.600006103515625</ele>
        <time>2026-10-04T13:50:49.000Z</time>
        <extensions>
          <ns3:TrackPointExtension>
            <ns3:atemp>26.0</ns3:atemp>
            <ns3:hr>61</ns3:hr>
          </ns3:TrackPointExtension>
        </extensions>
      </trkpt>
      <trkpt lat="49.136816225945949554443359375" lon="6.15057885646820068359375">
        <ele>173.600006103515625</ele>
        <time>2026-10-04T13:50:50.000Z</time>
        <extensions>
          <ns3:TrackPointExtension>
            <ns3:atemp>26.0</ns3:atemp>
            <ns3:hr>61</ns3:hr>
          </ns3:TrackPointExtension>
        </extensions>
      </trkpt>
      <trkpt lat="49.1368230991065502166748046875" lon="6.15056485868990421295166015625">
        <ele>173.600006103515625</ele>
        <time>2026-10-04T13:50:51.000Z</time>
        <extensions>
          <ns3:TrackPointExtension>
            <ns3:atemp>26.0</ns3:atemp>
            <ns3:hr>61</ns3:hr>
          </ns3:TrackPointExtension>
        </extensions>
      </trkpt>
      <trkpt lat="49.13683709688484668731689453125" lon="6.15055765025317668914794921875">
        <ele>173.600006103515625</ele>
        <time>2026-10-04T13:50:52.000Z</time>
        <extensions>
          <ns3:TrackPointExtension>
            <ns3:atemp>26.0</ns3:atemp>
            <ns3:hr>61</ns3:hr>
          </ns3:TrackPointExtension>
        </extensions>
      </trkpt>
      <trkpt lat="49.1368527710437774658203125" lon="6.15057257004082202911376953125">
        <ele>173.600006103515625</ele>
        <time>2026-10-04T13:50:53.000Z</time>
        <extensions>
          <ns3:TrackPointExtension>
            <ns3:atemp>26.0</ns3:atemp>
            <ns3:hr>62</ns3:hr>
          </ns3:TrackPointExtension>
        </extensions>
      </trkpt>
      <trkpt lat="49.1368492506444454193115234375" lon="6.1505961231887340545654296875">
        <ele>173.8000030517578125</ele>
        <time>2026-10-04T13:50:54.000Z</time>
        <extensions>
          <ns3:TrackPointExtension>
            <ns3:atemp>26.0</ns3:atemp>
            <ns3:hr>62</ns3:hr>
          </ns3:TrackPointExtension>
        </extensions>
      </trkpt>
      <trkpt lat="49.1368401981890201568603515625" lon="6.15061297081410884857177734375">
        <ele>173.8000030517578125</ele>
        <time>2026-10-04T13:50:55.000Z</time>
        <extensions>
          <ns3:TrackPointExtension>
            <ns3:atemp>26.0</ns3:atemp>
            <ns3:hr>63</ns3:hr>
          </ns3:TrackPointExtension>
        </extensions>
      </trkpt>
      <trkpt lat="49.13683273829519748687744140625" lon="6.15063074044883251190185546875">
        <ele>173.8000030517578125</ele>
        <time>2026-10-04T13:50:56.000Z</time>
        <extensions>
          <ns3:TrackPointExtension>
            <ns3:atemp>26.0</ns3:atemp>
            <ns3:hr>64</ns3:hr>
          </ns3:TrackPointExtension>
        </extensions>
      </trkpt>
      <trkpt lat="49.136820919811725616455078125" lon="6.1506484262645244598388671875">
        <ele>173.8000030517578125</ele>
        <time>2026-10-04T13:50:57.000Z</time>
        <extensions>
          <ns3:TrackPointExtension>
            <ns3:atemp>26.0</ns3:atemp>
            <ns3:hr>64</ns3:hr>
          </ns3:TrackPointExtension>
        </extensions>
      </trkpt>
      <trkpt lat="49.13680725730955600738525390625" lon="6.1506633460521697998046875">
        <ele>173.8000030517578125</ele>
        <time>2026-10-04T13:50:58.000Z</time>
        <extensions>
          <ns3:TrackPointExtension>
            <ns3:atemp>26.0</ns3:atemp>
            <ns3:hr>64</ns3:hr>
          </ns3:TrackPointExtension>
        </extensions>
      </trkpt>
      <trkpt lat="49.136794768273830413818359375" lon="6.15067918784916400909423828125">
        <ele>173.8000030517578125</ele>
        <time>2026-10-04T13:50:59.000Z</time>
        <extensions>
          <ns3:TrackPointExtension>
            <ns3:atemp>26.0</ns3:atemp>
            <ns3:hr>64</ns3:hr>
          </ns3:TrackPointExtension>
        </extensions>
      </trkpt>
      <trkpt lat="49.13678546436131000518798828125" lon="6.1506973765790462493896484375">
        <ele>173.8000030517578125</ele>
        <time>2026-10-04T13:51:00.000Z</time>
        <extensions>
          <ns3:TrackPointExtension>
            <ns3:atemp>26.0</ns3:atemp>
            <ns3:hr>65</ns3:hr>
          </ns3:TrackPointExtension>
        </extensions>
      </trkpt>
      <trkpt lat="49.1367741487920284271240234375" lon="6.150715984404087066650390625">
        <ele>173.8000030517578125</ele>
        <time>2026-10-04T13:51:01.000Z</time>
        <extensions>
          <ns3:TrackPointExtension>
            <ns3:atemp>26.0</ns3:atemp>
            <ns3:hr>65</ns3:hr>
          </ns3:TrackPointExtension>
        </extensions>
      </trkpt>
      <trkpt lat="49.13676216267049312591552734375" lon="6.15073333494365215301513671875">
        <ele>173.8000030517578125</ele>
        <time>2026-10-04T13:51:02.000Z</time>
        <extensions>
          <ns3:TrackPointExtension>
            <ns3:atemp>26.0</ns3:atemp>
            <ns3:hr>65</ns3:hr>
          </ns3:TrackPointExtension>
        </extensions>
      </trkpt>
      <trkpt lat="49.13675210438668727874755859375" lon="6.15074724890291690826416015625">
        <ele>173.8000030517578125</ele>
        <time>2026-10-04T13:51:03.000Z</time>
        <extensions>
          <ns3:TrackPointExtension>
            <ns3:atemp>26.0</ns3:atemp>
            <ns3:hr>65</ns3:hr>
          </ns3:TrackPointExtension>
        </extensions>
      </trkpt>
      <trkpt lat="49.13674321956932544708251953125" lon="6.15076602436602115631103515625">
        <ele>173.8000030517578125</ele>
        <time>2026-10-04T13:51:04.000Z</time>
        <extensions>
          <ns3:TrackPointExtension>
            <ns3:atemp>26.0</ns3:atemp>
            <ns3:hr>66</ns3:hr>
          </ns3:TrackPointExtension>
        </extensions>
      </trkpt>
      <trkpt lat="49.1367382742464542388916015625" lon="6.15078915841877460479736328125">
        <ele>173.8000030517578125</ele>
        <time>2026-10-04T13:51:05.000Z</time>
        <extensions>
          <ns3:TrackPointExtension>
            <ns3:atemp>26.0</ns3:atemp>
            <ns3:hr>67</ns3:hr>
          </ns3:TrackPointExtension>
        </extensions>
      </trkpt>
      <trkpt lat="49.13673751987516880035400390625" lon="6.150816567242145538330078125">
        <ele>174</ele>
        <time>2026-10-04T13:51:06.000Z</time>
        <extensions>
          <ns3:TrackPointExtension>
            <ns3:atemp>26.0</ns3:atemp>
            <ns3:hr>67</ns3:hr>
          </ns3:TrackPointExtension>
        </extensions>
      </trkpt>
      <trkpt lat="49.13674321956932544708251953125" lon="6.15084246732294559478759765625">
        <ele>174</ele>
        <time>2026-10-04T13:51:07.000Z</time>
        <extensions>
          <ns3:TrackPointExtension>
            <ns3:atemp>26.0</ns3:atemp>
            <ns3:hr>67</ns3:hr>
          </ns3:TrackPointExtension>
        </extensions>
      </trkpt>
      <trkpt lat="49.1367486678063869476318359375" lon="6.15086786448955535888671875">
        <ele>174</ele>
        <time>2026-10-04T13:51:08.000Z</time>
        <extensions>
          <ns3:TrackPointExtension>
            <ns3:atemp>26.0</ns3:atemp>
            <ns3:hr>67</ns3:hr>
          </ns3:TrackPointExtension>
        </extensions>
      </trkpt>
      <trkpt lat="49.136747159063816070556640625" lon="6.15089477039873600006103515625">
        <ele>174</ele>
        <time>2026-10-04T13:51:09.000Z</time>
        <extensions>
          <ns3:TrackPointExtension>
            <ns3:atemp>26.0</ns3:atemp>
            <ns3:hr>67</ns3:hr>
          </ns3:TrackPointExtension>
        </extensions>
      </trkpt>
      <trkpt lat="49.13672997616231441497802734375" lon="6.15090851671993732452392578125">
        <ele>174</ele>
        <time>2026-10-04T13:51:10.000Z</time>
        <extensions>
          <ns3:TrackPointExtension>
            <ns3:atemp>26.0</ns3:atemp>
            <ns3:hr>68</ns3:hr>
          </ns3:TrackPointExtension>
        </extensions>
      </trkpt>
      <trkpt lat="49.13671053014695644378662109375" lon="6.15090809762477874755859375">
        <ele>174</ele>
        <time>2026-10-04T13:51:11.000Z</time>
        <extensions>
          <ns3:TrackPointExtension>
            <ns3:atemp>26.0</ns3:atemp>
            <ns3:hr>67</ns3:hr>
          </ns3:TrackPointExtension>
        </extensions>
      </trkpt>
      <trkpt lat="49.13669208995997905731201171875" lon="6.15089678205549716949462890625">
        <ele>173.8000030517578125</ele>
        <time>2026-10-04T13:51:12.000Z</time>
        <extensions>
          <ns3:TrackPointExtension>
            <ns3:atemp>26.0</ns3:atemp>
            <ns3:hr>67</ns3:hr>
          </ns3:TrackPointExtension>
        </extensions>
      </trkpt>
      <trkpt lat="49.1366765834391117095947265625" lon="6.1508730612695217132568359375">
        <ele>173.8000030517578125</ele>
        <time>2026-10-04T13:51:13.000Z</time>
        <extensions>
          <ns3:TrackPointExtension>
            <ns3:atemp>26.0</ns3:atemp>
            <ns3:hr>67</ns3:hr>
          </ns3:TrackPointExtension>
        </extensions>
      </trkpt>
      <trkpt lat="49.1366708837449550628662109375" lon="6.15084062330424785614013671875">
        <ele>173.8000030517578125</ele>
        <time>2026-10-04T13:51:14.000Z</time>
        <extensions>
          <ns3:TrackPointExtension>
            <ns3:atemp>26.0</ns3:atemp>
            <ns3:hr>66</ns3:hr>
          </ns3:TrackPointExtension>
        </extensions>
      </trkpt>
      <trkpt lat="49.1366728954017162322998046875" lon="6.1508096940815448760986328125">
        <ele>173.8000030517578125</ele>
        <time>2026-10-04T13:51:15.000Z</time>
        <extensions>
          <ns3:TrackPointExtension>
            <ns3:atemp>26.0</ns3:atemp>
            <ns3:hr>66</ns3:hr>
          </ns3:TrackPointExtension>
        </extensions>
      </trkpt>
      <trkpt lat="49.1366863064467906951904296875" lon="6.15077692084014415740966796875">
        <ele>173.8000030517578125</ele>
        <time>2026-10-04T13:51:16.000Z</time>
        <extensions>
          <ns3:TrackPointExtension>
            <ns3:atemp>26.0</ns3:atemp>
            <ns3:hr>64</ns3:hr>
          </ns3:TrackPointExtension>
        </extensions>
      </trkpt>
      <trkpt lat="49.13669728673994541168212890625" lon="6.15074825473129749298095703125">
        <ele>173.600006103515625</ele>
        <time>2026-10-04T13:51:17.000Z</time>
        <extensions>
          <ns3:TrackPointExtension>
            <ns3:atemp>26.0</ns3:atemp>
            <ns3:hr>61</ns3:hr>
          </ns3:TrackPointExtension>
        </extensions>
      </trkpt>
      <trkpt lat="49.1367114521563053131103515625" lon="6.15071766078472137451171875">
        <ele>173.600006103515625</ele>
        <time>2026-10-04T13:51:18.000Z</time>
        <extensions>
          <ns3:TrackPointExtension>
            <ns3:atemp>26.0</ns3:atemp>
            <ns3:hr>60</ns3:hr>
          </ns3:TrackPointExtension>
        </extensions>
      </trkpt>
      <trkpt lat="49.13672947324812412261962890625" lon="6.150699555873870849609375">
        <ele>173.600006103515625</ele>
        <time>2026-10-04T13:51:19.000Z</time>
        <extensions>
          <ns3:TrackPointExtension>
            <ns3:atemp>26.0</ns3:atemp>
            <ns3:hr>60</ns3:hr>
          </ns3:TrackPointExtension>
        </extensions>
      </trkpt>
      <trkpt lat="49.1367473267018795013427734375" lon="6.15067902021110057830810546875">
        <ele>173.600006103515625</ele>
        <time>2026-10-04T13:51:20.000Z</time>
        <extensions>
          <ns3:TrackPointExtension>
            <ns3:atemp>26.0</ns3:atemp>
            <ns3:hr>60</ns3:hr>
          </ns3:TrackPointExtension>
        </extensions>
      </trkpt>
      <trkpt lat="49.13676551543176174163818359375" lon="6.150660999119281768798828125">
        <ele>173.600006103515625</ele>
        <time>2026-10-04T13:51:21.000Z</time>
        <extensions>
          <ns3:TrackPointExtension>
            <ns3:atemp>26.0</ns3:atemp>
            <ns3:hr>60</ns3:hr>
          </ns3:TrackPointExtension>
        </extensions>
      </trkpt>
      <trkpt lat="49.1367830336093902587890625" lon="6.15063945762813091278076171875">
        <ele>173.600006103515625</ele>
        <time>2026-10-04T13:51:22.000Z</time>
        <extensions>
          <ns3:TrackPointExtension>
            <ns3:atemp>26.0</ns3:atemp>
            <ns3:hr>60</ns3:hr>
          </ns3:TrackPointExtension>
        </extensions>
      </trkpt>
      <trkpt lat="49.13679803721606731414794921875" lon="6.15061515010893344879150390625">
        <ele>173.600006103515625</ele>
        <time>2026-10-04T13:51:23.000Z</time>
        <extensions>
          <ns3:TrackPointExtension>
            <ns3:atemp>26.0</ns3:atemp>
            <ns3:hr>60</ns3:hr>
          </ns3:TrackPointExtension>
        </extensions>
      </trkpt>
      <trkpt lat="49.136813543736934661865234375" lon="6.150587908923625946044921875">
        <ele>173.600006103515625</ele>
        <time>2026-10-04T13:51:24.000Z</time>
        <extensions>
          <ns3:TrackPointExtension>
            <ns3:atemp>26.0</ns3:atemp>
            <ns3:hr>60</ns3:hr>
          </ns3:TrackPointExtension>
        </extensions>
      </trkpt>
      <trkpt lat="49.1368308104574680328369140625" lon="6.150561086833477020263671875">
        <ele>173.600006103515625</ele>
        <time>2026-10-04T13:51:25.000Z</time>
        <extensions>
          <ns3:TrackPointExtension>
            <ns3:atemp>26.0</ns3:atemp>
            <ns3:hr>61</ns3:hr>
          </ns3:TrackPointExtension>
        </extensions>
      </trkpt>
      <trkpt lat="49.13684941828250885009765625" lon="6.15054038353264331817626953125">
        <ele>173.600006103515625</ele>
        <time>2026-10-04T13:51:26.000Z</time>
        <extensions>
          <ns3:TrackPointExtension>
            <ns3:atemp>26.0</ns3:atemp>
            <ns3:hr>61</ns3:hr>
          </ns3:TrackPointExtension>
        </extensions>
      </trkpt>
      <trkpt lat="49.13686810992658138275146484375" lon="6.1505190096795558929443359375">
        <ele>173.600006103515625</ele>
        <time>2026-10-04T13:51:27.000Z</time>
        <extensions>
          <ns3:TrackPointExtension>
            <ns3:atemp>26.0</ns3:atemp>
            <ns3:hr>63</ns3:hr>
          </ns3:TrackPointExtension>
        </extensions>
      </trkpt>
      <trkpt lat="49.136884622275829315185546875" lon="6.1504982225596904754638671875">
        <ele>173.600006103515625</ele>
        <time>2026-10-04T13:51:28.000Z</time>
        <extensions>
          <ns3:TrackPointExtension>
            <ns3:atemp>26.0</ns3:atemp>
            <ns3:hr>69</ns3:hr>
          </ns3:TrackPointExtension>
        </extensions>
      </trkpt>
      <trkpt lat="49.1369002126157283782958984375" lon="6.15047668106853961944580078125">
        <ele>173.8000030517578125</ele>
        <time>2026-10-04T13:51:29.000Z</time>
        <extensions>
          <ns3:TrackPointExtension>
            <ns3:atemp>26.0</ns3:atemp>
            <ns3:hr>72</ns3:hr>
          </ns3:TrackPointExtension>
        </extensions>
      </trkpt>
      <trkpt lat="49.13691404275596141815185546875" lon="6.15045522339642047882080078125">
        <ele>173.8000030517578125</ele>
        <time>2026-10-04T13:51:30.000Z</time>
        <extensions>
          <ns3:TrackPointExtension>
            <ns3:atemp>26.0</ns3:atemp>
            <ns3:hr>73</ns3:hr>
          </ns3:TrackPointExtension>
        </extensions>
      </trkpt>
      <trkpt lat="49.13692929781973361968994140625" lon="6.150434017181396484375">
        <ele>173.8000030517578125</ele>
        <time>2026-10-04T13:51:31.000Z</time>
        <extensions>
          <ns3:TrackPointExtension>
            <ns3:atemp>26.0</ns3:atemp>
            <ns3:hr>74</ns3:hr>
          </ns3:TrackPointExtension>
        </extensions>
      </trkpt>
      <trkpt lat="49.136945307254791259765625" lon="6.150413565337657928466796875">
        <ele>174</ele>
        <time>2026-10-04T13:51:32.000Z</time>
        <extensions>
          <ns3:TrackPointExtension>
            <ns3:atemp>26.0</ns3:atemp>
            <ns3:hr>74</ns3:hr>
          </ns3:TrackPointExtension>
        </extensions>
      </trkpt>
      <trkpt lat="49.13696081377565860748291015625" lon="6.150394789874553680419921875">
        <ele>174</ele>
        <time>2026-10-04T13:51:33.000Z</time>
        <extensions>
          <ns3:TrackPointExtension>
            <ns3:atemp>26.0</ns3:atemp>
            <ns3:hr>74</ns3:hr>
          </ns3:TrackPointExtension>
        </extensions>
      </trkpt>
      <trkpt lat="49.13697422482073307037353515625" lon="6.15037324838340282440185546875">
        <ele>174</ele>
        <time>2026-10-04T13:51:34.000Z</time>
        <extensions>
          <ns3:TrackPointExtension>
            <ns3:atemp>26.0</ns3:atemp>
            <ns3:hr>70</ns3:hr>
          </ns3:TrackPointExtension>
        </extensions>
      </trkpt>
      <trkpt lat="49.136987216770648956298828125" lon="6.15035128779709339141845703125">
        <ele>174</ele>
        <time>2026-10-04T13:51:35.000Z</time>
        <extensions>
          <ns3:TrackPointExtension>
            <ns3:atemp>26.0</ns3:atemp>
            <ns3:hr>68</ns3:hr>
          </ns3:TrackPointExtension>
        </extensions>
      </trkpt>
      <trkpt lat="49.1369984485208988189697265625" lon="6.1503258906304836273193359375">
        <ele>174</ele>
        <time>2026-10-04T13:51:36.000Z</time>
        <extensions>
          <ns3:TrackPointExtension>
            <ns3:atemp>26.0</ns3:atemp>
            <ns3:hr>68</ns3:hr>
          </ns3:TrackPointExtension>
        </extensions>
      </trkpt>
      <trkpt lat="49.13700741715729236602783203125" lon="6.1503017507493495941162109375">
        <ele>174</ele>
        <time>2026-10-04T13:51:37.000Z</time>
        <extensions>
          <ns3:TrackPointExtension>
            <ns3:atemp>26.0</ns3:atemp>
            <ns3:hr>67</ns3:hr>
          </ns3:TrackPointExtension>
        </extensions>
      </trkpt>
      <trkpt lat="49.13701814599335193634033203125" lon="6.15027467720210552215576171875">
        <ele>173.8000030517578125</ele>
        <time>2026-10-04T13:51:38.000Z</time>
        <extensions>
          <ns3:TrackPointExtension>
            <ns3:atemp>26.0</ns3:atemp>
            <ns3:hr>67</ns3:hr>
          </ns3:TrackPointExtension>
        </extensions>
      </trkpt>
      <trkpt lat="49.13703038357198238372802734375" lon="6.15025338716804981231689453125">
        <ele>173.8000030517578125</ele>
        <time>2026-10-04T13:51:39.000Z</time>
        <extensions>
          <ns3:TrackPointExtension>
            <ns3:atemp>26.0</ns3:atemp>
            <ns3:hr>67</ns3:hr>
          </ns3:TrackPointExtension>
        </extensions>
      </trkpt>
      <trkpt lat="49.13704513572156429290771484375" lon="6.15023394115269184112548828125">
        <ele>173.8000030517578125</ele>
        <time>2026-10-04T13:51:40.000Z</time>
        <extensions>
          <ns3:TrackPointExtension>
            <ns3:atemp>26.0</ns3:atemp>
            <ns3:hr>67</ns3:hr>
          </ns3:TrackPointExtension>
        </extensions>
      </trkpt>
      <trkpt lat="49.13705888204276561737060546875" lon="6.15021407604217529296875">
        <ele>174</ele>
        <time>2026-10-04T13:51:41.000Z</time>
        <extensions>
          <ns3:TrackPointExtension>
            <ns3:atemp>26.0</ns3:atemp>
            <ns3:hr>66</ns3:hr>
          </ns3:TrackPointExtension>
        </extensions>
      </trkpt>
      <trkpt lat="49.13707246072590351104736328125" lon="6.15019303746521472930908203125">
        <ele>174</ele>
        <time>2026-10-04T13:51:42.000Z</time>
        <extensions>
          <ns3:TrackPointExtension>
            <ns3:atemp>26.0</ns3:atemp>
            <ns3:hr>67</ns3:hr>
          </ns3:TrackPointExtension>
        </extensions>
      </trkpt>
      <trkpt lat="49.13708687759935855865478515625" lon="6.15017292089760303497314453125">
        <ele>174</ele>
        <time>2026-10-04T13:51:43.000Z</time>
        <extensions>
          <ns3:TrackPointExtension>
            <ns3:atemp>26.0</ns3:atemp>
            <ns3:hr>66</ns3:hr>
          </ns3:TrackPointExtension>
        </extensions>
      </trkpt>
      <trkpt lat="49.13710079155862331390380859375" lon="6.1501542292535305023193359375">
        <ele>174</ele>
        <time>2026-10-04T13:51:44.000Z</time>
        <extensions>
          <ns3:TrackPointExtension>
            <ns3:atemp>26.0</ns3:atemp>
            <ns3:hr>65</ns3:hr>
          </ns3:TrackPointExtension>
        </extensions>
      </trkpt>
      <trkpt lat="49.13711453787982463836669921875" lon="6.15013587288558483123779296875">
        <ele>174.1999969482421875</ele>
        <time>2026-10-04T13:51:45.000Z</time>
        <extensions>
          <ns3:TrackPointExtension>
            <ns3:atemp>26.0</ns3:atemp>
            <ns3:hr>65</ns3:hr>
          </ns3:TrackPointExtension>
        </extensions>
      </trkpt>
      <trkpt lat="49.13712794892489910125732421875" lon="6.150116510689258575439453125">
        <ele>174.1999969482421875</ele>
        <time>2026-10-04T13:51:46.000Z</time>
        <extensions>
          <ns3:TrackPointExtension>
            <ns3:atemp>26.0</ns3:atemp>
            <ns3:hr>64</ns3:hr>
          </ns3:TrackPointExtension>
        </extensions>
      </trkpt>
      <trkpt lat="49.137140773236751556396484375" lon="6.1500958912074565887451171875">
        <ele>174.1999969482421875</ele>
        <time>2026-10-04T13:51:47.000Z</time>
        <extensions>
          <ns3:TrackPointExtension>
            <ns3:atemp>26.0</ns3:atemp>
            <ns3:hr>64</ns3:hr>
          </ns3:TrackPointExtension>
        </extensions>
      </trkpt>
      <trkpt lat="49.13715477101504802703857421875" lon="6.15007393062114715576171875">
        <ele>174.399993896484375</ele>
        <time>2026-10-04T13:51:48.000Z</time>
        <extensions>
          <ns3:TrackPointExtension>
            <ns3:atemp>26.0</ns3:atemp>
            <ns3:hr>64</ns3:hr>
          </ns3:TrackPointExtension>
        </extensions>
      </trkpt>
      <trkpt lat="49.13716994225978851318359375" lon="6.1500549875199794769287109375">
        <ele>174.399993896484375</ele>
        <time>2026-10-04T13:51:49.000Z</time>
        <extensions>
          <ns3:TrackPointExtension>
            <ns3:atemp>26.0</ns3:atemp>
            <ns3:hr>63</ns3:hr>
          </ns3:TrackPointExtension>
        </extensions>
      </trkpt>
      <trkpt lat="49.13718276657164096832275390625" lon="6.15003780461847782135009765625">
        <ele>174.600006103515625</ele>
        <time>2026-10-04T13:51:50.000Z</time>
        <extensions>
          <ns3:TrackPointExtension>
            <ns3:atemp>26.0</ns3:atemp>
            <ns3:hr>63</ns3:hr>
          </ns3:TrackPointExtension>
        </extensions>
      </trkpt>
      <trkpt lat="49.13719416595995426177978515625" lon="6.1500184424221515655517578125">
        <ele>174.600006103515625</ele>
        <time>2026-10-04T13:51:51.000Z</time>
        <extensions>
          <ns3:TrackPointExtension>
            <ns3:atemp>26.0</ns3:atemp>
            <ns3:hr>63</ns3:hr>
          </ns3:TrackPointExtension>
        </extensions>
      </trkpt>
      <trkpt lat="49.13720506243407726287841796875" lon="6.14999740384519100189208984375">
        <ele>174.600006103515625</ele>
        <time>2026-10-04T13:51:52.000Z</time>
        <extensions>
          <ns3:TrackPointExtension>
            <ns3:atemp>26.0</ns3:atemp>
            <ns3:hr>63</ns3:hr>
          </ns3:TrackPointExtension>
        </extensions>
      </trkpt>
      <trkpt lat="49.137217886745929718017578125" lon="6.1499798856675624847412109375">
        <ele>174.600006103515625</ele>
        <time>2026-10-04T13:51:53.000Z</time>
        <extensions>
          <ns3:TrackPointExtension>
            <ns3:atemp>26.0</ns3:atemp>
            <ns3:hr>63</ns3:hr>
          </ns3:TrackPointExtension>
        </extensions>
      </trkpt>
      <trkpt lat="49.1372297890484333038330078125" lon="6.1499611102044582366943359375">
        <ele>174.600006103515625</ele>
        <time>2026-10-04T13:51:54.000Z</time>
        <extensions>
          <ns3:TrackPointExtension>
            <ns3:atemp>26.0</ns3:atemp>
            <ns3:hr>63</ns3:hr>
          </ns3:TrackPointExtension>
        </extensions>
      </trkpt>
      <trkpt lat="49.1372432000935077667236328125" lon="6.14994308911263942718505859375">
        <ele>174.600006103515625</ele>
        <time>2026-10-04T13:51:55.000Z</time>
        <extensions>
          <ns3:TrackPointExtension>
            <ns3:atemp>26.0</ns3:atemp>
            <ns3:hr>62</ns3:hr>
          </ns3:TrackPointExtension>
        </extensions>
      </trkpt>
      <trkpt lat="49.1372556053102016448974609375" lon="6.1499265767633914947509765625">
        <ele>174.600006103515625</ele>
        <time>2026-10-04T13:51:56.000Z</time>
        <extensions>
          <ns3:TrackPointExtension>
            <ns3:atemp>26.0</ns3:atemp>
            <ns3:hr>62</ns3:hr>
          </ns3:TrackPointExtension>
        </extensions>
      </trkpt>
      <trkpt lat="49.1372680105268955230712890625" lon="6.14990721456706523895263671875">
        <ele>174.600006103515625</ele>
        <time>2026-10-04T13:51:57.000Z</time>
        <extensions>
          <ns3:TrackPointExtension>
            <ns3:atemp>26.0</ns3:atemp>
            <ns3:hr>62</ns3:hr>
          </ns3:TrackPointExtension>
        </extensions>
      </trkpt>
      <trkpt lat="49.13728058338165283203125" lon="6.149887181818485260009765625">
        <ele>174.600006103515625</ele>
        <time>2026-10-04T13:51:58.000Z</time>
        <extensions>
          <ns3:TrackPointExtension>
            <ns3:atemp>26.0</ns3:atemp>
            <ns3:hr>62</ns3:hr>
          </ns3:TrackPointExtension>
        </extensions>
      </trkpt>
      <trkpt lat="49.137293659150600433349609375" lon="6.149871088564395904541015625">
        <ele>174.600006103515625</ele>
        <time>2026-10-04T13:51:59.000Z</time>
        <extensions>
          <ns3:TrackPointExtension>
            <ns3:atemp>26.0</ns3:atemp>
            <ns3:hr>62</ns3:hr>
          </ns3:TrackPointExtension>
        </extensions>
      </trkpt>
      <trkpt lat="49.13730614818632602691650390625" lon="6.1498524807393550872802734375">
        <ele>174.8000030517578125</ele>
        <time>2026-10-04T13:52:00.000Z</time>
        <extensions>
          <ns3:TrackPointExtension>
            <ns3:atemp>26.0</ns3:atemp>
            <ns3:hr>62</ns3:hr>
          </ns3:TrackPointExtension>
        </extensions>
      </trkpt>
      <trkpt lat="49.13731855340301990509033203125" lon="6.14983194507658481597900390625">
        <ele>174.8000030517578125</ele>
        <time>2026-10-04T13:52:01.000Z</time>
        <extensions>
          <ns3:TrackPointExtension>
            <ns3:atemp>26.0</ns3:atemp>
            <ns3:hr>62</ns3:hr>
          </ns3:TrackPointExtension>
        </extensions>
      </trkpt>
      <trkpt lat="49.13733313791453838348388671875" lon="6.149813421070575714111328125">
        <ele>174.8000030517578125</ele>
        <time>2026-10-04T13:52:02.000Z</time>
        <extensions>
          <ns3:TrackPointExtension>
            <ns3:atemp>26.0</ns3:atemp>
            <ns3:hr>62</ns3:hr>
          </ns3:TrackPointExtension>
        </extensions>
      </trkpt>
      <trkpt lat="49.1373478062450885772705078125" lon="6.1497944779694080352783203125">
        <ele>174.8000030517578125</ele>
        <time>2026-10-04T13:52:03.000Z</time>
        <extensions>
          <ns3:TrackPointExtension>
            <ns3:atemp>26.0</ns3:atemp>
            <ns3:hr>62</ns3:hr>
          </ns3:TrackPointExtension>
        </extensions>
      </trkpt>
      <trkpt lat="49.13736063055694103240966796875" lon="6.149772517383098602294921875">
        <ele>175</ele>
        <time>2026-10-04T13:52:04.000Z</time>
        <extensions>
          <ns3:TrackPointExtension>
            <ns3:atemp>26.0</ns3:atemp>
            <ns3:hr>63</ns3:hr>
          </ns3:TrackPointExtension>
        </extensions>
      </trkpt>
      <trkpt lat="49.1373729519546031951904296875" lon="6.1497505567967891693115234375">
        <ele>175</ele>
        <time>2026-10-04T13:52:05.000Z</time>
        <extensions>
          <ns3:TrackPointExtension>
            <ns3:atemp>26.0</ns3:atemp>
            <ns3:hr>63</ns3:hr>
          </ns3:TrackPointExtension>
        </extensions>
      </trkpt>
      <trkpt lat="49.13738694973289966583251953125" lon="6.149732954800128936767578125">
        <ele>175</ele>
        <time>2026-10-04T13:52:06.000Z</time>
        <extensions>
          <ns3:TrackPointExtension>
            <ns3:atemp>26.0</ns3:atemp>
            <ns3:hr>63</ns3:hr>
          </ns3:TrackPointExtension>
        </extensions>
      </trkpt>
      <trkpt lat="49.1373987682163715362548828125" lon="6.1497190408408641815185546875">
        <ele>175.1999969482421875</ele>
        <time>2026-10-04T13:52:07.000Z</time>
        <extensions>
          <ns3:TrackPointExtension>
            <ns3:atemp>26.0</ns3:atemp>
            <ns3:hr>62</ns3:hr>
          </ns3:TrackPointExtension>
        </extensions>
      </trkpt>
      <trkpt lat="49.137411005795001983642578125" lon="6.1497036181390285491943359375">
        <ele>175</ele>
        <time>2026-10-04T13:52:08.000Z</time>
        <extensions>
          <ns3:TrackPointExtension>
            <ns3:atemp>26.0</ns3:atemp>
            <ns3:hr>62</ns3:hr>
          </ns3:TrackPointExtension>
        </extensions>
      </trkpt>
      <trkpt lat="49.13742299191653728485107421875" lon="6.1496881954371929168701171875">
        <ele>175</ele>
        <time>2026-10-04T13:52:09.000Z</time>
        <extensions>
          <ns3:TrackPointExtension>
            <ns3:atemp>26.0</ns3:atemp>
            <ns3:hr>61</ns3:hr>
          </ns3:TrackPointExtension>
        </extensions>
      </trkpt>
      <trkpt lat="49.13743690587580204010009765625" lon="6.14967134781181812286376953125">
        <ele>175</ele>
        <time>2026-10-04T13:52:10.000Z</time>
        <extensions>
          <ns3:TrackPointExtension>
            <ns3:atemp>26.0</ns3:atemp>
            <ns3:hr>60</ns3:hr>
          </ns3:TrackPointExtension>
        </extensions>
      </trkpt>
      <trkpt lat="49.1374509036540985107421875" lon="6.1496546678245067596435546875">
        <ele>175</ele>
        <time>2026-10-04T13:52:11.000Z</time>
        <extensions>
          <ns3:TrackPointExtension>
            <ns3:atemp>26.0</ns3:atemp>
            <ns3:hr>60</ns3:hr>
          </ns3:TrackPointExtension>
        </extensions>
      </trkpt>
      <trkpt lat="49.13746473379433155059814453125" lon="6.14963513799011707305908203125">
        <ele>175.1999969482421875</ele>
        <time>2026-10-04T13:52:12.000Z</time>
        <extensions>
          <ns3:TrackPointExtension>
            <ns3:atemp>26.0</ns3:atemp>
            <ns3:hr>61</ns3:hr>
          </ns3:TrackPointExtension>
        </extensions>
      </trkpt>
      <trkpt lat="49.13747663609683513641357421875" lon="6.14961669780313968658447265625">
        <ele>175.399993896484375</ele>
        <time>2026-10-04T13:52:13.000Z</time>
        <extensions>
          <ns3:TrackPointExtension>
            <ns3:atemp>26.0</ns3:atemp>
            <ns3:hr>61</ns3:hr>
          </ns3:TrackPointExtension>
        </extensions>
      </trkpt>
      <trkpt lat="49.13748644292354583740234375" lon="6.14960194565355777740478515625">
        <ele>175.399993896484375</ele>
        <time>2026-10-04T13:52:14.000Z</time>
        <extensions>
          <ns3:TrackPointExtension>
            <ns3:atemp>26.0</ns3:atemp>
            <ns3:hr>61</ns3:hr>
          </ns3:TrackPointExtension>
        </extensions>
      </trkpt>
      <trkpt lat="49.1374976746737957000732421875" lon="6.14958501420915126800537109375">
        <ele>175.600006103515625</ele>
        <time>2026-10-04T13:52:15.000Z</time>
        <extensions>
          <ns3:TrackPointExtension>
            <ns3:atemp>26.0</ns3:atemp>
            <ns3:hr>62</ns3:hr>
          </ns3:TrackPointExtension>
        </extensions>
      </trkpt>
      <trkpt lat="49.13751125335693359375" lon="6.14957076497375965118408203125">
        <ele>175.600006103515625</ele>
        <time>2026-10-04T13:52:16.000Z</time>
        <extensions>
          <ns3:TrackPointExtension>
            <ns3:atemp>26.0</ns3:atemp>
            <ns3:hr>62</ns3:hr>
          </ns3:TrackPointExtension>
        </extensions>
      </trkpt>
      <trkpt lat="49.13752810098230838775634765625" lon="6.14955450408160686492919921875">
        <ele>175.600006103515625</ele>
        <time>2026-10-04T13:52:17.000Z</time>
        <extensions>
          <ns3:TrackPointExtension>
            <ns3:atemp>26.0</ns3:atemp>
            <ns3:hr>63</ns3:hr>
          </ns3:TrackPointExtension>
        </extensions>
      </trkpt>
      <trkpt lat="49.1375439427793025970458984375" lon="6.1495386622846126556396484375">
        <ele>175.600006103515625</ele>
        <time>2026-10-04T13:52:18.000Z</time>
        <extensions>
          <ns3:TrackPointExtension>
            <ns3:atemp>26.0</ns3:atemp>
            <ns3:hr>63</ns3:hr>
          </ns3:TrackPointExtension>
        </extensions>
      </trkpt>
      <trkpt lat="49.13755978457629680633544921875" lon="6.1495235748589038848876953125">
        <ele>175.399993896484375</ele>
        <time>2026-10-04T13:52:19.000Z</time>
        <extensions>
          <ns3:TrackPointExtension>
            <ns3:atemp>26.0</ns3:atemp>
            <ns3:hr>65</ns3:hr>
          </ns3:TrackPointExtension>
        </extensions>
      </trkpt>
      <trkpt lat="49.13757621310651302337646484375" lon="6.1495091579854488372802734375">
        <ele>175.399993896484375</ele>
        <time>2026-10-04T13:52:20.000Z</time>
        <extensions>
          <ns3:TrackPointExtension>
            <ns3:atemp>26.0</ns3:atemp>
            <ns3:hr>65</ns3:hr>
          </ns3:TrackPointExtension>
        </extensions>
      </trkpt>
      <trkpt lat="49.137590713798999786376953125" lon="6.149495579302310943603515625">
        <ele>175.399993896484375</ele>
        <time>2026-10-04T13:52:21.000Z</time>
        <extensions>
          <ns3:TrackPointExtension>
            <ns3:atemp>26.0</ns3:atemp>
            <ns3:hr>65</ns3:hr>
          </ns3:TrackPointExtension>
        </extensions>
      </trkpt>
      <trkpt lat="49.13760177791118621826171875" lon="6.1494803242385387420654296875">
        <ele>175.399993896484375</ele>
        <time>2026-10-04T13:52:22.000Z</time>
        <extensions>
          <ns3:TrackPointExtension>
            <ns3:atemp>26.0</ns3:atemp>
            <ns3:hr>65</ns3:hr>
          </ns3:TrackPointExtension>
        </extensions>
      </trkpt>
      <trkpt lat="49.13761460222303867340087890625" lon="6.149461381137371063232421875">
        <ele>175.399993896484375</ele>
        <time>2026-10-04T13:52:23.000Z</time>
        <extensions>
          <ns3:TrackPointExtension>
            <ns3:atemp>26.0</ns3:atemp>
            <ns3:hr>65</ns3:hr>
          </ns3:TrackPointExtension>
        </extensions>
      </trkpt>
      <trkpt lat="49.13762591779232025146484375" lon="6.149445958435535430908203125">
        <ele>175.399993896484375</ele>
        <time>2026-10-04T13:52:24.000Z</time>
        <extensions>
          <ns3:TrackPointExtension>
            <ns3:atemp>26.0</ns3:atemp>
            <ns3:hr>66</ns3:hr>
          </ns3:TrackPointExtension>
        </extensions>
      </trkpt>
      <trkpt lat="49.1376384906470775604248046875" lon="6.14942877553403377532958984375">
        <ele>175.399993896484375</ele>
        <time>2026-10-04T13:52:25.000Z</time>
        <extensions>
          <ns3:TrackPointExtension>
            <ns3:atemp>26.0</ns3:atemp>
            <ns3:hr>66</ns3:hr>
          </ns3:TrackPointExtension>
        </extensions>
      </trkpt>
      <trkpt lat="49.137651734054088592529296875" lon="6.14940832369029521942138671875">
        <ele>175.399993896484375</ele>
        <time>2026-10-04T13:52:26.000Z</time>
        <extensions>
          <ns3:TrackPointExtension>
            <ns3:atemp>26.0</ns3:atemp>
            <ns3:hr>66</ns3:hr>
          </ns3:TrackPointExtension>
        </extensions>
      </trkpt>
      <trkpt lat="49.13766690529882907867431640625" lon="6.1493892967700958251953125">
        <ele>175.399993896484375</ele>
        <time>2026-10-04T13:52:27.000Z</time>
        <extensions>
          <ns3:TrackPointExtension>
            <ns3:atemp>26.0</ns3:atemp>
            <ns3:hr>66</ns3:hr>
          </ns3:TrackPointExtension>
        </extensions>
      </trkpt>
      <trkpt lat="49.137681238353252410888671875" lon="6.1493727006018161773681640625">
        <ele>175.399993896484375</ele>
        <time>2026-10-04T13:52:28.000Z</time>
        <extensions>
          <ns3:TrackPointExtension>
            <ns3:atemp>26.0</ns3:atemp>
            <ns3:hr>67</ns3:hr>
          </ns3:TrackPointExtension>
        </extensions>
      </trkpt>
      <trkpt lat="49.13769573904573917388916015625" lon="6.149356774985790252685546875">
        <ele>175.399993896484375</ele>
        <time>2026-10-04T13:52:29.000Z</time>
        <extensions>
          <ns3:TrackPointExtension>
            <ns3:atemp>26.0</ns3:atemp>
            <ns3:hr>67</ns3:hr>
          </ns3:TrackPointExtension>
        </extensions>
      </trkpt>
      <trkpt lat="49.137706719338893890380859375" lon="6.14933632314205169677734375">
        <ele>175.399993896484375</ele>
        <time>2026-10-04T13:52:30.000Z</time>
        <extensions>
          <ns3:TrackPointExtension>
            <ns3:atemp>26.0</ns3:atemp>
            <ns3:hr>70</ns3:hr>
          </ns3:TrackPointExtension>
        </extensions>
      </trkpt>
      <trkpt lat="49.13772004656493663787841796875" lon="6.14931796677410602569580078125">
        <ele>175.399993896484375</ele>
        <time>2026-10-04T13:52:31.000Z</time>
        <extensions>
          <ns3:TrackPointExtension>
            <ns3:atemp>26.0</ns3:atemp>
            <ns3:hr>73</ns3:hr>
          </ns3:TrackPointExtension>
        </extensions>
      </trkpt>
      <trkpt lat="49.13773454725742340087890625" lon="6.14930153824388980865478515625">
        <ele>175.399993896484375</ele>
        <time>2026-10-04T13:52:32.000Z</time>
        <extensions>
          <ns3:TrackPointExtension>
            <ns3:atemp>26.0</ns3:atemp>
            <ns3:hr>74</ns3:hr>
          </ns3:TrackPointExtension>
        </extensions>
      </trkpt>
      <trkpt lat="49.1377477906644344329833984375" lon="6.14928075112402439117431640625">
        <ele>175.399993896484375</ele>
        <time>2026-10-04T13:52:33.000Z</time>
        <extensions>
          <ns3:TrackPointExtension>
            <ns3:atemp>26.0</ns3:atemp>
            <ns3:hr>74</ns3:hr>
          </ns3:TrackPointExtension>
        </extensions>
      </trkpt>
      <trkpt lat="49.13775994442403316497802734375" lon="6.1492603830993175506591796875">
        <ele>175.399993896484375</ele>
        <time>2026-10-04T13:52:34.000Z</time>
        <extensions>
          <ns3:TrackPointExtension>
            <ns3:atemp>26.0</ns3:atemp>
            <ns3:hr>75</ns3:hr>
          </ns3:TrackPointExtension>
        </extensions>
      </trkpt>
      <trkpt lat="49.1377700865268707275390625" lon="6.14924110472202301025390625">
        <ele>175.399993896484375</ele>
        <time>2026-10-04T13:52:35.000Z</time>
        <extensions>
          <ns3:TrackPointExtension>
            <ns3:atemp>26.0</ns3:atemp>
            <ns3:hr>76</ns3:hr>
          </ns3:TrackPointExtension>
        </extensions>
      </trkpt>
      <trkpt lat="49.137777127325534820556640625" lon="6.14922844804823398590087890625">
        <ele>175.399993896484375</ele>
        <time>2026-10-04T13:52:36.000Z</time>
        <extensions>
          <ns3:TrackPointExtension>
            <ns3:atemp>26.0</ns3:atemp>
            <ns3:hr>76</ns3:hr>
          </ns3:TrackPointExtension>
        </extensions>
      </trkpt>
      <trkpt lat="49.137787185609340667724609375" lon="6.14921067841351032257080078125">
        <ele>175.399993896484375</ele>
        <time>2026-10-04T13:52:37.000Z</time>
        <extensions>
          <ns3:TrackPointExtension>
            <ns3:atemp>26.0</ns3:atemp>
            <ns3:hr>76</ns3:hr>
          </ns3:TrackPointExtension>
        </extensions>
      </trkpt>
      <trkpt lat="49.13779799826443195343017578125" lon="6.14919483661651611328125">
        <ele>175.399993896484375</ele>
        <time>2026-10-04T13:52:38.000Z</time>
        <extensions>
          <ns3:TrackPointExtension>
            <ns3:atemp>26.0</ns3:atemp>
            <ns3:hr>76</ns3:hr>
          </ns3:TrackPointExtension>
        </extensions>
      </trkpt>
      <trkpt lat="49.13781342096626758575439453125" lon="6.1491805873811244964599609375">
        <ele>175.399993896484375</ele>
        <time>2026-10-04T13:52:39.000Z</time>
        <extensions>
          <ns3:TrackPointExtension>
            <ns3:atemp>26.0</ns3:atemp>
            <ns3:hr>76</ns3:hr>
          </ns3:TrackPointExtension>
        </extensions>
      </trkpt>
      <trkpt lat="49.1378275863826274871826171875" lon="6.14916558377444744110107421875">
        <ele>175.399993896484375</ele>
        <time>2026-10-04T13:52:40.000Z</time>
        <extensions>
          <ns3:TrackPointExtension>
            <ns3:atemp>26.0</ns3:atemp>
            <ns3:hr>76</ns3:hr>
          </ns3:TrackPointExtension>
        </extensions>
      </trkpt>
      <trkpt lat="49.13784141652286052703857421875" lon="6.1491477303206920623779296875">
        <ele>175.399993896484375</ele>
        <time>2026-10-04T13:52:41.000Z</time>
        <extensions>
          <ns3:TrackPointExtension>
            <ns3:atemp>26.0</ns3:atemp>
            <ns3:hr>76</ns3:hr>
          </ns3:TrackPointExtension>
        </extensions>
      </trkpt>
      <trkpt lat="49.13785457611083984375" lon="6.1491313017904758453369140625">
        <ele>175.399993896484375</ele>
        <time>2026-10-04T13:52:42.000Z</time>
        <extensions>
          <ns3:TrackPointExtension>
            <ns3:atemp>26.0</ns3:atemp>
            <ns3:hr>75</ns3:hr>
          </ns3:TrackPointExtension>
        </extensions>
      </trkpt>
      <trkpt lat="49.1378674842417240142822265625" lon="6.1491145379841327667236328125">
        <ele>175.399993896484375</ele>
        <time>2026-10-04T13:52:43.000Z</time>
        <extensions>
          <ns3:TrackPointExtension>
            <ns3:atemp>26.0</ns3:atemp>
            <ns3:hr>74</ns3:hr>
          </ns3:TrackPointExtension>
        </extensions>
      </trkpt>
      <trkpt lat="49.137881062924861907958984375" lon="6.14910028874874114990234375">
        <ele>175.399993896484375</ele>
        <time>2026-10-04T13:52:44.000Z</time>
        <extensions>
          <ns3:TrackPointExtension>
            <ns3:atemp>26.0</ns3:atemp>
            <ns3:hr>72</ns3:hr>
          </ns3:TrackPointExtension>
        </extensions>
      </trkpt>
      <trkpt lat="49.13789321668446063995361328125" lon="6.1490862071514129638671875">
        <ele>175.399993896484375</ele>
        <time>2026-10-04T13:52:45.000Z</time>
        <extensions>
          <ns3:TrackPointExtension>
            <ns3:atemp>26.0</ns3:atemp>
            <ns3:hr>71</ns3:hr>
          </ns3:TrackPointExtension>
        </extensions>
      </trkpt>
      <trkpt lat="49.13790629245340824127197265625" lon="6.14906701259315013885498046875">
        <ele>175.600006103515625</ele>
        <time>2026-10-04T13:52:46.000Z</time>
        <extensions>
          <ns3:TrackPointExtension>
            <ns3:atemp>26.0</ns3:atemp>
            <ns3:hr>71</ns3:hr>
          </ns3:TrackPointExtension>
        </extensions>
      </trkpt>
      <trkpt lat="49.13792003877460956573486328125" lon="6.1490488238632678985595703125">
        <ele>175.600006103515625</ele>
        <time>2026-10-04T13:52:47.000Z</time>
        <extensions>
          <ns3:TrackPointExtension>
            <ns3:atemp>26.0</ns3:atemp>
            <ns3:hr>72</ns3:hr>
          </ns3:TrackPointExtension>
        </extensions>
      </trkpt>
      <trkpt lat="49.13793529383838176727294921875" lon="6.1490298807621002197265625">
        <ele>175.600006103515625</ele>
        <time>2026-10-04T13:52:48.000Z</time>
        <extensions>
          <ns3:TrackPointExtension>
            <ns3:atemp>26.0</ns3:atemp>
            <ns3:hr>73</ns3:hr>
          </ns3:TrackPointExtension>
        </extensions>
      </trkpt>
      <trkpt lat="49.13794887252151966094970703125" lon="6.1490099318325519561767578125">
        <ele>175.600006103515625</ele>
        <time>2026-10-04T13:52:49.000Z</time>
        <extensions>
          <ns3:TrackPointExtension>
            <ns3:atemp>26.0</ns3:atemp>
            <ns3:hr>73</ns3:hr>
          </ns3:TrackPointExtension>
        </extensions>
      </trkpt>
      <trkpt lat="49.13796362467110157012939453125" lon="6.1489888094365596771240234375">
        <ele>175.8000030517578125</ele>
        <time>2026-10-04T13:52:50.000Z</time>
        <extensions>
          <ns3:TrackPointExtension>
            <ns3:atemp>26.0</ns3:atemp>
            <ns3:hr>73</ns3:hr>
          </ns3:TrackPointExtension>
        </extensions>
      </trkpt>
      <trkpt lat="49.137978963553905487060546875" lon="6.1489735543727874755859375">
        <ele>175.8000030517578125</ele>
        <time>2026-10-04T13:52:51.000Z</time>
        <extensions>
          <ns3:TrackPointExtension>
            <ns3:atemp>26.0</ns3:atemp>
            <ns3:hr>73</ns3:hr>
          </ns3:TrackPointExtension>
        </extensions>
      </trkpt>
      <trkpt lat="49.1379955597221851348876953125" lon="6.14895871840417385101318359375">
        <ele>175.8000030517578125</ele>
        <time>2026-10-04T13:52:52.000Z</time>
        <extensions>
          <ns3:TrackPointExtension>
            <ns3:atemp>26.0</ns3:atemp>
            <ns3:hr>74</ns3:hr>
          </ns3:TrackPointExtension>
        </extensions>
      </trkpt>
      <trkpt lat="49.1380103118717670440673828125" lon="6.1489405296742916107177734375">
        <ele>175.8000030517578125</ele>
        <time>2026-10-04T13:52:53.000Z</time>
        <extensions>
          <ns3:TrackPointExtension>
            <ns3:atemp>26.0</ns3:atemp>
            <ns3:hr>74</ns3:hr>
          </ns3:TrackPointExtension>
        </extensions>
      </trkpt>
      <trkpt lat="49.1380243934690952301025390625" lon="6.1489230953156948089599609375">
        <ele>175.8000030517578125</ele>
        <time>2026-10-04T13:52:54.000Z</time>
        <extensions>
          <ns3:TrackPointExtension>
            <ns3:atemp>26.0</ns3:atemp>
            <ns3:hr>74</ns3:hr>
          </ns3:TrackPointExtension>
        </extensions>
      </trkpt>
      <trkpt lat="49.1380394808948040008544921875" lon="6.1489046551287174224853515625">
        <ele>175.600006103515625</ele>
        <time>2026-10-04T13:52:55.000Z</time>
        <extensions>
          <ns3:TrackPointExtension>
            <ns3:atemp>26.0</ns3:atemp>
            <ns3:hr>74</ns3:hr>
          </ns3:TrackPointExtension>
        </extensions>
      </trkpt>
      <trkpt lat="49.13805297575891017913818359375" lon="6.14888629876077175140380859375">
        <ele>175.600006103515625</ele>
        <time>2026-10-04T13:52:56.000Z</time>
        <extensions>
          <ns3:TrackPointExtension>
            <ns3:atemp>26.0</ns3:atemp>
            <ns3:hr>74</ns3:hr>
          </ns3:TrackPointExtension>
        </extensions>
      </trkpt>
      <trkpt lat="49.1380669735372066497802734375" lon="6.1488674394786357879638671875">
        <ele>175.600006103515625</ele>
        <time>2026-10-04T13:52:57.000Z</time>
        <extensions>
          <ns3:TrackPointExtension>
            <ns3:atemp>26.0</ns3:atemp>
            <ns3:hr>75</ns3:hr>
          </ns3:TrackPointExtension>
        </extensions>
      </trkpt>
      <trkpt lat="49.13807946257293224334716796875" lon="6.14884950220584869384765625">
        <ele>175.600006103515625</ele>
        <time>2026-10-04T13:52:58.000Z</time>
        <extensions>
          <ns3:TrackPointExtension>
            <ns3:atemp>26.0</ns3:atemp>
            <ns3:hr>76</ns3:hr>
          </ns3:TrackPointExtension>
        </extensions>
      </trkpt>
      <trkpt lat="49.138093627989292144775390625" lon="6.14883265458047389984130859375">
        <ele>175.600006103515625</ele>
        <time>2026-10-04T13:52:59.000Z</time>
        <extensions>
          <ns3:TrackPointExtension>
            <ns3:atemp>26.0</ns3:atemp>
            <ns3:hr>76</ns3:hr>
          </ns3:TrackPointExtension>
        </extensions>
      </trkpt>
      <trkpt lat="49.13810678757727146148681640625" lon="6.1488158069550991058349609375">
        <ele>175.600006103515625</ele>
        <time>2026-10-04T13:53:00.000Z</time>
        <extensions>
          <ns3:TrackPointExtension>
            <ns3:atemp>26.0</ns3:atemp>
            <ns3:hr>76</ns3:hr>
          </ns3:TrackPointExtension>
        </extensions>
      </trkpt>
      <trkpt lat="49.1381212882697582244873046875" lon="6.1487983725965023040771484375">
        <ele>175.600006103515625</ele>
        <time>2026-10-04T13:53:01.000Z</time>
        <extensions>
          <ns3:TrackPointExtension>
            <ns3:atemp>26.0</ns3:atemp>
            <ns3:hr>75</ns3:hr>
          </ns3:TrackPointExtension>
        </extensions>
      </trkpt>
      <trkpt lat="49.138135872781276702880859375" lon="6.14878286607563495635986328125">
        <ele>175.8000030517578125</ele>
        <time>2026-10-04T13:53:02.000Z</time>
        <extensions>
          <ns3:TrackPointExtension>
            <ns3:atemp>26.0</ns3:atemp>
            <ns3:hr>75</ns3:hr>
          </ns3:TrackPointExtension>
        </extensions>
      </trkpt>
      <trkpt lat="49.1381491161882877349853515625" lon="6.1487651802599430084228515625">
        <ele>175.8000030517578125</ele>
        <time>2026-10-04T13:53:03.000Z</time>
        <extensions>
          <ns3:TrackPointExtension>
            <ns3:atemp>26.0</ns3:atemp>
            <ns3:hr>74</ns3:hr>
          </ns3:TrackPointExtension>
        </extensions>
      </trkpt>
      <trkpt lat="49.1381605155766010284423828125" lon="6.14874682389199733734130859375">
        <ele>175.8000030517578125</ele>
        <time>2026-10-04T13:53:04.000Z</time>
        <extensions>
          <ns3:TrackPointExtension>
            <ns3:atemp>26.0</ns3:atemp>
            <ns3:hr>74</ns3:hr>
          </ns3:TrackPointExtension>
        </extensions>
      </trkpt>
      <trkpt lat="49.13817442953586578369140625" lon="6.14872737787663936614990234375">
        <ele>175.8000030517578125</ele>
        <time>2026-10-04T13:53:05.000Z</time>
        <extensions>
          <ns3:TrackPointExtension>
            <ns3:atemp>26.0</ns3:atemp>
            <ns3:hr>74</ns3:hr>
          </ns3:TrackPointExtension>
        </extensions>
      </trkpt>
      <trkpt lat="49.1381873376667499542236328125" lon="6.14870994351804256439208984375">
        <ele>175.8000030517578125</ele>
        <time>2026-10-04T13:53:06.000Z</time>
        <extensions>
          <ns3:TrackPointExtension>
            <ns3:atemp>26.0</ns3:atemp>
            <ns3:hr>75</ns3:hr>
          </ns3:TrackPointExtension>
        </extensions>
      </trkpt>
      <trkpt lat="49.1381992399692535400390625" lon="6.14869317971169948577880859375">
        <ele>175.8000030517578125</ele>
        <time>2026-10-04T13:53:07.000Z</time>
        <extensions>
          <ns3:TrackPointExtension>
            <ns3:atemp>26.0</ns3:atemp>
            <ns3:hr>74</ns3:hr>
          </ns3:TrackPointExtension>
        </extensions>
      </trkpt>
      <trkpt lat="49.1382104717195034027099609375" lon="6.148677505552768707275390625">
        <ele>175.8000030517578125</ele>
        <time>2026-10-04T13:53:08.000Z</time>
        <extensions>
          <ns3:TrackPointExtension>
            <ns3:atemp>26.0</ns3:atemp>
            <ns3:hr>74</ns3:hr>
          </ns3:TrackPointExtension>
        </extensions>
      </trkpt>
      <trkpt lat="49.1382242180407047271728515625" lon="6.14866149611771106719970703125">
        <ele>176</ele>
        <time>2026-10-04T13:53:09.000Z</time>
        <extensions>
          <ns3:TrackPointExtension>
            <ns3:atemp>26.0</ns3:atemp>
            <ns3:hr>73</ns3:hr>
          </ns3:TrackPointExtension>
        </extensions>
      </trkpt>
      <trkpt lat="49.138238467276096343994140625" lon="6.148644648492336273193359375">
        <ele>176</ele>
        <time>2026-10-04T13:53:10.000Z</time>
        <extensions>
          <ns3:TrackPointExtension>
            <ns3:atemp>26.0</ns3:atemp>
            <ns3:hr>72</ns3:hr>
          </ns3:TrackPointExtension>
        </extensions>
      </trkpt>
      <trkpt lat="49.138250537216663360595703125" lon="6.148628890514373779296875">
        <ele>176</ele>
        <time>2026-10-04T13:53:11.000Z</time>
        <extensions>
          <ns3:TrackPointExtension>
            <ns3:atemp>26.0</ns3:atemp>
            <ns3:hr>71</ns3:hr>
          </ns3:TrackPointExtension>
        </extensions>
      </trkpt>
      <trkpt lat="49.13826671428978443145751953125" lon="6.14861338399350643157958984375">
        <ele>176.1999969482421875</ele>
        <time>2026-10-04T13:53:12.000Z</time>
        <extensions>
          <ns3:TrackPointExtension>
            <ns3:atemp>26.0</ns3:atemp>
            <ns3:hr>71</ns3:hr>
          </ns3:TrackPointExtension>
        </extensions>
      </trkpt>
      <trkpt lat="49.138279370963573455810546875" lon="6.14859762601554393768310546875">
        <ele>176.1999969482421875</ele>
        <time>2026-10-04T13:53:13.000Z</time>
        <extensions>
          <ns3:TrackPointExtension>
            <ns3:atemp>26.0</ns3:atemp>
            <ns3:hr>71</ns3:hr>
          </ns3:TrackPointExtension>
        </extensions>
      </trkpt>
      <trkpt lat="49.1382931172847747802734375" lon="6.14858153276145458221435546875">
        <ele>176.1999969482421875</ele>
        <time>2026-10-04T13:53:14.000Z</time>
        <extensions>
          <ns3:TrackPointExtension>
            <ns3:atemp>26.0</ns3:atemp>
            <ns3:hr>71</ns3:hr>
          </ns3:TrackPointExtension>
        </extensions>
      </trkpt>
      <trkpt lat="49.138306193053722381591796875" lon="6.1485683731734752655029296875">
        <ele>176.399993896484375</ele>
        <time>2026-10-04T13:53:15.000Z</time>
        <extensions>
          <ns3:TrackPointExtension>
            <ns3:atemp>26.0</ns3:atemp>
            <ns3:hr>71</ns3:hr>
          </ns3:TrackPointExtension>
        </extensions>
      </trkpt>
      <trkpt lat="49.13831683807075023651123046875" lon="6.14855018444359302520751953125">
        <ele>176.399993896484375</ele>
        <time>2026-10-04T13:53:16.000Z</time>
        <extensions>
          <ns3:TrackPointExtension>
            <ns3:atemp>26.0</ns3:atemp>
            <ns3:hr>71</ns3:hr>
          </ns3:TrackPointExtension>
        </extensions>
      </trkpt>
      <trkpt lat="49.13833058439195156097412109375" lon="6.14853157661855220794677734375">
        <ele>176.399993896484375</ele>
        <time>2026-10-04T13:53:17.000Z</time>
        <extensions>
          <ns3:TrackPointExtension>
            <ns3:atemp>26.0</ns3:atemp>
            <ns3:hr>70</ns3:hr>
          </ns3:TrackPointExtension>
        </extensions>
      </trkpt>
      <trkpt lat="49.13834617473185062408447265625" lon="6.14852084778249263763427734375">
        <ele>176.600006103515625</ele>
        <time>2026-10-04T13:53:18.000Z</time>
        <extensions>
          <ns3:TrackPointExtension>
            <ns3:atemp>26.0</ns3:atemp>
            <ns3:hr>71</ns3:hr>
          </ns3:TrackPointExtension>
        </extensions>
      </trkpt>
      <trkpt lat="49.13836126215755939483642578125" lon="6.1485103704035282135009765625">
        <ele>176.600006103515625</ele>
        <time>2026-10-04T13:53:19.000Z</time>
        <extensions>
          <ns3:TrackPointExtension>
            <ns3:atemp>26.0</ns3:atemp>
            <ns3:hr>71</ns3:hr>
          </ns3:TrackPointExtension>
        </extensions>
      </trkpt>
      <trkpt lat="49.13837718777358531951904296875" lon="6.14849737845361232757568359375">
        <ele>176.600006103515625</ele>
        <time>2026-10-04T13:53:20.000Z</time>
        <extensions>
          <ns3:TrackPointExtension>
            <ns3:atemp>26.0</ns3:atemp>
            <ns3:hr>72</ns3:hr>
          </ns3:TrackPointExtension>
        </extensions>
      </trkpt>
      <trkpt lat="49.13838758133351802825927734375" lon="6.14847810007631778717041015625">
        <ele>176.8000030517578125</ele>
        <time>2026-10-04T13:53:21.000Z</time>
        <extensions>
          <ns3:TrackPointExtension>
            <ns3:atemp>26.0</ns3:atemp>
            <ns3:hr>72</ns3:hr>
          </ns3:TrackPointExtension>
        </extensions>
      </trkpt>
      <trkpt lat="49.1383952088654041290283203125" lon="6.1484567262232303619384765625">
        <ele>176.8000030517578125</ele>
        <time>2026-10-04T13:53:22.000Z</time>
        <extensions>
          <ns3:TrackPointExtension>
            <ns3:atemp>26.0</ns3:atemp>
            <ns3:hr>73</ns3:hr>
          </ns3:TrackPointExtension>
        </extensions>
      </trkpt>
      <trkpt lat="49.13840417750179767608642578125" lon="6.14843736402690410614013671875">
        <ele>176.8000030517578125</ele>
        <time>2026-10-04T13:53:23.000Z</time>
        <extensions>
          <ns3:TrackPointExtension>
            <ns3:atemp>26.0</ns3:atemp>
            <ns3:hr>74</ns3:hr>
          </ns3:TrackPointExtension>
        </extensions>
      </trkpt>
      <trkpt lat="49.138416834175586700439453125" lon="6.14842168986797332763671875">
        <ele>177</ele>
        <time>2026-10-04T13:53:24.000Z</time>
        <extensions>
          <ns3:TrackPointExtension>
            <ns3:atemp>26.0</ns3:atemp>
            <ns3:hr>74</ns3:hr>
          </ns3:TrackPointExtension>
        </extensions>
      </trkpt>
      <trkpt lat="49.13842462934553623199462890625" lon="6.14840316586196422576904296875">
        <ele>177</ele>
        <time>2026-10-04T13:53:25.000Z</time>
        <extensions>
          <ns3:TrackPointExtension>
            <ns3:atemp>26.0</ns3:atemp>
            <ns3:hr>75</ns3:hr>
          </ns3:TrackPointExtension>
        </extensions>
      </trkpt>
      <trkpt lat="49.13843820802867412567138671875" lon="6.148382462561130523681640625">
        <ele>177.1999969482421875</ele>
        <time>2026-10-04T13:53:26.000Z</time>
        <extensions>
          <ns3:TrackPointExtension>
            <ns3:atemp>26.0</ns3:atemp>
            <ns3:hr>75</ns3:hr>
          </ns3:TrackPointExtension>
        </extensions>
      </trkpt>
      <trkpt lat="49.13845279254019260406494140625" lon="6.14836796186864376068115234375">
        <ele>177.1999969482421875</ele>
        <time>2026-10-04T13:53:27.000Z</time>
        <extensions>
          <ns3:TrackPointExtension>
            <ns3:atemp>26.0</ns3:atemp>
            <ns3:hr>76</ns3:hr>
          </ns3:TrackPointExtension>
        </extensions>
      </trkpt>
      <trkpt lat="49.1384696401655673980712890625" lon="6.1483548022806644439697265625">
        <ele>177.1999969482421875</ele>
        <time>2026-10-04T13:53:28.000Z</time>
        <extensions>
          <ns3:TrackPointExtension>
            <ns3:atemp>26.0</ns3:atemp>
            <ns3:hr>76</ns3:hr>
          </ns3:TrackPointExtension>
        </extensions>
      </trkpt>
      <trkpt lat="49.13848564960062503814697265625" lon="6.14834113977849483489990234375">
        <ele>177.399993896484375</ele>
        <time>2026-10-04T13:53:29.000Z</time>
        <extensions>
          <ns3:TrackPointExtension>
            <ns3:atemp>26.0</ns3:atemp>
            <ns3:hr>76</ns3:hr>
          </ns3:TrackPointExtension>
        </extensions>
      </trkpt>
      <trkpt lat="49.13849939592182636260986328125" lon="6.14832839928567409515380859375">
        <ele>177.399993896484375</ele>
        <time>2026-10-04T13:53:30.000Z</time>
        <extensions>
          <ns3:TrackPointExtension>
            <ns3:atemp>26.0</ns3:atemp>
            <ns3:hr>77</ns3:hr>
          </ns3:TrackPointExtension>
        </extensions>
      </trkpt>
      <trkpt lat="49.13851196877658367156982421875" lon="6.14831951446831226348876953125">
        <ele>177.399993896484375</ele>
        <time>2026-10-04T13:53:31.000Z</time>
        <extensions>
          <ns3:TrackPointExtension>
            <ns3:atemp>26.0</ns3:atemp>
            <ns3:hr>77</ns3:hr>
          </ns3:TrackPointExtension>
        </extensions>
      </trkpt>
      <trkpt lat="49.13852336816489696502685546875" lon="6.14830576814711093902587890625">
        <ele>177.399993896484375</ele>
        <time>2026-10-04T13:53:32.000Z</time>
        <extensions>
          <ns3:TrackPointExtension>
            <ns3:atemp>26.0</ns3:atemp>
            <ns3:hr>78</ns3:hr>
          </ns3:TrackPointExtension>
        </extensions>
      </trkpt>
      <trkpt lat="49.13853409700095653533935546875" lon="6.14829101599752902984619140625">
        <ele>177.399993896484375</ele>
        <time>2026-10-04T13:53:33.000Z</time>
        <extensions>
          <ns3:TrackPointExtension>
            <ns3:atemp>26.0</ns3:atemp>
            <ns3:hr>78</ns3:hr>
          </ns3:TrackPointExtension>
        </extensions>
      </trkpt>
      <trkpt lat="49.138546921312808990478515625" lon="6.14827693440020084381103515625">
        <ele>177.399993896484375</ele>
        <time>2026-10-04T13:53:34.000Z</time>
        <extensions>
          <ns3:TrackPointExtension>
            <ns3:atemp>26.0</ns3:atemp>
            <ns3:hr>79</ns3:hr>
          </ns3:TrackPointExtension>
        </extensions>
      </trkpt>
      <trkpt lat="49.1385611705482006072998046875" lon="6.14826687611639499664306640625">
        <ele>177.399993896484375</ele>
        <time>2026-10-04T13:53:35.000Z</time>
        <extensions>
          <ns3:TrackPointExtension>
            <ns3:atemp>26.0</ns3:atemp>
            <ns3:hr>80</ns3:hr>
          </ns3:TrackPointExtension>
        </extensions>
      </trkpt>
      <trkpt lat="49.13857533596456050872802734375" lon="6.1482589133083820343017578125">
        <ele>177.399993896484375</ele>
        <time>2026-10-04T13:53:36.000Z</time>
        <extensions>
          <ns3:TrackPointExtension>
            <ns3:atemp>26.0</ns3:atemp>
            <ns3:hr>80</ns3:hr>
          </ns3:TrackPointExtension>
        </extensions>
      </trkpt>
      <trkpt lat="49.138589836657047271728515625" lon="6.1482515372335910797119140625">
        <ele>177.399993896484375</ele>
        <time>2026-10-04T13:53:37.000Z</time>
        <extensions>
          <ns3:TrackPointExtension>
            <ns3:atemp>26.0</ns3:atemp>
            <ns3:hr>80</ns3:hr>
          </ns3:TrackPointExtension>
        </extensions>
      </trkpt>
      <trkpt lat="49.138601906597614288330078125" lon="6.14823686890304088592529296875">
        <ele>177.399993896484375</ele>
        <time>2026-10-04T13:53:38.000Z</time>
        <extensions>
          <ns3:TrackPointExtension>
            <ns3:atemp>26.0</ns3:atemp>
            <ns3:hr>80</ns3:hr>
          </ns3:TrackPointExtension>
        </extensions>
      </trkpt>
      <trkpt lat="49.1386148147284984588623046875" lon="6.14822228439152240753173828125">
        <ele>177.399993896484375</ele>
        <time>2026-10-04T13:53:39.000Z</time>
        <extensions>
          <ns3:TrackPointExtension>
            <ns3:atemp>26.0</ns3:atemp>
            <ns3:hr>79</ns3:hr>
          </ns3:TrackPointExtension>
        </extensions>
      </trkpt>
      <trkpt lat="49.1386278904974460601806640625" lon="6.1482056044042110443115234375">
        <ele>177.1999969482421875</ele>
        <time>2026-10-04T13:53:40.000Z</time>
        <extensions>
          <ns3:TrackPointExtension>
            <ns3:atemp>26.0</ns3:atemp>
            <ns3:hr>79</ns3:hr>
          </ns3:TrackPointExtension>
        </extensions>
      </trkpt>
      <trkpt lat="49.138641469180583953857421875" lon="6.14818758331239223480224609375">
        <ele>177.1999969482421875</ele>
        <time>2026-10-04T13:53:41.000Z</time>
        <extensions>
          <ns3:TrackPointExtension>
            <ns3:atemp>26.0</ns3:atemp>
            <ns3:hr>78</ns3:hr>
          </ns3:TrackPointExtension>
        </extensions>
      </trkpt>
      <trkpt lat="49.13865546695888042449951171875" lon="6.148169897496700286865234375">
        <ele>177.1999969482421875</ele>
        <time>2026-10-04T13:53:42.000Z</time>
        <extensions>
          <ns3:TrackPointExtension>
            <ns3:atemp>26.0</ns3:atemp>
            <ns3:hr>78</ns3:hr>
          </ns3:TrackPointExtension>
        </extensions>
      </trkpt>
      <trkpt lat="49.1386694647371768951416015625" lon="6.148152463138103485107421875">
        <ele>177.1999969482421875</ele>
        <time>2026-10-04T13:53:43.000Z</time>
        <extensions>
          <ns3:TrackPointExtension>
            <ns3:atemp>26.0</ns3:atemp>
            <ns3:hr>78</ns3:hr>
          </ns3:TrackPointExtension>
        </extensions>
      </trkpt>
      <trkpt lat="49.1386845521628856658935546875" lon="6.1481338553130626678466796875">
        <ele>177.1999969482421875</ele>
        <time>2026-10-04T13:53:44.000Z</time>
        <extensions>
          <ns3:TrackPointExtension>
            <ns3:atemp>26.0</ns3:atemp>
            <ns3:hr>78</ns3:hr>
          </ns3:TrackPointExtension>
        </extensions>
      </trkpt>
      <trkpt lat="49.13869687356054782867431640625" lon="6.14811449311673641204833984375">
        <ele>177.1999969482421875</ele>
        <time>2026-10-04T13:53:45.000Z</time>
        <extensions>
          <ns3:TrackPointExtension>
            <ns3:atemp>26.0</ns3:atemp>
            <ns3:hr>77</ns3:hr>
          </ns3:TrackPointExtension>
        </extensions>
      </trkpt>
      <trkpt lat="49.13870844058692455291748046875" lon="6.14809638820588588714599609375">
        <ele>177.1999969482421875</ele>
        <time>2026-10-04T13:53:46.000Z</time>
        <extensions>
          <ns3:TrackPointExtension>
            <ns3:atemp>26.0</ns3:atemp>
            <ns3:hr>77</ns3:hr>
          </ns3:TrackPointExtension>
        </extensions>
      </trkpt>
      <trkpt lat="49.1387204267084598541259765625" lon="6.14808046258985996246337890625">
        <ele>177.399993896484375</ele>
        <time>2026-10-04T13:53:47.000Z</time>
        <extensions>
          <ns3:TrackPointExtension>
            <ns3:atemp>26.0</ns3:atemp>
            <ns3:hr>77</ns3:hr>
          </ns3:TrackPointExtension>
        </extensions>
      </trkpt>
      <trkpt lat="49.138735346496105194091796875" lon="6.14806185476481914520263671875">
        <ele>177.399993896484375</ele>
        <time>2026-10-04T13:53:48.000Z</time>
        <extensions>
          <ns3:TrackPointExtension>
            <ns3:atemp>26.0</ns3:atemp>
            <ns3:hr>76</ns3:hr>
          </ns3:TrackPointExtension>
        </extensions>
      </trkpt>
      <trkpt lat="49.13875110447406768798828125" lon="6.1480440013110637664794921875">
        <ele>177.399993896484375</ele>
        <time>2026-10-04T13:53:49.000Z</time>
        <extensions>
          <ns3:TrackPointExtension>
            <ns3:atemp>26.0</ns3:atemp>
            <ns3:hr>77</ns3:hr>
          </ns3:TrackPointExtension>
        </extensions>
      </trkpt>
      <trkpt lat="49.13876459933817386627197265625" lon="6.14802681840956211090087890625">
        <ele>177.399993896484375</ele>
        <time>2026-10-04T13:53:50.000Z</time>
        <extensions>
          <ns3:TrackPointExtension>
            <ns3:atemp>26.0</ns3:atemp>
            <ns3:hr>76</ns3:hr>
          </ns3:TrackPointExtension>
        </extensions>
      </trkpt>
      <trkpt lat="49.13877817802131175994873046875" lon="6.14801038987934589385986328125">
        <ele>177.399993896484375</ele>
        <time>2026-10-04T13:53:51.000Z</time>
        <extensions>
          <ns3:TrackPointExtension>
            <ns3:atemp>26.0</ns3:atemp>
            <ns3:hr>76</ns3:hr>
          </ns3:TrackPointExtension>
        </extensions>
      </trkpt>
      <trkpt lat="49.13879242725670337677001953125" lon="6.1479960568249225616455078125">
        <ele>177.399993896484375</ele>
        <time>2026-10-04T13:53:52.000Z</time>
        <extensions>
          <ns3:TrackPointExtension>
            <ns3:atemp>26.0</ns3:atemp>
            <ns3:hr>76</ns3:hr>
          </ns3:TrackPointExtension>
        </extensions>
      </trkpt>
      <trkpt lat="49.13880567066371440887451171875" lon="6.14798021502792835235595703125">
        <ele>177.399993896484375</ele>
        <time>2026-10-04T13:53:53.000Z</time>
        <extensions>
          <ns3:TrackPointExtension>
            <ns3:atemp>26.0</ns3:atemp>
            <ns3:hr>76</ns3:hr>
          </ns3:TrackPointExtension>
        </extensions>
      </trkpt>
      <trkpt lat="49.1388206742703914642333984375" lon="6.14796630106866359710693359375">
        <ele>177.399993896484375</ele>
        <time>2026-10-04T13:53:54.000Z</time>
        <extensions>
          <ns3:TrackPointExtension>
            <ns3:atemp>26.0</ns3:atemp>
            <ns3:hr>76</ns3:hr>
          </ns3:TrackPointExtension>
        </extensions>
      </trkpt>
      <trkpt lat="49.1388357616961002349853515625" lon="6.1479518003761768341064453125">
        <ele>177.399993896484375</ele>
        <time>2026-10-04T13:53:55.000Z</time>
        <extensions>
          <ns3:TrackPointExtension>
            <ns3:atemp>26.0</ns3:atemp>
            <ns3:hr>76</ns3:hr>
          </ns3:TrackPointExtension>
        </extensions>
      </trkpt>
      <trkpt lat="49.13884900510311126708984375" lon="6.14793377928435802459716796875">
        <ele>177.399993896484375</ele>
        <time>2026-10-04T13:53:56.000Z</time>
        <extensions>
          <ns3:TrackPointExtension>
            <ns3:atemp>26.0</ns3:atemp>
            <ns3:hr>76</ns3:hr>
          </ns3:TrackPointExtension>
        </extensions>
      </trkpt>
      <trkpt lat="49.138863421976566314697265625" lon="6.147915758192539215087890625">
        <ele>177.399993896484375</ele>
        <time>2026-10-04T13:53:57.000Z</time>
        <extensions>
          <ns3:TrackPointExtension>
            <ns3:atemp>26.0</ns3:atemp>
            <ns3:hr>75</ns3:hr>
          </ns3:TrackPointExtension>
        </extensions>
      </trkpt>
      <trkpt lat="49.1388766653835773468017578125" lon="6.14789824001491069793701171875">
        <ele>177.399993896484375</ele>
        <time>2026-10-04T13:53:58.000Z</time>
        <extensions>
          <ns3:TrackPointExtension>
            <ns3:atemp>26.0</ns3:atemp>
            <ns3:hr>75</ns3:hr>
          </ns3:TrackPointExtension>
        </extensions>
      </trkpt>
      <trkpt lat="49.13889267481863498687744140625" lon="6.14788231439888477325439453125">
        <ele>177.399993896484375</ele>
        <time>2026-10-04T13:53:59.000Z</time>
        <extensions>
          <ns3:TrackPointExtension>
            <ns3:atemp>26.0</ns3:atemp>
            <ns3:hr>74</ns3:hr>
          </ns3:TrackPointExtension>
        </extensions>
      </trkpt>
      <trkpt lat="49.1389098577201366424560546875" lon="6.14787007682025432586669921875">
        <ele>177.399993896484375</ele>
        <time>2026-10-04T13:54:00.000Z</time>
        <extensions>
          <ns3:TrackPointExtension>
            <ns3:atemp>26.0</ns3:atemp>
            <ns3:hr>74</ns3:hr>
          </ns3:TrackPointExtension>
        </extensions>
      </trkpt>
      <trkpt lat="49.138926453888416290283203125" lon="6.14785448648035526275634765625">
        <ele>177.399993896484375</ele>
        <time>2026-10-04T13:54:01.000Z</time>
        <extensions>
          <ns3:TrackPointExtension>
            <ns3:atemp>26.0</ns3:atemp>
            <ns3:hr>73</ns3:hr>
          </ns3:TrackPointExtension>
        </extensions>
      </trkpt>
      <trkpt lat="49.1389420442283153533935546875" lon="6.147840321063995361328125">
        <ele>177.399993896484375</ele>
        <time>2026-10-04T13:54:02.000Z</time>
        <extensions>
          <ns3:TrackPointExtension>
            <ns3:atemp>26.0</ns3:atemp>
            <ns3:hr>72</ns3:hr>
          </ns3:TrackPointExtension>
        </extensions>
      </trkpt>
      <trkpt lat="49.1389556229114532470703125" lon="6.14782665856182575225830078125">
        <ele>177.399993896484375</ele>
        <time>2026-10-04T13:54:03.000Z</time>
        <extensions>
          <ns3:TrackPointExtension>
            <ns3:atemp>26.0</ns3:atemp>
            <ns3:hr>70</ns3:hr>
          </ns3:TrackPointExtension>
        </extensions>
      </trkpt>
      <trkpt lat="49.13896895013749599456787109375" lon="6.14781257696449756622314453125">
        <ele>177.399993896484375</ele>
        <time>2026-10-04T13:54:04.000Z</time>
        <extensions>
          <ns3:TrackPointExtension>
            <ns3:atemp>26.0</ns3:atemp>
            <ns3:hr>70</ns3:hr>
          </ns3:TrackPointExtension>
        </extensions>
      </trkpt>
      <trkpt lat="49.138984791934490203857421875" lon="6.1478019319474697113037109375">
        <ele>177.399993896484375</ele>
        <time>2026-10-04T13:54:05.000Z</time>
        <extensions>
          <ns3:TrackPointExtension>
            <ns3:atemp>26.0</ns3:atemp>
            <ns3:hr>70</ns3:hr>
          </ns3:TrackPointExtension>
        </extensions>
      </trkpt>
      <trkpt lat="49.13900231011211872100830078125" lon="6.1477972380816936492919921875">
        <ele>177.399993896484375</ele>
        <time>2026-10-04T13:54:06.000Z</time>
        <extensions>
          <ns3:TrackPointExtension>
            <ns3:atemp>26.0</ns3:atemp>
            <ns3:hr>69</ns3:hr>
          </ns3:TrackPointExtension>
        </extensions>
      </trkpt>
      <trkpt lat="49.13902041502296924591064453125" lon="6.147796399891376495361328125">
        <ele>177.399993896484375</ele>
        <time>2026-10-04T13:54:07.000Z</time>
        <extensions>
          <ns3:TrackPointExtension>
            <ns3:atemp>26.0</ns3:atemp>
            <ns3:hr>70</ns3:hr>
          </ns3:TrackPointExtension>
        </extensions>
      </trkpt>
      <trkpt lat="49.13903868757188320159912109375" lon="6.14779715426266193389892578125">
        <ele>177.399993896484375</ele>
        <time>2026-10-04T13:54:08.000Z</time>
        <extensions>
          <ns3:TrackPointExtension>
            <ns3:atemp>26.0</ns3:atemp>
            <ns3:hr>70</ns3:hr>
          </ns3:TrackPointExtension>
        </extensions>
      </trkpt>
      <trkpt lat="49.139057882130146026611328125" lon="6.1478014290332794189453125">
        <ele>177.399993896484375</ele>
        <time>2026-10-04T13:54:09.000Z</time>
        <extensions>
          <ns3:TrackPointExtension>
            <ns3:atemp>26.0</ns3:atemp>
            <ns3:hr>69</ns3:hr>
          </ns3:TrackPointExtension>
        </extensions>
      </trkpt>
      <trkpt lat="49.1390798427164554595947265625" lon="6.14780235104262828826904296875">
        <ele>177.399993896484375</ele>
        <time>2026-10-04T13:54:10.000Z</time>
        <extensions>
          <ns3:TrackPointExtension>
            <ns3:atemp>26.0</ns3:atemp>
            <ns3:hr>68</ns3:hr>
          </ns3:TrackPointExtension>
        </extensions>
      </trkpt>
      <trkpt lat="49.139101468026638031005859375" lon="6.14780469797551631927490234375">
        <ele>177.399993896484375</ele>
        <time>2026-10-04T13:54:11.000Z</time>
        <extensions>
          <ns3:TrackPointExtension>
            <ns3:atemp>26.0</ns3:atemp>
            <ns3:hr>68</ns3:hr>
          </ns3:TrackPointExtension>
        </extensions>
      </trkpt>
      <trkpt lat="49.13912233896553516387939453125" lon="6.147800423204898834228515625">
        <ele>177.399993896484375</ele>
        <time>2026-10-04T13:54:12.000Z</time>
        <extensions>
          <ns3:TrackPointExtension>
            <ns3:atemp>26.0</ns3:atemp>
            <ns3:hr>68</ns3:hr>
          </ns3:TrackPointExtension>
        </extensions>
      </trkpt>
      <trkpt lat="49.1391448862850666046142578125" lon="6.1477975733578205108642578125">
        <ele>177.399993896484375</ele>
        <time>2026-10-04T13:54:13.000Z</time>
        <extensions>
          <ns3:TrackPointExtension>
            <ns3:atemp>26.0</ns3:atemp>
            <ns3:hr>67</ns3:hr>
          </ns3:TrackPointExtension>
        </extensions>
      </trkpt>
      <trkpt lat="49.13916592486202716827392578125" lon="6.14779681898653507232666015625">
        <ele>177.399993896484375</ele>
        <time>2026-10-04T13:54:14.000Z</time>
        <extensions>
          <ns3:TrackPointExtension>
            <ns3:atemp>26.0</ns3:atemp>
            <ns3:hr>67</ns3:hr>
          </ns3:TrackPointExtension>
        </extensions>
      </trkpt>
      <trkpt lat="49.13918687961995601654052734375" lon="6.147797740995883941650390625">
        <ele>177.600006103515625</ele>
        <time>2026-10-04T13:54:15.000Z</time>
        <extensions>
          <ns3:TrackPointExtension>
            <ns3:atemp>26.0</ns3:atemp>
            <ns3:hr>67</ns3:hr>
          </ns3:TrackPointExtension>
        </extensions>
      </trkpt>
      <trkpt lat="49.13920666091144084930419921875" lon="6.14779648371040821075439453125">
        <ele>177.399993896484375</ele>
        <time>2026-10-04T13:54:16.000Z</time>
        <extensions>
          <ns3:TrackPointExtension>
            <ns3:atemp>26.0</ns3:atemp>
            <ns3:hr>68</ns3:hr>
          </ns3:TrackPointExtension>
        </extensions>
      </trkpt>
      <trkpt lat="49.1392246820032596588134765625" lon="6.1477985791862010955810546875">
        <ele>177.600006103515625</ele>
        <time>2026-10-04T13:54:17.000Z</time>
        <extensions>
          <ns3:TrackPointExtension>
            <ns3:atemp>26.0</ns3:atemp>
            <ns3:hr>68</ns3:hr>
          </ns3:TrackPointExtension>
        </extensions>
      </trkpt>
      <trkpt lat="49.13924253545701503753662109375" lon="6.1478009261190891265869140625">
        <ele>177.399993896484375</ele>
        <time>2026-10-04T13:54:18.000Z</time>
        <extensions>
          <ns3:TrackPointExtension>
            <ns3:atemp>26.0</ns3:atemp>
            <ns3:hr>68</ns3:hr>
          </ns3:TrackPointExtension>
        </extensions>
      </trkpt>
      <trkpt lat="49.139261730015277862548828125" lon="6.147803105413913726806640625">
        <ele>177.399993896484375</ele>
        <time>2026-10-04T13:54:19.000Z</time>
        <extensions>
          <ns3:TrackPointExtension>
            <ns3:atemp>26.0</ns3:atemp>
            <ns3:hr>68</ns3:hr>
          </ns3:TrackPointExtension>
        </extensions>
      </trkpt>
      <trkpt lat="49.139279164373874664306640625" lon="6.14780520088970661163330078125">
        <ele>177.399993896484375</ele>
        <time>2026-10-04T13:54:20.000Z</time>
        <extensions>
          <ns3:TrackPointExtension>
            <ns3:atemp>26.0</ns3:atemp>
            <ns3:hr>68</ns3:hr>
          </ns3:TrackPointExtension>
        </extensions>
      </trkpt>
      <trkpt lat="49.13929651491343975067138671875" lon="6.1478022672235965728759765625">
        <ele>177.399993896484375</ele>
        <time>2026-10-04T13:54:21.000Z</time>
        <extensions>
          <ns3:TrackPointExtension>
            <ns3:atemp>26.0</ns3:atemp>
            <ns3:hr>68</ns3:hr>
          </ns3:TrackPointExtension>
        </extensions>
      </trkpt>
      <trkpt lat="49.13931780494749546051025390625" lon="6.147801764309406280517578125">
        <ele>177.399993896484375</ele>
        <time>2026-10-04T13:54:22.000Z</time>
        <extensions>
          <ns3:TrackPointExtension>
            <ns3:atemp>26.0</ns3:atemp>
            <ns3:hr>68</ns3:hr>
          </ns3:TrackPointExtension>
        </extensions>
      </trkpt>
      <trkpt lat="49.13934026844799518585205078125" lon="6.14780268631875514984130859375">
        <ele>177.399993896484375</ele>
        <time>2026-10-04T13:54:23.000Z</time>
        <extensions>
          <ns3:TrackPointExtension>
            <ns3:atemp>26.0</ns3:atemp>
            <ns3:hr>68</ns3:hr>
          </ns3:TrackPointExtension>
        </extensions>
      </trkpt>
      <trkpt lat="49.13936197757720947265625" lon="6.14780821837484836578369140625">
        <ele>177.399993896484375</ele>
        <time>2026-10-04T13:54:24.000Z</time>
        <extensions>
          <ns3:TrackPointExtension>
            <ns3:atemp>26.0</ns3:atemp>
            <ns3:hr>67</ns3:hr>
          </ns3:TrackPointExtension>
        </extensions>
      </trkpt>
      <trkpt lat="49.13938150741159915924072265625" lon="6.14781475625932216644287109375">
        <ele>177.1999969482421875</ele>
        <time>2026-10-04T13:54:25.000Z</time>
        <extensions>
          <ns3:TrackPointExtension>
            <ns3:atemp>26.0</ns3:atemp>
            <ns3:hr>67</ns3:hr>
          </ns3:TrackPointExtension>
        </extensions>
      </trkpt>
      <trkpt lat="49.1394027136266231536865234375" lon="6.14781961776316165924072265625">
        <ele>177.1999969482421875</ele>
        <time>2026-10-04T13:54:26.000Z</time>
        <extensions>
          <ns3:TrackPointExtension>
            <ns3:atemp>26.0</ns3:atemp>
            <ns3:hr>67</ns3:hr>
          </ns3:TrackPointExtension>
        </extensions>
      </trkpt>
      <trkpt lat="49.13942308165132999420166015625" lon="6.14782364107668399810791015625">
        <ele>177.1999969482421875</ele>
        <time>2026-10-04T13:54:27.000Z</time>
        <extensions>
          <ns3:TrackPointExtension>
            <ns3:atemp>26.0</ns3:atemp>
            <ns3:hr>67</ns3:hr>
          </ns3:TrackPointExtension>
        </extensions>
      </trkpt>
      <trkpt lat="49.13944520987570285797119140625" lon="6.1478267423808574676513671875">
        <ele>177.1999969482421875</ele>
        <time>2026-10-04T13:54:28.000Z</time>
        <extensions>
          <ns3:TrackPointExtension>
            <ns3:atemp>26.0</ns3:atemp>
            <ns3:hr>67</ns3:hr>
          </ns3:TrackPointExtension>
        </extensions>
      </trkpt>
      <trkpt lat="49.139467589557170867919921875" lon="6.1478267423808574676513671875">
        <ele>177.399993896484375</ele>
        <time>2026-10-04T13:54:29.000Z</time>
        <extensions>
          <ns3:TrackPointExtension>
            <ns3:atemp>26.0</ns3:atemp>
            <ns3:hr>66</ns3:hr>
          </ns3:TrackPointExtension>
        </extensions>
      </trkpt>
      <trkpt lat="49.13948980160057544708251953125" lon="6.1478300951421260833740234375">
        <ele>177.399993896484375</ele>
        <time>2026-10-04T13:54:30.000Z</time>
        <extensions>
          <ns3:TrackPointExtension>
            <ns3:atemp>26.0</ns3:atemp>
            <ns3:hr>66</ns3:hr>
          </ns3:TrackPointExtension>
        </extensions>
      </trkpt>
      <trkpt lat="49.13951058872044086456298828125" lon="6.14783604629337787628173828125">
        <ele>177.399993896484375</ele>
        <time>2026-10-04T13:54:31.000Z</time>
        <extensions>
          <ns3:TrackPointExtension>
            <ns3:atemp>26.0</ns3:atemp>
            <ns3:hr>65</ns3:hr>
          </ns3:TrackPointExtension>
        </extensions>
      </trkpt>
      <trkpt lat="49.1395307891070842742919921875" lon="6.14784057252109050750732421875">
        <ele>177.399993896484375</ele>
        <time>2026-10-04T13:54:32.000Z</time>
        <extensions>
          <ns3:TrackPointExtension>
            <ns3:atemp>26.0</ns3:atemp>
            <ns3:hr>65</ns3:hr>
          </ns3:TrackPointExtension>
        </extensions>
      </trkpt>
      <trkpt lat="49.139552079141139984130859375" lon="6.14784828387200832366943359375">
        <ele>177.1999969482421875</ele>
        <time>2026-10-04T13:54:33.000Z</time>
        <extensions>
          <ns3:TrackPointExtension>
            <ns3:atemp>26.0</ns3:atemp>
            <ns3:hr>65</ns3:hr>
          </ns3:TrackPointExtension>
        </extensions>
      </trkpt>
      <trkpt lat="49.13957295008003711700439453125" lon="6.14785951562225818634033203125">
        <ele>177.1999969482421875</ele>
        <time>2026-10-04T13:54:34.000Z</time>
        <extensions>
          <ns3:TrackPointExtension>
            <ns3:atemp>26.0</ns3:atemp>
            <ns3:hr>66</ns3:hr>
          </ns3:TrackPointExtension>
        </extensions>
      </trkpt>
      <trkpt lat="49.1395938210189342498779296875" lon="6.147870831191539764404296875">
        <ele>177.1999969482421875</ele>
        <time>2026-10-04T13:54:35.000Z</time>
        <extensions>
          <ns3:TrackPointExtension>
            <ns3:atemp>26.0</ns3:atemp>
            <ns3:hr>66</ns3:hr>
          </ns3:TrackPointExtension>
        </extensions>
      </trkpt>
      <trkpt lat="49.139616452157497406005859375" lon="6.14788055419921875">
        <ele>177.1999969482421875</ele>
        <time>2026-10-04T13:54:36.000Z</time>
        <extensions>
          <ns3:TrackPointExtension>
            <ns3:atemp>26.0</ns3:atemp>
            <ns3:hr>66</ns3:hr>
          </ns3:TrackPointExtension>
        </extensions>
      </trkpt>
      <trkpt lat="49.1396360658109188079833984375" lon="6.14788633771240711212158203125">
        <ele>177.1999969482421875</ele>
        <time>2026-10-04T13:54:37.000Z</time>
        <extensions>
          <ns3:TrackPointExtension>
            <ns3:atemp>26.0</ns3:atemp>
            <ns3:hr>66</ns3:hr>
          </ns3:TrackPointExtension>
        </extensions>
      </trkpt>
      <trkpt lat="49.139657355844974517822265625" lon="6.147893965244293212890625">
        <ele>177.1999969482421875</ele>
        <time>2026-10-04T13:54:38.000Z</time>
        <extensions>
          <ns3:TrackPointExtension>
            <ns3:atemp>26.0</ns3:atemp>
            <ns3:hr>66</ns3:hr>
          </ns3:TrackPointExtension>
        </extensions>
      </trkpt>
      <trkpt lat="49.13967604748904705047607421875" lon="6.14789689891040325164794921875">
        <ele>177.1999969482421875</ele>
        <time>2026-10-04T13:54:39.000Z</time>
        <extensions>
          <ns3:TrackPointExtension>
            <ns3:atemp>26.0</ns3:atemp>
            <ns3:hr>66</ns3:hr>
          </ns3:TrackPointExtension>
        </extensions>
      </trkpt>
      <trkpt lat="49.1396977566182613372802734375" lon="6.14789664745330810546875">
        <ele>177.1999969482421875</ele>
        <time>2026-10-04T13:54:40.000Z</time>
        <extensions>
          <ns3:TrackPointExtension>
            <ns3:atemp>26.0</ns3:atemp>
            <ns3:hr>66</ns3:hr>
          </ns3:TrackPointExtension>
        </extensions>
      </trkpt>
      <trkpt lat="49.1397138498723506927490234375" lon="6.1479041911661624908447265625">
        <ele>177.1999969482421875</ele>
        <time>2026-10-04T13:54:41.000Z</time>
        <extensions>
          <ns3:TrackPointExtension>
            <ns3:atemp>26.0</ns3:atemp>
            <ns3:hr>66</ns3:hr>
          </ns3:TrackPointExtension>
        </extensions>
      </trkpt>
      <trkpt lat="49.13972918875515460968017578125" lon="6.14791751839220523834228515625">
        <ele>177.1999969482421875</ele>
        <time>2026-10-04T13:54:42.000Z</time>
        <extensions>
          <ns3:TrackPointExtension>
            <ns3:atemp>26.0</ns3:atemp>
            <ns3:hr>65</ns3:hr>
          </ns3:TrackPointExtension>
        </extensions>
      </trkpt>
      <trkpt lat="49.13974477909505367279052734375" lon="6.14792958833277225494384765625">
        <ele>177.1999969482421875</ele>
        <time>2026-10-04T13:54:43.000Z</time>
        <extensions>
          <ns3:TrackPointExtension>
            <ns3:atemp>26.0</ns3:atemp>
            <ns3:hr>65</ns3:hr>
          </ns3:TrackPointExtension>
        </extensions>
      </trkpt>
      <trkpt lat="49.1397621296346187591552734375" lon="6.14794350229203701019287109375">
        <ele>177.1999969482421875</ele>
        <time>2026-10-04T13:54:44.000Z</time>
        <extensions>
          <ns3:TrackPointExtension>
            <ns3:atemp>26.0</ns3:atemp>
            <ns3:hr>65</ns3:hr>
          </ns3:TrackPointExtension>
        </extensions>
      </trkpt>
      <trkpt lat="49.13978107273578643798828125" lon="6.14795523695647716522216796875">
        <ele>177.1999969482421875</ele>
        <time>2026-10-04T13:54:45.000Z</time>
        <extensions>
          <ns3:TrackPointExtension>
            <ns3:atemp>26.0</ns3:atemp>
            <ns3:hr>65</ns3:hr>
          </ns3:TrackPointExtension>
        </extensions>
      </trkpt>
      <trkpt lat="49.13980177603662014007568359375" lon="6.14796110428869724273681640625">
        <ele>177.1999969482421875</ele>
        <time>2026-10-04T13:54:46.000Z</time>
        <extensions>
          <ns3:TrackPointExtension>
            <ns3:atemp>26.0</ns3:atemp>
            <ns3:hr>65</ns3:hr>
          </ns3:TrackPointExtension>
        </extensions>
      </trkpt>
      <trkpt lat="49.1398197971284389495849609375" lon="6.14797200076282024383544921875">
        <ele>177</ele>
        <time>2026-10-04T13:54:47.000Z</time>
        <extensions>
          <ns3:TrackPointExtension>
            <ns3:atemp>26.0</ns3:atemp>
            <ns3:hr>65</ns3:hr>
          </ns3:TrackPointExtension>
        </extensions>
      </trkpt>
      <trkpt lat="49.13983664475381374359130859375" lon="6.14798356778919696807861328125">
        <ele>177.1999969482421875</ele>
        <time>2026-10-04T13:54:48.000Z</time>
        <extensions>
          <ns3:TrackPointExtension>
            <ns3:atemp>26.0</ns3:atemp>
            <ns3:hr>65</ns3:hr>
          </ns3:TrackPointExtension>
        </extensions>
      </trkpt>
      <trkpt lat="49.13985257036983966827392578125" lon="6.147992201149463653564453125">
        <ele>177</ele>
        <time>2026-10-04T13:54:49.000Z</time>
        <extensions>
          <ns3:TrackPointExtension>
            <ns3:atemp>26.0</ns3:atemp>
            <ns3:hr>65</ns3:hr>
          </ns3:TrackPointExtension>
        </extensions>
      </trkpt>
      <trkpt lat="49.13987101055681705474853515625" lon="6.14799982868134975433349609375">
        <ele>177</ele>
        <time>2026-10-04T13:54:50.000Z</time>
        <extensions>
          <ns3:TrackPointExtension>
            <ns3:atemp>26.0</ns3:atemp>
            <ns3:hr>65</ns3:hr>
          </ns3:TrackPointExtension>
        </extensions>
      </trkpt>
      <trkpt lat="49.13988945074379444122314453125" lon="6.14801206625998020172119140625">
        <ele>177.1999969482421875</ele>
        <time>2026-10-04T13:54:51.000Z</time>
        <extensions>
          <ns3:TrackPointExtension>
            <ns3:atemp>26.0</ns3:atemp>
            <ns3:hr>65</ns3:hr>
          </ns3:TrackPointExtension>
        </extensions>
      </trkpt>
      <trkpt lat="49.13990772329270839691162109375" lon="6.14802698604762554168701171875">
        <ele>177.1999969482421875</ele>
        <time>2026-10-04T13:54:52.000Z</time>
        <extensions>
          <ns3:TrackPointExtension>
            <ns3:atemp>26.0</ns3:atemp>
            <ns3:hr>65</ns3:hr>
          </ns3:TrackPointExtension>
        </extensions>
      </trkpt>
      <trkpt lat="49.1399250738322734832763671875" lon="6.14803972654044628143310546875">
        <ele>177.1999969482421875</ele>
        <time>2026-10-04T13:54:53.000Z</time>
        <extensions>
          <ns3:TrackPointExtension>
            <ns3:atemp>26.0</ns3:atemp>
            <ns3:hr>65</ns3:hr>
          </ns3:TrackPointExtension>
        </extensions>
      </trkpt>
      <trkpt lat="49.1399425081908702850341796875" lon="6.148050539195537567138671875">
        <ele>177.1999969482421875</ele>
        <time>2026-10-04T13:54:54.000Z</time>
        <extensions>
          <ns3:TrackPointExtension>
            <ns3:atemp>26.0</ns3:atemp>
            <ns3:hr>64</ns3:hr>
          </ns3:TrackPointExtension>
        </extensions>
      </trkpt>
      <trkpt lat="49.13995885290205478668212890625" lon="6.1480614356696605682373046875">
        <ele>177.1999969482421875</ele>
        <time>2026-10-04T13:54:55.000Z</time>
        <extensions>
          <ns3:TrackPointExtension>
            <ns3:atemp>26.0</ns3:atemp>
            <ns3:hr>64</ns3:hr>
          </ns3:TrackPointExtension>
        </extensions>
      </trkpt>
      <trkpt lat="49.139973185956478118896484375" lon="6.1480721645057201385498046875">
        <ele>177.1999969482421875</ele>
        <time>2026-10-04T13:54:56.000Z</time>
        <extensions>
          <ns3:TrackPointExtension>
            <ns3:atemp>26.0</ns3:atemp>
            <ns3:hr>64</ns3:hr>
          </ns3:TrackPointExtension>
        </extensions>
      </trkpt>
      <trkpt lat="49.13999070413410663604736328125" lon="6.14808348007500171661376953125">
        <ele>177.1999969482421875</ele>
        <time>2026-10-04T13:54:57.000Z</time>
        <extensions>
          <ns3:TrackPointExtension>
            <ns3:atemp>26.0</ns3:atemp>
            <ns3:hr>64</ns3:hr>
          </ns3:TrackPointExtension>
        </extensions>
      </trkpt>
      <trkpt lat="49.14000813849270343780517578125" lon="6.1480976454913616180419921875">
        <ele>177.1999969482421875</ele>
        <time>2026-10-04T13:54:58.000Z</time>
        <extensions>
          <ns3:TrackPointExtension>
            <ns3:atemp>26.0</ns3:atemp>
            <ns3:hr>63</ns3:hr>
          </ns3:TrackPointExtension>
        </extensions>
      </trkpt>
      <trkpt lat="49.14002523757517337799072265625" lon="6.14810912869870662689208984375">
        <ele>177.1999969482421875</ele>
        <time>2026-10-04T13:54:59.000Z</time>
        <extensions>
          <ns3:TrackPointExtension>
            <ns3:atemp>26.0</ns3:atemp>
            <ns3:hr>63</ns3:hr>
          </ns3:TrackPointExtension>
        </extensions>
      </trkpt>
      <trkpt lat="49.14004485122859477996826171875" lon="6.148120276629924774169921875">
        <ele>177.1999969482421875</ele>
        <time>2026-10-04T13:55:00.000Z</time>
        <extensions>
          <ns3:TrackPointExtension>
            <ns3:atemp>26.0</ns3:atemp>
            <ns3:hr>63</ns3:hr>
          </ns3:TrackPointExtension>
        </extensions>
      </trkpt>
      <trkpt lat="49.14006446488201618194580078125" lon="6.1481335200369358062744140625">
        <ele>177.1999969482421875</ele>
        <time>2026-10-04T13:55:01.000Z</time>
        <extensions>
          <ns3:TrackPointExtension>
            <ns3:atemp>26.0</ns3:atemp>
            <ns3:hr>63</ns3:hr>
          </ns3:TrackPointExtension>
        </extensions>
      </trkpt>
      <trkpt lat="49.14008256979286670684814453125" lon="6.1481472663581371307373046875">
        <ele>177.1999969482421875</ele>
        <time>2026-10-04T13:55:02.000Z</time>
        <extensions>
          <ns3:TrackPointExtension>
            <ns3:atemp>26.0</ns3:atemp>
            <ns3:hr>64</ns3:hr>
          </ns3:TrackPointExtension>
        </extensions>
      </trkpt>
      <trkpt lat="49.14010033942759037017822265625" lon="6.1481608450412750244140625">
        <ele>177.1999969482421875</ele>
        <time>2026-10-04T13:55:03.000Z</time>
        <extensions>
          <ns3:TrackPointExtension>
            <ns3:atemp>26.0</ns3:atemp>
            <ns3:hr>65</ns3:hr>
          </ns3:TrackPointExtension>
        </extensions>
      </trkpt>
      <trkpt lat="49.14012037217617034912109375" lon="6.1481734178960323333740234375">
        <ele>177.1999969482421875</ele>
        <time>2026-10-04T13:55:04.000Z</time>
        <extensions>
          <ns3:TrackPointExtension>
            <ns3:atemp>26.0</ns3:atemp>
            <ns3:hr>65</ns3:hr>
          </ns3:TrackPointExtension>
        </extensions>
      </trkpt>
      <trkpt lat="49.14013939909636974334716796875" lon="6.14818573929369449615478515625">
        <ele>177.1999969482421875</ele>
        <time>2026-10-04T13:55:05.000Z</time>
        <extensions>
          <ns3:TrackPointExtension>
            <ns3:atemp>26.0</ns3:atemp>
            <ns3:hr>65</ns3:hr>
          </ns3:TrackPointExtension>
        </extensions>
      </trkpt>
      <trkpt lat="49.14015926420688629150390625" lon="6.148199401795864105224609375">
        <ele>177.1999969482421875</ele>
        <time>2026-10-04T13:55:06.000Z</time>
        <extensions>
          <ns3:TrackPointExtension>
            <ns3:atemp>26.0</ns3:atemp>
            <ns3:hr>66</ns3:hr>
          </ns3:TrackPointExtension>
        </extensions>
      </trkpt>
      <trkpt lat="49.1401778720319271087646484375" lon="6.14821054972708225250244140625">
        <ele>177.1999969482421875</ele>
        <time>2026-10-04T13:55:07.000Z</time>
        <extensions>
          <ns3:TrackPointExtension>
            <ns3:atemp>26.0</ns3:atemp>
            <ns3:hr>66</ns3:hr>
          </ns3:TrackPointExtension>
        </extensions>
      </trkpt>
      <trkpt lat="49.140194468200206756591796875" lon="6.1482253856956958770751953125">
        <ele>177.1999969482421875</ele>
        <time>2026-10-04T13:55:08.000Z</time>
        <extensions>
          <ns3:TrackPointExtension>
            <ns3:atemp>26.0</ns3:atemp>
            <ns3:hr>66</ns3:hr>
          </ns3:TrackPointExtension>
        </extensions>
      </trkpt>
      <trkpt lat="49.1402103938162326812744140625" lon="6.148242317140102386474609375">
        <ele>177.1999969482421875</ele>
        <time>2026-10-04T13:55:09.000Z</time>
        <extensions>
          <ns3:TrackPointExtension>
            <ns3:atemp>26.0</ns3:atemp>
            <ns3:hr>64</ns3:hr>
          </ns3:TrackPointExtension>
        </extensions>
      </trkpt>
      <trkpt lat="49.140227325260639190673828125" lon="6.14825832657516002655029296875">
        <ele>177.1999969482421875</ele>
        <time>2026-10-04T13:55:10.000Z</time>
        <extensions>
          <ns3:TrackPointExtension>
            <ns3:atemp>26.0</ns3:atemp>
            <ns3:hr>64</ns3:hr>
          </ns3:TrackPointExtension>
        </extensions>
      </trkpt>
      <trkpt lat="49.140244089066982269287109375" lon="6.14826503209769725799560546875">
        <ele>177.399993896484375</ele>
        <time>2026-10-04T13:55:11.000Z</time>
        <extensions>
          <ns3:TrackPointExtension>
            <ns3:atemp>26.0</ns3:atemp>
            <ns3:hr>63</ns3:hr>
          </ns3:TrackPointExtension>
        </extensions>
      </trkpt>
      <trkpt lat="49.14025858975946903228759765625" lon="6.1482689715921878814697265625">
        <ele>177.399993896484375</ele>
        <time>2026-10-04T13:55:12.000Z</time>
        <extensions>
          <ns3:TrackPointExtension>
            <ns3:atemp>25.0</ns3:atemp>
            <ns3:hr>63</ns3:hr>
          </ns3:TrackPointExtension>
        </extensions>
      </trkpt>
      <trkpt lat="49.14027459919452667236328125" lon="6.14826972596347332000732421875">
        <ele>177.399993896484375</ele>
        <time>2026-10-04T13:55:13.000Z</time>
        <extensions>
          <ns3:TrackPointExtension>
            <ns3:atemp>25.0</ns3:atemp>
            <ns3:hr>63</ns3:hr>
          </ns3:TrackPointExtension>
        </extensions>
      </trkpt>
      <trkpt lat="49.14029194973409175872802734375" lon="6.1482719890773296356201171875">
        <ele>177.399993896484375</ele>
        <time>2026-10-04T13:55:14.000Z</time>
        <extensions>
          <ns3:TrackPointExtension>
            <ns3:atemp>26.0</ns3:atemp>
            <ns3:hr>63</ns3:hr>
          </ns3:TrackPointExtension>
        </extensions>
      </trkpt>
      <trkpt lat="49.1403116472065448760986328125" lon="6.1482733301818370819091796875">
        <ele>177.399993896484375</ele>
        <time>2026-10-04T13:55:15.000Z</time>
        <extensions>
          <ns3:TrackPointExtension>
            <ns3:atemp>26.0</ns3:atemp>
            <ns3:hr>63</ns3:hr>
          </ns3:TrackPointExtension>
        </extensions>
      </trkpt>
      <trkpt lat="49.14032782427966594696044921875" lon="6.1482800357043743133544921875">
        <ele>177.399993896484375</ele>
        <time>2026-10-04T13:55:16.000Z</time>
        <extensions>
          <ns3:TrackPointExtension>
            <ns3:atemp>25.0</ns3:atemp>
            <ns3:hr>63</ns3:hr>
          </ns3:TrackPointExtension>
        </extensions>
      </trkpt>
      <trkpt lat="49.1403461806476116180419921875" lon="6.148276515305042266845703125">
        <ele>177.1999969482421875</ele>
        <time>2026-10-04T13:55:17.000Z</time>
        <extensions>
          <ns3:TrackPointExtension>
            <ns3:atemp>25.0</ns3:atemp>
            <ns3:hr>63</ns3:hr>
          </ns3:TrackPointExtension>
        </extensions>
      </trkpt>
      <trkpt lat="49.1403696499764919281005859375" lon="6.14827291108667850494384765625">
        <ele>177.1999969482421875</ele>
        <time>2026-10-04T13:55:18.000Z</time>
        <extensions>
          <ns3:TrackPointExtension>
            <ns3:atemp>26.0</ns3:atemp>
            <ns3:hr>62</ns3:hr>
          </ns3:TrackPointExtension>
        </extensions>
      </trkpt>
      <trkpt lat="49.140391610562801361083984375" lon="6.14827425219118595123291015625">
        <ele>177.1999969482421875</ele>
        <time>2026-10-04T13:55:19.000Z</time>
        <extensions>
          <ns3:TrackPointExtension>
            <ns3:atemp>25.0</ns3:atemp>
            <ns3:hr>63</ns3:hr>
          </ns3:TrackPointExtension>
        </extensions>
      </trkpt>
      <trkpt lat="49.14041147567331790924072265625" lon="6.1482807062566280364990234375">
        <ele>177.1999969482421875</ele>
        <time>2026-10-04T13:55:20.000Z</time>
        <extensions>
          <ns3:TrackPointExtension>
            <ns3:atemp>26.0</ns3:atemp>
            <ns3:hr>63</ns3:hr>
          </ns3:TrackPointExtension>
        </extensions>
      </trkpt>
      <trkpt lat="49.14043108932673931121826171875" lon="6.1482884176075458526611328125">
        <ele>177.1999969482421875</ele>
        <time>2026-10-04T13:55:21.000Z</time>
        <extensions>
          <ns3:TrackPointExtension>
            <ns3:atemp>25.0</ns3:atemp>
            <ns3:hr>63</ns3:hr>
          </ns3:TrackPointExtension>
        </extensions>
      </trkpt>
      <trkpt lat="49.1404496133327484130859375" lon="6.14829939790070056915283203125">
        <ele>177.1999969482421875</ele>
        <time>2026-10-04T13:55:22.000Z</time>
        <extensions>
          <ns3:TrackPointExtension>
            <ns3:atemp>25.0</ns3:atemp>
            <ns3:hr>63</ns3:hr>
          </ns3:TrackPointExtension>
        </extensions>
      </trkpt>
      <trkpt lat="49.140466712415218353271484375" lon="6.14831130020320415496826171875">
        <ele>177</ele>
        <time>2026-10-04T13:55:23.000Z</time>
        <extensions>
          <ns3:TrackPointExtension>
            <ns3:atemp>26.0</ns3:atemp>
            <ns3:hr>63</ns3:hr>
          </ns3:TrackPointExtension>
        </extensions>
      </trkpt>
      <trkpt lat="49.14048473350703716278076171875" lon="6.14832320250570774078369140625">
        <ele>177</ele>
        <time>2026-10-04T13:55:24.000Z</time>
        <extensions>
          <ns3:TrackPointExtension>
            <ns3:atemp>25.0</ns3:atemp>
            <ns3:hr>64</ns3:hr>
          </ns3:TrackPointExtension>
        </extensions>
      </trkpt>
      <trkpt lat="49.14050367660820484161376953125" lon="6.14833393134176731109619140625">
        <ele>177</ele>
        <time>2026-10-04T13:55:25.000Z</time>
        <extensions>
          <ns3:TrackPointExtension>
            <ns3:atemp>26.0</ns3:atemp>
            <ns3:hr>64</ns3:hr>
          </ns3:TrackPointExtension>
        </extensions>
      </trkpt>
      <trkpt lat="49.14052245207130908966064453125" lon="6.148342899978160858154296875">
        <ele>177</ele>
        <time>2026-10-04T13:55:26.000Z</time>
        <extensions>
          <ns3:TrackPointExtension>
            <ns3:atemp>25.0</ns3:atemp>
            <ns3:hr>66</ns3:hr>
          </ns3:TrackPointExtension>
        </extensions>
      </trkpt>
      <trkpt lat="49.14054223336279392242431640625" lon="6.1483491025865077972412109375">
        <ele>177</ele>
        <time>2026-10-04T13:55:27.000Z</time>
        <extensions>
          <ns3:TrackPointExtension>
            <ns3:atemp>25.0</ns3:atemp>
            <ns3:hr>69</ns3:hr>
          </ns3:TrackPointExtension>
        </extensions>
      </trkpt>
      <trkpt lat="49.14056017063558101654052734375" lon="6.14835823886096477508544921875">
        <ele>177</ele>
        <time>2026-10-04T13:55:28.000Z</time>
        <extensions>
          <ns3:TrackPointExtension>
            <ns3:atemp>25.0</ns3:atemp>
            <ns3:hr>73</ns3:hr>
          </ns3:TrackPointExtension>
        </extensions>
      </trkpt>
      <trkpt lat="49.14058095775544643402099609375" lon="6.14835907705128192901611328125">
        <ele>177</ele>
        <time>2026-10-04T13:55:29.000Z</time>
        <extensions>
          <ns3:TrackPointExtension>
            <ns3:atemp>25.0</ns3:atemp>
            <ns3:hr>74</ns3:hr>
          </ns3:TrackPointExtension>
        </extensions>
      </trkpt>
      <trkpt lat="49.14060006849467754364013671875" lon="6.14836896769702434539794921875">
        <ele>177</ele>
        <time>2026-10-04T13:55:30.000Z</time>
        <extensions>
          <ns3:TrackPointExtension>
            <ns3:atemp>25.0</ns3:atemp>
            <ns3:hr>74</ns3:hr>
          </ns3:TrackPointExtension>
        </extensions>
      </trkpt>
      <trkpt lat="49.1406264714896678924560546875" lon="6.1483759246766567230224609375">
        <ele>176.8000030517578125</ele>
        <time>2026-10-04T13:55:31.000Z</time>
        <extensions>
          <ns3:TrackPointExtension>
            <ns3:atemp>25.0</ns3:atemp>
            <ns3:hr>74</ns3:hr>
          </ns3:TrackPointExtension>
        </extensions>
      </trkpt>
      <trkpt lat="49.14064398966729640960693359375" lon="6.14837969653308391571044921875">
        <ele>176.8000030517578125</ele>
        <time>2026-10-04T13:55:32.000Z</time>
        <extensions>
          <ns3:TrackPointExtension>
            <ns3:atemp>25.0</ns3:atemp>
            <ns3:hr>75</ns3:hr>
          </ns3:TrackPointExtension>
        </extensions>
      </trkpt>
      <trkpt lat="49.14066494442522525787353515625" lon="6.1483829654753208160400390625">
        <ele>176.8000030517578125</ele>
        <time>2026-10-04T13:55:33.000Z</time>
        <extensions>
          <ns3:TrackPointExtension>
            <ns3:atemp>25.0</ns3:atemp>
            <ns3:hr>74</ns3:hr>
          </ns3:TrackPointExtension>
        </extensions>
      </trkpt>
      <trkpt lat="49.14068154059350490570068359375" lon="6.1483906768262386322021484375">
        <ele>176.8000030517578125</ele>
        <time>2026-10-04T13:55:34.000Z</time>
        <extensions>
          <ns3:TrackPointExtension>
            <ns3:atemp>25.0</ns3:atemp>
            <ns3:hr>74</ns3:hr>
          </ns3:TrackPointExtension>
        </extensions>
      </trkpt>
      <trkpt lat="49.14070685394108295440673828125" lon="6.14839620888233184814453125">
        <ele>176.600006103515625</ele>
        <time>2026-10-04T13:55:35.000Z</time>
        <extensions>
          <ns3:TrackPointExtension>
            <ns3:atemp>26.0</ns3:atemp>
            <ns3:hr>74</ns3:hr>
          </ns3:TrackPointExtension>
        </extensions>
      </trkpt>
      <trkpt lat="49.14072521030902862548828125" lon="6.1484024114906787872314453125">
        <ele>176.600006103515625</ele>
        <time>2026-10-04T13:55:36.000Z</time>
        <extensions>
          <ns3:TrackPointExtension>
            <ns3:atemp>25.0</ns3:atemp>
            <ns3:hr>75</ns3:hr>
          </ns3:TrackPointExtension>
        </extensions>
      </trkpt>
      <trkpt lat="49.14074960164725780487060546875" lon="6.1484027467668056488037109375">
        <ele>176.8000030517578125</ele>
        <time>2026-10-04T13:55:37.000Z</time>
        <extensions>
          <ns3:TrackPointExtension>
            <ns3:atemp>25.0</ns3:atemp>
            <ns3:hr>74</ns3:hr>
          </ns3:TrackPointExtension>
        </extensions>
      </trkpt>
      <trkpt lat="49.14076921530067920684814453125" lon="6.14841171540319919586181640625">
        <ele>176.8000030517578125</ele>
        <time>2026-10-04T13:55:38.000Z</time>
        <extensions>
          <ns3:TrackPointExtension>
            <ns3:atemp>25.0</ns3:atemp>
            <ns3:hr>74</ns3:hr>
          </ns3:TrackPointExtension>
        </extensions>
      </trkpt>
      <trkpt lat="49.1407877393066883087158203125" lon="6.14840467460453510284423828125">
        <ele>176.8000030517578125</ele>
        <time>2026-10-04T13:55:39.000Z</time>
        <extensions>
          <ns3:TrackPointExtension>
            <ns3:atemp>25.0</ns3:atemp>
            <ns3:hr>75</ns3:hr>
          </ns3:TrackPointExtension>
        </extensions>
      </trkpt>
      <trkpt lat="49.1408091969788074493408203125" lon="6.14839486777782440185546875">
        <ele>176.8000030517578125</ele>
        <time>2026-10-04T13:55:40.000Z</time>
        <extensions>
          <ns3:TrackPointExtension>
            <ns3:atemp>25.0</ns3:atemp>
            <ns3:hr>74</ns3:hr>
          </ns3:TrackPointExtension>
        </extensions>
      </trkpt>
      <trkpt lat="49.1408251225948333740234375" lon="6.1484201811254024505615234375">
        <ele>177</ele>
        <time>2026-10-04T13:55:41.000Z</time>
        <extensions>
          <ns3:TrackPointExtension>
            <ns3:atemp>25.0</ns3:atemp>
            <ns3:hr>74</ns3:hr>
          </ns3:TrackPointExtension>
        </extensions>
      </trkpt>
      <trkpt lat="49.1408360190689563751220703125" lon="6.1484446562826633453369140625">
        <ele>177</ele>
        <time>2026-10-04T13:55:42.000Z</time>
        <extensions>
          <ns3:TrackPointExtension>
            <ns3:atemp>25.0</ns3:atemp>
            <ns3:hr>75</ns3:hr>
          </ns3:TrackPointExtension>
        </extensions>
      </trkpt>
      <trkpt lat="49.14085621945559978485107421875" lon="6.148458234965801239013671875">
        <ele>177</ele>
        <time>2026-10-04T13:55:43.000Z</time>
        <extensions>
          <ns3:TrackPointExtension>
            <ns3:atemp>25.0</ns3:atemp>
            <ns3:hr>75</ns3:hr>
          </ns3:TrackPointExtension>
        </extensions>
      </trkpt>
      <trkpt lat="49.140863679349422454833984375" lon="6.1484909243881702423095703125">
        <ele>177</ele>
        <time>2026-10-04T13:55:44.000Z</time>
        <extensions>
          <ns3:TrackPointExtension>
            <ns3:atemp>25.0</ns3:atemp>
            <ns3:hr>76</ns3:hr>
          </ns3:TrackPointExtension>
        </extensions>
      </trkpt>
      <trkpt lat="49.14087734185159206390380859375" lon="6.1485170759260654449462890625">
        <ele>177</ele>
        <time>2026-10-04T13:55:45.000Z</time>
        <extensions>
          <ns3:TrackPointExtension>
            <ns3:atemp>25.0</ns3:atemp>
            <ns3:hr>77</ns3:hr>
          </ns3:TrackPointExtension>
        </extensions>
      </trkpt>
      <trkpt lat="49.14089293219149112701416015625" lon="6.14853928796947002410888671875">
        <ele>177</ele>
        <time>2026-10-04T13:55:46.000Z</time>
        <extensions>
          <ns3:TrackPointExtension>
            <ns3:atemp>25.0</ns3:atemp>
            <ns3:hr>77</ns3:hr>
          </ns3:TrackPointExtension>
        </extensions>
      </trkpt>
      <trkpt lat="49.14090064354240894317626953125" lon="6.14856460131704807281494140625">
        <ele>177</ele>
        <time>2026-10-04T13:55:47.000Z</time>
        <extensions>
          <ns3:TrackPointExtension>
            <ns3:atemp>25.0</ns3:atemp>
            <ns3:hr>77</ns3:hr>
          </ns3:TrackPointExtension>
        </extensions>
      </trkpt>
      <trkpt lat="49.14091187529265880584716796875" lon="6.14859242923557758331298828125">
        <ele>177</ele>
        <time>2026-10-04T13:55:48.000Z</time>
        <extensions>
          <ns3:TrackPointExtension>
            <ns3:atemp>25.0</ns3:atemp>
            <ns3:hr>77</ns3:hr>
          </ns3:TrackPointExtension>
        </extensions>
      </trkpt>
      <trkpt lat="49.14091338403522968292236328125" lon="6.14862109534442424774169921875">
        <ele>177</ele>
        <time>2026-10-04T13:55:49.000Z</time>
        <extensions>
          <ns3:TrackPointExtension>
            <ns3:atemp>25.0</ns3:atemp>
            <ns3:hr>77</ns3:hr>
          </ns3:TrackPointExtension>
        </extensions>
      </trkpt>
      <trkpt lat="49.1409216821193695068359375" lon="6.14865244366228580474853515625">
        <ele>177</ele>
        <time>2026-10-04T13:55:50.000Z</time>
        <extensions>
          <ns3:TrackPointExtension>
            <ns3:atemp>25.0</ns3:atemp>
            <ns3:hr>77</ns3:hr>
          </ns3:TrackPointExtension>
        </extensions>
      </trkpt>
      <trkpt lat="49.14092025719583034515380859375" lon="6.148686893284320831298828125">
        <ele>177</ele>
        <time>2026-10-04T13:55:51.000Z</time>
        <extensions>
          <ns3:TrackPointExtension>
            <ns3:atemp>25.0</ns3:atemp>
            <ns3:hr>78</ns3:hr>
          </ns3:TrackPointExtension>
        </extensions>
      </trkpt>
      <trkpt lat="49.14092897437512874603271484375" lon="6.14871731959283351898193359375">
        <ele>177</ele>
        <time>2026-10-04T13:55:52.000Z</time>
        <extensions>
          <ns3:TrackPointExtension>
            <ns3:atemp>25.0</ns3:atemp>
            <ns3:hr>78</ns3:hr>
          </ns3:TrackPointExtension>
        </extensions>
      </trkpt>
      <trkpt lat="49.14092780090868473052978515625" lon="6.1487544514238834381103515625">
        <ele>177</ele>
        <time>2026-10-04T13:55:53.000Z</time>
        <extensions>
          <ns3:TrackPointExtension>
            <ns3:atemp>25.0</ns3:atemp>
            <ns3:hr>78</ns3:hr>
          </ns3:TrackPointExtension>
        </extensions>
      </trkpt>
      <trkpt lat="49.14092880673706531524658203125" lon="6.1487852968275547027587890625">
        <ele>177</ele>
        <time>2026-10-04T13:55:54.000Z</time>
        <extensions>
          <ns3:TrackPointExtension>
            <ns3:atemp>25.0</ns3:atemp>
            <ns3:hr>78</ns3:hr>
          </ns3:TrackPointExtension>
        </extensions>
      </trkpt>
      <trkpt lat="49.1409386135637760162353515625" lon="6.148819662630558013916015625">
        <ele>176.8000030517578125</ele>
        <time>2026-10-04T13:55:55.000Z</time>
        <extensions>
          <ns3:TrackPointExtension>
            <ns3:atemp>25.0</ns3:atemp>
            <ns3:hr>79</ns3:hr>
          </ns3:TrackPointExtension>
        </extensions>
      </trkpt>
      <trkpt lat="49.14093500934541225433349609375" lon="6.1488557048141956329345703125">
        <ele>176.8000030517578125</ele>
        <time>2026-10-04T13:55:56.000Z</time>
        <extensions>
          <ns3:TrackPointExtension>
            <ns3:atemp>25.0</ns3:atemp>
            <ns3:hr>79</ns3:hr>
          </ns3:TrackPointExtension>
        </extensions>
      </trkpt>
      <trkpt lat="49.1409369371831417083740234375" lon="6.14889116026461124420166015625">
        <ele>176.8000030517578125</ele>
        <time>2026-10-04T13:55:57.000Z</time>
        <extensions>
          <ns3:TrackPointExtension>
            <ns3:atemp>25.0</ns3:atemp>
            <ns3:hr>79</ns3:hr>
          </ns3:TrackPointExtension>
        </extensions>
      </trkpt>
      <trkpt lat="49.1409396193921566009521484375" lon="6.14892619661986827850341796875">
        <ele>176.8000030517578125</ele>
        <time>2026-10-04T13:55:58.000Z</time>
        <extensions>
          <ns3:TrackPointExtension>
            <ns3:atemp>25.0</ns3:atemp>
            <ns3:hr>79</ns3:hr>
          </ns3:TrackPointExtension>
        </extensions>
      </trkpt>
      <trkpt lat="49.14094020612537860870361328125" lon="6.14896173588931560516357421875">
        <ele>176.8000030517578125</ele>
        <time>2026-10-04T13:55:59.000Z</time>
        <extensions>
          <ns3:TrackPointExtension>
            <ns3:atemp>25.0</ns3:atemp>
            <ns3:hr>79</ns3:hr>
          </ns3:TrackPointExtension>
        </extensions>
      </trkpt>
      <trkpt lat="49.1409409604966640472412109375" lon="6.14899425767362117767333984375">
        <ele>176.8000030517578125</ele>
        <time>2026-10-04T13:56:00.000Z</time>
        <extensions>
          <ns3:TrackPointExtension>
            <ns3:atemp>25.0</ns3:atemp>
            <ns3:hr>79</ns3:hr>
          </ns3:TrackPointExtension>
        </extensions>
      </trkpt>
      <trkpt lat="49.140941463410854339599609375" lon="6.149026863276958465576171875">
        <ele>176.8000030517578125</ele>
        <time>2026-10-04T13:56:01.000Z</time>
        <extensions>
          <ns3:TrackPointExtension>
            <ns3:atemp>25.0</ns3:atemp>
            <ns3:hr>80</ns3:hr>
          </ns3:TrackPointExtension>
        </extensions>
      </trkpt>
      <trkpt lat="49.1409480012953281402587890625" lon="6.14905393682420253753662109375">
        <ele>176.8000030517578125</ele>
        <time>2026-10-04T13:56:02.000Z</time>
        <extensions>
          <ns3:TrackPointExtension>
            <ns3:atemp>25.0</ns3:atemp>
            <ns3:hr>80</ns3:hr>
          </ns3:TrackPointExtension>
        </extensions>
      </trkpt>
      <trkpt lat="49.1409547068178653717041015625" lon="6.1490840278565883636474609375">
        <ele>176.8000030517578125</ele>
        <time>2026-10-04T13:56:03.000Z</time>
        <extensions>
          <ns3:TrackPointExtension>
            <ns3:atemp>25.0</ns3:atemp>
            <ns3:hr>80</ns3:hr>
          </ns3:TrackPointExtension>
        </extensions>
      </trkpt>
      <trkpt lat="49.14095512591302394866943359375" lon="6.14911093376576900482177734375">
        <ele>176.8000030517578125</ele>
        <time>2026-10-04T13:56:04.000Z</time>
        <extensions>
          <ns3:TrackPointExtension>
            <ns3:atemp>25.0</ns3:atemp>
            <ns3:hr>79</ns3:hr>
          </ns3:TrackPointExtension>
        </extensions>
      </trkpt>
      <trkpt lat="49.1409637592732906341552734375" lon="6.1491344869136810302734375">
        <ele>176.8000030517578125</ele>
        <time>2026-10-04T13:56:05.000Z</time>
        <extensions>
          <ns3:TrackPointExtension>
            <ns3:atemp>25.0</ns3:atemp>
            <ns3:hr>80</ns3:hr>
          </ns3:TrackPointExtension>
        </extensions>
      </trkpt>
      <trkpt lat="49.14096769876778125762939453125" lon="6.14916332066059112548828125">
        <ele>176.8000030517578125</ele>
        <time>2026-10-04T13:56:06.000Z</time>
        <extensions>
          <ns3:TrackPointExtension>
            <ns3:atemp>25.0</ns3:atemp>
            <ns3:hr>80</ns3:hr>
          </ns3:TrackPointExtension>
        </extensions>
      </trkpt>
      <trkpt lat="49.140972979366779327392578125" lon="6.14918855018913745880126953125">
        <ele>176.8000030517578125</ele>
        <time>2026-10-04T13:56:07.000Z</time>
        <extensions>
          <ns3:TrackPointExtension>
            <ns3:atemp>25.0</ns3:atemp>
            <ns3:hr>80</ns3:hr>
          </ns3:TrackPointExtension>
        </extensions>
      </trkpt>
      <trkpt lat="49.14097356610000133514404296875" lon="6.1492251791059970855712890625">
        <ele>176.8000030517578125</ele>
        <time>2026-10-04T13:56:08.000Z</time>
        <extensions>
          <ns3:TrackPointExtension>
            <ns3:atemp>25.0</ns3:atemp>
            <ns3:hr>80</ns3:hr>
          </ns3:TrackPointExtension>
        </extensions>
      </trkpt>
      <trkpt lat="49.1409704647958278656005859375" lon="6.14925459958612918853759765625">
        <ele>176.8000030517578125</ele>
        <time>2026-10-04T13:56:09.000Z</time>
        <extensions>
          <ns3:TrackPointExtension>
            <ns3:atemp>25.0</ns3:atemp>
            <ns3:hr>80</ns3:hr>
          </ns3:TrackPointExtension>
        </extensions>
      </trkpt>
      <trkpt lat="49.14097289554774761199951171875" lon="6.1492900550365447998046875">
        <ele>176.600006103515625</ele>
        <time>2026-10-04T13:56:10.000Z</time>
        <extensions>
          <ns3:TrackPointExtension>
            <ns3:atemp>25.0</ns3:atemp>
            <ns3:hr>80</ns3:hr>
          </ns3:TrackPointExtension>
        </extensions>
      </trkpt>
      <trkpt lat="49.14097473956644535064697265625" lon="6.149319894611835479736328125">
        <ele>176.600006103515625</ele>
        <time>2026-10-04T13:56:11.000Z</time>
        <extensions>
          <ns3:TrackPointExtension>
            <ns3:atemp>25.0</ns3:atemp>
            <ns3:hr>79</ns3:hr>
          </ns3:TrackPointExtension>
        </extensions>
      </trkpt>
      <trkpt lat="49.1409838758409023284912109375" lon="6.14935182966291904449462890625">
        <ele>176.600006103515625</ele>
        <time>2026-10-04T13:56:12.000Z</time>
        <extensions>
          <ns3:TrackPointExtension>
            <ns3:atemp>25.0</ns3:atemp>
            <ns3:hr>78</ns3:hr>
          </ns3:TrackPointExtension>
        </extensions>
      </trkpt>
      <trkpt lat="49.14099737070500850677490234375" lon="6.1493737064301967620849609375">
        <ele>176.399993896484375</ele>
        <time>2026-10-04T13:56:13.000Z</time>
        <extensions>
          <ns3:TrackPointExtension>
            <ns3:atemp>25.0</ns3:atemp>
            <ns3:hr>77</ns3:hr>
          </ns3:TrackPointExtension>
        </extensions>
      </trkpt>
      <trkpt lat="49.14101128466427326202392578125" lon="6.149396337568759918212890625">
        <ele>176.399993896484375</ele>
        <time>2026-10-04T13:56:14.000Z</time>
        <extensions>
          <ns3:TrackPointExtension>
            <ns3:atemp>25.0</ns3:atemp>
            <ns3:hr>77</ns3:hr>
          </ns3:TrackPointExtension>
        </extensions>
      </trkpt>
      <trkpt lat="49.14102553389966487884521484375" lon="6.14941989071667194366455078125">
        <ele>176.399993896484375</ele>
        <time>2026-10-04T13:56:15.000Z</time>
        <extensions>
          <ns3:TrackPointExtension>
            <ns3:atemp>25.0</ns3:atemp>
            <ns3:hr>76</ns3:hr>
          </ns3:TrackPointExtension>
        </extensions>
      </trkpt>
      <trkpt lat="49.14102955721318721771240234375" lon="6.149454005062580108642578125">
        <ele>176.600006103515625</ele>
        <time>2026-10-04T13:56:16.000Z</time>
        <extensions>
          <ns3:TrackPointExtension>
            <ns3:atemp>25.0</ns3:atemp>
            <ns3:hr>76</ns3:hr>
          </ns3:TrackPointExtension>
        </extensions>
      </trkpt>
      <trkpt lat="49.14101815782487392425537109375" lon="6.14948359318077564239501953125">
        <ele>176.600006103515625</ele>
        <time>2026-10-04T13:56:17.000Z</time>
        <extensions>
          <ns3:TrackPointExtension>
            <ns3:atemp>25.0</ns3:atemp>
            <ns3:hr>76</ns3:hr>
          </ns3:TrackPointExtension>
        </extensions>
      </trkpt>
      <trkpt lat="49.14100357331335544586181640625" lon="6.14950262010097503662109375">
        <ele>176.600006103515625</ele>
        <time>2026-10-04T13:56:18.000Z</time>
        <extensions>
          <ns3:TrackPointExtension>
            <ns3:atemp>25.0</ns3:atemp>
            <ns3:hr>75</ns3:hr>
          </ns3:TrackPointExtension>
        </extensions>
      </trkpt>
      <trkpt lat="49.14100239984691143035888671875" lon="6.14952902309596538543701171875">
        <ele>176.600006103515625</ele>
        <time>2026-10-04T13:56:19.000Z</time>
        <extensions>
          <ns3:TrackPointExtension>
            <ns3:atemp>25.0</ns3:atemp>
            <ns3:hr>76</ns3:hr>
          </ns3:TrackPointExtension>
        </extensions>
      </trkpt>
      <trkpt lat="49.141007848083972930908203125" lon="6.14956288598477840423583984375">
        <ele>176.600006103515625</ele>
        <time>2026-10-04T13:56:20.000Z</time>
        <extensions>
          <ns3:TrackPointExtension>
            <ns3:atemp>25.0</ns3:atemp>
            <ns3:hr>75</ns3:hr>
          </ns3:TrackPointExtension>
        </extensions>
      </trkpt>
      <trkpt lat="49.141019918024539947509765625" lon="6.14959054626524448394775390625">
        <ele>176.600006103515625</ele>
        <time>2026-10-04T13:56:21.000Z</time>
        <extensions>
          <ns3:TrackPointExtension>
            <ns3:atemp>25.0</ns3:atemp>
            <ns3:hr>75</ns3:hr>
          </ns3:TrackPointExtension>
        </extensions>
      </trkpt>
      <trkpt lat="49.141039364039897918701171875" lon="6.1496053822338581085205078125">
        <ele>176.600006103515625</ele>
        <time>2026-10-04T13:56:22.000Z</time>
        <extensions>
          <ns3:TrackPointExtension>
            <ns3:atemp>25.0</ns3:atemp>
            <ns3:hr>74</ns3:hr>
          </ns3:TrackPointExtension>
        </extensions>
      </trkpt>
      <trkpt lat="49.1410505957901477813720703125" lon="6.14963782019913196563720703125">
        <ele>176.600006103515625</ele>
        <time>2026-10-04T13:56:23.000Z</time>
        <extensions>
          <ns3:TrackPointExtension>
            <ns3:atemp>25.0</ns3:atemp>
            <ns3:hr>74</ns3:hr>
          </ns3:TrackPointExtension>
        </extensions>
      </trkpt>
      <trkpt lat="49.14103508926928043365478515625" lon="6.14966346882283687591552734375">
        <ele>176.600006103515625</ele>
        <time>2026-10-04T13:56:24.000Z</time>
        <extensions>
          <ns3:TrackPointExtension>
            <ns3:atemp>25.0</ns3:atemp>
            <ns3:hr>74</ns3:hr>
          </ns3:TrackPointExtension>
        </extensions>
      </trkpt>
      <trkpt lat="49.14101983420550823211669921875" lon="6.1496831662952899932861328125">
        <ele>176.600006103515625</ele>
        <time>2026-10-04T13:56:25.000Z</time>
        <extensions>
          <ns3:TrackPointExtension>
            <ns3:atemp>25.0</ns3:atemp>
            <ns3:hr>74</ns3:hr>
          </ns3:TrackPointExtension>
        </extensions>
      </trkpt>
      <trkpt lat="49.14102385751903057098388671875" lon="6.1497166939079761505126953125">
        <ele>176.600006103515625</ele>
        <time>2026-10-04T13:56:26.000Z</time>
        <extensions>
          <ns3:TrackPointExtension>
            <ns3:atemp>25.0</ns3:atemp>
            <ns3:hr>74</ns3:hr>
          </ns3:TrackPointExtension>
        </extensions>
      </trkpt>
      <trkpt lat="49.1410415433347225189208984375" lon="6.14973622374236583709716796875">
        <ele>176.600006103515625</ele>
        <time>2026-10-04T13:56:27.000Z</time>
        <extensions>
          <ns3:TrackPointExtension>
            <ns3:atemp>25.0</ns3:atemp>
            <ns3:hr>74</ns3:hr>
          </ns3:TrackPointExtension>
        </extensions>
      </trkpt>
      <trkpt lat="49.14105805568397045135498046875" lon="6.14976053126156330108642578125">
        <ele>176.600006103515625</ele>
        <time>2026-10-04T13:56:28.000Z</time>
        <extensions>
          <ns3:TrackPointExtension>
            <ns3:atemp>25.0</ns3:atemp>
            <ns3:hr>74</ns3:hr>
          </ns3:TrackPointExtension>
        </extensions>
      </trkpt>
      <trkpt lat="49.14105554111301898956298828125" lon="6.1498011834919452667236328125">
        <ele>176.600006103515625</ele>
        <time>2026-10-04T13:56:29.000Z</time>
        <extensions>
          <ns3:TrackPointExtension>
            <ns3:atemp>25.0</ns3:atemp>
            <ns3:hr>74</ns3:hr>
          </ns3:TrackPointExtension>
        </extensions>
      </trkpt>
      <trkpt lat="49.1410402022302150726318359375" lon="6.1498286761343479156494140625">
        <ele>176.600006103515625</ele>
        <time>2026-10-04T13:56:30.000Z</time>
        <extensions>
          <ns3:TrackPointExtension>
            <ns3:atemp>25.0</ns3:atemp>
            <ns3:hr>75</ns3:hr>
          </ns3:TrackPointExtension>
        </extensions>
      </trkpt>
      <trkpt lat="49.14103793911635875701904296875" lon="6.14986530505120754241943359375">
        <ele>176.600006103515625</ele>
        <time>2026-10-04T13:56:31.000Z</time>
        <extensions>
          <ns3:TrackPointExtension>
            <ns3:atemp>25.0</ns3:atemp>
            <ns3:hr>74</ns3:hr>
          </ns3:TrackPointExtension>
        </extensions>
      </trkpt>
      <trkpt lat="49.1410502605140209197998046875" lon="6.1498997546732425689697265625">
        <ele>176.600006103515625</ele>
        <time>2026-10-04T13:56:32.000Z</time>
        <extensions>
          <ns3:TrackPointExtension>
            <ns3:atemp>25.0</ns3:atemp>
            <ns3:hr>74</ns3:hr>
          </ns3:TrackPointExtension>
        </extensions>
      </trkpt>
      <trkpt lat="49.141072891652584075927734375" lon="6.14992850460112094879150390625">
        <ele>176.600006103515625</ele>
        <time>2026-10-04T13:56:33.000Z</time>
        <extensions>
          <ns3:TrackPointExtension>
            <ns3:atemp>25.0</ns3:atemp>
            <ns3:hr>75</ns3:hr>
          </ns3:TrackPointExtension>
        </extensions>
      </trkpt>
      <trkpt lat="49.14108655415475368499755859375" lon="6.14996605552732944488525390625">
        <ele>176.399993896484375</ele>
        <time>2026-10-04T13:56:34.000Z</time>
        <extensions>
          <ns3:TrackPointExtension>
            <ns3:atemp>25.0</ns3:atemp>
            <ns3:hr>76</ns3:hr>
          </ns3:TrackPointExtension>
        </extensions>
      </trkpt>
      <trkpt lat="49.1410804353654384613037109375" lon="6.15000628866255283355712890625">
        <ele>176.399993896484375</ele>
        <time>2026-10-04T13:56:35.000Z</time>
        <extensions>
          <ns3:TrackPointExtension>
            <ns3:atemp>25.0</ns3:atemp>
            <ns3:hr>76</ns3:hr>
          </ns3:TrackPointExtension>
        </extensions>
      </trkpt>
      <trkpt lat="49.14106358774006366729736328125" lon="6.15003042854368686676025390625">
        <ele>176.600006103515625</ele>
        <time>2026-10-04T13:56:36.000Z</time>
        <extensions>
          <ns3:TrackPointExtension>
            <ns3:atemp>25.0</ns3:atemp>
            <ns3:hr>76</ns3:hr>
          </ns3:TrackPointExtension>
        </extensions>
      </trkpt>
      <trkpt lat="49.141056127846240997314453125" lon="6.1500583402812480926513671875">
        <ele>176.600006103515625</ele>
        <time>2026-10-04T13:56:37.000Z</time>
        <extensions>
          <ns3:TrackPointExtension>
            <ns3:atemp>25.0</ns3:atemp>
            <ns3:hr>77</ns3:hr>
          </ns3:TrackPointExtension>
        </extensions>
      </trkpt>
      <trkpt lat="49.141066186130046844482421875" lon="6.15008994005620479583740234375">
        <ele>176.600006103515625</ele>
        <time>2026-10-04T13:56:38.000Z</time>
        <extensions>
          <ns3:TrackPointExtension>
            <ns3:atemp>25.0</ns3:atemp>
            <ns3:hr>76</ns3:hr>
          </ns3:TrackPointExtension>
        </extensions>
      </trkpt>
      <trkpt lat="49.14108454249799251556396484375" lon="6.15011223591864109039306640625">
        <ele>176.399993896484375</ele>
        <time>2026-10-04T13:56:39.000Z</time>
        <extensions>
          <ns3:TrackPointExtension>
            <ns3:atemp>25.0</ns3:atemp>
            <ns3:hr>76</ns3:hr>
          </ns3:TrackPointExtension>
        </extensions>
      </trkpt>
      <trkpt lat="49.14109803736209869384765625" lon="6.1501394771039485931396484375">
        <ele>176.399993896484375</ele>
        <time>2026-10-04T13:56:40.000Z</time>
        <extensions>
          <ns3:TrackPointExtension>
            <ns3:atemp>25.0</ns3:atemp>
            <ns3:hr>76</ns3:hr>
          </ns3:TrackPointExtension>
        </extensions>
      </trkpt>
      <trkpt lat="49.1411099396646022796630859375" lon="6.1501736752688884735107421875">
        <ele>176.399993896484375</ele>
        <time>2026-10-04T13:56:41.000Z</time>
        <extensions>
          <ns3:TrackPointExtension>
            <ns3:atemp>25.0</ns3:atemp>
            <ns3:hr>76</ns3:hr>
          </ns3:TrackPointExtension>
        </extensions>
      </trkpt>
      <trkpt lat="49.141115136444568634033203125" lon="6.15021013654768466949462890625">
        <ele>176.399993896484375</ele>
        <time>2026-10-04T13:56:42.000Z</time>
        <extensions>
          <ns3:TrackPointExtension>
            <ns3:atemp>25.0</ns3:atemp>
            <ns3:hr>76</ns3:hr>
          </ns3:TrackPointExtension>
        </extensions>
      </trkpt>
      <trkpt lat="49.141116477549076080322265625" lon="6.15024450235068798065185546875">
        <ele>176.600006103515625</ele>
        <time>2026-10-04T13:56:43.000Z</time>
        <extensions>
          <ns3:TrackPointExtension>
            <ns3:atemp>25.0</ns3:atemp>
            <ns3:hr>76</ns3:hr>
          </ns3:TrackPointExtension>
        </extensions>
      </trkpt>
      <trkpt lat="49.14111572317779064178466796875" lon="6.1502816341817378997802734375">
        <ele>176.600006103515625</ele>
        <time>2026-10-04T13:56:44.000Z</time>
        <extensions>
          <ns3:TrackPointExtension>
            <ns3:atemp>25.0</ns3:atemp>
            <ns3:hr>75</ns3:hr>
          </ns3:TrackPointExtension>
        </extensions>
      </trkpt>
      <trkpt lat="49.1411163099110126495361328125" lon="6.15031776018440723419189453125">
        <ele>176.600006103515625</ele>
        <time>2026-10-04T13:56:45.000Z</time>
        <extensions>
          <ns3:TrackPointExtension>
            <ns3:atemp>25.0</ns3:atemp>
            <ns3:hr>76</ns3:hr>
          </ns3:TrackPointExtension>
        </extensions>
      </trkpt>
      <trkpt lat="49.141118489205837249755859375" lon="6.1503496952354907989501953125">
        <ele>176.600006103515625</ele>
        <time>2026-10-04T13:56:46.000Z</time>
        <extensions>
          <ns3:TrackPointExtension>
            <ns3:atemp>25.0</ns3:atemp>
            <ns3:hr>76</ns3:hr>
          </ns3:TrackPointExtension>
        </extensions>
      </trkpt>
      <trkpt lat="49.1411132924258708953857421875" lon="6.15037995390594005584716796875">
        <ele>176.600006103515625</ele>
        <time>2026-10-04T13:56:47.000Z</time>
        <extensions>
          <ns3:TrackPointExtension>
            <ns3:atemp>25.0</ns3:atemp>
            <ns3:hr>76</ns3:hr>
          </ns3:TrackPointExtension>
        </extensions>
      </trkpt>
      <trkpt lat="49.1411139629781246185302734375" lon="6.1504127271473407745361328125">
        <ele>176.399993896484375</ele>
        <time>2026-10-04T13:56:48.000Z</time>
        <extensions>
          <ns3:TrackPointExtension>
            <ns3:atemp>25.0</ns3:atemp>
            <ns3:hr>77</ns3:hr>
          </ns3:TrackPointExtension>
        </extensions>
      </trkpt>
      <trkpt lat="49.1411163099110126495361328125" lon="6.15044332109391689300537109375">
        <ele>176.399993896484375</ele>
        <time>2026-10-04T13:56:49.000Z</time>
        <extensions>
          <ns3:TrackPointExtension>
            <ns3:atemp>25.0</ns3:atemp>
            <ns3:hr>77</ns3:hr>
          </ns3:TrackPointExtension>
        </extensions>
      </trkpt>
      <trkpt lat="49.14111840538680553436279296875" lon="6.15047760307788848876953125">
        <ele>176.399993896484375</ele>
        <time>2026-10-04T13:56:50.000Z</time>
        <extensions>
          <ns3:TrackPointExtension>
            <ns3:atemp>25.0</ns3:atemp>
            <ns3:hr>77</ns3:hr>
          </ns3:TrackPointExtension>
        </extensions>
      </trkpt>
      <trkpt lat="49.1411166451871395111083984375" lon="6.15050735883414745330810546875">
        <ele>176.399993896484375</ele>
        <time>2026-10-04T13:56:51.000Z</time>
        <extensions>
          <ns3:TrackPointExtension>
            <ns3:atemp>25.0</ns3:atemp>
            <ns3:hr>77</ns3:hr>
          </ns3:TrackPointExtension>
        </extensions>
      </trkpt>
      <trkpt lat="49.1411148011684417724609375" lon="6.1505399644374847412109375">
        <ele>176.399993896484375</ele>
        <time>2026-10-04T13:56:52.000Z</time>
        <extensions>
          <ns3:TrackPointExtension>
            <ns3:atemp>25.0</ns3:atemp>
            <ns3:hr>77</ns3:hr>
          </ns3:TrackPointExtension>
        </extensions>
      </trkpt>
      <trkpt lat="49.1411146335303783416748046875" lon="6.150573827326297760009765625">
        <ele>176.399993896484375</ele>
        <time>2026-10-04T13:56:53.000Z</time>
        <extensions>
          <ns3:TrackPointExtension>
            <ns3:atemp>25.0</ns3:atemp>
            <ns3:hr>76</ns3:hr>
          </ns3:TrackPointExtension>
        </extensions>
      </trkpt>
      <trkpt lat="49.1411156393587589263916015625" lon="6.15060525946319103240966796875">
        <ele>176.399993896484375</ele>
        <time>2026-10-04T13:56:54.000Z</time>
        <extensions>
          <ns3:TrackPointExtension>
            <ns3:atemp>25.0</ns3:atemp>
            <ns3:hr>77</ns3:hr>
          </ns3:TrackPointExtension>
        </extensions>
      </trkpt>
      <trkpt lat="49.14111689664423465728759765625" lon="6.15063727833330631256103515625">
        <ele>176.399993896484375</ele>
        <time>2026-10-04T13:56:55.000Z</time>
        <extensions>
          <ns3:TrackPointExtension>
            <ns3:atemp>25.0</ns3:atemp>
            <ns3:hr>76</ns3:hr>
          </ns3:TrackPointExtension>
        </extensions>
      </trkpt>
      <trkpt lat="49.14111949503421783447265625" lon="6.15066879428923130035400390625">
        <ele>176.399993896484375</ele>
        <time>2026-10-04T13:56:56.000Z</time>
        <extensions>
          <ns3:TrackPointExtension>
            <ns3:atemp>25.0</ns3:atemp>
            <ns3:hr>76</ns3:hr>
          </ns3:TrackPointExtension>
        </extensions>
      </trkpt>
      <trkpt lat="49.14112460799515247344970703125" lon="6.1506950296461582183837890625">
        <ele>176.399993896484375</ele>
        <time>2026-10-04T13:56:57.000Z</time>
        <extensions>
          <ns3:TrackPointExtension>
            <ns3:atemp>25.0</ns3:atemp>
            <ns3:hr>74</ns3:hr>
          </ns3:TrackPointExtension>
        </extensions>
      </trkpt>
      <trkpt lat="49.1411308944225311279296875" lon="6.15072612650692462921142578125">
        <ele>176.399993896484375</ele>
        <time>2026-10-04T13:56:58.000Z</time>
        <extensions>
          <ns3:TrackPointExtension>
            <ns3:atemp>25.0</ns3:atemp>
            <ns3:hr>72</ns3:hr>
          </ns3:TrackPointExtension>
        </extensions>
      </trkpt>
      <trkpt lat="49.1411350853741168975830078125" lon="6.150754876434803009033203125">
        <ele>176.399993896484375</ele>
        <time>2026-10-04T13:56:59.000Z</time>
        <extensions>
          <ns3:TrackPointExtension>
            <ns3:atemp>25.0</ns3:atemp>
            <ns3:hr>71</ns3:hr>
          </ns3:TrackPointExtension>
        </extensions>
      </trkpt>
      <trkpt lat="49.1411417908966541290283203125" lon="6.15078714676201343536376953125">
        <ele>176.399993896484375</ele>
        <time>2026-10-04T13:57:00.000Z</time>
        <extensions>
          <ns3:TrackPointExtension>
            <ns3:atemp>25.0</ns3:atemp>
            <ns3:hr>71</ns3:hr>
          </ns3:TrackPointExtension>
        </extensions>
      </trkpt>
      <trkpt lat="49.14115109480917453765869140625" lon="6.15081715397536754608154296875">
        <ele>176.399993896484375</ele>
        <time>2026-10-04T13:57:01.000Z</time>
        <extensions>
          <ns3:TrackPointExtension>
            <ns3:atemp>25.0</ns3:atemp>
            <ns3:hr>71</ns3:hr>
          </ns3:TrackPointExtension>
        </extensions>
      </trkpt>
      <trkpt lat="49.1411577165126800537109375" lon="6.15085084922611713409423828125">
        <ele>176.399993896484375</ele>
        <time>2026-10-04T13:57:02.000Z</time>
        <extensions>
          <ns3:TrackPointExtension>
            <ns3:atemp>25.0</ns3:atemp>
            <ns3:hr>72</ns3:hr>
          </ns3:TrackPointExtension>
        </extensions>
      </trkpt>
      <trkpt lat="49.14116266183555126190185546875" lon="6.150881610810756683349609375">
        <ele>176.399993896484375</ele>
        <time>2026-10-04T13:57:03.000Z</time>
        <extensions>
          <ns3:TrackPointExtension>
            <ns3:atemp>25.0</ns3:atemp>
            <ns3:hr>72</ns3:hr>
          </ns3:TrackPointExtension>
        </extensions>
      </trkpt>
      <trkpt lat="49.14116702042520046234130859375" lon="6.150913797318935394287109375">
        <ele>176.399993896484375</ele>
        <time>2026-10-04T13:57:04.000Z</time>
        <extensions>
          <ns3:TrackPointExtension>
            <ns3:atemp>25.0</ns3:atemp>
            <ns3:hr>72</ns3:hr>
          </ns3:TrackPointExtension>
        </extensions>
      </trkpt>
      <trkpt lat="49.14117171429097652435302734375" lon="6.15095235407352447509765625">
        <ele>176.399993896484375</ele>
        <time>2026-10-04T13:57:05.000Z</time>
        <extensions>
          <ns3:TrackPointExtension>
            <ns3:atemp>25.0</ns3:atemp>
            <ns3:hr>73</ns3:hr>
          </ns3:TrackPointExtension>
        </extensions>
      </trkpt>
      <trkpt lat="49.14117489941418170928955078125" lon="6.15099468268454074859619140625">
        <ele>176.600006103515625</ele>
        <time>2026-10-04T13:57:06.000Z</time>
        <extensions>
          <ns3:TrackPointExtension>
            <ns3:atemp>25.0</ns3:atemp>
            <ns3:hr>74</ns3:hr>
          </ns3:TrackPointExtension>
        </extensions>
      </trkpt>
      <trkpt lat="49.1411793418228626251220703125" lon="6.151037849485874176025390625">
        <ele>176.600006103515625</ele>
        <time>2026-10-04T13:57:07.000Z</time>
        <extensions>
          <ns3:TrackPointExtension>
            <ns3:atemp>25.0</ns3:atemp>
            <ns3:hr>75</ns3:hr>
          </ns3:TrackPointExtension>
        </extensions>
      </trkpt>
      <trkpt lat="49.14118831045925617218017578125" lon="6.15107975900173187255859375">
        <ele>176.600006103515625</ele>
        <time>2026-10-04T13:57:08.000Z</time>
        <extensions>
          <ns3:TrackPointExtension>
            <ns3:atemp>25.0</ns3:atemp>
            <ns3:hr>75</ns3:hr>
          </ns3:TrackPointExtension>
        </extensions>
      </trkpt>
      <trkpt lat="49.14120591245591640472412109375" lon="6.15111756138503551483154296875">
        <ele>176.600006103515625</ele>
        <time>2026-10-04T13:57:09.000Z</time>
        <extensions>
          <ns3:TrackPointExtension>
            <ns3:atemp>25.0</ns3:atemp>
            <ns3:hr>75</ns3:hr>
          </ns3:TrackPointExtension>
        </extensions>
      </trkpt>
      <trkpt lat="49.141226448118686676025390625" lon="6.15114413201808929443359375">
        <ele>176.399993896484375</ele>
        <time>2026-10-04T13:57:10.000Z</time>
        <extensions>
          <ns3:TrackPointExtension>
            <ns3:atemp>25.0</ns3:atemp>
            <ns3:hr>75</ns3:hr>
          </ns3:TrackPointExtension>
        </extensions>
      </trkpt>
      <trkpt lat="49.1412326507270336151123046875" lon="6.15117573179304599761962890625">
        <ele>176.399993896484375</ele>
        <time>2026-10-04T13:57:11.000Z</time>
        <extensions>
          <ns3:TrackPointExtension>
            <ns3:atemp>25.0</ns3:atemp>
            <ns3:hr>76</ns3:hr>
          </ns3:TrackPointExtension>
        </extensions>
      </trkpt>
      <trkpt lat="49.1412175633013248443603515625" lon="6.1511865444481372833251953125">
        <ele>176.399993896484375</ele>
        <time>2026-10-04T13:57:12.000Z</time>
        <extensions>
          <ns3:TrackPointExtension>
            <ns3:atemp>25.0</ns3:atemp>
            <ns3:hr>76</ns3:hr>
          </ns3:TrackPointExtension>
        </extensions>
      </trkpt>
      <trkpt lat="49.14120205678045749664306640625" lon="6.15118562243878841400146484375">
        <ele>176.399993896484375</ele>
        <time>2026-10-04T13:57:13.000Z</time>
        <extensions>
          <ns3:TrackPointExtension>
            <ns3:atemp>25.0</ns3:atemp>
            <ns3:hr>76</ns3:hr>
          </ns3:TrackPointExtension>
        </extensions>
      </trkpt>
      <trkpt lat="49.14119719527661800384521484375" lon="6.1511986143887042999267578125">
        <ele>176.399993896484375</ele>
        <time>2026-10-04T13:57:14.000Z</time>
        <extensions>
          <ns3:TrackPointExtension>
            <ns3:atemp>25.0</ns3:atemp>
            <ns3:hr>77</ns3:hr>
          </ns3:TrackPointExtension>
        </extensions>
      </trkpt>
      <trkpt lat="49.14119535125792026519775390625" lon="6.15121294744312763214111328125">
        <ele>176.399993896484375</ele>
        <time>2026-10-04T13:57:15.000Z</time>
        <extensions>
          <ns3:TrackPointExtension>
            <ns3:atemp>25.0</ns3:atemp>
            <ns3:hr>76</ns3:hr>
          </ns3:TrackPointExtension>
        </extensions>
      </trkpt>
      <trkpt lat="49.1411924175918102264404296875" lon="6.15122635848820209503173828125">
        <ele>176.1999969482421875</ele>
        <time>2026-10-04T13:57:16.000Z</time>
        <extensions>
          <ns3:TrackPointExtension>
            <ns3:atemp>25.0</ns3:atemp>
            <ns3:hr>77</ns3:hr>
          </ns3:TrackPointExtension>
        </extensions>
      </trkpt>
      <trkpt lat="49.1411894001066684722900390625" lon="6.15124647505581378936767578125">
        <ele>176.1999969482421875</ele>
        <time>2026-10-04T13:57:17.000Z</time>
        <extensions>
          <ns3:TrackPointExtension>
            <ns3:atemp>25.0</ns3:atemp>
            <ns3:hr>77</ns3:hr>
          </ns3:TrackPointExtension>
        </extensions>
      </trkpt>
      <trkpt lat="49.14118596352636814117431640625" lon="6.15127178840339183807373046875">
        <ele>176.1999969482421875</ele>
        <time>2026-10-04T13:57:18.000Z</time>
        <extensions>
          <ns3:TrackPointExtension>
            <ns3:atemp>25.0</ns3:atemp>
            <ns3:hr>77</ns3:hr>
          </ns3:TrackPointExtension>
        </extensions>
      </trkpt>
      <trkpt lat="49.14118110202252864837646484375" lon="6.15130028687417507171630859375">
        <ele>176.1999969482421875</ele>
        <time>2026-10-04T13:57:19.000Z</time>
        <extensions>
          <ns3:TrackPointExtension>
            <ns3:atemp>25.0</ns3:atemp>
            <ns3:hr>78</ns3:hr>
          </ns3:TrackPointExtension>
        </extensions>
      </trkpt>
      <trkpt lat="49.14117942564189434051513671875" lon="6.15133767016232013702392578125">
        <ele>176.1999969482421875</ele>
        <time>2026-10-04T13:57:20.000Z</time>
        <extensions>
          <ns3:TrackPointExtension>
            <ns3:atemp>25.0</ns3:atemp>
            <ns3:hr>78</ns3:hr>
          </ns3:TrackPointExtension>
        </extensions>
      </trkpt>
      <trkpt lat="49.14117942564189434051513671875" lon="6.151370108127593994140625">
        <ele>176.1999969482421875</ele>
        <time>2026-10-04T13:57:21.000Z</time>
        <extensions>
          <ns3:TrackPointExtension>
            <ns3:atemp>25.0</ns3:atemp>
            <ns3:hr>79</ns3:hr>
          </ns3:TrackPointExtension>
        </extensions>
      </trkpt>
      <trkpt lat="49.14117959327995777130126953125" lon="6.151402629911899566650390625">
        <ele>176.1999969482421875</ele>
        <time>2026-10-04T13:57:22.000Z</time>
        <extensions>
          <ns3:TrackPointExtension>
            <ns3:atemp>25.0</ns3:atemp>
            <ns3:hr>81</ns3:hr>
          </ns3:TrackPointExtension>
        </extensions>
      </trkpt>
      <trkpt lat="49.14118009619414806365966796875" lon="6.1514380015432834625244140625">
        <ele>176.1999969482421875</ele>
        <time>2026-10-04T13:57:23.000Z</time>
        <extensions>
          <ns3:TrackPointExtension>
            <ns3:atemp>25.0</ns3:atemp>
            <ns3:hr>81</ns3:hr>
          </ns3:TrackPointExtension>
        </extensions>
      </trkpt>
      <trkpt lat="49.1411820240318775177001953125" lon="6.1514728702604770660400390625">
        <ele>176.1999969482421875</ele>
        <time>2026-10-04T13:57:24.000Z</time>
        <extensions>
          <ns3:TrackPointExtension>
            <ns3:atemp>25.0</ns3:atemp>
            <ns3:hr>81</ns3:hr>
          </ns3:TrackPointExtension>
        </extensions>
      </trkpt>
      <trkpt lat="49.14118479005992412567138671875" lon="6.1515077389776706695556640625">
        <ele>176.1999969482421875</ele>
        <time>2026-10-04T13:57:25.000Z</time>
        <extensions>
          <ns3:TrackPointExtension>
            <ns3:atemp>25.0</ns3:atemp>
            <ns3:hr>80</ns3:hr>
          </ns3:TrackPointExtension>
        </extensions>
      </trkpt>
      <trkpt lat="49.1411860473453998565673828125" lon="6.1515432782471179962158203125">
        <ele>176.1999969482421875</ele>
        <time>2026-10-04T13:57:26.000Z</time>
        <extensions>
          <ns3:TrackPointExtension>
            <ns3:atemp>25.0</ns3:atemp>
            <ns3:hr>78</ns3:hr>
          </ns3:TrackPointExtension>
        </extensions>
      </trkpt>
      <trkpt lat="49.1411863826215267181396484375" lon="6.15158091299235820770263671875">
        <ele>176.1999969482421875</ele>
        <time>2026-10-04T13:57:27.000Z</time>
        <extensions>
          <ns3:TrackPointExtension>
            <ns3:atemp>25.0</ns3:atemp>
            <ns3:hr>77</ns3:hr>
          </ns3:TrackPointExtension>
        </extensions>
      </trkpt>
      <trkpt lat="49.14118797518312931060791015625" lon="6.15161729045212268829345703125">
        <ele>176.1999969482421875</ele>
        <time>2026-10-04T13:57:28.000Z</time>
        <extensions>
          <ns3:TrackPointExtension>
            <ns3:atemp>25.0</ns3:atemp>
            <ns3:hr>77</ns3:hr>
          </ns3:TrackPointExtension>
        </extensions>
      </trkpt>
      <trkpt lat="49.141193926334381103515625" lon="6.15165031515061855316162109375">
        <ele>176.1999969482421875</ele>
        <time>2026-10-04T13:57:29.000Z</time>
        <extensions>
          <ns3:TrackPointExtension>
            <ns3:atemp>25.0</ns3:atemp>
            <ns3:hr>78</ns3:hr>
          </ns3:TrackPointExtension>
        </extensions>
      </trkpt>
      <trkpt lat="49.1411981172859668731689453125" lon="6.151686944067478179931640625">
        <ele>176.1999969482421875</ele>
        <time>2026-10-04T13:57:30.000Z</time>
        <extensions>
          <ns3:TrackPointExtension>
            <ns3:atemp>25.0</ns3:atemp>
            <ns3:hr>79</ns3:hr>
          </ns3:TrackPointExtension>
        </extensions>
      </trkpt>
      <trkpt lat="49.14120289497077465057373046875" lon="6.15172424353659152984619140625">
        <ele>176.1999969482421875</ele>
        <time>2026-10-04T13:57:31.000Z</time>
        <extensions>
          <ns3:TrackPointExtension>
            <ns3:atemp>25.0</ns3:atemp>
            <ns3:hr>82</ns3:hr>
          </ns3:TrackPointExtension>
        </extensions>
      </trkpt>
      <trkpt lat="49.14122200571000576019287109375" lon="6.1517484672367572784423828125">
        <ele>176</ele>
        <time>2026-10-04T13:57:32.000Z</time>
        <extensions>
          <ns3:TrackPointExtension>
            <ns3:atemp>25.0</ns3:atemp>
            <ns3:hr>82</ns3:hr>
          </ns3:TrackPointExtension>
        </extensions>
      </trkpt>
      <trkpt lat="49.141241200268268585205078125" lon="6.151778809726238250732421875">
        <ele>176</ele>
        <time>2026-10-04T13:57:33.000Z</time>
        <extensions>
          <ns3:TrackPointExtension>
            <ns3:atemp>25.0</ns3:atemp>
            <ns3:hr>82</ns3:hr>
          </ns3:TrackPointExtension>
        </extensions>
      </trkpt>
      <trkpt lat="49.14123709313571453094482421875" lon="6.151815019547939300537109375">
        <ele>176</ele>
        <time>2026-10-04T13:57:34.000Z</time>
        <extensions>
          <ns3:TrackPointExtension>
            <ns3:atemp>25.0</ns3:atemp>
            <ns3:hr>82</ns3:hr>
          </ns3:TrackPointExtension>
        </extensions>
      </trkpt>
      <trkpt lat="49.1412246040999889373779296875" lon="6.15184008143842220306396484375">
        <ele>176</ele>
        <time>2026-10-04T13:57:35.000Z</time>
        <extensions>
          <ns3:TrackPointExtension>
            <ns3:atemp>25.0</ns3:atemp>
            <ns3:hr>83</ns3:hr>
          </ns3:TrackPointExtension>
        </extensions>
      </trkpt>
      <trkpt lat="49.1412239335477352142333984375" lon="6.15186573006212711334228515625">
        <ele>176</ele>
        <time>2026-10-04T13:57:36.000Z</time>
        <extensions>
          <ns3:TrackPointExtension>
            <ns3:atemp>25.0</ns3:atemp>
            <ns3:hr>83</ns3:hr>
          </ns3:TrackPointExtension>
        </extensions>
      </trkpt>
      <trkpt lat="49.1412328183650970458984375" lon="6.15189188160002231597900390625">
        <ele>176</ele>
        <time>2026-10-04T13:57:37.000Z</time>
        <extensions>
          <ns3:TrackPointExtension>
            <ns3:atemp>25.0</ns3:atemp>
            <ns3:hr>83</ns3:hr>
          </ns3:TrackPointExtension>
        </extensions>
      </trkpt>
      <trkpt lat="49.141220413148403167724609375" lon="6.15191484801471233367919921875">
        <ele>176</ele>
        <time>2026-10-04T13:57:38.000Z</time>
        <extensions>
          <ns3:TrackPointExtension>
            <ns3:atemp>25.0</ns3:atemp>
            <ns3:hr>82</ns3:hr>
          </ns3:TrackPointExtension>
        </extensions>
      </trkpt>
      <trkpt lat="49.1412182338535785675048828125" lon="6.15193714387714862823486328125">
        <ele>176</ele>
        <time>2026-10-04T13:57:39.000Z</time>
        <extensions>
          <ns3:TrackPointExtension>
            <ns3:atemp>25.0</ns3:atemp>
            <ns3:hr>81</ns3:hr>
          </ns3:TrackPointExtension>
        </extensions>
      </trkpt>
      <trkpt lat="49.141222424805164337158203125" lon="6.15196497179567813873291015625">
        <ele>176</ele>
        <time>2026-10-04T13:57:40.000Z</time>
        <extensions>
          <ns3:TrackPointExtension>
            <ns3:atemp>25.0</ns3:atemp>
            <ns3:hr>79</ns3:hr>
          </ns3:TrackPointExtension>
        </extensions>
      </trkpt>
      <trkpt lat="49.14122410118579864501953125" lon="6.15199347026646137237548828125">
        <ele>176</ele>
        <time>2026-10-04T13:57:41.000Z</time>
        <extensions>
          <ns3:TrackPointExtension>
            <ns3:atemp>25.0</ns3:atemp>
            <ns3:hr>79</ns3:hr>
          </ns3:TrackPointExtension>
        </extensions>
      </trkpt>
      <trkpt lat="49.141226448118686676025390625" lon="6.152022220194339752197265625">
        <ele>176</ele>
        <time>2026-10-04T13:57:42.000Z</time>
        <extensions>
          <ns3:TrackPointExtension>
            <ns3:atemp>25.0</ns3:atemp>
            <ns3:hr>79</ns3:hr>
          </ns3:TrackPointExtension>
        </extensions>
      </trkpt>
      <trkpt lat="49.1412299685180187225341796875" lon="6.15205532871186733245849609375">
        <ele>175.8000030517578125</ele>
        <time>2026-10-04T13:57:43.000Z</time>
        <extensions>
          <ns3:TrackPointExtension>
            <ns3:atemp>25.0</ns3:atemp>
            <ns3:hr>79</ns3:hr>
          </ns3:TrackPointExtension>
        </extensions>
      </trkpt>
      <trkpt lat="49.141233153641223907470703125" lon="6.15208826959133148193359375">
        <ele>175.8000030517578125</ele>
        <time>2026-10-04T13:57:44.000Z</time>
        <extensions>
          <ns3:TrackPointExtension>
            <ns3:atemp>25.0</ns3:atemp>
            <ns3:hr>78</ns3:hr>
          </ns3:TrackPointExtension>
        </extensions>
      </trkpt>
      <trkpt lat="49.14123617112636566162109375" lon="6.15212121047079563140869140625">
        <ele>176</ele>
        <time>2026-10-04T13:57:45.000Z</time>
        <extensions>
          <ns3:TrackPointExtension>
            <ns3:atemp>25.0</ns3:atemp>
            <ns3:hr>78</ns3:hr>
          </ns3:TrackPointExtension>
        </extensions>
      </trkpt>
      <trkpt lat="49.1412381827831268310546875" lon="6.15215255878865718841552734375">
        <ele>176</ele>
        <time>2026-10-04T13:57:46.000Z</time>
        <extensions>
          <ns3:TrackPointExtension>
            <ns3:atemp>25.0</ns3:atemp>
            <ns3:hr>77</ns3:hr>
          </ns3:TrackPointExtension>
        </extensions>
      </trkpt>
      <trkpt lat="49.14123692549765110015869140625" lon="6.1521823145449161529541015625">
        <ele>176</ele>
        <time>2026-10-04T13:57:47.000Z</time>
        <extensions>
          <ns3:TrackPointExtension>
            <ns3:atemp>25.0</ns3:atemp>
            <ns3:hr>76</ns3:hr>
          </ns3:TrackPointExtension>
        </extensions>
      </trkpt>
      <trkpt lat="49.14123893715441226959228515625" lon="6.1522145010530948638916015625">
        <ele>176</ele>
        <time>2026-10-04T13:57:48.000Z</time>
        <extensions>
          <ns3:TrackPointExtension>
            <ns3:atemp>25.0</ns3:atemp>
            <ns3:hr>75</ns3:hr>
          </ns3:TrackPointExtension>
        </extensions>
      </trkpt>
      <trkpt lat="49.14124145172536373138427734375" lon="6.1522458493709564208984375">
        <ele>176</ele>
        <time>2026-10-04T13:57:49.000Z</time>
        <extensions>
          <ns3:TrackPointExtension>
            <ns3:atemp>25.0</ns3:atemp>
            <ns3:hr>75</ns3:hr>
          </ns3:TrackPointExtension>
        </extensions>
      </trkpt>
      <trkpt lat="49.1412450559437274932861328125" lon="6.15227677859365940093994140625">
        <ele>175.8000030517578125</ele>
        <time>2026-10-04T13:57:50.000Z</time>
        <extensions>
          <ns3:TrackPointExtension>
            <ns3:atemp>25.0</ns3:atemp>
            <ns3:hr>75</ns3:hr>
          </ns3:TrackPointExtension>
        </extensions>
      </trkpt>
      <trkpt lat="49.1412460617721080780029296875" lon="6.15230695344507694244384765625">
        <ele>175.8000030517578125</ele>
        <time>2026-10-04T13:57:51.000Z</time>
        <extensions>
          <ns3:TrackPointExtension>
            <ns3:atemp>25.0</ns3:atemp>
            <ns3:hr>75</ns3:hr>
          </ns3:TrackPointExtension>
        </extensions>
      </trkpt>
      <trkpt lat="49.14124782197177410125732421875" lon="6.1523330211639404296875">
        <ele>175.8000030517578125</ele>
        <time>2026-10-04T13:57:52.000Z</time>
        <extensions>
          <ns3:TrackPointExtension>
            <ns3:atemp>25.0</ns3:atemp>
            <ns3:hr>75</ns3:hr>
          </ns3:TrackPointExtension>
        </extensions>
      </trkpt>
      <trkpt lat="49.1412467323243618011474609375" lon="6.15236126817762851715087890625">
        <ele>175.8000030517578125</ele>
        <time>2026-10-04T13:57:53.000Z</time>
        <extensions>
          <ns3:TrackPointExtension>
            <ns3:atemp>25.0</ns3:atemp>
            <ns3:hr>75</ns3:hr>
          </ns3:TrackPointExtension>
        </extensions>
      </trkpt>
      <trkpt lat="49.14124044589698314666748046875" lon="6.15238733589649200439453125">
        <ele>175.8000030517578125</ele>
        <time>2026-10-04T13:57:54.000Z</time>
        <extensions>
          <ns3:TrackPointExtension>
            <ns3:atemp>25.0</ns3:atemp>
            <ns3:hr>75</ns3:hr>
          </ns3:TrackPointExtension>
        </extensions>
      </trkpt>
      <trkpt lat="49.1412319801747798919677734375" lon="6.1524092964828014373779296875">
        <ele>175.8000030517578125</ele>
        <time>2026-10-04T13:57:55.000Z</time>
        <extensions>
          <ns3:TrackPointExtension>
            <ns3:atemp>25.0</ns3:atemp>
            <ns3:hr>75</ns3:hr>
          </ns3:TrackPointExtension>
        </extensions>
      </trkpt>
      <trkpt lat="49.1412292979657649993896484375" lon="6.1524274013936519622802734375">
        <ele>175.8000030517578125</ele>
        <time>2026-10-04T13:57:56.000Z</time>
        <extensions>
          <ns3:TrackPointExtension>
            <ns3:atemp>25.0</ns3:atemp>
            <ns3:hr>76</ns3:hr>
          </ns3:TrackPointExtension>
        </extensions>
      </trkpt>
      <trkpt lat="49.14122569374740123748779296875" lon="6.1524508707225322723388671875">
        <ele>176</ele>
        <time>2026-10-04T13:57:57.000Z</time>
        <extensions>
          <ns3:TrackPointExtension>
            <ns3:atemp>25.0</ns3:atemp>
            <ns3:hr>75</ns3:hr>
          </ns3:TrackPointExtension>
        </extensions>
      </trkpt>
      <trkpt lat="49.14122250862419605255126953125" lon="6.15247878246009349822998046875">
        <ele>176</ele>
        <time>2026-10-04T13:57:58.000Z</time>
        <extensions>
          <ns3:TrackPointExtension>
            <ns3:atemp>25.0</ns3:atemp>
            <ns3:hr>75</ns3:hr>
          </ns3:TrackPointExtension>
        </extensions>
      </trkpt>
      <trkpt lat="49.14121848531067371368408203125" lon="6.15251046605408191680908203125">
        <ele>176</ele>
        <time>2026-10-04T13:57:59.000Z</time>
        <extensions>
          <ns3:TrackPointExtension>
            <ns3:atemp>25.0</ns3:atemp>
            <ns3:hr>75</ns3:hr>
          </ns3:TrackPointExtension>
        </extensions>
      </trkpt>
      <trkpt lat="49.141213707625865936279296875" lon="6.1525346897542476654052734375">
        <ele>176</ele>
        <time>2026-10-04T13:58:00.000Z</time>
        <extensions>
          <ns3:TrackPointExtension>
            <ns3:atemp>25.0</ns3:atemp>
            <ns3:hr>76</ns3:hr>
          </ns3:TrackPointExtension>
        </extensions>
      </trkpt>
      <trkpt lat="49.14120608009397983551025390625" lon="6.15256176330149173736572265625">
        <ele>176</ele>
        <time>2026-10-04T13:58:01.000Z</time>
        <extensions>
          <ns3:TrackPointExtension>
            <ns3:atemp>25.0</ns3:atemp>
            <ns3:hr>76</ns3:hr>
          </ns3:TrackPointExtension>
        </extensions>
      </trkpt>
      <trkpt lat="49.14119468070566654205322265625" lon="6.15258171223104000091552734375">
        <ele>176</ele>
        <time>2026-10-04T13:58:02.000Z</time>
        <extensions>
          <ns3:TrackPointExtension>
            <ns3:atemp>25.0</ns3:atemp>
            <ns3:hr>76</ns3:hr>
          </ns3:TrackPointExtension>
        </extensions>
      </trkpt>
      <trkpt lat="49.14118252694606781005859375" lon="6.1525970511138439178466796875">
        <ele>176</ele>
        <time>2026-10-04T13:58:03.000Z</time>
        <extensions>
          <ns3:TrackPointExtension>
            <ns3:atemp>25.0</ns3:atemp>
            <ns3:hr>75</ns3:hr>
          </ns3:TrackPointExtension>
        </extensions>
      </trkpt>
      <trkpt lat="49.14116802625358104705810546875" lon="6.15261557511985301971435546875">
        <ele>176</ele>
        <time>2026-10-04T13:58:04.000Z</time>
        <extensions>
          <ns3:TrackPointExtension>
            <ns3:atemp>25.0</ns3:atemp>
            <ns3:hr>75</ns3:hr>
          </ns3:TrackPointExtension>
        </extensions>
      </trkpt>
      <trkpt lat="49.141151346266269683837890625" lon="6.1526302434504032135009765625">
        <ele>176</ele>
        <time>2026-10-04T13:58:05.000Z</time>
        <extensions>
          <ns3:TrackPointExtension>
            <ns3:atemp>25.0</ns3:atemp>
            <ns3:hr>73</ns3:hr>
          </ns3:TrackPointExtension>
        </extensions>
      </trkpt>
      <trkpt lat="49.14113500155508518218994140625" lon="6.15264206193387508392333984375">
        <ele>176</ele>
        <time>2026-10-04T13:58:06.000Z</time>
        <extensions>
          <ns3:TrackPointExtension>
            <ns3:atemp>25.0</ns3:atemp>
            <ns3:hr>70</ns3:hr>
          </ns3:TrackPointExtension>
        </extensions>
      </trkpt>
      <trkpt lat="49.141119159758090972900390625" lon="6.15265647880733013153076171875">
        <ele>176</ele>
        <time>2026-10-04T13:58:07.000Z</time>
        <extensions>
          <ns3:TrackPointExtension>
            <ns3:atemp>25.0</ns3:atemp>
            <ns3:hr>69</ns3:hr>
          </ns3:TrackPointExtension>
        </extensions>
      </trkpt>
      <trkpt lat="49.141101725399494171142578125" lon="6.1526701413094997406005859375">
        <ele>176</ele>
        <time>2026-10-04T13:58:08.000Z</time>
        <extensions>
          <ns3:TrackPointExtension>
            <ns3:atemp>25.0</ns3:atemp>
            <ns3:hr>68</ns3:hr>
          </ns3:TrackPointExtension>
        </extensions>
      </trkpt>
      <trkpt lat="49.141082279384136199951171875" lon="6.15268279798328876495361328125">
        <ele>176</ele>
        <time>2026-10-04T13:58:09.000Z</time>
        <extensions>
          <ns3:TrackPointExtension>
            <ns3:atemp>25.0</ns3:atemp>
            <ns3:hr>68</ns3:hr>
          </ns3:TrackPointExtension>
        </extensions>
      </trkpt>
      <trkpt lat="49.1410653479397296905517578125" lon="6.1526915989816188812255859375">
        <ele>176</ele>
        <time>2026-10-04T13:58:10.000Z</time>
        <extensions>
          <ns3:TrackPointExtension>
            <ns3:atemp>25.0</ns3:atemp>
            <ns3:hr>68</ns3:hr>
          </ns3:TrackPointExtension>
        </extensions>
      </trkpt>
      <trkpt lat="49.141049422323703765869140625" lon="6.1527013219892978668212890625">
        <ele>176</ele>
        <time>2026-10-04T13:58:11.000Z</time>
        <extensions>
          <ns3:TrackPointExtension>
            <ns3:atemp>25.0</ns3:atemp>
            <ns3:hr>68</ns3:hr>
          </ns3:TrackPointExtension>
        </extensions>
      </trkpt>
      <trkpt lat="49.14103408344089984893798828125" lon="6.15271062590181827545166015625">
        <ele>176</ele>
        <time>2026-10-04T13:58:12.000Z</time>
        <extensions>
          <ns3:TrackPointExtension>
            <ns3:atemp>25.0</ns3:atemp>
            <ns3:hr>67</ns3:hr>
          </ns3:TrackPointExtension>
        </extensions>
      </trkpt>
      <trkpt lat="49.14101866073906421661376953125" lon="6.1527214385569095611572265625">
        <ele>176</ele>
        <time>2026-10-04T13:58:13.000Z</time>
        <extensions>
          <ns3:TrackPointExtension>
            <ns3:atemp>25.0</ns3:atemp>
            <ns3:hr>66</ns3:hr>
          </ns3:TrackPointExtension>
        </extensions>
      </trkpt>
      <trkpt lat="49.14100340567529201507568359375" lon="6.1527304910123348236083984375">
        <ele>176</ele>
        <time>2026-10-04T13:58:14.000Z</time>
        <extensions>
          <ns3:TrackPointExtension>
            <ns3:atemp>25.0</ns3:atemp>
            <ns3:hr>68</ns3:hr>
          </ns3:TrackPointExtension>
        </extensions>
      </trkpt>
      <trkpt lat="49.14098932407796382904052734375" lon="6.1527378670871257781982421875">
        <ele>176</ele>
        <time>2026-10-04T13:58:15.000Z</time>
        <extensions>
          <ns3:TrackPointExtension>
            <ns3:atemp>25.0</ns3:atemp>
            <ns3:hr>70</ns3:hr>
          </ns3:TrackPointExtension>
        </extensions>
      </trkpt>
      <trkpt lat="49.14097406901419162750244140625" lon="6.15274264477193355560302734375">
        <ele>176</ele>
        <time>2026-10-04T13:58:16.000Z</time>
        <extensions>
          <ns3:TrackPointExtension>
            <ns3:atemp>25.0</ns3:atemp>
            <ns3:hr>71</ns3:hr>
          </ns3:TrackPointExtension>
        </extensions>
      </trkpt>
      <trkpt lat="49.14095814339816570281982421875" lon="6.152753792703151702880859375">
        <ele>176</ele>
        <time>2026-10-04T13:58:17.000Z</time>
        <extensions>
          <ns3:TrackPointExtension>
            <ns3:atemp>25.0</ns3:atemp>
            <ns3:hr>71</ns3:hr>
          </ns3:TrackPointExtension>
        </extensions>
      </trkpt>
      <trkpt lat="49.14094171486794948577880859375" lon="6.152762509882450103759765625">
        <ele>176</ele>
        <time>2026-10-04T13:58:18.000Z</time>
        <extensions>
          <ns3:TrackPointExtension>
            <ns3:atemp>25.0</ns3:atemp>
            <ns3:hr>72</ns3:hr>
          </ns3:TrackPointExtension>
        </extensions>
      </trkpt>
      <trkpt lat="49.1409265436232089996337890625" lon="6.15277265198528766632080078125">
        <ele>176</ele>
        <time>2026-10-04T13:58:19.000Z</time>
        <extensions>
          <ns3:TrackPointExtension>
            <ns3:atemp>25.0</ns3:atemp>
            <ns3:hr>72</ns3:hr>
          </ns3:TrackPointExtension>
        </extensions>
      </trkpt>
      <trkpt lat="49.1409109532833099365234375" lon="6.152777932584285736083984375">
        <ele>176</ele>
        <time>2026-10-04T13:58:20.000Z</time>
        <extensions>
          <ns3:TrackPointExtension>
            <ns3:atemp>25.0</ns3:atemp>
            <ns3:hr>72</ns3:hr>
          </ns3:TrackPointExtension>
        </extensions>
      </trkpt>
      <trkpt lat="49.140895195305347442626953125" lon="6.15278606303036212921142578125">
        <ele>176</ele>
        <time>2026-10-04T13:58:21.000Z</time>
        <extensions>
          <ns3:TrackPointExtension>
            <ns3:atemp>25.0</ns3:atemp>
            <ns3:hr>72</ns3:hr>
          </ns3:TrackPointExtension>
        </extensions>
      </trkpt>
      <trkpt lat="49.14087952114641666412353515625" lon="6.1527935229241847991943359375">
        <ele>176</ele>
        <time>2026-10-04T13:58:22.000Z</time>
        <extensions>
          <ns3:TrackPointExtension>
            <ns3:atemp>25.0</ns3:atemp>
            <ns3:hr>73</ns3:hr>
          </ns3:TrackPointExtension>
        </extensions>
      </trkpt>
      <trkpt lat="49.14086326025426387786865234375" lon="6.1528035812079906463623046875">
        <ele>176</ele>
        <time>2026-10-04T13:58:23.000Z</time>
        <extensions>
          <ns3:TrackPointExtension>
            <ns3:atemp>25.0</ns3:atemp>
            <ns3:hr>73</ns3:hr>
          </ns3:TrackPointExtension>
        </extensions>
      </trkpt>
      <trkpt lat="49.1408484242856502532958984375" lon="6.15281221456825733184814453125">
        <ele>176</ele>
        <time>2026-10-04T13:58:24.000Z</time>
        <extensions>
          <ns3:TrackPointExtension>
            <ns3:atemp>25.0</ns3:atemp>
            <ns3:hr>73</ns3:hr>
          </ns3:TrackPointExtension>
        </extensions>
      </trkpt>
      <trkpt lat="49.14083057083189487457275390625" lon="6.15281690843403339385986328125">
        <ele>175.8000030517578125</ele>
        <time>2026-10-04T13:58:25.000Z</time>
        <extensions>
          <ns3:TrackPointExtension>
            <ns3:atemp>25.0</ns3:atemp>
            <ns3:hr>72</ns3:hr>
          </ns3:TrackPointExtension>
        </extensions>
      </trkpt>
      <trkpt lat="49.1408138908445835113525390625" lon="6.1528240330517292022705078125">
        <ele>175.8000030517578125</ele>
        <time>2026-10-04T13:58:26.000Z</time>
        <extensions>
          <ns3:TrackPointExtension>
            <ns3:atemp>25.0</ns3:atemp>
            <ns3:hr>72</ns3:hr>
          </ns3:TrackPointExtension>
        </extensions>
      </trkpt>
      <trkpt lat="49.140796624124050140380859375" lon="6.15283367224037647247314453125">
        <ele>175.8000030517578125</ele>
        <time>2026-10-04T13:58:27.000Z</time>
        <extensions>
          <ns3:TrackPointExtension>
            <ns3:atemp>25.0</ns3:atemp>
            <ns3:hr>72</ns3:hr>
          </ns3:TrackPointExtension>
        </extensions>
      </trkpt>
      <trkpt lat="49.14077692665159702301025390625" lon="6.15284205414354801177978515625">
        <ele>175.8000030517578125</ele>
        <time>2026-10-04T13:58:28.000Z</time>
        <extensions>
          <ns3:TrackPointExtension>
            <ns3:atemp>25.0</ns3:atemp>
            <ns3:hr>72</ns3:hr>
          </ns3:TrackPointExtension>
        </extensions>
      </trkpt>
      <trkpt lat="49.14075949229300022125244140625" lon="6.15285404026508331298828125">
        <ele>175.8000030517578125</ele>
        <time>2026-10-04T13:58:29.000Z</time>
        <extensions>
          <ns3:TrackPointExtension>
            <ns3:atemp>25.0</ns3:atemp>
            <ns3:hr>72</ns3:hr>
          </ns3:TrackPointExtension>
        </extensions>
      </trkpt>
      <trkpt lat="49.14074038155376911163330078125" lon="6.15286703221499919891357421875">
        <ele>175.8000030517578125</ele>
        <time>2026-10-04T13:58:30.000Z</time>
        <extensions>
          <ns3:TrackPointExtension>
            <ns3:atemp>25.0</ns3:atemp>
            <ns3:hr>72</ns3:hr>
          </ns3:TrackPointExtension>
        </extensions>
      </trkpt>
      <trkpt lat="49.14071976207196712493896484375" lon="6.15287977270781993865966796875">
        <ele>175.8000030517578125</ele>
        <time>2026-10-04T13:58:31.000Z</time>
        <extensions>
          <ns3:TrackPointExtension>
            <ns3:atemp>25.0</ns3:atemp>
            <ns3:hr>71</ns3:hr>
          </ns3:TrackPointExtension>
        </extensions>
      </trkpt>
      <trkpt lat="49.14070433937013149261474609375" lon="6.15289284847676753997802734375">
        <ele>175.8000030517578125</ele>
        <time>2026-10-04T13:58:32.000Z</time>
        <extensions>
          <ns3:TrackPointExtension>
            <ns3:atemp>25.0</ns3:atemp>
            <ns3:hr>69</ns3:hr>
          </ns3:TrackPointExtension>
        </extensions>
      </trkpt>
      <trkpt lat="49.1406868211925029754638671875" lon="6.15290123037993907928466796875">
        <ele>175.8000030517578125</ele>
        <time>2026-10-04T13:58:33.000Z</time>
        <extensions>
          <ns3:TrackPointExtension>
            <ns3:atemp>25.0</ns3:atemp>
            <ns3:hr>66</ns3:hr>
          </ns3:TrackPointExtension>
        </extensions>
      </trkpt>
      <trkpt lat="49.140668548643589019775390625" lon="6.1529110372066497802734375">
        <ele>175.8000030517578125</ele>
        <time>2026-10-04T13:58:34.000Z</time>
        <extensions>
          <ns3:TrackPointExtension>
            <ns3:atemp>25.0</ns3:atemp>
            <ns3:hr>67</ns3:hr>
          </ns3:TrackPointExtension>
        </extensions>
      </trkpt>
      <trkpt lat="49.1406539641320705413818359375" lon="6.15292285569012165069580078125">
        <ele>176</ele>
        <time>2026-10-04T13:58:35.000Z</time>
        <extensions>
          <ns3:TrackPointExtension>
            <ns3:atemp>25.0</ns3:atemp>
            <ns3:hr>67</ns3:hr>
          </ns3:TrackPointExtension>
        </extensions>
      </trkpt>
      <trkpt lat="49.1406375356018543243408203125" lon="6.1529299803078174591064453125">
        <ele>176</ele>
        <time>2026-10-04T13:58:36.000Z</time>
        <extensions>
          <ns3:TrackPointExtension>
            <ns3:atemp>25.0</ns3:atemp>
            <ns3:hr>67</ns3:hr>
          </ns3:TrackPointExtension>
        </extensions>
      </trkpt>
      <trkpt lat="49.14062554948031902313232421875" lon="6.15293861366808414459228515625">
        <ele>176</ele>
        <time>2026-10-04T13:58:37.000Z</time>
        <extensions>
          <ns3:TrackPointExtension>
            <ns3:atemp>25.0</ns3:atemp>
            <ns3:hr>66</ns3:hr>
          </ns3:TrackPointExtension>
        </extensions>
      </trkpt>
      <trkpt lat="49.14061264134943485260009765625" lon="6.15294733084738254547119140625">
        <ele>176</ele>
        <time>2026-10-04T13:58:38.000Z</time>
        <extensions>
          <ns3:TrackPointExtension>
            <ns3:atemp>25.0</ns3:atemp>
            <ns3:hr>66</ns3:hr>
          </ns3:TrackPointExtension>
        </extensions>
      </trkpt>
      <trkpt lat="49.1405999846756458282470703125" lon="6.15295504219830036163330078125">
        <ele>176</ele>
        <time>2026-10-04T13:58:39.000Z</time>
        <extensions>
          <ns3:TrackPointExtension>
            <ns3:atemp>25.0</ns3:atemp>
            <ns3:hr>66</ns3:hr>
          </ns3:TrackPointExtension>
        </extensions>
      </trkpt>
      <trkpt lat="49.14058732800185680389404296875" lon="6.15296660922467708587646484375">
        <ele>176</ele>
        <time>2026-10-04T13:58:40.000Z</time>
        <extensions>
          <ns3:TrackPointExtension>
            <ns3:atemp>25.0</ns3:atemp>
            <ns3:hr>67</ns3:hr>
          </ns3:TrackPointExtension>
        </extensions>
      </trkpt>
      <trkpt lat="49.14056888781487941741943359375" lon="6.15297297947108745574951171875">
        <ele>176</ele>
        <time>2026-10-04T13:58:41.000Z</time>
        <extensions>
          <ns3:TrackPointExtension>
            <ns3:atemp>25.0</ns3:atemp>
            <ns3:hr>67</ns3:hr>
          </ns3:TrackPointExtension>
        </extensions>
      </trkpt>
      <trkpt lat="49.14055086672306060791015625" lon="6.1529789306223392486572265625">
        <ele>176</ele>
        <time>2026-10-04T13:58:42.000Z</time>
        <extensions>
          <ns3:TrackPointExtension>
            <ns3:atemp>25.0</ns3:atemp>
            <ns3:hr>67</ns3:hr>
          </ns3:TrackPointExtension>
        </extensions>
      </trkpt>
      <trkpt lat="49.140532426536083221435546875" lon="6.152984797954559326171875">
        <ele>176</ele>
        <time>2026-10-04T13:58:43.000Z</time>
        <extensions>
          <ns3:TrackPointExtension>
            <ns3:atemp>25.0</ns3:atemp>
            <ns3:hr>68</ns3:hr>
          </ns3:TrackPointExtension>
        </extensions>
      </trkpt>
      <trkpt lat="49.14051457308232784271240234375" lon="6.15299108438193798065185546875">
        <ele>176</ele>
        <time>2026-10-04T13:58:44.000Z</time>
        <extensions>
          <ns3:TrackPointExtension>
            <ns3:atemp>25.0</ns3:atemp>
            <ns3:hr>68</ns3:hr>
          </ns3:TrackPointExtension>
        </extensions>
      </trkpt>
      <trkpt lat="49.1404950432479381561279296875" lon="6.15300164557993412017822265625">
        <ele>176</ele>
        <time>2026-10-04T13:58:45.000Z</time>
        <extensions>
          <ns3:TrackPointExtension>
            <ns3:atemp>25.0</ns3:atemp>
            <ns3:hr>69</ns3:hr>
          </ns3:TrackPointExtension>
        </extensions>
      </trkpt>
      <trkpt lat="49.1404762677848339080810546875" lon="6.15301455371081829071044921875">
        <ele>176</ele>
        <time>2026-10-04T13:58:46.000Z</time>
        <extensions>
          <ns3:TrackPointExtension>
            <ns3:atemp>25.0</ns3:atemp>
            <ns3:hr>69</ns3:hr>
          </ns3:TrackPointExtension>
        </extensions>
      </trkpt>
      <trkpt lat="49.1404581628739833831787109375" lon="6.15302444435656070709228515625">
        <ele>176</ele>
        <time>2026-10-04T13:58:47.000Z</time>
        <extensions>
          <ns3:TrackPointExtension>
            <ns3:atemp>25.0</ns3:atemp>
            <ns3:hr>69</ns3:hr>
          </ns3:TrackPointExtension>
        </extensions>
      </trkpt>
      <trkpt lat="49.1404400579631328582763671875" lon="6.1530319042503833770751953125">
        <ele>176</ele>
        <time>2026-10-04T13:58:48.000Z</time>
        <extensions>
          <ns3:TrackPointExtension>
            <ns3:atemp>25.0</ns3:atemp>
            <ns3:hr>66</ns3:hr>
          </ns3:TrackPointExtension>
        </extensions>
      </trkpt>
      <trkpt lat="49.1404263116419315338134765625" lon="6.15304271690547466278076171875">
        <ele>176</ele>
        <time>2026-10-04T13:58:49.000Z</time>
        <extensions>
          <ns3:TrackPointExtension>
            <ns3:atemp>25.0</ns3:atemp>
            <ns3:hr>65</ns3:hr>
          </ns3:TrackPointExtension>
        </extensions>
      </trkpt>
      <trkpt lat="49.14041214622557163238525390625" lon="6.1530490033328533172607421875">
        <ele>176</ele>
        <time>2026-10-04T13:58:50.000Z</time>
        <extensions>
          <ns3:TrackPointExtension>
            <ns3:atemp>25.0</ns3:atemp>
            <ns3:hr>64</ns3:hr>
          </ns3:TrackPointExtension>
        </extensions>
      </trkpt>
      <trkpt lat="49.14039940573275089263916015625" lon="6.15305948071181774139404296875">
        <ele>176</ele>
        <time>2026-10-04T13:58:51.000Z</time>
        <extensions>
          <ns3:TrackPointExtension>
            <ns3:atemp>25.0</ns3:atemp>
            <ns3:hr>63</ns3:hr>
          </ns3:TrackPointExtension>
        </extensions>
      </trkpt>
      <trkpt lat="49.14038046263158321380615234375" lon="6.15306803025305271148681640625">
        <ele>176</ele>
        <time>2026-10-04T13:58:52.000Z</time>
        <extensions>
          <ns3:TrackPointExtension>
            <ns3:atemp>25.0</ns3:atemp>
            <ns3:hr>63</ns3:hr>
          </ns3:TrackPointExtension>
        </extensions>
      </trkpt>
      <trkpt lat="49.14036721922457218170166015625" lon="6.15307808853685855865478515625">
        <ele>176</ele>
        <time>2026-10-04T13:58:53.000Z</time>
        <extensions>
          <ns3:TrackPointExtension>
            <ns3:atemp>25.0</ns3:atemp>
            <ns3:hr>63</ns3:hr>
          </ns3:TrackPointExtension>
        </extensions>
      </trkpt>
      <trkpt lat="49.14035045541822910308837890625" lon="6.153090409934520721435546875">
        <ele>176</ele>
        <time>2026-10-04T13:58:54.000Z</time>
        <extensions>
          <ns3:TrackPointExtension>
            <ns3:atemp>25.0</ns3:atemp>
            <ns3:hr>63</ns3:hr>
          </ns3:TrackPointExtension>
        </extensions>
      </trkpt>
      <trkpt lat="49.14033419452607631683349609375" lon="6.153101138770580291748046875">
        <ele>176</ele>
        <time>2026-10-04T13:58:55.000Z</time>
        <extensions>
          <ns3:TrackPointExtension>
            <ns3:atemp>25.0</ns3:atemp>
            <ns3:hr>62</ns3:hr>
          </ns3:TrackPointExtension>
        </extensions>
      </trkpt>
      <trkpt lat="49.14031877182424068450927734375" lon="6.153110526502132415771484375">
        <ele>176.1999969482421875</ele>
        <time>2026-10-04T13:58:56.000Z</time>
        <extensions>
          <ns3:TrackPointExtension>
            <ns3:atemp>25.0</ns3:atemp>
            <ns3:hr>62</ns3:hr>
          </ns3:TrackPointExtension>
        </extensions>
      </trkpt>
      <trkpt lat="49.14030284620821475982666015625" lon="6.15312184207141399383544921875">
        <ele>176.1999969482421875</ele>
        <time>2026-10-04T13:58:57.000Z</time>
        <extensions>
          <ns3:TrackPointExtension>
            <ns3:atemp>25.0</ns3:atemp>
            <ns3:hr>62</ns3:hr>
          </ns3:TrackPointExtension>
        </extensions>
      </trkpt>
      <trkpt lat="49.1402861662209033966064453125" lon="6.1531328223645687103271484375">
        <ele>176.1999969482421875</ele>
        <time>2026-10-04T13:58:58.000Z</time>
        <extensions>
          <ns3:TrackPointExtension>
            <ns3:atemp>25.0</ns3:atemp>
            <ns3:hr>62</ns3:hr>
          </ns3:TrackPointExtension>
        </extensions>
      </trkpt>
      <trkpt lat="49.14026831276714801788330078125" lon="6.15314313210546970367431640625">
        <ele>176.1999969482421875</ele>
        <time>2026-10-04T13:58:59.000Z</time>
        <extensions>
          <ns3:TrackPointExtension>
            <ns3:atemp>25.0</ns3:atemp>
            <ns3:hr>62</ns3:hr>
          </ns3:TrackPointExtension>
        </extensions>
      </trkpt>
      <trkpt lat="49.1402511298656463623046875" lon="6.153151094913482666015625">
        <ele>176.1999969482421875</ele>
        <time>2026-10-04T13:59:00.000Z</time>
        <extensions>
          <ns3:TrackPointExtension>
            <ns3:atemp>25.0</ns3:atemp>
            <ns3:hr>62</ns3:hr>
          </ns3:TrackPointExtension>
        </extensions>
      </trkpt>
      <trkpt lat="49.14023361168801784515380859375" lon="6.15315855480730533599853515625">
        <ele>176.1999969482421875</ele>
        <time>2026-10-04T13:59:01.000Z</time>
        <extensions>
          <ns3:TrackPointExtension>
            <ns3:atemp>25.0</ns3:atemp>
            <ns3:hr>62</ns3:hr>
          </ns3:TrackPointExtension>
        </extensions>
      </trkpt>
      <trkpt lat="49.14021617732942104339599609375" lon="6.15316785871982574462890625">
        <ele>176.1999969482421875</ele>
        <time>2026-10-04T13:59:02.000Z</time>
        <extensions>
          <ns3:TrackPointExtension>
            <ns3:atemp>25.0</ns3:atemp>
            <ns3:hr>63</ns3:hr>
          </ns3:TrackPointExtension>
        </extensions>
      </trkpt>
      <trkpt lat="49.1402013413608074188232421875" lon="6.15317816846072673797607421875">
        <ele>176.1999969482421875</ele>
        <time>2026-10-04T13:59:03.000Z</time>
        <extensions>
          <ns3:TrackPointExtension>
            <ns3:atemp>25.0</ns3:atemp>
            <ns3:hr>63</ns3:hr>
          </ns3:TrackPointExtension>
        </extensions>
      </trkpt>
      <trkpt lat="49.140190444886684417724609375" lon="6.15319065749645233154296875">
        <ele>176.1999969482421875</ele>
        <time>2026-10-04T13:59:04.000Z</time>
        <extensions>
          <ns3:TrackPointExtension>
            <ns3:atemp>25.0</ns3:atemp>
            <ns3:hr>65</ns3:hr>
          </ns3:TrackPointExtension>
        </extensions>
      </trkpt>
      <trkpt lat="49.140183068811893463134765625" lon="6.15320364944636821746826171875">
        <ele>176.1999969482421875</ele>
        <time>2026-10-04T13:59:05.000Z</time>
        <extensions>
          <ns3:TrackPointExtension>
            <ns3:atemp>25.0</ns3:atemp>
            <ns3:hr>68</ns3:hr>
          </ns3:TrackPointExtension>
        </extensions>
      </trkpt>
      <trkpt lat="49.14017292670905590057373046875" lon="6.15321437828242778778076171875">
        <ele>176.1999969482421875</ele>
        <time>2026-10-04T13:59:06.000Z</time>
        <extensions>
          <ns3:TrackPointExtension>
            <ns3:atemp>25.0</ns3:atemp>
            <ns3:hr>78</ns3:hr>
          </ns3:TrackPointExtension>
        </extensions>
      </trkpt>
      <trkpt lat="49.1401624493300914764404296875" lon="6.1532226763665676116943359375">
        <ele>176.399993896484375</ele>
        <time>2026-10-04T13:59:07.000Z</time>
        <extensions>
          <ns3:TrackPointExtension>
            <ns3:atemp>25.0</ns3:atemp>
            <ns3:hr>83</ns3:hr>
          </ns3:TrackPointExtension>
        </extensions>
      </trkpt>
      <trkpt lat="49.1401483677327632904052734375" lon="6.15322611294686794281005859375">
        <ele>176.399993896484375</ele>
        <time>2026-10-04T13:59:08.000Z</time>
        <extensions>
          <ns3:TrackPointExtension>
            <ns3:atemp>25.0</ns3:atemp>
            <ns3:hr>85</ns3:hr>
          </ns3:TrackPointExtension>
        </extensions>
      </trkpt>
      <trkpt lat="49.14013110101222991943359375" lon="6.15323063917458057403564453125">
        <ele>176.399993896484375</ele>
        <time>2026-10-04T13:59:09.000Z</time>
        <extensions>
          <ns3:TrackPointExtension>
            <ns3:atemp>25.0</ns3:atemp>
            <ns3:hr>86</ns3:hr>
          </ns3:TrackPointExtension>
        </extensions>
      </trkpt>
      <trkpt lat="49.140111990272998809814453125" lon="6.1532355844974517822265625">
        <ele>176.399993896484375</ele>
        <time>2026-10-04T13:59:10.000Z</time>
        <extensions>
          <ns3:TrackPointExtension>
            <ns3:atemp>25.0</ns3:atemp>
            <ns3:hr>86</ns3:hr>
          </ns3:TrackPointExtension>
        </extensions>
      </trkpt>
      <trkpt lat="49.1400960646569728851318359375" lon="6.15324027836322784423828125">
        <ele>176.399993896484375</ele>
        <time>2026-10-04T13:59:11.000Z</time>
        <extensions>
          <ns3:TrackPointExtension>
            <ns3:atemp>25.0</ns3:atemp>
            <ns3:hr>87</ns3:hr>
          </ns3:TrackPointExtension>
        </extensions>
      </trkpt>
      <trkpt lat="49.1400829888880252838134765625" lon="6.15324790589511394500732421875">
        <ele>176.399993896484375</ele>
        <time>2026-10-04T13:59:12.000Z</time>
        <extensions>
          <ns3:TrackPointExtension>
            <ns3:atemp>25.0</ns3:atemp>
            <ns3:hr>87</ns3:hr>
          </ns3:TrackPointExtension>
        </extensions>
      </trkpt>
      <trkpt lat="49.140071086585521697998046875" lon="6.15325503051280975341796875">
        <ele>176.399993896484375</ele>
        <time>2026-10-04T13:59:13.000Z</time>
        <extensions>
          <ns3:TrackPointExtension>
            <ns3:atemp>25.0</ns3:atemp>
            <ns3:hr>87</ns3:hr>
          </ns3:TrackPointExtension>
        </extensions>
      </trkpt>
      <trkpt lat="49.14005792699754238128662109375" lon="6.15326383151113986968994140625">
        <ele>176.399993896484375</ele>
        <time>2026-10-04T13:59:14.000Z</time>
        <extensions>
          <ns3:TrackPointExtension>
            <ns3:atemp>25.0</ns3:atemp>
            <ns3:hr>86</ns3:hr>
          </ns3:TrackPointExtension>
        </extensions>
      </trkpt>
      <trkpt lat="49.1400444321334362030029296875" lon="6.1532635800540447235107421875">
        <ele>176.399993896484375</ele>
        <time>2026-10-04T13:59:15.000Z</time>
        <extensions>
          <ns3:TrackPointExtension>
            <ns3:atemp>25.0</ns3:atemp>
            <ns3:hr>86</ns3:hr>
          </ns3:TrackPointExtension>
        </extensions>
      </trkpt>
      <trkpt lat="49.14002741686999797821044921875" lon="6.153253354132175445556640625">
        <ele>176.399993896484375</ele>
        <time>2026-10-04T13:59:16.000Z</time>
        <extensions>
          <ns3:TrackPointExtension>
            <ns3:atemp>25.0</ns3:atemp>
            <ns3:hr>86</ns3:hr>
          </ns3:TrackPointExtension>
        </extensions>
      </trkpt>
      <trkpt lat="49.14001216180622577667236328125" lon="6.153239272534847259521484375">
        <ele>176.399993896484375</ele>
        <time>2026-10-04T13:59:17.000Z</time>
        <extensions>
          <ns3:TrackPointExtension>
            <ns3:atemp>25.0</ns3:atemp>
            <ns3:hr>85</ns3:hr>
          </ns3:TrackPointExtension>
        </extensions>
      </trkpt>
      <trkpt lat="49.139995314180850982666015625" lon="6.15323382429778575897216796875">
        <ele>176.399993896484375</ele>
        <time>2026-10-04T13:59:18.000Z</time>
        <extensions>
          <ns3:TrackPointExtension>
            <ns3:atemp>25.0</ns3:atemp>
            <ns3:hr>85</ns3:hr>
          </ns3:TrackPointExtension>
        </extensions>
      </trkpt>
      <trkpt lat="49.1399763710796833038330078125" lon="6.15323767997324466705322265625">
        <ele>176.399993896484375</ele>
        <time>2026-10-04T13:59:19.000Z</time>
        <extensions>
          <ns3:TrackPointExtension>
            <ns3:atemp>25.0</ns3:atemp>
            <ns3:hr>86</ns3:hr>
          </ns3:TrackPointExtension>
        </extensions>
      </trkpt>
      <trkpt lat="49.13995834998786449432373046875" lon="6.15324438549578189849853515625">
        <ele>176.399993896484375</ele>
        <time>2026-10-04T13:59:20.000Z</time>
        <extensions>
          <ns3:TrackPointExtension>
            <ns3:atemp>25.0</ns3:atemp>
            <ns3:hr>86</ns3:hr>
          </ns3:TrackPointExtension>
        </extensions>
      </trkpt>
      <trkpt lat="49.13993932306766510009765625" lon="6.153253018856048583984375">
        <ele>176.1999969482421875</ele>
        <time>2026-10-04T13:59:21.000Z</time>
        <extensions>
          <ns3:TrackPointExtension>
            <ns3:atemp>25.0</ns3:atemp>
            <ns3:hr>86</ns3:hr>
          </ns3:TrackPointExtension>
        </extensions>
      </trkpt>
      <trkpt lat="49.1399193741381168365478515625" lon="6.1532619036734104156494140625">
        <ele>176.1999969482421875</ele>
        <time>2026-10-04T13:59:22.000Z</time>
        <extensions>
          <ns3:TrackPointExtension>
            <ns3:atemp>25.0</ns3:atemp>
            <ns3:hr>85</ns3:hr>
          </ns3:TrackPointExtension>
        </extensions>
      </trkpt>
      <trkpt lat="49.13989850319921970367431640625" lon="6.153266429901123046875">
        <ele>176.1999969482421875</ele>
        <time>2026-10-04T13:59:23.000Z</time>
        <extensions>
          <ns3:TrackPointExtension>
            <ns3:atemp>25.0</ns3:atemp>
            <ns3:hr>85</ns3:hr>
          </ns3:TrackPointExtension>
        </extensions>
      </trkpt>
      <trkpt lat="49.13988006301224231719970703125" lon="6.15326919592916965484619140625">
        <ele>176.1999969482421875</ele>
        <time>2026-10-04T13:59:24.000Z</time>
        <extensions>
          <ns3:TrackPointExtension>
            <ns3:atemp>25.0</ns3:atemp>
            <ns3:hr>85</ns3:hr>
          </ns3:TrackPointExtension>
        </extensions>
      </trkpt>
      <trkpt lat="49.13986464031040668487548828125" lon="6.15327757783234119415283203125">
        <ele>176.1999969482421875</ele>
        <time>2026-10-04T13:59:25.000Z</time>
        <extensions>
          <ns3:TrackPointExtension>
            <ns3:atemp>25.0</ns3:atemp>
            <ns3:hr>85</ns3:hr>
          </ns3:TrackPointExtension>
        </extensions>
      </trkpt>
      <trkpt lat="49.13984787650406360626220703125" lon="6.15328445099294185638427734375">
        <ele>176.1999969482421875</ele>
        <time>2026-10-04T13:59:26.000Z</time>
        <extensions>
          <ns3:TrackPointExtension>
            <ns3:atemp>25.0</ns3:atemp>
            <ns3:hr>85</ns3:hr>
          </ns3:TrackPointExtension>
        </extensions>
      </trkpt>
      <trkpt lat="49.13983027450740337371826171875" lon="6.15328428335487842559814453125">
        <ele>176</ele>
        <time>2026-10-04T13:59:27.000Z</time>
        <extensions>
          <ns3:TrackPointExtension>
            <ns3:atemp>25.0</ns3:atemp>
            <ns3:hr>85</ns3:hr>
          </ns3:TrackPointExtension>
        </extensions>
      </trkpt>
      <trkpt lat="49.139812253415584564208984375" lon="6.15328361280262470245361328125">
        <ele>176</ele>
        <time>2026-10-04T13:59:28.000Z</time>
        <extensions>
          <ns3:TrackPointExtension>
            <ns3:atemp>25.0</ns3:atemp>
            <ns3:hr>86</ns3:hr>
          </ns3:TrackPointExtension>
        </extensions>
      </trkpt>
      <trkpt lat="49.1397963277995586395263671875" lon="6.15328512154519557952880859375">
        <ele>176</ele>
        <time>2026-10-04T13:59:29.000Z</time>
        <extensions>
          <ns3:TrackPointExtension>
            <ns3:atemp>25.0</ns3:atemp>
            <ns3:hr>86</ns3:hr>
          </ns3:TrackPointExtension>
        </extensions>
      </trkpt>
      <trkpt lat="49.13977948017418384552001953125" lon="6.15328931249678134918212890625">
        <ele>176</ele>
        <time>2026-10-04T13:59:30.000Z</time>
        <extensions>
          <ns3:TrackPointExtension>
            <ns3:atemp>25.0</ns3:atemp>
            <ns3:hr>86</ns3:hr>
          </ns3:TrackPointExtension>
        </extensions>
      </trkpt>
      <trkpt lat="49.13976154290139675140380859375" lon="6.15329182706773281097412109375">
        <ele>176</ele>
        <time>2026-10-04T13:59:31.000Z</time>
        <extensions>
          <ns3:TrackPointExtension>
            <ns3:atemp>25.0</ns3:atemp>
            <ns3:hr>86</ns3:hr>
          </ns3:TrackPointExtension>
        </extensions>
      </trkpt>
      <trkpt lat="49.1397440247237682342529296875" lon="6.1532971076667308807373046875">
        <ele>176</ele>
        <time>2026-10-04T13:59:32.000Z</time>
        <extensions>
          <ns3:TrackPointExtension>
            <ns3:atemp>25.0</ns3:atemp>
            <ns3:hr>87</ns3:hr>
          </ns3:TrackPointExtension>
        </extensions>
      </trkpt>
      <trkpt lat="49.13972550071775913238525390625" lon="6.1533031426370143890380859375">
        <ele>176</ele>
        <time>2026-10-04T13:59:33.000Z</time>
        <extensions>
          <ns3:TrackPointExtension>
            <ns3:atemp>25.0</ns3:atemp>
            <ns3:hr>86</ns3:hr>
          </ns3:TrackPointExtension>
        </extensions>
      </trkpt>
      <trkpt lat="49.1397064737975597381591796875" lon="6.1533081717789173126220703125">
        <ele>176</ele>
        <time>2026-10-04T13:59:34.000Z</time>
        <extensions>
          <ns3:TrackPointExtension>
            <ns3:atemp>25.0</ns3:atemp>
            <ns3:hr>86</ns3:hr>
          </ns3:TrackPointExtension>
        </extensions>
      </trkpt>
      <trkpt lat="49.13968719542026519775390625" lon="6.153312362730503082275390625">
        <ele>175.8000030517578125</ele>
        <time>2026-10-04T13:59:35.000Z</time>
        <extensions>
          <ns3:TrackPointExtension>
            <ns3:atemp>25.0</ns3:atemp>
            <ns3:hr>86</ns3:hr>
          </ns3:TrackPointExtension>
        </extensions>
      </trkpt>
      <trkpt lat="49.13966816850006580352783203125" lon="6.15331680513918399810791015625">
        <ele>175.8000030517578125</ele>
        <time>2026-10-04T13:59:36.000Z</time>
        <extensions>
          <ns3:TrackPointExtension>
            <ns3:atemp>25.0</ns3:atemp>
            <ns3:hr>86</ns3:hr>
          </ns3:TrackPointExtension>
        </extensions>
      </trkpt>
      <trkpt lat="49.13964738138020038604736328125" lon="6.1533249355852603912353515625">
        <ele>175.8000030517578125</ele>
        <time>2026-10-04T13:59:37.000Z</time>
        <extensions>
          <ns3:TrackPointExtension>
            <ns3:atemp>25.0</ns3:atemp>
            <ns3:hr>86</ns3:hr>
          </ns3:TrackPointExtension>
        </extensions>
      </trkpt>
      <trkpt lat="49.139626510441303253173828125" lon="6.15333055146038532257080078125">
        <ele>175.8000030517578125</ele>
        <time>2026-10-04T13:59:38.000Z</time>
        <extensions>
          <ns3:TrackPointExtension>
            <ns3:atemp>25.0</ns3:atemp>
            <ns3:hr>86</ns3:hr>
          </ns3:TrackPointExtension>
        </extensions>
      </trkpt>
      <trkpt lat="49.13960731588304042816162109375" lon="6.1533373408019542694091796875">
        <ele>175.8000030517578125</ele>
        <time>2026-10-04T13:59:39.000Z</time>
        <extensions>
          <ns3:TrackPointExtension>
            <ns3:atemp>25.0</ns3:atemp>
            <ns3:hr>86</ns3:hr>
          </ns3:TrackPointExtension>
        </extensions>
      </trkpt>
      <trkpt lat="49.13958870805799961090087890625" lon="6.15334513597190380096435546875">
        <ele>175.8000030517578125</ele>
        <time>2026-10-04T13:59:40.000Z</time>
        <extensions>
          <ns3:TrackPointExtension>
            <ns3:atemp>25.0</ns3:atemp>
            <ns3:hr>87</ns3:hr>
          </ns3:TrackPointExtension>
        </extensions>
      </trkpt>
      <trkpt lat="49.13957295008003711700439453125" lon="6.1533517576754093170166015625">
        <ele>175.8000030517578125</ele>
        <time>2026-10-04T13:59:41.000Z</time>
        <extensions>
          <ns3:TrackPointExtension>
            <ns3:atemp>25.0</ns3:atemp>
            <ns3:hr>87</ns3:hr>
          </ns3:TrackPointExtension>
        </extensions>
      </trkpt>
      <trkpt lat="49.1395566053688526153564453125" lon="6.1533524282276630401611328125">
        <ele>175.8000030517578125</ele>
        <time>2026-10-04T13:59:42.000Z</time>
        <extensions>
          <ns3:TrackPointExtension>
            <ns3:atemp>25.0</ns3:atemp>
            <ns3:hr>87</ns3:hr>
          </ns3:TrackPointExtension>
        </extensions>
      </trkpt>
      <trkpt lat="49.139536656439304351806640625" lon="6.15335385315120220184326171875">
        <ele>175.600006103515625</ele>
        <time>2026-10-04T13:59:43.000Z</time>
        <extensions>
          <ns3:TrackPointExtension>
            <ns3:atemp>25.0</ns3:atemp>
            <ns3:hr>87</ns3:hr>
          </ns3:TrackPointExtension>
        </extensions>
      </trkpt>
      <trkpt lat="49.13951695896685123443603515625" lon="6.15335955284535884857177734375">
        <ele>175.600006103515625</ele>
        <time>2026-10-04T13:59:44.000Z</time>
        <extensions>
          <ns3:TrackPointExtension>
            <ns3:atemp>25.0</ns3:atemp>
            <ns3:hr>88</ns3:hr>
          </ns3:TrackPointExtension>
        </extensions>
      </trkpt>
      <trkpt lat="49.13949650712311267852783203125" lon="6.153369359672069549560546875">
        <ele>175.600006103515625</ele>
        <time>2026-10-04T13:59:45.000Z</time>
        <extensions>
          <ns3:TrackPointExtension>
            <ns3:atemp>25.0</ns3:atemp>
            <ns3:hr>88</ns3:hr>
          </ns3:TrackPointExtension>
        </extensions>
      </trkpt>
      <trkpt lat="49.13947504945099353790283203125" lon="6.1533775739371776580810546875">
        <ele>175.600006103515625</ele>
        <time>2026-10-04T13:59:46.000Z</time>
        <extensions>
          <ns3:TrackPointExtension>
            <ns3:atemp>25.0</ns3:atemp>
            <ns3:hr>88</ns3:hr>
          </ns3:TrackPointExtension>
        </extensions>
      </trkpt>
      <trkpt lat="49.13945426233112812042236328125" lon="6.1533839441835880279541015625">
        <ele>175.600006103515625</ele>
        <time>2026-10-04T13:59:47.000Z</time>
        <extensions>
          <ns3:TrackPointExtension>
            <ns3:atemp>25.0</ns3:atemp>
            <ns3:hr>87</ns3:hr>
          </ns3:TrackPointExtension>
        </extensions>
      </trkpt>
      <trkpt lat="49.1394330561161041259765625" lon="6.15339676849544048309326171875">
        <ele>175.600006103515625</ele>
        <time>2026-10-04T13:59:48.000Z</time>
        <extensions>
          <ns3:TrackPointExtension>
            <ns3:atemp>25.0</ns3:atemp>
            <ns3:hr>86</ns3:hr>
          </ns3:TrackPointExtension>
        </extensions>
      </trkpt>
      <trkpt lat="49.1394131071865558624267578125" lon="6.15340481512248516082763671875">
        <ele>175.600006103515625</ele>
        <time>2026-10-04T13:59:49.000Z</time>
        <extensions>
          <ns3:TrackPointExtension>
            <ns3:atemp>25.0</ns3:atemp>
            <ns3:hr>86</ns3:hr>
          </ns3:TrackPointExtension>
        </extensions>
      </trkpt>
      <trkpt lat="49.13939349353313446044921875" lon="6.15340816788375377655029296875">
        <ele>175.600006103515625</ele>
        <time>2026-10-04T13:59:50.000Z</time>
        <extensions>
          <ns3:TrackPointExtension>
            <ns3:atemp>25.0</ns3:atemp>
            <ns3:hr>86</ns3:hr>
          </ns3:TrackPointExtension>
        </extensions>
      </trkpt>
      <trkpt lat="49.1393775679171085357666015625" lon="6.15341202355921268463134765625">
        <ele>175.8000030517578125</ele>
        <time>2026-10-04T13:59:51.000Z</time>
        <extensions>
          <ns3:TrackPointExtension>
            <ns3:atemp>25.0</ns3:atemp>
            <ns3:hr>86</ns3:hr>
          </ns3:TrackPointExtension>
        </extensions>
      </trkpt>
      <trkpt lat="49.13935870863497257232666015625" lon="6.15341956727206707000732421875">
        <ele>175.8000030517578125</ele>
        <time>2026-10-04T13:59:52.000Z</time>
        <extensions>
          <ns3:TrackPointExtension>
            <ns3:atemp>25.0</ns3:atemp>
            <ns3:hr>85</ns3:hr>
          </ns3:TrackPointExtension>
        </extensions>
      </trkpt>
      <trkpt lat="49.1393323056399822235107421875" lon="6.15342828445136547088623046875">
        <ele>175.600006103515625</ele>
        <time>2026-10-04T13:59:53.000Z</time>
        <extensions>
          <ns3:TrackPointExtension>
            <ns3:atemp>25.0</ns3:atemp>
            <ns3:hr>85</ns3:hr>
          </ns3:TrackPointExtension>
        </extensions>
      </trkpt>
      <trkpt lat="49.139307998120784759521484375" lon="6.1534339003264904022216796875">
        <ele>175.600006103515625</ele>
        <time>2026-10-04T13:59:54.000Z</time>
        <extensions>
          <ns3:TrackPointExtension>
            <ns3:atemp>25.0</ns3:atemp>
            <ns3:hr>84</ns3:hr>
          </ns3:TrackPointExtension>
        </extensions>
      </trkpt>
      <trkpt lat="49.1392830200493335723876953125" lon="6.15343817509710788726806640625">
        <ele>175.8000030517578125</ele>
        <time>2026-10-04T13:59:55.000Z</time>
        <extensions>
          <ns3:TrackPointExtension>
            <ns3:atemp>25.0</ns3:atemp>
            <ns3:hr>83</ns3:hr>
          </ns3:TrackPointExtension>
        </extensions>
      </trkpt>
      <trkpt lat="49.13925711996853351593017578125" lon="6.15343884564936161041259765625">
        <ele>175.8000030517578125</ele>
        <time>2026-10-04T13:59:56.000Z</time>
        <extensions>
          <ns3:TrackPointExtension>
            <ns3:atemp>25.0</ns3:atemp>
            <ns3:hr>83</ns3:hr>
          </ns3:TrackPointExtension>
        </extensions>
      </trkpt>
      <trkpt lat="49.1392318904399871826171875" lon="6.1534365825355052947998046875">
        <ele>175.8000030517578125</ele>
        <time>2026-10-04T13:59:57.000Z</time>
        <extensions>
          <ns3:TrackPointExtension>
            <ns3:atemp>25.0</ns3:atemp>
            <ns3:hr>83</ns3:hr>
          </ns3:TrackPointExtension>
        </extensions>
      </trkpt>
      <trkpt lat="49.13920666091144084930419921875" lon="6.153431050479412078857421875">
        <ele>175.8000030517578125</ele>
        <time>2026-10-04T13:59:58.000Z</time>
        <extensions>
          <ns3:TrackPointExtension>
            <ns3:atemp>25.0</ns3:atemp>
            <ns3:hr>84</ns3:hr>
          </ns3:TrackPointExtension>
        </extensions>
      </trkpt>
      <trkpt lat="49.13918000645935535430908203125" lon="6.15343012847006320953369140625">
        <ele>175.8000030517578125</ele>
        <time>2026-10-04T13:59:59.000Z</time>
        <extensions>
          <ns3:TrackPointExtension>
            <ns3:atemp>25.0</ns3:atemp>
            <ns3:hr>85</ns3:hr>
          </ns3:TrackPointExtension>
        </extensions>
      </trkpt>
      <trkpt lat="49.13915284909307956695556640625" lon="6.15343742072582244873046875">
        <ele>175.8000030517578125</ele>
        <time>2026-10-04T14:00:00.000Z</time>
        <extensions>
          <ns3:TrackPointExtension>
            <ns3:atemp>25.0</ns3:atemp>
            <ns3:hr>87</ns3:hr>
          </ns3:TrackPointExtension>
        </extensions>
      </trkpt>
      <trkpt lat="49.1391287930309772491455078125" lon="6.15343851037323474884033203125">
        <ele>175.8000030517578125</ele>
        <time>2026-10-04T14:00:01.000Z</time>
        <extensions>
          <ns3:TrackPointExtension>
            <ns3:atemp>25.0</ns3:atemp>
            <ns3:hr>88</ns3:hr>
          </ns3:TrackPointExtension>
        </extensions>
      </trkpt>
      <trkpt lat="49.13910607807338237762451171875" lon="6.15344521589577198028564453125">
        <ele>175.8000030517578125</ele>
        <time>2026-10-04T14:00:02.000Z</time>
        <extensions>
          <ns3:TrackPointExtension>
            <ns3:atemp>25.0</ns3:atemp>
            <ns3:hr>89</ns3:hr>
          </ns3:TrackPointExtension>
        </extensions>
      </trkpt>
      <trkpt lat="49.1390828602015972137451171875" lon="6.15345074795186519622802734375">
        <ele>175.8000030517578125</ele>
        <time>2026-10-04T14:00:03.000Z</time>
        <extensions>
          <ns3:TrackPointExtension>
            <ns3:atemp>25.0</ns3:atemp>
            <ns3:hr>89</ns3:hr>
          </ns3:TrackPointExtension>
        </extensions>
      </trkpt>
      <trkpt lat="49.13905955851078033447265625" lon="6.153454519808292388916015625">
        <ele>175.8000030517578125</ele>
        <time>2026-10-04T14:00:04.000Z</time>
        <extensions>
          <ns3:TrackPointExtension>
            <ns3:atemp>25.0</ns3:atemp>
            <ns3:hr>89</ns3:hr>
          </ns3:TrackPointExtension>
        </extensions>
      </trkpt>
      <trkpt lat="49.13903650827705860137939453125" lon="6.15346298553049564361572265625">
        <ele>175.8000030517578125</ele>
        <time>2026-10-04T14:00:05.000Z</time>
        <extensions>
          <ns3:TrackPointExtension>
            <ns3:atemp>25.0</ns3:atemp>
            <ns3:hr>88</ns3:hr>
          </ns3:TrackPointExtension>
        </extensions>
      </trkpt>
      <trkpt lat="49.13900993764400482177734375" lon="6.15346801467239856719970703125">
        <ele>175.8000030517578125</ele>
        <time>2026-10-04T14:00:06.000Z</time>
        <extensions>
          <ns3:TrackPointExtension>
            <ns3:atemp>25.0</ns3:atemp>
            <ns3:hr>88</ns3:hr>
          </ns3:TrackPointExtension>
        </extensions>
      </trkpt>
      <trkpt lat="49.13898319937288761138916015625" lon="6.153473295271396636962890625">
        <ele>175.8000030517578125</ele>
        <time>2026-10-04T14:00:07.000Z</time>
        <extensions>
          <ns3:TrackPointExtension>
            <ns3:atemp>25.0</ns3:atemp>
            <ns3:hr>88</ns3:hr>
          </ns3:TrackPointExtension>
        </extensions>
      </trkpt>
      <trkpt lat="49.13895805366337299346923828125" lon="6.153473295271396636962890625">
        <ele>175.8000030517578125</ele>
        <time>2026-10-04T14:00:08.000Z</time>
        <extensions>
          <ns3:TrackPointExtension>
            <ns3:atemp>25.0</ns3:atemp>
            <ns3:hr>88</ns3:hr>
          </ns3:TrackPointExtension>
        </extensions>
      </trkpt>
      <trkpt lat="49.13892838172614574432373046875" lon="6.1534771509468555450439453125">
        <ele>175.8000030517578125</ele>
        <time>2026-10-04T14:00:09.000Z</time>
        <extensions>
          <ns3:TrackPointExtension>
            <ns3:atemp>25.0</ns3:atemp>
            <ns3:hr>88</ns3:hr>
          </ns3:TrackPointExtension>
        </extensions>
      </trkpt>
      <trkpt lat="49.13889887742698192596435546875" lon="6.15348930470645427703857421875">
        <ele>175.8000030517578125</ele>
        <time>2026-10-04T14:00:10.000Z</time>
        <extensions>
          <ns3:TrackPointExtension>
            <ns3:atemp>25.0</ns3:atemp>
            <ns3:hr>87</ns3:hr>
          </ns3:TrackPointExtension>
        </extensions>
      </trkpt>
      <trkpt lat="49.13887172006070613861083984375" lon="6.153496094048023223876953125">
        <ele>175.600006103515625</ele>
        <time>2026-10-04T14:00:11.000Z</time>
        <extensions>
          <ns3:TrackPointExtension>
            <ns3:atemp>25.0</ns3:atemp>
            <ns3:hr>87</ns3:hr>
          </ns3:TrackPointExtension>
        </extensions>
      </trkpt>
      <trkpt lat="49.138850010931491851806640625" lon="6.15350045263767242431640625">
        <ele>175.600006103515625</ele>
        <time>2026-10-04T14:00:12.000Z</time>
        <extensions>
          <ns3:TrackPointExtension>
            <ns3:atemp>25.0</ns3:atemp>
            <ns3:hr>87</ns3:hr>
          </ns3:TrackPointExtension>
        </extensions>
      </trkpt>
      <trkpt lat="49.13883232511579990386962890625" lon="6.15350305102765560150146484375">
        <ele>175.600006103515625</ele>
        <time>2026-10-04T14:00:13.000Z</time>
        <extensions>
          <ns3:TrackPointExtension>
            <ns3:atemp>25.0</ns3:atemp>
            <ns3:hr>88</ns3:hr>
          </ns3:TrackPointExtension>
        </extensions>
      </trkpt>
    </trkseg>
  </trk>
</gpx>
